timestamp,open,high,low,close,volume
2025-01-01T23:00:00.000Z,2624.14,2625.52,2623.93,2624.62,1187
2025-01-01T23:15:00.000Z,2624.66,2624.88,2623.27,2623.45,1068
2025-01-01T23:30:00.000Z,2623.53,2623.76,2621.76,2621.76,874
2025-01-01T23:45:00.000Z,2621.75,2624.34,2621.59,2623.57,1026
2025-01-02T00:00:00.000Z,2623.76,2625.95,2622.51,2625.6,1606
2025-01-02T00:15:00.000Z,2625.58,2626.42,2625.03,2626.23,1655
2025-01-02T00:30:00.000Z,2626.23,2627.33,2625.26,2626.7,1574
2025-01-02T00:45:00.000Z,2626.71,2627.63,2625.18,2625.21,2497
2025-01-02T01:00:00.000Z,2625.2,2630.71,2623.68,2629.47,6628
2025-01-02T01:15:00.000Z,2629.39,2632.95,2629.26,2632.52,4483
2025-01-02T01:30:00.000Z,2632.51,2634.39,2632.3,2633.53,3589
2025-01-02T01:45:00.000Z,2633.37,2633.58,2631.58,2632.87,4880
2025-01-02T02:00:00.000Z,2632.87,2634.69,2632.53,2634.53,3654
2025-01-02T02:15:00.000Z,2634.52,2636.42,2633.81,2635.58,2387
2025-01-02T02:30:00.000Z,2635.57,2635.63,2632.54,2633.42,3887
2025-01-02T02:45:00.000Z,2633.25,2635.21,2632.23,2634.62,3176
2025-01-02T03:00:00.000Z,2634.67,2635.27,2633.01,2633.1,3116
2025-01-02T03:15:00.000Z,2633.07,2634.72,2632.93,2633.36,2922
2025-01-02T03:30:00.000Z,2633.32,2634.04,2632.09,2633.29,1940
2025-01-02T03:45:00.000Z,2633.3,2633.78,2632.59,2633.47,1266
2025-01-02T04:00:00.000Z,2633.48,2633.53,2631.96,2632.06,1616
2025-01-02T04:15:00.000Z,2632.04,2633.01,2631.93,2632.31,1632
2025-01-02T04:30:00.000Z,2632.25,2632.83,2631.87,2631.91,1377
2025-01-02T04:45:00.000Z,2631.87,2634.02,2630.96,2633.93,2024
2025-01-02T05:00:00.000Z,2633.93,2634.2,2632.9,2633.23,1673
2025-01-02T05:15:00.000Z,2633.22,2635.09,2633.19,2634.69,1859
2025-01-02T05:30:00.000Z,2634.6,2636.3,2634.34,2634.8,3315
2025-01-02T05:45:00.000Z,2634.77,2635.17,2633.88,2633.91,3756
2025-01-02T06:00:00.000Z,2633.91,2633.91,2631.34,2631.61,3882
2025-01-02T06:15:00.000Z,2631.6,2634.3,2631.21,2634.2,2969
2025-01-02T06:30:00.000Z,2634.19,2634.56,2633.32,2634.02,3062
2025-01-02T06:45:00.000Z,2634.01,2635.26,2633.42,2634.11,2857
2025-01-02T07:00:00.000Z,2634.07,2635.03,2633.47,2634.34,2758
2025-01-02T07:15:00.000Z,2634.27,2635.83,2633.44,2634.25,2722
2025-01-02T07:30:00.000Z,2634.26,2634.28,2632.88,2633.62,2635
2025-01-02T07:45:00.000Z,2633.63,2635.96,2632.94,2635.92,2386
2025-01-02T08:00:00.000Z,2635.91,2636.95,2633.94,2635.14,3807
2025-01-02T08:15:00.000Z,2635.15,2635.15,2631.23,2633.27,3769
2025-01-02T08:30:00.000Z,2633.28,2636.77,2631.16,2636.06,3143
2025-01-02T08:45:00.000Z,2635.89,2637.6,2635.24,2636.44,3073
2025-01-02T09:00:00.000Z,2636.44,2639.67,2636.44,2638.08,4465
2025-01-02T09:15:00.000Z,2637.94,2639.94,2637.13,2637.38,2898
2025-01-02T09:30:00.000Z,2637.43,2638.36,2636.7,2637.15,2580
2025-01-02T09:45:00.000Z,2637.23,2637.89,2635.92,2636,2429
2025-01-02T10:00:00.000Z,2635.99,2638.81,2632.68,2638.75,3769
2025-01-02T10:15:00.000Z,2638.76,2646.15,2637.94,2644.74,5278
2025-01-02T10:30:00.000Z,2644.69,2645.61,2643.03,2643.95,4148
2025-01-02T10:45:00.000Z,2643.91,2644.05,2640.38,2642.7,4067
2025-01-02T11:00:00.000Z,2642.71,2644.55,2642.4,2644.13,2963
2025-01-02T11:15:00.000Z,2644.15,2644.35,2640.61,2641.69,3178
2025-01-02T11:30:00.000Z,2641.77,2642.78,2640.28,2642.08,2653
2025-01-02T11:45:00.000Z,2642.06,2642.46,2641.09,2641.96,2133
2025-01-02T12:00:00.000Z,2641.98,2642.81,2640.29,2641.01,2637
2025-01-02T12:15:00.000Z,2641.01,2643.1,2640.5,2642.61,2668
2025-01-02T12:30:00.000Z,2642.6,2645.13,2642.06,2644.17,3677
2025-01-02T12:45:00.000Z,2644.31,2646.34,2642.83,2643.37,3683
2025-01-02T13:00:00.000Z,2643.25,2643.31,2638.29,2638.53,6073
2025-01-02T13:15:00.000Z,2638.69,2641.05,2636.05,2641.02,5697
2025-01-02T13:30:00.000Z,2640.86,2640.86,2636.91,2639.13,6310
2025-01-02T13:45:00.000Z,2639.11,2647.15,2638.14,2642.82,5791
2025-01-02T14:00:00.000Z,2642.81,2646.86,2640.32,2646.86,5414
2025-01-02T14:15:00.000Z,2646.85,2648.99,2646.14,2646.33,5438
2025-01-02T14:30:00.000Z,2646.32,2650.05,2646.26,2649.03,7188
2025-01-02T14:45:00.000Z,2649.12,2650.95,2646.81,2647.51,6195
2025-01-02T15:00:00.000Z,2647.57,2649.53,2645.14,2648.55,7120
2025-01-02T15:15:00.000Z,2648.57,2649.6,2647.48,2648.74,5516
2025-01-02T15:30:00.000Z,2648.62,2653.62,2648.33,2651.9,6837
2025-01-02T15:45:00.000Z,2651.91,2655.77,2651.36,2654.01,6597
2025-01-02T16:00:00.000Z,2653.84,2654.31,2649.9,2653.57,7310
2025-01-02T16:15:00.000Z,2653.56,2657.89,2653.34,2656.68,6531
2025-01-02T16:30:00.000Z,2656.67,2658.35,2654.7,2657.37,4811
2025-01-02T16:45:00.000Z,2657.31,2660.3,2657.31,2659.2,4138
2025-01-02T17:00:00.000Z,2659.18,2660.34,2657.86,2658.98,3307
2025-01-02T17:15:00.000Z,2658.89,2659.81,2655.88,2656.19,3936
2025-01-02T17:30:00.000Z,2656.21,2656.37,2653.03,2653.55,4002
2025-01-02T17:45:00.000Z,2653.56,2656.63,2652.44,2656.5,3257
2025-01-02T18:00:00.000Z,2656.57,2658.71,2655.85,2656.67,4759
2025-01-02T18:15:00.000Z,2656.68,2658.09,2654.83,2654.85,4124
2025-01-02T18:30:00.000Z,2654.71,2656.08,2653.67,2655.8,3057
2025-01-02T18:45:00.000Z,2655.85,2656.08,2654.72,2655.39,3076
2025-01-02T19:00:00.000Z,2655.47,2655.87,2654.26,2654.44,3261
2025-01-02T19:15:00.000Z,2654.48,2655.97,2653.71,2655.49,3675
2025-01-02T19:30:00.000Z,2655.5,2657.08,2654.37,2654.86,3574
2025-01-02T19:45:00.000Z,2654.89,2655.55,2654.29,2654.61,3328
2025-01-02T20:00:00.000Z,2654.62,2657.17,2654.01,2656.95,3068
2025-01-02T20:15:00.000Z,2656.94,2660.31,2656.32,2659.8,2749
2025-01-02T20:30:00.000Z,2659.78,2660.31,2658.61,2658.98,3525
2025-01-02T20:45:00.000Z,2659.03,2659.94,2659.02,2659.58,3006
2025-01-02T21:00:00.000Z,2659.61,2660.09,2658.92,2658.92,867
2025-01-02T21:15:00.000Z,2658.93,2659.24,2657.76,2658.04,1198
2025-01-02T21:30:00.000Z,2658.03,2658.21,2656.48,2657.75,894
2025-01-02T21:45:00.000Z,2657.72,2658.24,2656.83,2657.52,861
2025-01-02T23:00:00.000Z,2657.6,2658.51,2656.96,2658.01,665
2025-01-02T23:15:00.000Z,2657.96,2658.89,2657.94,2658.72,599
2025-01-02T23:30:00.000Z,2658.7,2659.49,2658.37,2659.12,695
2025-01-02T23:45:00.000Z,2659.13,2659.34,2657.7,2658.31,1478
2025-01-03T00:00:00.000Z,2658.34,2660.99,2658.28,2660.55,1187
2025-01-03T00:15:00.000Z,2660.52,2660.99,2659.14,2659.55,1278
2025-01-03T00:30:00.000Z,2659.63,2660.16,2658.5,2658.95,1988
2025-01-03T00:45:00.000Z,2658.94,2660.98,2658.72,2660.7,1893
2025-01-03T01:00:00.000Z,2660.72,2662.34,2659.18,2660.85,3853
2025-01-03T01:15:00.000Z,2660.82,2661.31,2657.89,2658.66,2699
2025-01-03T01:30:00.000Z,2658.66,2659.09,2656.58,2656.87,2437
2025-01-03T01:45:00.000Z,2656.86,2660.07,2656.85,2659.42,2366
2025-01-03T02:00:00.000Z,2659.36,2660.14,2656.12,2659.27,3439
2025-01-03T02:15:00.000Z,2659.26,2663.99,2658.6,2659.26,2789
2025-01-03T02:30:00.000Z,2659.25,2662.01,2658.92,2661.31,3181
2025-01-03T02:45:00.000Z,2661.29,2663.01,2659.4,2662.42,4304
2025-01-03T03:00:00.000Z,2662.38,2664.42,2661.16,2663,3145
2025-01-03T03:15:00.000Z,2663.02,2665.25,2662.93,2663.56,3167
2025-01-03T03:30:00.000Z,2663.51,2663.64,2662.02,2662.46,2220
2025-01-03T03:45:00.000Z,2662.45,2663.49,2662.14,2662.29,2350
2025-01-03T04:00:00.000Z,2662.26,2662.88,2661.74,2662.8,1781
2025-01-03T04:15:00.000Z,2662.79,2664.23,2662.53,2663.91,1028
2025-01-03T04:30:00.000Z,2663.88,2664.03,2661.87,2662.18,1020
2025-01-03T04:45:00.000Z,2662.17,2663.05,2661.65,2662.8,1015
2025-01-03T05:00:00.000Z,2662.79,2662.88,2660.98,2661.34,1593
2025-01-03T05:15:00.000Z,2661.32,2661.33,2659.84,2660.36,1666
2025-01-03T05:30:00.000Z,2660.35,2660.35,2658.49,2658.83,2496
2025-01-03T05:45:00.000Z,2658.82,2658.94,2655.79,2658.51,3057
2025-01-03T06:00:00.000Z,2658.52,2659.99,2657.67,2658.41,1929
2025-01-03T06:15:00.000Z,2658.48,2659.61,2657.09,2657.17,2173
2025-01-03T06:30:00.000Z,2657.16,2659.27,2656.58,2659.13,2170
2025-01-03T06:45:00.000Z,2659.15,2660.22,2658.77,2659.51,2692
2025-01-03T07:00:00.000Z,2659.45,2659.46,2655.59,2656.03,2331
2025-01-03T07:15:00.000Z,2656,2656.31,2651.77,2652.72,3813
2025-01-03T07:30:00.000Z,2652.74,2654.93,2652.5,2654.74,2751
2025-01-03T07:45:00.000Z,2654.73,2656.06,2652.83,2654.16,3116
2025-01-03T08:00:00.000Z,2654.12,2655.72,2652.04,2653.93,4338
2025-01-03T08:15:00.000Z,2653.94,2654.77,2652.01,2652.44,3038
2025-01-03T08:30:00.000Z,2652.41,2653.55,2651.23,2652.89,3337
2025-01-03T08:45:00.000Z,2652.91,2653.52,2649.84,2652.96,3648
2025-01-03T09:00:00.000Z,2652.95,2655.48,2652.83,2654.41,3668
2025-01-03T09:15:00.000Z,2654.31,2655.78,2653.04,2653.93,2450
2025-01-03T09:30:00.000Z,2654.05,2655.8,2653.92,2654.03,2406
2025-01-03T09:45:00.000Z,2654.04,2654.66,2652.97,2653.69,2128
2025-01-03T10:00:00.000Z,2653.68,2656.82,2653.51,2656.71,2458
2025-01-03T10:15:00.000Z,2656.7,2657.32,2655.48,2656.07,2166
2025-01-03T10:30:00.000Z,2656.04,2656.26,2653.1,2655.29,2646
2025-01-03T10:45:00.000Z,2655.3,2658.01,2654.76,2657.77,2061
2025-01-03T11:00:00.000Z,2657.68,2658.86,2657.38,2657.94,2097
2025-01-03T11:15:00.000Z,2657.93,2659.29,2656.13,2656.95,2227
2025-01-03T11:30:00.000Z,2656.97,2658.38,2656.44,2658.25,1800
2025-01-03T11:45:00.000Z,2658.26,2658.68,2656.61,2657.58,2598
2025-01-03T12:00:00.000Z,2657.57,2658.25,2656.98,2657.79,2269
2025-01-03T12:15:00.000Z,2657.77,2657.82,2655.28,2655.64,2554
2025-01-03T12:30:00.000Z,2655.47,2657.16,2654.7,2656.66,2052
2025-01-03T12:45:00.000Z,2656.65,2657.51,2655.16,2655.2,2332
2025-01-03T13:00:00.000Z,2655.15,2656.31,2653.47,2655.43,4816
2025-01-03T13:15:00.000Z,2655.42,2656.31,2647.82,2649.41,5292
2025-01-03T13:30:00.000Z,2649.46,2651.11,2643.35,2645.62,5221
2025-01-03T13:45:00.000Z,2645.61,2651.41,2645.61,2649.87,4945
2025-01-03T14:00:00.000Z,2649.84,2650.22,2646.9,2647.25,5526
2025-01-03T14:15:00.000Z,2647.23,2649.28,2645.05,2649.04,5061
2025-01-03T14:30:00.000Z,2649.08,2652.58,2648.26,2650.72,5817
2025-01-03T14:45:00.000Z,2650.68,2650.7,2646.11,2647.81,5542
2025-01-03T15:00:00.000Z,2645.07,2648.19,2643.32,2645.82,8607
2025-01-03T15:15:00.000Z,2645.79,2646.12,2640.85,2642.38,7077
2025-01-03T15:30:00.000Z,2642.68,2646.12,2641.97,2645.03,5393
2025-01-03T15:45:00.000Z,2645.02,2645.81,2643.37,2643.95,4697
2025-01-03T16:00:00.000Z,2643.89,2647.14,2643.39,2643.56,5085
2025-01-03T16:15:00.000Z,2643.55,2643.56,2640.61,2641.22,5510
2025-01-03T16:30:00.000Z,2641.23,2643.42,2640.95,2642.17,4048
2025-01-03T16:45:00.000Z,2642.16,2642.16,2639.06,2639.94,3079
2025-01-03T17:00:00.000Z,2639.93,2642.63,2639.39,2641.4,2928
2025-01-03T17:15:00.000Z,2641.4,2642.24,2640.45,2641.64,2390
2025-01-03T17:30:00.000Z,2641.82,2642.04,2639.09,2640.92,2916
2025-01-03T17:45:00.000Z,2640.92,2642.18,2640.87,2641.76,2948
2025-01-03T18:00:00.000Z,2641.73,2642.13,2640.02,2640.29,3219
2025-01-03T18:15:00.000Z,2640.28,2641.21,2639.67,2641.21,3754
2025-01-03T18:30:00.000Z,2641.2,2642.29,2640.97,2641.42,3081
2025-01-03T18:45:00.000Z,2641.43,2642.03,2640.79,2641.82,2820
2025-01-03T19:00:00.000Z,2641.83,2642.86,2641.06,2641.9,2156
2025-01-03T19:15:00.000Z,2641.89,2642.05,2640.46,2641.2,2067
2025-01-03T19:30:00.000Z,2641.26,2642.08,2640.83,2640.93,2040
2025-01-03T19:45:00.000Z,2640.94,2641.23,2639.11,2639.42,2334
2025-01-03T20:00:00.000Z,2639.35,2640.06,2638.46,2639.2,2464
2025-01-03T20:15:00.000Z,2639.23,2639.61,2638.53,2639.24,1493
2025-01-03T20:30:00.000Z,2639.23,2639.63,2637.19,2638.12,1602
2025-01-03T20:45:00.000Z,2638.3,2638.46,2636.93,2638.22,2152
2025-01-03T21:00:00.000Z,2638.24,2638.58,2637.25,2637.45,863
2025-01-03T21:15:00.000Z,2637.43,2637.71,2637.05,2637.66,797
2025-01-03T21:30:00.000Z,2637.67,2639.75,2636.68,2639.68,1042
2025-01-03T21:45:00.000Z,2639.68,2640.66,2638.92,2639.36,793
2025-01-05T23:00:00.000Z,2640.48,2641.41,2638.95,2641.03,1306
2025-01-05T23:15:00.000Z,2641.02,2642.34,2640.78,2641.67,942
2025-01-05T23:30:00.000Z,2641.64,2642.15,2640.35,2641.94,1033
2025-01-05T23:45:00.000Z,2641.96,2642.08,2640.53,2640.95,1541
2025-01-06T00:00:00.000Z,2640.92,2641.6,2638.87,2639.09,1632
2025-01-06T00:15:00.000Z,2639.05,2640.04,2638.54,2639.3,1532
2025-01-06T00:30:00.000Z,2639.28,2639.91,2638.85,2639.07,1281
2025-01-06T00:45:00.000Z,2639.06,2643.19,2638.86,2643.08,2202
2025-01-06T01:00:00.000Z,2643.14,2644.66,2640.65,2644.43,5461
2025-01-06T01:15:00.000Z,2644.47,2647.29,2644.42,2645.53,4605
2025-01-06T01:30:00.000Z,2645.43,2645.6,2642.72,2643.37,3571
2025-01-06T01:45:00.000Z,2643.54,2644.04,2641.22,2641.3,3774
2025-01-06T02:00:00.000Z,2641.22,2644.13,2639.68,2643.64,4054
2025-01-06T02:15:00.000Z,2643.64,2644.29,2641.96,2643.31,1968
2025-01-06T02:30:00.000Z,2643.3,2645.17,2642.79,2644.01,2833
2025-01-06T02:45:00.000Z,2644.04,2644.9,2643.35,2644.45,2511
2025-01-06T03:00:00.000Z,2644.44,2645.18,2643.24,2643.71,2768
2025-01-06T03:15:00.000Z,2643.61,2643.72,2640.76,2642.09,2834
2025-01-06T03:30:00.000Z,2642.1,2642.14,2639.89,2640.62,2143
2025-01-06T03:45:00.000Z,2640.61,2641.11,2639.14,2640.14,1715
2025-01-06T04:00:00.000Z,2640.12,2640.71,2636.99,2638.16,1586
2025-01-06T04:15:00.000Z,2638.15,2638.79,2634.95,2637.77,3239
2025-01-06T04:30:00.000Z,2637.85,2638.38,2635.95,2636.75,1259
2025-01-06T04:45:00.000Z,2636.81,2637.22,2634.48,2635.36,2147
2025-01-06T05:00:00.000Z,2635.37,2636.14,2634.39,2634.75,1789
2025-01-06T05:15:00.000Z,2634.74,2635.7,2634.17,2634.2,2099
2025-01-06T05:30:00.000Z,2634.25,2634.89,2632.2,2632.89,5064
2025-01-06T05:45:00.000Z,2632.9,2634.13,2631.46,2633.84,2830
2025-01-06T06:00:00.000Z,2633.89,2635.25,2633.22,2634.36,2764
2025-01-06T06:15:00.000Z,2634.35,2635.06,2630.67,2631.35,3525
2025-01-06T06:30:00.000Z,2631.33,2632.03,2630.15,2631.75,3356
2025-01-06T06:45:00.000Z,2631.74,2632.44,2631.1,2631.44,3310
2025-01-06T07:00:00.000Z,2631.45,2633.59,2631.21,2632.08,4101
2025-01-06T07:15:00.000Z,2632.09,2632.17,2630.15,2631.05,3064
2025-01-06T07:30:00.000Z,2631.11,2631.23,2625.18,2625.75,3543
2025-01-06T07:45:00.000Z,2625.8,2627.69,2625.47,2626.82,2463
2025-01-06T08:00:00.000Z,2626.74,2628.21,2625.72,2628.05,3235
2025-01-06T08:15:00.000Z,2628.09,2629.93,2627.26,2629.77,3166
2025-01-06T08:30:00.000Z,2629.85,2630.73,2627.33,2627.98,3053
2025-01-06T08:45:00.000Z,2627.97,2632.51,2627.43,2631.42,3353
2025-01-06T09:00:00.000Z,2631.3,2635.01,2631.08,2634.83,4257
2025-01-06T09:15:00.000Z,2634.87,2635.73,2633.12,2633.23,3170
2025-01-06T09:30:00.000Z,2633.13,2634.53,2632.64,2633.8,2100
2025-01-06T09:45:00.000Z,2633.65,2633.65,2631.64,2632.76,2354
2025-01-06T10:00:00.000Z,2632.73,2633.35,2631.22,2631.4,2352
2025-01-06T10:15:00.000Z,2631.36,2633.43,2631.21,2632.69,2081
2025-01-06T10:30:00.000Z,2632.66,2633.08,2630.94,2632.92,2200
2025-01-06T10:45:00.000Z,2633.16,2634.95,2632.24,2633.55,2485
2025-01-06T11:00:00.000Z,2633.54,2637.04,2632.51,2636.23,4837
2025-01-06T11:15:00.000Z,2636.21,2645.13,2636.14,2644.71,8459
2025-01-06T11:30:00.000Z,2644.72,2649.4,2643.4,2648.71,8110
2025-01-06T11:45:00.000Z,2648.72,2649.34,2644.86,2645.56,5567
2025-01-06T12:00:00.000Z,2645.56,2647.06,2642.57,2643.91,5083
2025-01-06T12:15:00.000Z,2643.84,2645.39,2642.22,2642.32,4981
2025-01-06T12:30:00.000Z,2642.31,2646.63,2641.91,2644.61,3984
2025-01-06T12:45:00.000Z,2644.68,2647.87,2642.56,2645.27,4315
2025-01-06T13:00:00.000Z,2645.2,2648.78,2643.31,2646.02,6901
2025-01-06T13:15:00.000Z,2646.02,2646.39,2641.84,2642.24,7617
2025-01-06T13:30:00.000Z,2642.27,2642.47,2624.18,2624.68,9608
2025-01-06T13:45:00.000Z,2624.59,2627.34,2621.83,2624.15,8602
2025-01-06T14:00:00.000Z,2623.93,2629.93,2622.53,2626.93,8471
2025-01-06T14:15:00.000Z,2626.97,2628.63,2614.66,2625.72,10703
2025-01-06T14:30:00.000Z,2625.71,2628.6,2622.59,2624.13,9455
2025-01-06T14:45:00.000Z,2624.49,2634.74,2624.49,2631.58,9342
2025-01-06T15:00:00.000Z,2631.43,2635.45,2630.19,2631.56,8116
2025-01-06T15:15:00.000Z,2631.57,2639.53,2629.28,2638.99,7420
2025-01-06T15:30:00.000Z,2639.01,2639.56,2633.17,2635.15,7993
2025-01-06T15:45:00.000Z,2635.14,2636.69,2632.19,2634.3,6803
2025-01-06T16:00:00.000Z,2634.32,2637.32,2632.51,2636.8,5921
2025-01-06T16:15:00.000Z,2636.81,2638.77,2635.31,2638.4,6141
2025-01-06T16:30:00.000Z,2638.41,2640.8,2638.08,2640.22,4827
2025-01-06T16:45:00.000Z,2640.21,2641.19,2638.55,2640.67,4188
2025-01-06T17:00:00.000Z,2640.74,2640.95,2638.85,2639.46,3127
2025-01-06T17:15:00.000Z,2639.45,2640.03,2636.7,2637.31,4149
2025-01-06T17:30:00.000Z,2637.3,2637.37,2635.71,2635.94,3169
2025-01-06T17:45:00.000Z,2635.9,2636.91,2634.21,2636.68,2871
2025-01-06T18:00:00.000Z,2636.69,2637.47,2633.73,2635.25,4349
2025-01-06T18:15:00.000Z,2635.33,2638.52,2634.96,2636.2,4248
2025-01-06T18:30:00.000Z,2636.17,2636.95,2634.74,2636.14,3061
2025-01-06T18:45:00.000Z,2636.13,2636.56,2634.52,2634.56,2778
2025-01-06T19:00:00.000Z,2634.5,2634.76,2632.89,2633.97,3694
2025-01-06T19:15:00.000Z,2633.92,2634.97,2633.48,2634.44,3098
2025-01-06T19:30:00.000Z,2634.38,2635.17,2633.6,2635.08,2738
2025-01-06T19:45:00.000Z,2635.09,2635.45,2633.79,2634.27,2457
2025-01-06T20:00:00.000Z,2634.26,2634.86,2633.15,2634.09,2777
2025-01-06T20:15:00.000Z,2634.04,2635.4,2633.55,2634.06,2254
2025-01-06T20:30:00.000Z,2634.04,2634.43,2633.2,2634.43,1849
2025-01-06T20:45:00.000Z,2634.44,2634.76,2633.68,2634.48,2529
2025-01-06T21:00:00.000Z,2634.56,2636.37,2634.52,2636.17,1204
2025-01-06T21:15:00.000Z,2636.12,2636.98,2636,2636.7,971
2025-01-06T21:30:00.000Z,2636.68,2636.86,2635.69,2635.83,813
2025-01-06T21:45:00.000Z,2635.84,2636.09,2635.42,2635.76,749
2025-01-06T23:00:00.000Z,2636.06,2636.12,2634.95,2635.47,479
2025-01-06T23:15:00.000Z,2635.4,2635.43,2634.76,2634.83,672
2025-01-06T23:30:00.000Z,2634.81,2634.87,2633.97,2634.1,771
2025-01-06T23:45:00.000Z,2634.17,2635.07,2633.48,2634.52,1061
2025-01-07T00:00:00.000Z,2634.6,2635.09,2633.98,2634.35,763
2025-01-07T00:15:00.000Z,2634.36,2634.51,2632.8,2632.92,1147
2025-01-07T00:30:00.000Z,2632.93,2633.92,2632.87,2633.21,1334
2025-01-07T00:45:00.000Z,2633.21,2635,2633,2634.9,1917
2025-01-07T01:00:00.000Z,2634.81,2637.89,2634.76,2637.19,5280
2025-01-07T01:15:00.000Z,2637.22,2639.02,2635.66,2637.43,4089
2025-01-07T01:30:00.000Z,2637.39,2639.28,2636.28,2638.63,4127
2025-01-07T01:45:00.000Z,2638.6,2641.04,2638.16,2638.9,3294
2025-01-07T02:00:00.000Z,2638.89,2640.02,2637.76,2638,2696
2025-01-07T02:15:00.000Z,2637.99,2638.75,2636.91,2638.1,1489
2025-01-07T02:30:00.000Z,2638.09,2638.33,2636.87,2637.75,2593
2025-01-07T02:45:00.000Z,2637.72,2639.65,2637.2,2638.45,2952
2025-01-07T03:00:00.000Z,2638.48,2638.79,2637.47,2638.66,1704
2025-01-07T03:15:00.000Z,2638.65,2639.34,2638.37,2638.72,1141
2025-01-07T03:30:00.000Z,2638.73,2640.14,2638.69,2639.07,1619
2025-01-07T03:45:00.000Z,2639.12,2639.52,2638.25,2639.5,952
2025-01-07T04:00:00.000Z,2639.49,2639.67,2638.31,2638.76,1434
2025-01-07T04:15:00.000Z,2638.77,2639.39,2637.26,2637.84,1930
2025-01-07T04:30:00.000Z,2637.9,2638.64,2637.78,2637.96,1027
2025-01-07T04:45:00.000Z,2638.02,2639.62,2637.81,2638.16,1443
2025-01-07T05:00:00.000Z,2638.13,2639.44,2636.98,2639.29,1380
2025-01-07T05:15:00.000Z,2639.27,2644.21,2639.19,2643.09,2822
2025-01-07T05:30:00.000Z,2643.2,2645.6,2642.59,2644.2,4561
2025-01-07T05:45:00.000Z,2644.21,2645.14,2643.82,2644.35,3080
2025-01-07T06:00:00.000Z,2644.23,2646.59,2644,2645.28,3755
2025-01-07T06:15:00.000Z,2645.27,2645.75,2643.1,2645.28,3218
2025-01-07T06:30:00.000Z,2645.29,2645.86,2642.6,2643.48,3057
2025-01-07T06:45:00.000Z,2643.45,2643.66,2639.71,2640.13,3331
2025-01-07T07:00:00.000Z,2640.18,2642.13,2639.89,2639.99,2773
2025-01-07T07:15:00.000Z,2639.97,2641.18,2639.5,2640.66,2350
2025-01-07T07:30:00.000Z,2640.7,2641.32,2638.75,2639.14,4055
2025-01-07T07:45:00.000Z,2639.11,2640.73,2638.02,2640.51,3705
2025-01-07T08:00:00.000Z,2640.49,2643.78,2640.12,2642.78,4743
2025-01-07T08:15:00.000Z,2642.77,2644.76,2642.6,2644.12,3179
2025-01-07T08:30:00.000Z,2644.14,2644.81,2643.17,2643.21,2568
2025-01-07T08:45:00.000Z,2643.22,2643.77,2640.59,2642.65,2913
2025-01-07T09:00:00.000Z,2642.49,2643.01,2639.97,2640.32,3771
2025-01-07T09:15:00.000Z,2640.27,2644.07,2640.2,2643.99,2572
2025-01-07T09:30:00.000Z,2643.45,2643.82,2641.07,2641.37,2655
2025-01-07T09:45:00.000Z,2641.35,2642.48,2640.56,2641.34,2102
2025-01-07T10:00:00.000Z,2641.33,2643.86,2641.29,2642.98,3140
2025-01-07T10:15:00.000Z,2642.99,2643.61,2642.31,2642.65,2204
2025-01-07T10:30:00.000Z,2642.66,2644.74,2642.62,2643.84,2947
2025-01-07T10:45:00.000Z,2643.8,2644.11,2642.82,2643.9,1665
2025-01-07T11:00:00.000Z,2644,2646.91,2643.78,2644.78,2287
2025-01-07T11:15:00.000Z,2644.78,2645.48,2641.99,2645.48,2519
2025-01-07T11:30:00.000Z,2645.47,2646.7,2644.62,2646.61,2175
2025-01-07T11:45:00.000Z,2646.71,2648.6,2646.34,2648.35,3125
2025-01-07T12:00:00.000Z,2648.44,2651.28,2647.42,2648.27,4384
2025-01-07T12:15:00.000Z,2648.26,2649.29,2647.36,2648.09,2477
2025-01-07T12:30:00.000Z,2648.11,2651.73,2647.64,2649.6,3083
2025-01-07T12:45:00.000Z,2649.56,2652.68,2648.99,2651.59,3817
2025-01-07T13:00:00.000Z,2651.58,2655,2649.92,2654.86,6954
2025-01-07T13:15:00.000Z,2654.92,2660.94,2654.24,2660.53,8334
2025-01-07T13:30:00.000Z,2660.4,2661.95,2657.03,2661.03,7323
2025-01-07T13:45:00.000Z,2661.06,2664.18,2659.78,2662.27,7278
2025-01-07T14:00:00.000Z,2662.29,2662.74,2658.54,2658.54,6444
2025-01-07T14:15:00.000Z,2658.55,2660.62,2655.72,2660.24,5783
2025-01-07T14:30:00.000Z,2660.29,2662.98,2660.06,2661.43,7308
2025-01-07T14:45:00.000Z,2661.36,2661.72,2657.49,2658.6,6431
2025-01-07T15:00:00.000Z,2654.17,2654.93,2642.23,2648.51,10572
2025-01-07T15:15:00.000Z,2647.98,2653.49,2647.9,2651.22,10272
2025-01-07T15:30:00.000Z,2651.23,2651.96,2644.87,2647.39,9074
2025-01-07T15:45:00.000Z,2647.25,2650.9,2645.87,2647.66,8089
2025-01-07T16:00:00.000Z,2647.64,2650.09,2646.43,2648.5,6617
2025-01-07T16:15:00.000Z,2648.53,2653.66,2648.26,2650.53,5913
2025-01-07T16:30:00.000Z,2650.45,2654.83,2648.79,2654.17,7214
2025-01-07T16:45:00.000Z,2654.11,2655.6,2651.19,2651.8,5971
2025-01-07T17:00:00.000Z,2651.86,2653.8,2651.78,2652.73,4685
2025-01-07T17:15:00.000Z,2652.69,2655.42,2651.7,2654.88,4694
2025-01-07T17:30:00.000Z,2654.84,2656.03,2651.08,2651.48,4356
2025-01-07T17:45:00.000Z,2651.47,2652.89,2650.35,2652.58,4527
2025-01-07T18:00:00.000Z,2652.57,2652.67,2649.62,2650.54,4753
2025-01-07T18:15:00.000Z,2650.73,2652.44,2649.95,2650.79,4809
2025-01-07T18:30:00.000Z,2650.76,2650.86,2647.54,2648.13,3877
2025-01-07T18:45:00.000Z,2648.17,2649.32,2647.31,2649.13,3461
2025-01-07T19:00:00.000Z,2649.13,2649.82,2648.49,2649.21,3363
2025-01-07T19:15:00.000Z,2649.2,2649.26,2646.95,2647.57,3515
2025-01-07T19:30:00.000Z,2647.58,2650.03,2647.34,2649.69,3203
2025-01-07T19:45:00.000Z,2649.7,2650.39,2648.95,2649.34,3219
2025-01-07T20:00:00.000Z,2649.33,2649.95,2647.51,2649.12,2560
2025-01-07T20:15:00.000Z,2649.17,2649.36,2647.56,2648.26,2538
2025-01-07T20:30:00.000Z,2648.27,2648.46,2647.15,2647.66,3384
2025-01-07T20:45:00.000Z,2647.67,2651.48,2647.52,2650.43,3080
2025-01-07T21:00:00.000Z,2650.45,2650.45,2649.77,2649.8,726
2025-01-07T21:15:00.000Z,2649.78,2650.06,2649.59,2649.73,607
2025-01-07T21:30:00.000Z,2649.77,2650.15,2649.22,2649.31,462
2025-01-07T21:45:00.000Z,2649.33,2649.72,2647.54,2647.89,837
2025-01-07T23:00:00.000Z,2648.25,2649.1,2647.52,2649.06,1031
2025-01-07T23:15:00.000Z,2649.13,2649.75,2648.18,2648.64,419
2025-01-07T23:30:00.000Z,2648.63,2649.58,2648.6,2649.24,500
2025-01-07T23:45:00.000Z,2649.18,2650.13,2648.73,2649.59,1018
2025-01-08T00:00:00.000Z,2649.42,2649.96,2648.53,2649.46,1070
2025-01-08T00:15:00.000Z,2649.51,2651.12,2649.51,2650.81,1098
2025-01-08T00:30:00.000Z,2650.72,2651.38,2650.25,2650.96,1382
2025-01-08T00:45:00.000Z,2650.9,2651.49,2649.89,2650.44,1296
2025-01-08T01:00:00.000Z,2650.46,2650.86,2648.1,2648.8,4497
2025-01-08T01:15:00.000Z,2648.73,2649,2647.58,2648.09,2717
2025-01-08T01:30:00.000Z,2648.06,2649.7,2647.1,2648.67,3294
2025-01-08T01:45:00.000Z,2648.66,2648.92,2647.67,2648.72,2479
2025-01-08T02:00:00.000Z,2648.74,2648.75,2647.04,2648.34,2075
2025-01-08T02:15:00.000Z,2648.34,2648.42,2647.2,2647.34,1375
2025-01-08T02:30:00.000Z,2647.35,2648.5,2645.85,2648.34,2769
2025-01-08T02:45:00.000Z,2648.33,2650.17,2648.26,2648.74,2345
2025-01-08T03:00:00.000Z,2648.54,2648.71,2646.6,2647,1492
2025-01-08T03:15:00.000Z,2646.92,2647.77,2646.49,2646.75,2286
2025-01-08T03:30:00.000Z,2646.77,2647.68,2645.53,2646.49,1538
2025-01-08T03:45:00.000Z,2646.48,2647.39,2646.48,2646.82,1345
2025-01-08T04:00:00.000Z,2646.8,2648.65,2646.65,2647.99,1196
2025-01-08T04:15:00.000Z,2647.98,2648.08,2646.83,2647.51,977
2025-01-08T04:30:00.000Z,2647.54,2647.65,2645.87,2645.91,1197
2025-01-08T04:45:00.000Z,2645.89,2646.91,2645.24,2646.9,1537
2025-01-08T05:00:00.000Z,2646.88,2647.36,2646.58,2646.97,1237
2025-01-08T05:15:00.000Z,2646.95,2649.84,2646.84,2648.98,1891
2025-01-08T05:30:00.000Z,2649.02,2650.29,2648.75,2649.4,3090
2025-01-08T05:45:00.000Z,2649.45,2650.58,2649.07,2649.89,2580
2025-01-08T06:00:00.000Z,2649.87,2651.38,2648.78,2650.97,3382
2025-01-08T06:15:00.000Z,2650.96,2652.52,2650.63,2651.53,2659
2025-01-08T06:30:00.000Z,2651.56,2652.38,2650.45,2651.94,2749
2025-01-08T06:45:00.000Z,2651.96,2652.92,2651.44,2652.14,2662
2025-01-08T07:00:00.000Z,2652.17,2654.4,2651.81,2653.72,2671
2025-01-08T07:15:00.000Z,2653.71,2654.14,2652.28,2652.91,1891
2025-01-08T07:30:00.000Z,2652.92,2653.53,2651.65,2651.82,2484
2025-01-08T07:45:00.000Z,2651.83,2652.65,2651.58,2652.58,2624
2025-01-08T08:00:00.000Z,2652.4,2652.88,2650.39,2651.15,2992
2025-01-08T08:15:00.000Z,2651.18,2652.58,2649.56,2650.35,3138
2025-01-08T08:30:00.000Z,2650.33,2653.76,2649.93,2652.73,3163
2025-01-08T08:45:00.000Z,2652.71,2652.89,2650.87,2651.96,2712
2025-01-08T09:00:00.000Z,2652,2654.99,2651.73,2653.48,3369
2025-01-08T09:15:00.000Z,2653.49,2654.14,2652.74,2653.67,2617
2025-01-08T09:30:00.000Z,2653.64,2654.81,2653.15,2654.02,2775
2025-01-08T09:45:00.000Z,2654.08,2654.13,2652.44,2653.61,2056
2025-01-08T10:00:00.000Z,2653.6,2654.26,2652.74,2653.19,2361
2025-01-08T10:15:00.000Z,2653.26,2654.48,2652.56,2654.44,1804
2025-01-08T10:30:00.000Z,2654.45,2655.07,2653.39,2654.64,3165
2025-01-08T10:45:00.000Z,2654.67,2654.98,2653.1,2653.1,2374
2025-01-08T11:00:00.000Z,2653,2653.05,2650.83,2651.51,2458
2025-01-08T11:15:00.000Z,2651.69,2652.15,2648.7,2648.95,3282
2025-01-08T11:30:00.000Z,2648.96,2649.95,2647.52,2649.77,5390
2025-01-08T11:45:00.000Z,2649.75,2651.17,2649.19,2650.77,4445
2025-01-08T12:00:00.000Z,2650.78,2651.07,2649.35,2649.62,3427
2025-01-08T12:15:00.000Z,2649.63,2649.67,2645.78,2647.61,4267
2025-01-08T12:30:00.000Z,2647.67,2650.78,2647.11,2650.34,3632
2025-01-08T12:45:00.000Z,2650.32,2652.37,2650.3,2651.98,3843
2025-01-08T13:00:00.000Z,2651.95,2657.89,2651.59,2654.6,6406
2025-01-08T13:15:00.000Z,2654.66,2659.25,2651.88,2654.32,6478
2025-01-08T13:30:00.000Z,2654.4,2658,2652.51,2657.72,7658
2025-01-08T13:45:00.000Z,2657.66,2660.24,2656.36,2660.14,6696
2025-01-08T14:00:00.000Z,2660.15,2664.39,2659.92,2662.27,7880
2025-01-08T14:15:00.000Z,2662.12,2663.34,2660.5,2662.67,6000
2025-01-08T14:30:00.000Z,2662.66,2667.52,2662.36,2665.36,7678
2025-01-08T14:45:00.000Z,2665.3,2666.07,2660.66,2661.39,7300
2025-01-08T15:00:00.000Z,2661.31,2665.59,2659.4,2663.92,7319
2025-01-08T15:15:00.000Z,2663.84,2666.1,2662.85,2664.24,7469
2025-01-08T15:30:00.000Z,2664.22,2667.76,2663.83,2666.37,6670
2025-01-08T15:45:00.000Z,2666.4,2666.6,2663.7,2665.7,5145
2025-01-08T16:00:00.000Z,2665.7,2666.62,2662.56,2664.81,4189
2025-01-08T16:15:00.000Z,2664.7,2667.19,2664.16,2666.36,4909
2025-01-08T16:30:00.000Z,2666.41,2668.22,2664.59,2667.11,4067
2025-01-08T16:45:00.000Z,2667.14,2669.95,2666.96,2669.45,4129
2025-01-08T17:00:00.000Z,2669.53,2669.7,2667.3,2669.06,4289
2025-01-08T17:15:00.000Z,2669.07,2669.31,2662.58,2662.78,4494
2025-01-08T17:30:00.000Z,2662.7,2662.7,2649.36,2653.39,7286
2025-01-08T17:45:00.000Z,2653.01,2656.52,2649.78,2655.54,5580
2025-01-08T18:00:00.000Z,2655.6,2659.09,2654.48,2654.61,5347
2025-01-08T18:15:00.000Z,2654.64,2656.8,2654.07,2656.07,4214
2025-01-08T18:30:00.000Z,2656,2658.16,2655.51,2656.98,3175
2025-01-08T18:45:00.000Z,2656.93,2656.99,2651.61,2653.18,2743
2025-01-08T19:00:00.000Z,2653.37,2658.07,2652.37,2656.56,3571
2025-01-08T19:15:00.000Z,2656.55,2660.54,2656.55,2659.93,4209
2025-01-08T19:30:00.000Z,2659.97,2659.97,2656.18,2657.28,5079
2025-01-08T19:45:00.000Z,2657.31,2658.59,2656.72,2658.21,3715
2025-01-08T20:00:00.000Z,2658.33,2659.83,2658.27,2659.02,4296
2025-01-08T20:15:00.000Z,2659.08,2660.38,2659,2659.73,2925
2025-01-08T20:30:00.000Z,2659.62,2660.41,2658.95,2660.39,2411
2025-01-08T20:45:00.000Z,2660.41,2663.95,2660.14,2663.3,3113
2025-01-08T21:00:00.000Z,2663.28,2663.83,2661.95,2662.88,1678
2025-01-08T21:15:00.000Z,2662.98,2664,2662.6,2663.42,739
2025-01-08T21:30:00.000Z,2663.43,2663.44,2661.14,2662.08,1140
2025-01-08T21:45:00.000Z,2662.04,2663,2660.03,2660.8,1310
2025-01-08T23:00:00.000Z,2660.64,2662.55,2660.64,2662.08,890
2025-01-08T23:15:00.000Z,2662.11,2662.41,2662.01,2662.15,411
2025-01-08T23:30:00.000Z,2662.11,2662.87,2661.96,2662.41,662
2025-01-08T23:45:00.000Z,2662.42,2663.12,2662.25,2662.47,568
2025-01-09T00:00:00.000Z,2662.48,2662.71,2660.37,2660.39,850
2025-01-09T00:15:00.000Z,2660.38,2661.09,2659.34,2659.9,1074
2025-01-09T00:30:00.000Z,2659.91,2660.63,2659.38,2660.13,1438
2025-01-09T00:45:00.000Z,2660.15,2661.15,2659.51,2659.88,1451
2025-01-09T01:00:00.000Z,2659.9,2661.39,2657.42,2658.04,3372
2025-01-09T01:15:00.000Z,2657.97,2659.19,2657.65,2657.65,2959
2025-01-09T01:30:00.000Z,2657.69,2660.02,2657.21,2658.98,2595
2025-01-09T01:45:00.000Z,2658.97,2661.06,2658.15,2658.44,2622
2025-01-09T02:00:00.000Z,2658.42,2660,2657.53,2657.78,2218
2025-01-09T02:15:00.000Z,2657.77,2657.77,2656.44,2656.96,1611
2025-01-09T02:30:00.000Z,2656.84,2657.95,2656.38,2657.54,2432
2025-01-09T02:45:00.000Z,2657.55,2658.81,2656.79,2658.78,2192
2025-01-09T03:00:00.000Z,2658.81,2661.18,2658.54,2660.44,2638
2025-01-09T03:15:00.000Z,2660.45,2660.87,2659.37,2659.82,1960
2025-01-09T03:30:00.000Z,2659.83,2661.97,2659.76,2661.42,1488
2025-01-09T03:45:00.000Z,2661.49,2661.49,2659.16,2659.34,1278
2025-01-09T04:00:00.000Z,2659.31,2659.67,2657.98,2658.91,1371
2025-01-09T04:15:00.000Z,2658.88,2658.91,2656.84,2656.9,1368
2025-01-09T04:30:00.000Z,2656.85,2657.1,2655.43,2656.02,1383
2025-01-09T04:45:00.000Z,2656.04,2659.17,2655.77,2658.97,1863
2025-01-09T05:00:00.000Z,2658.93,2660.86,2658.86,2659.66,1923
2025-01-09T05:15:00.000Z,2659.65,2660.18,2658.9,2659.11,1690
2025-01-09T05:30:00.000Z,2659.01,2659.69,2657.61,2658.16,2661
2025-01-09T05:45:00.000Z,2658.14,2659.89,2657.63,2658.36,2322
2025-01-09T06:00:00.000Z,2658.35,2659.56,2658.34,2659.02,1975
2025-01-09T06:15:00.000Z,2659.01,2660.95,2658.78,2660.85,1867
2025-01-09T06:30:00.000Z,2660.68,2664.57,2660.39,2664.01,2720
2025-01-09T06:45:00.000Z,2664.03,2666.78,2663.83,2666.62,4528
2025-01-09T07:00:00.000Z,2666.69,2666.69,2664.87,2665.58,2317
2025-01-09T07:15:00.000Z,2665.54,2666.12,2664.79,2665.29,1972
2025-01-09T07:30:00.000Z,2665.32,2666.18,2664.29,2664.84,2107
2025-01-09T07:45:00.000Z,2664.84,2665.51,2662.19,2662.34,2928
2025-01-09T08:00:00.000Z,2662.19,2662.75,2660.38,2661.8,4274
2025-01-09T08:15:00.000Z,2661.84,2665.28,2661.41,2664.81,4509
2025-01-09T08:30:00.000Z,2664.95,2666.78,2661.91,2662.41,3301
2025-01-09T08:45:00.000Z,2662.4,2666.15,2661.22,2664.45,3525
2025-01-09T09:00:00.000Z,2664.48,2665.4,2662.32,2663.33,2602
2025-01-09T09:15:00.000Z,2663.34,2665.18,2662.6,2663.74,3072
2025-01-09T09:30:00.000Z,2663.73,2666.43,2662.94,2665.75,2659
2025-01-09T09:45:00.000Z,2665.9,2666.15,2664.13,2664.84,2043
2025-01-09T10:00:00.000Z,2664.85,2666.29,2664.38,2666.15,2543
2025-01-09T10:15:00.000Z,2666.16,2666.74,2665.16,2666.2,2081
2025-01-09T10:30:00.000Z,2666.24,2668.49,2665.29,2668.37,3037
2025-01-09T10:45:00.000Z,2668.38,2668.55,2666.73,2667.42,2192
2025-01-09T11:00:00.000Z,2667.41,2669.07,2665.21,2667.71,3296
2025-01-09T11:15:00.000Z,2667.74,2672.37,2666.98,2670.71,3202
2025-01-09T11:30:00.000Z,2670.7,2671.36,2668.51,2669.01,3353
2025-01-09T11:45:00.000Z,2669.05,2673.22,2668.86,2670.18,3425
2025-01-09T12:00:00.000Z,2670.14,2671.79,2669.47,2671.47,2883
2025-01-09T12:15:00.000Z,2671.46,2672.94,2670.94,2672.05,2509
2025-01-09T12:30:00.000Z,2672.06,2674.42,2671.63,2672.76,2798
2025-01-09T12:45:00.000Z,2672.76,2675.09,2671.29,2674.02,3258
2025-01-09T13:00:00.000Z,2673.99,2675.19,2672.26,2673.1,6031
2025-01-09T13:15:00.000Z,2673.13,2676.92,2671.94,2674.89,5755
2025-01-09T13:30:00.000Z,2674.9,2678.16,2673.85,2677.17,5239
2025-01-09T13:45:00.000Z,2677.09,2677.71,2672.09,2672.72,4851
2025-01-09T14:00:00.000Z,2672.64,2673.67,2670.19,2672.67,4053
2025-01-09T14:15:00.000Z,2672.55,2673.58,2667.2,2669.66,5642
2025-01-09T14:30:00.000Z,2669.65,2674.64,2669.65,2673.73,4583
2025-01-09T14:45:00.000Z,2673.85,2675.63,2672.18,2672.33,4087
2025-01-09T15:00:00.000Z,2672.36,2675.39,2670.49,2673.09,4938
2025-01-09T15:15:00.000Z,2673.17,2673.9,2670.89,2672.08,3368
2025-01-09T15:30:00.000Z,2672.07,2675.09,2672.04,2673.34,2770
2025-01-09T15:45:00.000Z,2673.24,2673.32,2668.01,2668.24,4268
2025-01-09T16:00:00.000Z,2668.2,2669.91,2666.88,2669.87,3247
2025-01-09T16:15:00.000Z,2669.89,2670.9,2667.82,2668.66,3058
2025-01-09T16:30:00.000Z,2668.65,2669.87,2667.05,2669.59,2979
2025-01-09T16:45:00.000Z,2669.6,2670.23,2666.26,2667.58,3213
2025-01-09T17:00:00.000Z,2667.55,2668.59,2663.25,2665.5,3656
2025-01-09T17:15:00.000Z,2665.49,2667.43,2664.69,2664.92,2576
2025-01-09T17:30:00.000Z,2665.05,2665.1,2662.67,2662.69,2821
2025-01-09T17:45:00.000Z,2662.78,2666.68,2662.72,2665.9,2929
2025-01-09T18:00:00.000Z,2665.86,2669.02,2664.98,2668.33,2867
2025-01-09T18:15:00.000Z,2668.32,2671.85,2668.28,2669.94,4111
2025-01-09T18:30:00.000Z,2669.91,2672.51,2669.77,2670.86,2163
2025-01-09T18:45:00.000Z,2670.88,2671.74,2669.76,2671.32,2067
2025-01-09T19:00:00.000Z,2671.33,2671.72,2668.66,2668.87,1753
2025-01-09T19:15:00.000Z,2668.9,2670.64,2668.64,2670.09,1887
2025-01-09T19:30:00.000Z,2670.25,2670.58,2669.22,2670.14,2064
2025-01-09T19:45:00.000Z,2670.17,2671.05,2669.96,2670.13,3044
2025-01-09T20:00:00.000Z,2670.11,2670.85,2669.5,2669.97,1815
2025-01-09T20:15:00.000Z,2670.04,2670.65,2669.25,2670.37,1608
2025-01-09T20:30:00.000Z,2670.38,2670.62,2669.22,2669.24,1664
2025-01-09T20:45:00.000Z,2669.27,2670,2669.26,2669.47,853
2025-01-09T21:00:00.000Z,2669.52,2669.65,2668.93,2668.98,461
2025-01-09T21:15:00.000Z,2669.02,2669.71,2669.02,2669.67,416
2025-01-09T21:30:00.000Z,2669.66,2669.91,2669.43,2669.6,316
2025-01-09T21:45:00.000Z,2669.6,2669.6,2669.58,2669.58,4
2025-01-09T23:00:00.000Z,2669.66,2671.16,2669.62,2670.44,1095
2025-01-09T23:15:00.000Z,2670.48,2670.84,2670.23,2670.63,916
2025-01-09T23:30:00.000Z,2670.64,2670.64,2669.57,2669.8,647
2025-01-09T23:45:00.000Z,2669.78,2670.31,2668.31,2669.98,717
2025-01-10T00:00:00.000Z,2670.06,2670.63,2669.2,2669.39,1237
2025-01-10T00:15:00.000Z,2669.37,2670.24,2668.88,2669.82,1125
2025-01-10T00:30:00.000Z,2669.74,2671.1,2669.45,2670.21,1563
2025-01-10T00:45:00.000Z,2670.22,2670.84,2670.03,2670.4,3250
2025-01-10T01:00:00.000Z,2670.46,2671.7,2669.41,2670.02,3272
2025-01-10T01:15:00.000Z,2670.04,2671.89,2669.1,2671.3,3025
2025-01-10T01:30:00.000Z,2671.32,2671.6,2669.58,2670.35,3089
2025-01-10T01:45:00.000Z,2670.34,2671.4,2669.56,2671.02,2715
2025-01-10T02:00:00.000Z,2671.01,2672.02,2670.41,2671.32,2877
2025-01-10T02:15:00.000Z,2671.33,2674.25,2671.31,2673.37,2220
2025-01-10T02:30:00.000Z,2673.54,2674.63,2672.57,2673.49,2494
2025-01-10T02:45:00.000Z,2673.4,2674.5,2672.84,2673.33,1890
2025-01-10T03:00:00.000Z,2673.32,2674.29,2672.47,2673.47,1771
2025-01-10T03:15:00.000Z,2673.45,2674.37,2673.22,2674.31,1395
2025-01-10T03:30:00.000Z,2674.3,2674.72,2673.1,2673.59,1610
2025-01-10T03:45:00.000Z,2673.65,2674.05,2672.91,2673.66,1477
2025-01-10T04:00:00.000Z,2673.67,2673.96,2672.82,2673.34,1144
2025-01-10T04:15:00.000Z,2673.26,2673.94,2672.63,2673.01,1253
2025-01-10T04:30:00.000Z,2673,2673,2671.72,2672.22,1458
2025-01-10T04:45:00.000Z,2672.25,2672.94,2671.67,2671.67,1771
2025-01-10T05:00:00.000Z,2671.68,2672.95,2671.48,2672.82,1451
2025-01-10T05:15:00.000Z,2672.83,2674.29,2672.72,2674.04,1742
2025-01-10T05:30:00.000Z,2674.12,2675.82,2672.91,2675.22,3061
2025-01-10T05:45:00.000Z,2675.24,2675.53,2673.92,2674.9,3030
2025-01-10T06:00:00.000Z,2674.87,2675.47,2674.17,2674.56,2624
2025-01-10T06:15:00.000Z,2674.55,2675.82,2674.41,2675.54,2252
2025-01-10T06:30:00.000Z,2675.44,2677.09,2675.04,2676.29,2971
2025-01-10T06:45:00.000Z,2676.28,2678.36,2676.28,2678.07,3308
2025-01-10T07:00:00.000Z,2678.13,2678.58,2675.87,2676.06,2714
2025-01-10T07:15:00.000Z,2676.05,2678.6,2674.53,2678.51,4264
2025-01-10T07:30:00.000Z,2678.53,2678.59,2674.34,2674.71,2329
2025-01-10T07:45:00.000Z,2674.71,2676.55,2673.44,2676.17,2211
2025-01-10T08:00:00.000Z,2676.22,2678.81,2675.72,2676.79,3507
2025-01-10T08:15:00.000Z,2676.78,2680.31,2676.45,2678.49,3738
2025-01-10T08:30:00.000Z,2678.5,2680.3,2677.71,2679.12,4600
2025-01-10T08:45:00.000Z,2679.13,2680.36,2676.25,2680.05,5011
2025-01-10T09:00:00.000Z,2680.08,2680.21,2677.7,2679.66,4621
2025-01-10T09:15:00.000Z,2679.67,2682.23,2679.35,2679.88,3504
2025-01-10T09:30:00.000Z,2679.84,2680.33,2678.52,2678.85,3563
2025-01-10T09:45:00.000Z,2678.83,2680.83,2678.42,2678.52,3420
2025-01-10T10:00:00.000Z,2678.53,2681.83,2678.29,2680.86,3227
2025-01-10T10:15:00.000Z,2680.85,2682.57,2680.24,2681.1,4169
2025-01-10T10:30:00.000Z,2681.09,2681.37,2679.28,2679.41,3445
2025-01-10T10:45:00.000Z,2679.4,2681.5,2678.59,2680.95,3065
2025-01-10T11:00:00.000Z,2680.97,2682.34,2680.5,2681.46,3072
2025-01-10T11:15:00.000Z,2681.44,2682.21,2680.14,2681.93,3176
2025-01-10T11:30:00.000Z,2681.92,2683.03,2681.43,2681.6,2112
2025-01-10T11:45:00.000Z,2681.67,2682.46,2680.47,2681.22,3105
2025-01-10T12:00:00.000Z,2681.21,2681.27,2677.65,2678.23,4165
2025-01-10T12:15:00.000Z,2678.27,2678.98,2676.24,2677.09,3480
2025-01-10T12:30:00.000Z,2677.08,2677.71,2674.89,2677.68,4291
2025-01-10T12:45:00.000Z,2677.71,2679.81,2677.24,2678.2,3772
2025-01-10T13:00:00.000Z,2678.17,2680.37,2675.01,2679.72,5745
2025-01-10T13:15:00.000Z,2679.79,2680.73,2675.74,2676.34,4837
2025-01-10T13:30:00.000Z,2676.31,2676.43,2663.97,2675.73,11191
2025-01-10T13:45:00.000Z,2675.8,2683.68,2674.64,2682.6,9118
2025-01-10T14:00:00.000Z,2682.55,2686.31,2680.88,2683.19,9476
2025-01-10T14:15:00.000Z,2683.22,2690.64,2682.08,2689.14,8930
2025-01-10T14:30:00.000Z,2689.05,2693.27,2684.11,2685.68,9483
2025-01-10T14:45:00.000Z,2685.89,2689.96,2682.24,2688.11,8937
2025-01-10T15:00:00.000Z,2685.3,2692.79,2682.44,2690.94,9534
2025-01-10T15:15:00.000Z,2690.95,2695.26,2689.75,2694.5,7807
2025-01-10T15:30:00.000Z,2694.55,2697.78,2690.63,2691.61,8804
2025-01-10T15:45:00.000Z,2691.64,2696.46,2690.01,2692.6,8344
2025-01-10T16:00:00.000Z,2692.45,2693.13,2686.96,2691.3,9522
2025-01-10T16:15:00.000Z,2691.29,2692.8,2687.84,2688.42,7445
2025-01-10T16:30:00.000Z,2688.45,2693.28,2686.71,2692.98,7087
2025-01-10T16:45:00.000Z,2692.97,2697.14,2692.63,2696.32,6927
2025-01-10T17:00:00.000Z,2696.46,2696.65,2692.38,2695.92,6632
2025-01-10T17:15:00.000Z,2695.87,2696.84,2692.83,2694.36,5300
2025-01-10T17:30:00.000Z,2694.42,2697.7,2693.94,2696.88,5273
2025-01-10T17:45:00.000Z,2696.89,2697.53,2695.2,2695.99,4420
2025-01-10T18:00:00.000Z,2696,2697.1,2692.19,2692.56,4387
2025-01-10T18:15:00.000Z,2692.61,2693.02,2687.08,2688.1,6894
2025-01-10T18:30:00.000Z,2688.18,2688.31,2686.05,2687.86,4980
2025-01-10T18:45:00.000Z,2687.89,2687.91,2685.04,2687.2,5422
2025-01-10T19:00:00.000Z,2687.22,2687.22,2684.46,2685.62,4650
2025-01-10T19:15:00.000Z,2685.61,2687.56,2685.47,2686.84,3796
2025-01-10T19:30:00.000Z,2686.83,2687.86,2685.81,2686.63,4310
2025-01-10T19:45:00.000Z,2686.6,2687.1,2684.82,2686.01,3928
2025-01-10T20:00:00.000Z,2686,2689.13,2684.55,2688.57,4048
2025-01-10T20:15:00.000Z,2688.56,2690.03,2688.09,2689.68,3446
2025-01-10T20:30:00.000Z,2689.78,2690.08,2688.24,2689.47,3688
2025-01-10T20:45:00.000Z,2689.46,2690.81,2688.8,2690.62,4117
2025-01-10T21:00:00.000Z,2690.53,2693.32,2690.2,2692.64,1822
2025-01-10T21:15:00.000Z,2692.63,2692.96,2689.61,2690.55,1670
2025-01-10T21:30:00.000Z,2690.93,2690.93,2688.83,2688.97,1192
2025-01-10T21:45:00.000Z,2688.92,2690.13,2688.6,2688.66,988
2025-01-12T23:00:00.000Z,2689.14,2691.18,2686.58,2690.41,1731
2025-01-12T23:15:00.000Z,2690.38,2690.38,2687.38,2688.55,1086
2025-01-12T23:30:00.000Z,2688.57,2690.42,2688.45,2690.2,1694
2025-01-12T23:45:00.000Z,2690.21,2691.01,2689.33,2690.99,1758
2025-01-13T00:00:00.000Z,2690.93,2693.35,2690.51,2692.36,1910
2025-01-13T00:15:00.000Z,2692.35,2692.35,2688.51,2690.22,1662
2025-01-13T00:30:00.000Z,2690.23,2690.23,2688.09,2689.42,1247
2025-01-13T00:45:00.000Z,2689.48,2691.41,2688.47,2689.55,1103
2025-01-13T01:00:00.000Z,2689.61,2689.79,2681.36,2681.39,7471
2025-01-13T01:15:00.000Z,2681.3,2683.72,2679.28,2680.61,6902
2025-01-13T01:30:00.000Z,2680.64,2684.64,2679.52,2683.36,5913
2025-01-13T01:45:00.000Z,2683.26,2686.45,2683.08,2685.65,4690
2025-01-13T02:00:00.000Z,2685.66,2689.87,2684.9,2689.33,4013
2025-01-13T02:15:00.000Z,2689.41,2690.49,2688.2,2688.97,3543
2025-01-13T02:30:00.000Z,2689.03,2690.09,2687.1,2688.54,4168
2025-01-13T02:45:00.000Z,2688.58,2689.84,2687.88,2688.58,3147
2025-01-13T03:00:00.000Z,2688.57,2688.63,2686.1,2687.3,3686
2025-01-13T03:15:00.000Z,2687.37,2687.95,2685.32,2687.13,2904
2025-01-13T03:30:00.000Z,2687.09,2687.47,2685.79,2686.5,2018
2025-01-13T03:45:00.000Z,2686.49,2688.18,2685.7,2687.95,2215
2025-01-13T04:00:00.000Z,2687.84,2690.65,2687.81,2689.51,2239
2025-01-13T04:15:00.000Z,2689.52,2690.03,2686.25,2686.55,2816
2025-01-13T04:30:00.000Z,2686.52,2687.14,2684.28,2685.34,2752
2025-01-13T04:45:00.000Z,2685.46,2686.52,2685.2,2685.96,3336
2025-01-13T05:00:00.000Z,2685.95,2686.67,2684.89,2685.08,3018
2025-01-13T05:15:00.000Z,2685.09,2686.41,2684.41,2685.22,2702
2025-01-13T05:30:00.000Z,2685.13,2685.13,2683.24,2684.25,4341
2025-01-13T05:45:00.000Z,2684.27,2686.89,2683.56,2686.88,3525
2025-01-13T06:00:00.000Z,2686.93,2688.51,2686.91,2688.18,3598
2025-01-13T06:15:00.000Z,2688.19,2690.88,2688.07,2690.27,2434
2025-01-13T06:30:00.000Z,2690.21,2691.17,2689.45,2689.67,3197
2025-01-13T06:45:00.000Z,2689.7,2690.42,2688.63,2689.8,3482
2025-01-13T07:00:00.000Z,2689.67,2690.31,2688.04,2689.05,3401
2025-01-13T07:15:00.000Z,2689.07,2689.38,2687.18,2688.13,4866
2025-01-13T07:30:00.000Z,2688.14,2688.5,2684.65,2685.83,3631
2025-01-13T07:45:00.000Z,2685.8,2687.15,2684.42,2685.15,3752
2025-01-13T08:00:00.000Z,2684.89,2689.23,2684.81,2688.11,5300
2025-01-13T08:15:00.000Z,2688.06,2688.28,2684.04,2686.54,5009
2025-01-13T08:30:00.000Z,2686.53,2689.37,2686.23,2689.24,4376
2025-01-13T08:45:00.000Z,2689.25,2689.65,2685.97,2687.21,4051
2025-01-13T09:00:00.000Z,2687.23,2688.43,2685.53,2686.13,4391
2025-01-13T09:15:00.000Z,2686.33,2686.72,2683.08,2685.02,5302
2025-01-13T09:30:00.000Z,2684.99,2687.91,2684.37,2685.32,5120
2025-01-13T09:45:00.000Z,2685.41,2687.15,2684.29,2684.75,3758
2025-01-13T10:00:00.000Z,2684.76,2684.97,2679.15,2680.68,5472
2025-01-13T10:15:00.000Z,2680.52,2681.35,2677.3,2678.35,4363
2025-01-13T10:30:00.000Z,2678.13,2682.73,2678.13,2679.9,4427
2025-01-13T10:45:00.000Z,2679.76,2680.82,2678.96,2679.38,2993
2025-01-13T11:00:00.000Z,2679.35,2680.05,2678.22,2679.4,2859
2025-01-13T11:15:00.000Z,2679.39,2680.53,2677.42,2678.33,2986
2025-01-13T11:30:00.000Z,2678.32,2679.4,2676.16,2677.23,4490
2025-01-13T11:45:00.000Z,2677.22,2679.18,2675.5,2675.93,4452
2025-01-13T12:00:00.000Z,2675.92,2677.16,2671.17,2671.49,6525
2025-01-13T12:15:00.000Z,2671.47,2672.27,2668.11,2668.94,4199
2025-01-13T12:30:00.000Z,2668.83,2672.28,2664.15,2671.1,6621
2025-01-13T12:45:00.000Z,2671.12,2673.03,2670.23,2671.01,5255
2025-01-13T13:00:00.000Z,2671.11,2672.14,2666.76,2668.43,9253
2025-01-13T13:15:00.000Z,2668.44,2671.8,2668.01,2669.43,8091
2025-01-13T13:30:00.000Z,2669.46,2670.28,2663.73,2665.1,7657
2025-01-13T13:45:00.000Z,2665.07,2670.01,2663.94,2669.19,6251
2025-01-13T14:00:00.000Z,2669.16,2670.83,2668.3,2669.2,6264
2025-01-13T14:15:00.000Z,2669.18,2670.23,2666.77,2668.37,6203
2025-01-13T14:30:00.000Z,2668.36,2670.03,2664.1,2667.52,8405
2025-01-13T14:45:00.000Z,2667.56,2674.25,2667.27,2671.78,8045
2025-01-13T15:00:00.000Z,2671.65,2672.82,2667.64,2669.46,6537
2025-01-13T15:15:00.000Z,2669.47,2671.03,2664.39,2665.03,6584
2025-01-13T15:30:00.000Z,2665.08,2668.1,2664.74,2666.41,6150
2025-01-13T15:45:00.000Z,2666.4,2666.9,2661.07,2661.81,6108
2025-01-13T16:00:00.000Z,2661.75,2667.65,2660.83,2666.02,6038
2025-01-13T16:15:00.000Z,2665.95,2667.62,2663.25,2666.98,5345
2025-01-13T16:30:00.000Z,2666.99,2667.85,2664.61,2664.91,4389
2025-01-13T16:45:00.000Z,2664.92,2665.15,2661.17,2661.34,3525
2025-01-13T17:00:00.000Z,2661.39,2662.53,2659.84,2662.28,4177
2025-01-13T17:15:00.000Z,2662.27,2664.15,2660.32,2661.1,4297
2025-01-13T17:30:00.000Z,2661.08,2661.75,2659.36,2660.32,4132
2025-01-13T17:45:00.000Z,2660.37,2660.96,2659.27,2660.81,3024
2025-01-13T18:00:00.000Z,2660.82,2662.39,2659.94,2661.72,2835
2025-01-13T18:15:00.000Z,2661.77,2662.42,2657.56,2659.75,3418
2025-01-13T18:30:00.000Z,2659.76,2661.97,2659.76,2660.41,2422
2025-01-13T18:45:00.000Z,2660.34,2660.34,2659.07,2659.25,2843
2025-01-13T19:00:00.000Z,2659.26,2659.41,2656.68,2657.45,2666
2025-01-13T19:15:00.000Z,2657.52,2658.62,2656.79,2658.55,2053
2025-01-13T19:30:00.000Z,2658.62,2660.66,2657.96,2659.84,2446
2025-01-13T19:45:00.000Z,2659.79,2659.79,2657.85,2658.85,2218
2025-01-13T20:00:00.000Z,2658.83,2660.58,2658.68,2659.97,2038
2025-01-13T20:15:00.000Z,2659.96,2660.21,2658.94,2659.47,1675
2025-01-13T20:30:00.000Z,2659.51,2661.4,2659.1,2660.72,1745
2025-01-13T20:45:00.000Z,2660.73,2662.74,2660.57,2662.18,2377
2025-01-13T21:00:00.000Z,2662.07,2662.23,2660.81,2661.4,818
2025-01-13T21:15:00.000Z,2661.38,2662.86,2661.29,2662.53,657
2025-01-13T21:30:00.000Z,2662.55,2663.16,2662.12,2662.35,823
2025-01-13T21:45:00.000Z,2662.35,2664.12,2662.19,2662.34,1244
2025-01-13T23:00:00.000Z,2663.42,2665.54,2663.05,2665.31,1409
2025-01-13T23:15:00.000Z,2665.32,2666.02,2665.21,2665.8,1027
2025-01-13T23:30:00.000Z,2665.86,2667.74,2665.85,2666.55,1184
2025-01-13T23:45:00.000Z,2666.56,2669.34,2666.56,2667.82,1735
2025-01-14T00:00:00.000Z,2667.86,2668.99,2666.35,2668.42,1515
2025-01-14T00:15:00.000Z,2668.4,2668.82,2667.17,2667.51,1084
2025-01-14T00:30:00.000Z,2667.54,2671,2667.3,2670.67,1394
2025-01-14T00:45:00.000Z,2670.53,2671,2669.97,2670.34,2146
2025-01-14T01:00:00.000Z,2670.32,2672.1,2670.32,2670.68,5425
2025-01-14T01:15:00.000Z,2670.69,2671.36,2669.26,2669.88,3339
2025-01-14T01:30:00.000Z,2669.93,2671.25,2667.84,2670.19,3878
2025-01-14T01:45:00.000Z,2670.18,2671.43,2668.83,2670.65,4005
2025-01-14T02:00:00.000Z,2670.68,2671.14,2669.19,2670.01,3339
2025-01-14T02:15:00.000Z,2670.02,2670.21,2668.51,2669.44,2991
2025-01-14T02:30:00.000Z,2669.45,2671.88,2669.22,2670.72,4852
2025-01-14T02:45:00.000Z,2670.74,2672.06,2669.89,2670.33,2977
2025-01-14T03:00:00.000Z,2670.32,2672.22,2668.87,2671.89,4092
2025-01-14T03:15:00.000Z,2671.9,2672.15,2668.75,2670.77,3806
2025-01-14T03:30:00.000Z,2670.82,2671.88,2670.03,2670.09,1802
2025-01-14T03:45:00.000Z,2670.02,2670.27,2669.01,2669.73,2057
2025-01-14T04:00:00.000Z,2669.72,2669.79,2668.38,2669.48,1609
2025-01-14T04:15:00.000Z,2669.48,2670.06,2668.54,2669.87,1565
2025-01-14T04:30:00.000Z,2669.85,2672.67,2669.08,2672.67,1918
2025-01-14T04:45:00.000Z,2672.68,2673.97,2671.73,2673.51,2543
2025-01-14T05:00:00.000Z,2673.49,2675.18,2671.49,2672.85,2637
2025-01-14T05:15:00.000Z,2672.86,2673.11,2670.77,2671.01,2241
2025-01-14T05:30:00.000Z,2671.05,2671.39,2668.88,2669.14,3482
2025-01-14T05:45:00.000Z,2669.13,2669.6,2667.25,2668.55,3420
2025-01-14T06:00:00.000Z,2668.6,2669.01,2667.31,2668.73,2522
2025-01-14T06:15:00.000Z,2668.77,2669.54,2667.9,2668.12,3269
2025-01-14T06:30:00.000Z,2668.11,2669.24,2667.36,2668.7,2225
2025-01-14T06:45:00.000Z,2668.69,2669.5,2668.46,2669.11,2368
2025-01-14T07:00:00.000Z,2669.13,2670.96,2668.29,2669.36,2961
2025-01-14T07:15:00.000Z,2669.37,2670.88,2668.37,2668.54,3587
2025-01-14T07:30:00.000Z,2668.49,2670.19,2667.27,2669.48,3341
2025-01-14T07:45:00.000Z,2669.49,2670.03,2667.97,2669.23,2938
2025-01-14T08:00:00.000Z,2669.51,2670.56,2667.29,2670.24,4305
2025-01-14T08:15:00.000Z,2670.25,2673.59,2670.24,2673.11,4392
2025-01-14T08:30:00.000Z,2673.1,2674.47,2671.86,2673.16,5077
2025-01-14T08:45:00.000Z,2673.15,2673.57,2670.08,2670.99,4234
2025-01-14T09:00:00.000Z,2670.84,2671.52,2669.53,2669.88,3652
2025-01-14T09:15:00.000Z,2669.89,2670.66,2668.07,2668.67,4442
2025-01-14T09:30:00.000Z,2668.66,2669.44,2664.8,2665.67,3501
2025-01-14T09:45:00.000Z,2665.64,2668.57,2665.54,2667.18,3336
2025-01-14T10:00:00.000Z,2667.17,2668.79,2666.01,2666.66,2728
2025-01-14T10:15:00.000Z,2666.64,2667.41,2664.66,2665.85,3922
2025-01-14T10:30:00.000Z,2665.86,2667.25,2664.76,2665.39,3172
2025-01-14T10:45:00.000Z,2665.37,2667.01,2665.01,2666.6,2437
2025-01-14T11:00:00.000Z,2666.59,2667.21,2664.98,2665.23,2724
2025-01-14T11:15:00.000Z,2665.24,2666.06,2664.56,2665.6,3104
2025-01-14T11:30:00.000Z,2665.59,2667.69,2665.57,2666.28,3064
2025-01-14T11:45:00.000Z,2666.27,2669.8,2665.91,2669.28,3527
2025-01-14T12:00:00.000Z,2669.25,2670.51,2667.81,2668.57,4097
2025-01-14T12:15:00.000Z,2668.6,2671.55,2668.33,2669.78,3501
2025-01-14T12:30:00.000Z,2669.75,2670,2667.21,2669.14,2963
2025-01-14T12:45:00.000Z,2669.17,2669.17,2666.54,2668.31,2593
2025-01-14T13:00:00.000Z,2668.42,2670.7,2668.18,2669.06,5015
2025-01-14T13:15:00.000Z,2669.04,2669.9,2664.79,2667.16,5622
2025-01-14T13:30:00.000Z,2666.58,2674.24,2660.79,2663.53,8681
2025-01-14T13:45:00.000Z,2663.48,2668.81,2662.18,2662.92,7624
2025-01-14T14:00:00.000Z,2662.88,2664.15,2659.86,2661.24,7708
2025-01-14T14:15:00.000Z,2661.25,2663.93,2660.12,2661.08,5868
2025-01-14T14:30:00.000Z,2661.06,2663.94,2660.4,2663.08,8007
2025-01-14T14:45:00.000Z,2663.17,2665.95,2660.82,2665.28,7477
2025-01-14T15:00:00.000Z,2665.26,2671.22,2665.17,2670.48,8258
2025-01-14T15:15:00.000Z,2670.49,2672.7,2669.97,2671.01,5708
2025-01-14T15:30:00.000Z,2671.03,2672.57,2670.37,2671.71,5838
2025-01-14T15:45:00.000Z,2671.75,2672.3,2668.4,2671.71,6351
2025-01-14T16:00:00.000Z,2671.72,2672.8,2670.47,2672.69,5417
2025-01-14T16:15:00.000Z,2672.7,2673.69,2669.89,2671.64,5134
2025-01-14T16:30:00.000Z,2671.63,2672.89,2669.8,2672.39,5607
2025-01-14T16:45:00.000Z,2672.38,2673.92,2671.14,2671.51,5384
2025-01-14T17:00:00.000Z,2671.43,2671.83,2668.28,2668.78,5652
2025-01-14T17:15:00.000Z,2668.79,2670.41,2668.06,2670.34,3761
2025-01-14T17:30:00.000Z,2670.33,2671.69,2669.73,2669.77,2443
2025-01-14T17:45:00.000Z,2669.77,2670.1,2668.43,2669.01,2149
2025-01-14T18:00:00.000Z,2668.91,2669.06,2666.83,2666.96,1872
2025-01-14T18:15:00.000Z,2666.96,2669.28,2666.61,2669.22,3483
2025-01-14T18:30:00.000Z,2669.28,2671.56,2669.23,2671.31,3687
2025-01-14T18:45:00.000Z,2671.29,2672.53,2670.67,2672.33,2514
2025-01-14T19:00:00.000Z,2672.31,2673.84,2671.83,2673.55,3198
2025-01-14T19:15:00.000Z,2673.54,2673.95,2672.3,2673.05,1839
2025-01-14T19:30:00.000Z,2673.07,2676.23,2672.58,2675.23,2580
2025-01-14T19:45:00.000Z,2675.24,2675.91,2673.08,2674.19,3505
2025-01-14T20:00:00.000Z,2674.2,2674.53,2671.89,2672.79,2862
2025-01-14T20:15:00.000Z,2672.87,2674.44,2671.79,2674.43,2653
2025-01-14T20:30:00.000Z,2674.42,2674.58,2673.3,2673.67,2492
2025-01-14T20:45:00.000Z,2673.74,2676.39,2673.65,2676.39,2201
2025-01-14T21:00:00.000Z,2676.3,2676.62,2675.7,2675.9,786
2025-01-14T21:15:00.000Z,2675.99,2677.91,2675.94,2676.62,964
2025-01-14T21:30:00.000Z,2676.61,2677.2,2676.32,2676.48,755
2025-01-14T21:45:00.000Z,2676.49,2678,2676.3,2677.17,995
2025-01-14T23:00:00.000Z,2677.01,2678.71,2676.15,2676.36,815
2025-01-14T23:15:00.000Z,2676.35,2676.6,2674.7,2675,600
2025-01-14T23:30:00.000Z,2674.99,2675.3,2674.6,2674.7,282
2025-01-14T23:45:00.000Z,2674.67,2675.78,2673.95,2675.52,1032
2025-01-15T00:00:00.000Z,2675.55,2675.85,2674.53,2675.33,1008
2025-01-15T00:15:00.000Z,2675.37,2675.39,2673.75,2673.85,996
2025-01-15T00:30:00.000Z,2673.86,2673.93,2672.78,2672.82,713
2025-01-15T00:45:00.000Z,2672.83,2673.88,2672.47,2672.6,936
2025-01-15T01:00:00.000Z,2672.61,2674.25,2671.81,2672.56,2848
2025-01-15T01:15:00.000Z,2672.57,2674.05,2671.7,2672.79,1694
2025-01-15T01:30:00.000Z,2672.84,2674.06,2671.67,2671.71,2522
2025-01-15T01:45:00.000Z,2671.7,2671.7,2669.74,2669.81,1776
2025-01-15T02:00:00.000Z,2669.8,2673.74,2669.18,2673.18,2064
2025-01-15T02:15:00.000Z,2673.2,2673.57,2671.43,2671.75,1624
2025-01-15T02:30:00.000Z,2671.76,2672.93,2670.15,2672.87,3456
2025-01-15T02:45:00.000Z,2672.88,2674.98,2672.88,2673.33,2896
2025-01-15T03:00:00.000Z,2673.32,2674.01,2672.16,2673.92,2330
2025-01-15T03:15:00.000Z,2673.94,2675.57,2673.27,2675.12,2384
2025-01-15T03:30:00.000Z,2675.15,2675.84,2674.38,2675.61,1074
2025-01-15T03:45:00.000Z,2675.66,2676.32,2675.34,2676.09,1012
2025-01-15T04:00:00.000Z,2676.1,2676.38,2675.17,2675.77,1167
2025-01-15T04:15:00.000Z,2675.76,2676.73,2675.24,2675.36,1517
2025-01-15T04:30:00.000Z,2675.37,2675.88,2674.2,2674.36,1285
2025-01-15T04:45:00.000Z,2674.74,2675.68,2674.48,2675.56,1672
2025-01-15T05:00:00.000Z,2675.52,2676.12,2674.95,2675.14,2592
2025-01-15T05:15:00.000Z,2675.17,2675.53,2674.57,2675.11,1807
2025-01-15T05:30:00.000Z,2675.14,2677.64,2675.11,2677.25,4141
2025-01-15T05:45:00.000Z,2677.27,2679.32,2677.19,2679.29,3211
2025-01-15T06:00:00.000Z,2679.31,2681.84,2679.03,2681.34,3566
2025-01-15T06:15:00.000Z,2681.44,2683.24,2680.53,2681.89,2801
2025-01-15T06:30:00.000Z,2681.87,2683.18,2681.33,2682.72,2656
2025-01-15T06:45:00.000Z,2682.75,2683.04,2680.66,2680.91,2363
2025-01-15T07:00:00.000Z,2681.07,2681.96,2680.41,2681.67,2671
2025-01-15T07:15:00.000Z,2681.7,2683.03,2681.06,2682.62,2663
2025-01-15T07:30:00.000Z,2682.67,2684.08,2681.78,2682.99,3094
2025-01-15T07:45:00.000Z,2682.98,2683.48,2679.95,2681.32,3161
2025-01-15T08:00:00.000Z,2681.34,2685.41,2681.17,2683.46,4212
2025-01-15T08:15:00.000Z,2683.41,2684.77,2683.04,2683.56,3367
2025-01-15T08:30:00.000Z,2683.48,2684.15,2681.75,2683.66,2859
2025-01-15T08:45:00.000Z,2683.69,2684.3,2683.12,2683.97,2423
2025-01-15T09:00:00.000Z,2683.92,2685.52,2682.93,2684.98,3545
2025-01-15T09:15:00.000Z,2684.96,2686.2,2683.83,2685.51,3460
2025-01-15T09:30:00.000Z,2685.53,2688.14,2685.17,2688.06,2326
2025-01-15T09:45:00.000Z,2688.1,2688.44,2685.39,2685.85,2982
2025-01-15T10:00:00.000Z,2685.88,2686.61,2684.82,2685.69,2962
2025-01-15T10:15:00.000Z,2685.62,2686.49,2684.65,2685.24,2953
2025-01-15T10:30:00.000Z,2685.19,2688.82,2685.12,2686.62,2993
2025-01-15T10:45:00.000Z,2686.67,2688.95,2686.67,2688.38,3539
2025-01-15T11:00:00.000Z,2688.48,2688.89,2686.22,2686.58,4563
2025-01-15T11:15:00.000Z,2686.55,2687.64,2685.41,2687.41,4069
2025-01-15T11:30:00.000Z,2687.4,2688.19,2685.06,2687.27,3846
2025-01-15T11:45:00.000Z,2687.34,2687.88,2686.09,2686.76,2534
2025-01-15T12:00:00.000Z,2686.71,2687.34,2684.83,2686.28,2986
2025-01-15T12:15:00.000Z,2686.29,2686.77,2684.48,2686.64,3580
2025-01-15T12:30:00.000Z,2686.66,2687.09,2685.06,2685.28,4103
2025-01-15T12:45:00.000Z,2685.26,2686,2684.03,2684.61,4073
2025-01-15T13:00:00.000Z,2684.82,2685.8,2682.79,2685.74,7125
2025-01-15T13:15:00.000Z,2685.76,2686.72,2682.06,2683.14,4960
2025-01-15T13:30:00.000Z,2683.32,2693.19,2683.32,2686.86,11125
2025-01-15T13:45:00.000Z,2686.93,2694.16,2685.92,2693.78,9490
2025-01-15T14:00:00.000Z,2693.72,2695.88,2687.64,2688.67,8678
2025-01-15T14:15:00.000Z,2688.62,2690.08,2685.88,2689.57,7399
2025-01-15T14:30:00.000Z,2689.56,2690.47,2678,2681.15,9001
2025-01-15T14:45:00.000Z,2681.16,2684.34,2678.91,2682.02,8606
2025-01-15T15:00:00.000Z,2682.03,2682.03,2676.7,2678.76,9021
2025-01-15T15:15:00.000Z,2678.76,2682.95,2678.59,2681.48,6211
2025-01-15T15:30:00.000Z,2681.44,2682.63,2678.87,2679.63,6171
2025-01-15T15:45:00.000Z,2679.61,2680.56,2677.42,2678.46,6413
2025-01-15T16:00:00.000Z,2678.54,2682.2,2676.98,2681.95,5412
2025-01-15T16:15:00.000Z,2681.93,2684.69,2681.78,2683.01,6094
2025-01-15T16:30:00.000Z,2683.04,2686.72,2681.62,2686.39,6088
2025-01-15T16:45:00.000Z,2686.4,2689.97,2685.75,2689.32,5391
2025-01-15T17:00:00.000Z,2689.37,2692.67,2689.37,2691.19,5019
2025-01-15T17:15:00.000Z,2691.18,2691.55,2688.32,2690.72,3884
2025-01-15T17:30:00.000Z,2690.75,2692.85,2690.25,2692.69,3044
2025-01-15T17:45:00.000Z,2692.71,2692.83,2691.6,2692.75,2520
2025-01-15T18:00:00.000Z,2692.86,2694.67,2691.92,2693.45,2656
2025-01-15T18:15:00.000Z,2693.48,2694.74,2692.54,2693.59,5103
2025-01-15T18:30:00.000Z,2693.6,2694.78,2691.39,2691.39,2486
2025-01-15T18:45:00.000Z,2691.41,2694.08,2691.04,2694.01,3818
2025-01-15T19:00:00.000Z,2694.02,2694.76,2692.51,2693.77,3206
2025-01-15T19:15:00.000Z,2693.74,2694.28,2693.02,2693.67,2233
2025-01-15T19:30:00.000Z,2693.74,2695.04,2692.86,2693.77,1867
2025-01-15T19:45:00.000Z,2693.8,2694.89,2693.47,2693.97,1195
2025-01-15T20:00:00.000Z,2693.94,2695.74,2693.16,2695.73,1573
2025-01-15T20:15:00.000Z,2695.72,2695.82,2694.96,2695.39,1283
2025-01-15T20:30:00.000Z,2695.38,2695.58,2694.15,2695.42,1962
2025-01-15T20:45:00.000Z,2695.44,2696.53,2694.51,2696.33,3364
2025-01-15T21:00:00.000Z,2696.25,2697.31,2696.02,2696.92,1552
2025-01-15T21:15:00.000Z,2696.87,2696.99,2694.79,2694.99,998
2025-01-15T21:30:00.000Z,2694.98,2695.24,2693.71,2694.91,870
2025-01-15T21:45:00.000Z,2694.91,2696.47,2694.86,2695.42,880
2025-01-15T23:00:00.000Z,2694.9,2697.37,2694.6,2695.69,716
2025-01-15T23:15:00.000Z,2695.66,2696.19,2695.12,2695.98,832
2025-01-15T23:30:00.000Z,2695.9,2696.12,2694.63,2695.04,846
2025-01-15T23:45:00.000Z,2694.97,2695.53,2694.56,2694.85,819
2025-01-16T00:00:00.000Z,2694.94,2695.24,2692.98,2693.9,2031
2025-01-16T00:15:00.000Z,2693.92,2698.12,2693.12,2696.41,3020
2025-01-16T00:30:00.000Z,2696.5,2697.56,2694.6,2696.35,2741
2025-01-16T00:45:00.000Z,2696.36,2697.24,2695.02,2695.11,2798
2025-01-16T01:00:00.000Z,2695.18,2700,2694.3,2699.1,6894
2025-01-16T01:15:00.000Z,2699.1,2699.91,2697.95,2699.75,3308
2025-01-16T01:30:00.000Z,2699.74,2702.18,2698.64,2700.16,5910
2025-01-16T01:45:00.000Z,2700.2,2700.46,2695.49,2696.09,5070
2025-01-16T02:00:00.000Z,2696.18,2698.11,2695.62,2696.01,4402
2025-01-16T02:15:00.000Z,2695.97,2696.67,2695.25,2696.64,2976
2025-01-16T02:30:00.000Z,2696.66,2697.95,2696.15,2696.81,3217
2025-01-16T02:45:00.000Z,2696.8,2697.56,2695.8,2697.42,2665
2025-01-16T03:00:00.000Z,2697.4,2697.78,2695.9,2696.69,2507
2025-01-16T03:15:00.000Z,2696.54,2697.51,2695.48,2696.21,3805
2025-01-16T03:30:00.000Z,2696.16,2698.22,2696.15,2697.3,2002
2025-01-16T03:45:00.000Z,2697.33,2697.66,2695.97,2697.14,1902
2025-01-16T04:00:00.000Z,2697.06,2697.68,2696.55,2697.36,1532
2025-01-16T04:15:00.000Z,2697.35,2697.96,2696.68,2696.98,1484
2025-01-16T04:30:00.000Z,2697,2697.75,2696.77,2697.7,1770
2025-01-16T04:45:00.000Z,2697.77,2697.9,2697.05,2697.15,1867
2025-01-16T05:00:00.000Z,2697.14,2697.38,2695.14,2695.57,2149
2025-01-16T05:15:00.000Z,2695.58,2696.04,2694.32,2694.59,2528
2025-01-16T05:30:00.000Z,2694.57,2695.68,2693.75,2694.53,4285
2025-01-16T05:45:00.000Z,2694.61,2695.18,2693.87,2694.79,2476
2025-01-16T06:00:00.000Z,2694.8,2695.65,2690.55,2691.23,3284
2025-01-16T06:15:00.000Z,2691.26,2692.58,2689.85,2691.82,3983
2025-01-16T06:30:00.000Z,2691.81,2693.77,2691.41,2693.2,2837
2025-01-16T06:45:00.000Z,2693.17,2694.79,2692.64,2693.89,3208
2025-01-16T07:00:00.000Z,2693.91,2697.83,2693.39,2697.8,3437
2025-01-16T07:15:00.000Z,2697.76,2698.89,2695.97,2697.2,3928
2025-01-16T07:30:00.000Z,2697.24,2698.96,2696.84,2698.35,3848
2025-01-16T07:45:00.000Z,2698.31,2699.9,2696.2,2698.17,3864
2025-01-16T08:00:00.000Z,2698.27,2700.16,2697.04,2699.71,4615
2025-01-16T08:15:00.000Z,2699.74,2703.3,2699.68,2701.23,4674
2025-01-16T08:30:00.000Z,2701.22,2701.3,2698.78,2699.48,4155
2025-01-16T08:45:00.000Z,2699.47,2700.2,2697.47,2698.88,3567
2025-01-16T09:00:00.000Z,2698.89,2702.09,2697.45,2701.78,4199
2025-01-16T09:15:00.000Z,2701.7,2705.78,2700.72,2705.14,5374
2025-01-16T09:30:00.000Z,2705.09,2705.96,2703.09,2704.9,4049
2025-01-16T09:45:00.000Z,2704.92,2706.19,2703.83,2705.43,4025
2025-01-16T10:00:00.000Z,2705.45,2708.44,2704.71,2708.08,4261
2025-01-16T10:15:00.000Z,2708.07,2708.53,2706.82,2707.44,2677
2025-01-16T10:30:00.000Z,2707.39,2707.56,2705.18,2706.11,2852
2025-01-16T10:45:00.000Z,2706.12,2708.29,2706.12,2707.69,2556
2025-01-16T11:00:00.000Z,2707.71,2708.94,2706.67,2707.15,2643
2025-01-16T11:15:00.000Z,2707.16,2709.42,2706.86,2709.15,1944
2025-01-16T11:30:00.000Z,2709.21,2711.25,2706.95,2707.95,3601
2025-01-16T11:45:00.000Z,2707.97,2708.65,2706.17,2706.34,3444
2025-01-16T12:00:00.000Z,2706.28,2707.22,2704.22,2705.62,5093
2025-01-16T12:15:00.000Z,2705.71,2706.7,2702.17,2702.41,4454
2025-01-16T12:30:00.000Z,2702.42,2703.5,2700.62,2701.6,5304
2025-01-16T12:45:00.000Z,2701.59,2705.43,2700.13,2703.59,5077
2025-01-16T13:00:00.000Z,2703.56,2706.51,2701.28,2706.41,6850
2025-01-16T13:15:00.000Z,2706.41,2711.62,2705.58,2709.71,5516
2025-01-16T13:30:00.000Z,2710.14,2715,2709.69,2714.16,8868
2025-01-16T13:45:00.000Z,2714.2,2718.17,2713.62,2715.37,6766
2025-01-16T14:00:00.000Z,2715.33,2717.97,2713.8,2716.04,5383
2025-01-16T14:15:00.000Z,2716.14,2717.91,2715.28,2716.18,6924
2025-01-16T14:30:00.000Z,2716.11,2717.96,2712.83,2716.9,7669
2025-01-16T14:45:00.000Z,2716.93,2719.14,2715.92,2718.3,7858
2025-01-16T15:00:00.000Z,2718.5,2719.2,2712.87,2713.25,8370
2025-01-16T15:15:00.000Z,2713.14,2719.08,2713.01,2717.69,8242
2025-01-16T15:30:00.000Z,2717.68,2719.45,2715.11,2715.27,7211
2025-01-16T15:45:00.000Z,2715.28,2716.95,2712.46,2716.93,7270
2025-01-16T16:00:00.000Z,2716.9,2720.05,2716.6,2718.41,7813
2025-01-16T16:15:00.000Z,2718.52,2720.24,2717.44,2718.31,7280
2025-01-16T16:30:00.000Z,2718.35,2721.39,2717.73,2719.85,5222
2025-01-16T16:45:00.000Z,2719.81,2722.44,2718.87,2720.32,5305
2025-01-16T17:00:00.000Z,2720.41,2722.45,2719.44,2721.65,4990
2025-01-16T17:15:00.000Z,2721.63,2723.06,2720.68,2722.33,4503
2025-01-16T17:30:00.000Z,2722.4,2724.68,2722.25,2723.43,3581
2025-01-16T17:45:00.000Z,2723.42,2723.62,2720.97,2721.7,4149
2025-01-16T18:00:00.000Z,2721.77,2723.14,2720.66,2720.78,3835
2025-01-16T18:15:00.000Z,2720.79,2720.86,2717.72,2717.89,4676
2025-01-16T18:30:00.000Z,2717.9,2718.91,2715.62,2716.36,4055
2025-01-16T18:45:00.000Z,2716.4,2717.46,2714.75,2715.19,4561
2025-01-16T19:00:00.000Z,2715.22,2717.24,2715.06,2715.39,4038
2025-01-16T19:15:00.000Z,2715.46,2716.92,2714.95,2715.45,3437
2025-01-16T19:30:00.000Z,2715.44,2716.01,2714.88,2714.96,2405
2025-01-16T19:45:00.000Z,2714.98,2715.63,2714.66,2715.23,2607
2025-01-16T20:00:00.000Z,2715.22,2715.59,2714.29,2714.7,2831
2025-01-16T20:15:00.000Z,2714.71,2716.69,2714.71,2715.55,1715
2025-01-16T20:30:00.000Z,2715.58,2716.78,2714.93,2716.08,2184
2025-01-16T20:45:00.000Z,2716.11,2716.96,2715.19,2715.65,2625
2025-01-16T21:00:00.000Z,2715.66,2715.78,2713.49,2713.95,1960
2025-01-16T21:15:00.000Z,2714,2714,2712.45,2712.8,1837
2025-01-16T21:30:00.000Z,2712.81,2714.15,2712.51,2713.6,1445
2025-01-16T21:45:00.000Z,2713.64,2714.45,2712.94,2713.77,1038
2025-01-16T23:00:00.000Z,2713.48,2714.93,2713.42,2714.09,567
2025-01-16T23:15:00.000Z,2714.08,2714.26,2713.23,2713.49,621
2025-01-16T23:30:00.000Z,2713.5,2714.45,2712.28,2714.22,1169
2025-01-16T23:45:00.000Z,2714.21,2714.81,2713.9,2714.47,823
2025-01-17T00:00:00.000Z,2714.46,2715.36,2714.12,2714.49,1404
2025-01-17T00:15:00.000Z,2714.48,2715.23,2713.75,2714.03,1066
2025-01-17T00:30:00.000Z,2714.01,2716.03,2714.01,2715.54,1800
2025-01-17T00:45:00.000Z,2715.52,2715.71,2714.31,2714.64,2388
2025-01-17T01:00:00.000Z,2714.63,2714.7,2710.31,2710.93,4955
2025-01-17T01:15:00.000Z,2710.95,2713.29,2709.8,2710.14,4641
2025-01-17T01:30:00.000Z,2710.15,2713.1,2709.98,2712.57,4323
2025-01-17T01:45:00.000Z,2712.61,2714.69,2712.37,2714.65,3898
2025-01-17T02:00:00.000Z,2714.72,2715.99,2713.91,2715.81,3402
2025-01-17T02:15:00.000Z,2715.82,2716.66,2715.03,2715.03,2465
2025-01-17T02:30:00.000Z,2715,2716.55,2714.72,2716.35,3113
2025-01-17T02:45:00.000Z,2716.38,2717,2714.65,2715.85,3195
2025-01-17T03:00:00.000Z,2715.75,2717.32,2715.64,2716.49,3023
2025-01-17T03:15:00.000Z,2716.48,2716.67,2714.55,2715.62,2638
2025-01-17T03:30:00.000Z,2715.64,2715.75,2714.66,2715.41,2027
2025-01-17T03:45:00.000Z,2715.42,2715.89,2714.63,2715.31,1697
2025-01-17T04:00:00.000Z,2715.3,2716.37,2714.7,2716.37,1416
2025-01-17T04:15:00.000Z,2716.38,2716.45,2714.92,2715.35,1681
2025-01-17T04:30:00.000Z,2715.36,2715.55,2714.59,2715.28,1940
2025-01-17T04:45:00.000Z,2715.27,2715.58,2714.23,2714.74,1875
2025-01-17T05:00:00.000Z,2714.7,2715.17,2713.97,2714.72,1819
2025-01-17T05:15:00.000Z,2714.73,2715.33,2713.49,2713.57,1471
2025-01-17T05:30:00.000Z,2713.59,2713.81,2711.72,2712.4,4492
2025-01-17T05:45:00.000Z,2712.39,2713.09,2711.09,2711.49,4255
2025-01-17T06:00:00.000Z,2711.5,2713.19,2711.02,2712.64,3537
2025-01-17T06:15:00.000Z,2712.63,2713.18,2710.52,2711.62,3367
2025-01-17T06:30:00.000Z,2711.61,2713.09,2711.35,2712.3,3253
2025-01-17T06:45:00.000Z,2712.15,2713.23,2710.74,2712.67,3202
2025-01-17T07:00:00.000Z,2712.72,2714.66,2711.89,2711.99,3263
2025-01-17T07:15:00.000Z,2711.96,2713.03,2711.4,2712.08,2777
2025-01-17T07:30:00.000Z,2712.07,2713.23,2709.97,2710.12,3346
2025-01-17T07:45:00.000Z,2710.12,2710.74,2708.57,2710.45,3135
2025-01-17T08:00:00.000Z,2710.47,2711.09,2709.58,2710.61,3833
2025-01-17T08:15:00.000Z,2710.56,2710.98,2709.47,2710.93,2685
2025-01-17T08:30:00.000Z,2710.97,2712.05,2709.47,2711.91,3504
2025-01-17T08:45:00.000Z,2711.97,2712.97,2710.88,2711.68,3342
2025-01-17T09:00:00.000Z,2711.62,2712.06,2709.6,2710.13,3640
2025-01-17T09:15:00.000Z,2710.12,2710.13,2705.75,2706.26,4094
2025-01-17T09:30:00.000Z,2706.18,2708.39,2705.39,2706.42,3879
2025-01-17T09:45:00.000Z,2706.41,2707.22,2704.06,2705,4492
2025-01-17T10:00:00.000Z,2705.03,2705.24,2703.79,2703.95,3013
2025-01-17T10:15:00.000Z,2703.94,2705.89,2703.76,2705.72,3797
2025-01-17T10:30:00.000Z,2705.69,2706.07,2702.82,2704.45,2980
2025-01-17T10:45:00.000Z,2704.43,2704.79,2703.29,2703.98,2570
2025-01-17T11:00:00.000Z,2704.04,2706.08,2703.73,2706.04,3304
2025-01-17T11:15:00.000Z,2706.02,2707.11,2704.95,2705.46,2662
2025-01-17T11:30:00.000Z,2705.45,2706.67,2705.34,2705.66,2826
2025-01-17T11:45:00.000Z,2705.65,2708.62,2704.01,2708.02,2602
2025-01-17T12:00:00.000Z,2708,2710.55,2707.49,2707.76,5122
2025-01-17T12:15:00.000Z,2707.68,2710.66,2706.9,2709.97,3966
2025-01-17T12:30:00.000Z,2709.99,2711.58,2709.19,2710.25,4511
2025-01-17T12:45:00.000Z,2710.25,2711.58,2710.24,2710.78,3497
2025-01-17T13:00:00.000Z,2710.76,2711.45,2707.13,2708.4,6380
2025-01-17T13:15:00.000Z,2708.38,2712.08,2705.92,2707.92,7481
2025-01-17T13:30:00.000Z,2707.9,2708.9,2705.1,2708.59,7237
2025-01-17T13:45:00.000Z,2708.6,2708.81,2704.37,2704.91,7169
2025-01-17T14:00:00.000Z,2704.77,2707.67,2703.59,2707.52,6380
2025-01-17T14:15:00.000Z,2707.51,2707.77,2704.03,2705.9,6197
2025-01-17T14:30:00.000Z,2705.87,2710.14,2702.71,2709.81,8579
2025-01-17T14:45:00.000Z,2709.85,2712.56,2709.23,2711.74,8128
2025-01-17T15:00:00.000Z,2711.76,2714.81,2711.47,2712.5,7343
2025-01-17T15:15:00.000Z,2712.48,2713.48,2710.14,2712.89,5831
2025-01-17T15:30:00.000Z,2712.86,2713.52,2711.38,2712.65,3784
2025-01-17T15:45:00.000Z,2712.67,2715.17,2712.06,2714.22,3914
2025-01-17T16:00:00.000Z,2714.23,2716.71,2713.53,2716.48,5340
2025-01-17T16:15:00.000Z,2716.47,2716.85,2714.28,2714.97,4660
2025-01-17T16:30:00.000Z,2714.95,2716.69,2714.72,2716.59,4353
2025-01-17T16:45:00.000Z,2716.57,2717.28,2714.31,2716,4764
2025-01-17T17:00:00.000Z,2715.94,2716.2,2711.3,2712.33,3350
2025-01-17T17:15:00.000Z,2712.32,2712.35,2710.57,2711.32,3711
2025-01-17T17:30:00.000Z,2711.33,2712.98,2711.3,2712.87,3368
2025-01-17T17:45:00.000Z,2712.86,2713.5,2711.58,2712.56,3173
2025-01-17T18:00:00.000Z,2712.58,2713.29,2711.39,2712.52,3542
2025-01-17T18:15:00.000Z,2712.45,2712.48,2708.2,2708.34,4520
2025-01-17T18:30:00.000Z,2708.28,2709.18,2707.56,2708,3179
2025-01-17T18:45:00.000Z,2707.94,2708.2,2705.24,2705.53,3162
2025-01-17T19:00:00.000Z,2705.54,2706.86,2704.47,2706.03,2952
2025-01-17T19:15:00.000Z,2706.05,2707.2,2705.86,2706.78,2926
2025-01-17T19:30:00.000Z,2706.79,2706.8,2705.67,2706.37,2593
2025-01-17T19:45:00.000Z,2706.36,2706.38,2702.67,2703.04,3172
2025-01-17T20:00:00.000Z,2703.06,2703.06,2699.91,2702.11,4146
2025-01-17T20:15:00.000Z,2702.1,2703.67,2701.65,2702.7,2846
2025-01-17T20:30:00.000Z,2702.63,2704.26,2701.98,2703.62,3003
2025-01-17T20:45:00.000Z,2703.63,2703.77,2700.25,2700.83,3728
2025-01-17T21:00:00.000Z,2700.78,2701.17,2699.23,2700.26,1493
2025-01-17T21:15:00.000Z,2700.27,2702.57,2700.18,2702.37,1189
2025-01-17T21:30:00.000Z,2702.34,2702.59,2701.61,2702.24,987
2025-01-17T21:45:00.000Z,2702.23,2702.47,2701.21,2701.8,498
2025-01-19T23:00:00.000Z,2702.52,2703.37,2700.81,2703.08,1690
2025-01-19T23:15:00.000Z,2703.04,2703.08,2691.13,2692.39,2927
2025-01-19T23:30:00.000Z,2692.38,2697.98,2692.16,2696.09,2229
2025-01-19T23:45:00.000Z,2696.08,2697.5,2695.28,2696.39,1484
2025-01-20T00:00:00.000Z,2696.31,2696.39,2693.41,2695.9,2195
2025-01-20T00:15:00.000Z,2695.91,2696.16,2693.86,2693.97,1293
2025-01-20T00:30:00.000Z,2693.95,2695.25,2693.95,2694.16,1250
2025-01-20T00:45:00.000Z,2694.15,2694.77,2692.52,2694.5,2119
2025-01-20T01:00:00.000Z,2694.48,2694.5,2689.26,2689.99,5990
2025-01-20T01:15:00.000Z,2690.06,2693.88,2689.85,2693.05,5468
2025-01-20T01:30:00.000Z,2693.06,2695.88,2690.37,2691.55,5843
2025-01-20T01:45:00.000Z,2691.57,2694.29,2691.5,2693.79,5172
2025-01-20T02:00:00.000Z,2693.82,2696.53,2693.65,2695.2,5105
2025-01-20T02:15:00.000Z,2695.19,2696.11,2694.18,2695.97,3093
2025-01-20T02:30:00.000Z,2695.98,2697.45,2695.83,2696.84,3722
2025-01-20T02:45:00.000Z,2696.86,2697.88,2696.41,2697.4,3218
2025-01-20T03:00:00.000Z,2697.41,2700.87,2697.4,2700.76,3331
2025-01-20T03:15:00.000Z,2700.74,2700.9,2700.25,2700.87,2448
2025-01-20T03:30:00.000Z,2700.86,2703.46,2700.78,2703.35,3081
2025-01-20T03:45:00.000Z,2703.36,2703.84,2702.22,2703.34,3067
2025-01-20T04:00:00.000Z,2703.33,2704.02,2702.35,2703.59,2061
2025-01-20T04:15:00.000Z,2703.58,2704.42,2702.48,2702.76,2853
2025-01-20T04:30:00.000Z,2702.73,2705.88,2702.18,2705.72,2710
2025-01-20T04:45:00.000Z,2705.75,2706.49,2704.95,2705.91,2358
2025-01-20T05:00:00.000Z,2705.87,2706.03,2704.89,2705.24,2048
2025-01-20T05:15:00.000Z,2705.22,2706.41,2705.1,2706.19,1916
2025-01-20T05:30:00.000Z,2706.26,2707.12,2705.14,2706.98,4669
2025-01-20T05:45:00.000Z,2706.9,2707.44,2703.65,2707.19,5778
2025-01-20T06:00:00.000Z,2707.18,2708.5,2706.48,2707.86,4387
2025-01-20T06:15:00.000Z,2707.85,2709.78,2707.85,2708.88,2867
2025-01-20T06:30:00.000Z,2708.89,2710.26,2708.08,2710.14,3384
2025-01-20T06:45:00.000Z,2710.16,2713.63,2709.89,2711.64,4776
2025-01-20T07:00:00.000Z,2711.64,2711.83,2706.92,2706.97,4140
2025-01-20T07:15:00.000Z,2706.98,2707.09,2705.64,2706.35,3047
2025-01-20T07:30:00.000Z,2706.38,2706.74,2704.93,2705.1,2470
2025-01-20T07:45:00.000Z,2705.09,2705.42,2702.89,2703.46,2458
2025-01-20T08:00:00.000Z,2703.45,2706.53,2703.09,2705.08,3934
2025-01-20T08:15:00.000Z,2705.07,2705.88,2703.55,2704.07,3171
2025-01-20T08:30:00.000Z,2704.09,2707.2,2703.79,2705.98,3491
2025-01-20T08:45:00.000Z,2705.94,2708.07,2705.43,2706.97,2352
2025-01-20T09:00:00.000Z,2706.96,2708.71,2704.07,2705.02,4763
2025-01-20T09:15:00.000Z,2705.04,2706.67,2702.83,2706.44,3988
2025-01-20T09:30:00.000Z,2706.48,2706.53,2704.8,2704.96,2845
2025-01-20T09:45:00.000Z,2704.97,2707.43,2704.42,2705.94,3373
2025-01-20T10:00:00.000Z,2705.85,2707.54,2705.1,2706.55,3433
2025-01-20T10:15:00.000Z,2706.57,2709.23,2706.47,2709.23,3316
2025-01-20T10:30:00.000Z,2709.15,2709.8,2707.83,2708.94,3063
2025-01-20T10:45:00.000Z,2708.88,2709.88,2707.64,2708.45,3172
2025-01-20T11:00:00.000Z,2708.41,2712.39,2708.22,2711.26,3291
2025-01-20T11:15:00.000Z,2711.21,2712.04,2707.36,2708.26,4696
2025-01-20T11:30:00.000Z,2708.26,2708.79,2704.73,2707.77,4187
2025-01-20T11:45:00.000Z,2707.82,2708.58,2706.54,2708.47,2966
2025-01-20T12:00:00.000Z,2708.62,2709.98,2707.14,2708.99,3314
2025-01-20T12:15:00.000Z,2708.97,2709.7,2706.45,2707.25,4159
2025-01-20T12:30:00.000Z,2707.3,2709.17,2707.12,2708.44,4077
2025-01-20T12:45:00.000Z,2708.41,2708.97,2705.93,2708.24,3479
2025-01-20T13:00:00.000Z,2708.28,2709.12,2707.8,2709.01,4669
2025-01-20T13:15:00.000Z,2709.01,2710.28,2708.59,2709.15,3519
2025-01-20T13:30:00.000Z,2709.14,2710.54,2701.22,2704.17,11721
2025-01-20T13:45:00.000Z,2704.21,2709.78,2702.88,2705.18,9752
2025-01-20T14:00:00.000Z,2705.06,2710.82,2705.06,2710.63,7678
2025-01-20T14:15:00.000Z,2710.66,2712.29,2708.64,2710.07,6663
2025-01-20T14:30:00.000Z,2710.2,2710.94,2707.49,2709.13,8079
2025-01-20T14:45:00.000Z,2709.16,2711.07,2708.08,2710.45,6718
2025-01-20T15:00:00.000Z,2710.39,2710.66,2705.12,2708.14,6014
2025-01-20T15:15:00.000Z,2708.18,2710.15,2707.08,2707.08,4422
2025-01-20T15:30:00.000Z,2707.07,2709.07,2706.24,2708.7,4229
2025-01-20T15:45:00.000Z,2708.81,2709.04,2705.66,2706.95,3945
2025-01-20T16:00:00.000Z,2706.94,2707.93,2705.22,2706.88,3551
2025-01-20T16:15:00.000Z,2706.89,2708.11,2702.88,2706.72,5246
2025-01-20T16:30:00.000Z,2706.68,2708.94,2704.43,2708.34,4169
2025-01-20T16:45:00.000Z,2708.32,2709.22,2706.64,2707.57,2923
2025-01-20T17:00:00.000Z,2707.55,2709.32,2706.4,2706.85,2404
2025-01-20T17:15:00.000Z,2706.86,2709.54,2703.97,2707.38,3961
2025-01-20T17:30:00.000Z,2707.37,2710.08,2705.28,2708.2,3991
2025-01-20T17:45:00.000Z,2708.19,2708.5,2706.71,2707.37,2087
2025-01-20T18:00:00.000Z,2707.35,2708.02,2704.85,2706.9,972
2025-01-20T18:15:00.000Z,2706.88,2709.35,2705.41,2708.78,1333
2025-01-20T18:30:00.000Z,2708.94,2710.47,2708.2,2709.81,3339
2025-01-20T18:45:00.000Z,2709.88,2710.9,2709.17,2710.57,1360
2025-01-20T19:00:00.000Z,2710.75,2711.05,2707.74,2708.8,1544
2025-01-20T19:15:00.000Z,2708.87,2710.53,2704.76,2706.28,2547
2025-01-20T19:30:00.000Z,2707.12,2707.12,2707.1,2707.1,4
2025-01-20T23:00:00.000Z,2706.02,2708.81,2705.56,2706.84,873
2025-01-20T23:15:00.000Z,2706.77,2709.26,2706.5,2707.47,1735
2025-01-20T23:30:00.000Z,2707.45,2709.25,2707.38,2708.72,1483
2025-01-20T23:45:00.000Z,2708.73,2711.19,2708.73,2710.28,1433
2025-01-21T00:00:00.000Z,2710.18,2711.51,2709.78,2711.09,2223
2025-01-21T00:15:00.000Z,2711.04,2711.08,2709.41,2709.96,2421
2025-01-21T00:30:00.000Z,2709.94,2711.25,2708.63,2709.72,2281
2025-01-21T00:45:00.000Z,2709.74,2710.54,2702.78,2705.5,7743
2025-01-21T01:00:00.000Z,2705.17,2710.96,2703.09,2710.66,8214
2025-01-21T01:15:00.000Z,2710.67,2713.5,2708.51,2712.37,8252
2025-01-21T01:30:00.000Z,2712.43,2716.29,2711.26,2716.11,6080
2025-01-21T01:45:00.000Z,2716.22,2719.18,2714.37,2717.88,5263
2025-01-21T02:00:00.000Z,2717.87,2722.31,2717.73,2720.55,5373
2025-01-21T02:15:00.000Z,2720.5,2722.28,2718.58,2721.52,4992
2025-01-21T02:30:00.000Z,2721.53,2725.63,2720.92,2725.28,6693
2025-01-21T02:45:00.000Z,2725.29,2725.59,2722.84,2724.71,4242
2025-01-21T03:00:00.000Z,2724.72,2726.24,2721.03,2723.07,5405
2025-01-21T03:15:00.000Z,2723.05,2726.95,2722.87,2724.38,5572
2025-01-21T03:30:00.000Z,2724.37,2725.32,2722.85,2722.85,3528
2025-01-21T03:45:00.000Z,2722.82,2724.69,2722.59,2724.11,2944
2025-01-21T04:00:00.000Z,2724.16,2725.5,2722.92,2724.82,2534
2025-01-21T04:15:00.000Z,2724.81,2727.08,2724.13,2726.97,2736
2025-01-21T04:30:00.000Z,2727.02,2727.19,2723.2,2725.27,4318
2025-01-21T04:45:00.000Z,2725.22,2727.87,2725.13,2727.32,2150
2025-01-21T05:00:00.000Z,2727.45,2729.09,2727.32,2727.76,2808
2025-01-21T05:15:00.000Z,2727.75,2727.9,2725.99,2726.61,1993
2025-01-21T05:30:00.000Z,2726.55,2727.14,2725.43,2726.62,4049
2025-01-21T05:45:00.000Z,2726.69,2726.96,2725.27,2726.09,4595
2025-01-21T06:00:00.000Z,2726.04,2727.07,2725.29,2726.2,4050
2025-01-21T06:15:00.000Z,2726.21,2729.26,2725.34,2725.99,3911
2025-01-21T06:30:00.000Z,2725.98,2726.12,2723.74,2725.66,4205
2025-01-21T06:45:00.000Z,2725.88,2727.24,2724.21,2724.21,3427
2025-01-21T07:00:00.000Z,2724.24,2726.13,2722.61,2725.73,4778
2025-01-21T07:15:00.000Z,2725.93,2728.16,2724.1,2728.06,4444
2025-01-21T07:30:00.000Z,2728.02,2732.86,2727.01,2731.41,4463
2025-01-21T07:45:00.000Z,2731.43,2731.61,2729.4,2729.79,3788
2025-01-21T08:00:00.000Z,2729.66,2729.73,2726.05,2726.77,4962
2025-01-21T08:15:00.000Z,2726.76,2726.77,2724.25,2725.13,6215
2025-01-21T08:30:00.000Z,2725.15,2725.74,2721.64,2722.54,5651
2025-01-21T08:45:00.000Z,2722.58,2724.09,2721.55,2723.27,4759
2025-01-21T09:00:00.000Z,2723.09,2723.62,2717.95,2718.97,6692
2025-01-21T09:15:00.000Z,2718.89,2723.03,2718.48,2722.31,6229
2025-01-21T09:30:00.000Z,2722.25,2724.13,2721.22,2722.79,6002
2025-01-21T09:45:00.000Z,2723.04,2724.16,2720.89,2721.18,4314
2025-01-21T10:00:00.000Z,2721.16,2722.25,2720.67,2721.73,4678
2025-01-21T10:15:00.000Z,2721.71,2724,2720.22,2722.98,4932
2025-01-21T10:30:00.000Z,2722.92,2722.92,2718.95,2719.61,5593
2025-01-21T10:45:00.000Z,2719.65,2720.66,2719.19,2719.91,3009
2025-01-21T11:00:00.000Z,2719.91,2719.91,2717.82,2718.73,3181
2025-01-21T11:15:00.000Z,2718.58,2720.61,2716.57,2719.83,3581
2025-01-21T11:30:00.000Z,2719.82,2722.25,2719.66,2721.28,3291
2025-01-21T11:45:00.000Z,2721.23,2724.54,2720.73,2723.96,5099
2025-01-21T12:00:00.000Z,2724.07,2724.28,2721.82,2723.72,4967
2025-01-21T12:15:00.000Z,2723.73,2725.98,2723.03,2725.61,5298
2025-01-21T12:30:00.000Z,2725.58,2727.29,2724.92,2726.89,4919
2025-01-21T12:45:00.000Z,2726.94,2727.05,2724.81,2726.83,5590
2025-01-21T13:00:00.000Z,2726.82,2728.81,2726.6,2727.96,8102
2025-01-21T13:15:00.000Z,2727.93,2729.96,2725.39,2727.61,6471
2025-01-21T13:30:00.000Z,2727.5,2729.47,2726.29,2727.89,6792
2025-01-21T13:45:00.000Z,2727.88,2729.4,2724.52,2726.23,5740
2025-01-21T14:00:00.000Z,2726.28,2728.98,2725.31,2728.92,6200
2025-01-21T14:15:00.000Z,2728.87,2732.32,2728.65,2730.72,5371
2025-01-21T14:30:00.000Z,2730.73,2734.3,2729.28,2734.13,7762
2025-01-21T14:45:00.000Z,2734.15,2738.5,2733.84,2738.05,8356
2025-01-21T15:00:00.000Z,2737.97,2739.53,2735.78,2736.67,7736
2025-01-21T15:15:00.000Z,2736.71,2737.85,2735.3,2735.78,6719
2025-01-21T15:30:00.000Z,2735.79,2737.66,2734.53,2737.11,7217
2025-01-21T15:45:00.000Z,2737.12,2740.44,2734.8,2738.79,6283
2025-01-21T16:00:00.000Z,2738.78,2740.4,2737.68,2740.24,5861
2025-01-21T16:15:00.000Z,2740.21,2744.78,2740.11,2741.02,6496
2025-01-21T16:30:00.000Z,2741.08,2742.82,2739.75,2741.2,5692
2025-01-21T16:45:00.000Z,2741.21,2743.78,2740.77,2743.21,3895
2025-01-21T17:00:00.000Z,2743.2,2745.56,2742.64,2742.83,3969
2025-01-21T17:15:00.000Z,2742.82,2745.51,2741.21,2744.69,3359
2025-01-21T17:30:00.000Z,2744.68,2744.68,2741.66,2741.79,2892
2025-01-21T17:45:00.000Z,2741.78,2742.48,2740.04,2740.25,3374
2025-01-21T18:00:00.000Z,2740.21,2743.92,2739.94,2743.06,3262
2025-01-21T18:15:00.000Z,2742.98,2744.36,2742.37,2743.82,2579
2025-01-21T18:30:00.000Z,2743.9,2745.85,2743.31,2745.19,2518
2025-01-21T18:45:00.000Z,2745.18,2745.62,2744.03,2744.55,2514
2025-01-21T19:00:00.000Z,2744.57,2745.46,2743.39,2743.57,3295
2025-01-21T19:15:00.000Z,2743.58,2743.71,2741.26,2742.47,3438
2025-01-21T19:30:00.000Z,2742.52,2743.21,2742.29,2742.57,2300
2025-01-21T19:45:00.000Z,2742.56,2743.2,2742.12,2742.68,1851
2025-01-21T20:00:00.000Z,2742.63,2742.72,2741.39,2741.52,1812
2025-01-21T20:15:00.000Z,2741.51,2741.56,2739.93,2741.24,2131
2025-01-21T20:30:00.000Z,2741.25,2741.59,2740.52,2741.21,1712
2025-01-21T20:45:00.000Z,2741.24,2743.18,2741.12,2742.46,2728
2025-01-21T21:00:00.000Z,2742.51,2743.24,2742.22,2742.9,942
2025-01-21T21:15:00.000Z,2742.89,2743.03,2742.04,2742.26,512
2025-01-21T21:30:00.000Z,2742.19,2743.86,2742.13,2743.82,750
2025-01-21T21:45:00.000Z,2743.75,2745.53,2743.46,2744.06,1000
2025-01-21T23:00:00.000Z,2745.04,2745.52,2742.96,2743,1789
2025-01-21T23:15:00.000Z,2742.74,2743.83,2741.77,2742.6,2624
2025-01-21T23:30:00.000Z,2742.52,2744.03,2741.89,2743.33,1782
2025-01-21T23:45:00.000Z,2743.28,2744.47,2743.23,2744.2,1562
2025-01-22T00:00:00.000Z,2744.22,2745.26,2743.68,2744.32,1940
2025-01-22T00:15:00.000Z,2744.33,2744.72,2742.49,2743.34,1605
2025-01-22T00:30:00.000Z,2743.28,2746.11,2743.27,2745.9,1345
2025-01-22T00:45:00.000Z,2745.92,2749,2745.68,2748.26,2346
2025-01-22T01:00:00.000Z,2748.24,2749.59,2746.8,2748.58,5013
2025-01-22T01:15:00.000Z,2748.57,2749.86,2746.79,2747.36,4762
2025-01-22T01:30:00.000Z,2747.24,2749.41,2746.95,2748.16,4309
2025-01-22T01:45:00.000Z,2748.12,2749.33,2746.94,2747.91,3727
2025-01-22T02:00:00.000Z,2747.9,2749.61,2746.86,2749.07,4165
2025-01-22T02:15:00.000Z,2749.08,2749.56,2748.1,2748.57,2740
2025-01-22T02:30:00.000Z,2748.48,2748.88,2746.12,2747.06,3852
2025-01-22T02:45:00.000Z,2747.05,2749.33,2746.3,2748.97,4088
2025-01-22T03:00:00.000Z,2748.96,2749.54,2748.2,2749.03,2924
2025-01-22T03:15:00.000Z,2749.02,2749.61,2747.91,2749.59,3525
2025-01-22T03:30:00.000Z,2749.6,2751.06,2748.51,2748.89,2802
2025-01-22T03:45:00.000Z,2748.9,2750.33,2748.51,2750.29,2299
2025-01-22T04:00:00.000Z,2750.28,2750.98,2749.16,2750.7,1964
2025-01-22T04:15:00.000Z,2750.7,2751.73,2750.2,2751.7,2083
2025-01-22T04:30:00.000Z,2751.69,2752.4,2750.78,2752.24,2089
2025-01-22T04:45:00.000Z,2752.23,2752.83,2751.69,2752.02,1523
2025-01-22T05:00:00.000Z,2752.03,2752.15,2750.31,2751.29,3068
2025-01-22T05:15:00.000Z,2751.32,2753.92,2751.15,2753.67,2096
2025-01-22T05:30:00.000Z,2753.62,2755.69,2752.81,2755.22,4614
2025-01-22T05:45:00.000Z,2755.23,2758.54,2755.05,2757.98,4944
2025-01-22T06:00:00.000Z,2758.01,2758.08,2751.98,2752.03,5832
2025-01-22T06:15:00.000Z,2752,2752,2745.42,2746.94,7547
2025-01-22T06:30:00.000Z,2746.88,2749.26,2746.67,2748.07,4967
2025-01-22T06:45:00.000Z,2748,2748.03,2746.03,2746.94,4656
2025-01-22T07:00:00.000Z,2746.95,2750.26,2746.58,2749.94,3610
2025-01-22T07:15:00.000Z,2749.93,2751.32,2748.89,2751.08,2772
2025-01-22T07:30:00.000Z,2751.09,2752.22,2750.67,2751.95,2722
2025-01-22T07:45:00.000Z,2751.79,2754.02,2747.19,2748.64,4936
2025-01-22T08:00:00.000Z,2748.7,2751.64,2746.88,2750.9,4986
2025-01-22T08:15:00.000Z,2750.91,2751.9,2750.02,2751.39,4042
2025-01-22T08:30:00.000Z,2751.35,2753.35,2750.36,2752.14,5479
2025-01-22T08:45:00.000Z,2752.26,2753.78,2751.67,2753.23,4052
2025-01-22T09:00:00.000Z,2753.13,2757.19,2752.88,2755.63,4838
2025-01-22T09:15:00.000Z,2755.72,2762,2755.72,2761.8,5284
2025-01-22T09:30:00.000Z,2761.66,2762.26,2759.2,2760.84,4221
2025-01-22T09:45:00.000Z,2760.87,2760.98,2757.9,2758.32,3197
2025-01-22T10:00:00.000Z,2758.34,2761.63,2758.18,2760.38,2530
2025-01-22T10:15:00.000Z,2760.28,2762.32,2759.08,2761.72,3113
2025-01-22T10:30:00.000Z,2761.61,2763.33,2759.75,2760.53,4032
2025-01-22T10:45:00.000Z,2760.56,2760.62,2758.48,2759.88,3376
2025-01-22T11:00:00.000Z,2759.96,2760.33,2757.58,2758.46,3091
2025-01-22T11:15:00.000Z,2758.45,2758.87,2756.26,2757.88,2461
2025-01-22T11:30:00.000Z,2757.85,2758,2756.45,2756.94,3055
2025-01-22T11:45:00.000Z,2756.89,2757.34,2756.24,2756.37,3255
2025-01-22T12:00:00.000Z,2756.42,2756.46,2753.68,2753.8,3160
2025-01-22T12:15:00.000Z,2753.71,2755.59,2753.53,2754.06,3054
2025-01-22T12:30:00.000Z,2754.01,2758.17,2751.76,2757.09,3798
2025-01-22T12:45:00.000Z,2757.08,2758.65,2755.69,2758.33,3704
2025-01-22T13:00:00.000Z,2758.23,2761.58,2758.14,2759.77,6331
2025-01-22T13:15:00.000Z,2759.72,2760.07,2753.63,2753.63,6525
2025-01-22T13:30:00.000Z,2753.64,2755.17,2751.02,2754.01,7685
2025-01-22T13:45:00.000Z,2754.01,2758.08,2753,2757.75,5876
2025-01-22T14:00:00.000Z,2757.74,2758.31,2753.49,2753.85,6885
2025-01-22T14:15:00.000Z,2753.88,2756.62,2752.44,2755.62,6030
2025-01-22T14:30:00.000Z,2755.53,2756.12,2750.32,2753.56,8625
2025-01-22T14:45:00.000Z,2753.39,2757.67,2753,2753.98,7402
2025-01-22T15:00:00.000Z,2753.8,2754.16,2750.37,2751.82,6512
2025-01-22T15:15:00.000Z,2751.81,2754.98,2750.48,2754.39,5705
2025-01-22T15:30:00.000Z,2754.24,2756.59,2752.86,2756.08,5759
2025-01-22T15:45:00.000Z,2756.1,2760.21,2755.89,2759.25,6089
2025-01-22T16:00:00.000Z,2759.24,2759.46,2756.18,2757.15,5506
2025-01-22T16:15:00.000Z,2757.14,2759.11,2756.72,2757.53,4060
2025-01-22T16:30:00.000Z,2757.51,2760.17,2755.9,2758.51,4582
2025-01-22T16:45:00.000Z,2758.52,2759.36,2757.59,2758.29,2912
2025-01-22T17:00:00.000Z,2758.3,2758.45,2756.31,2757.19,2551
2025-01-22T17:15:00.000Z,2757.23,2758.21,2756.6,2757.5,2853
2025-01-22T17:30:00.000Z,2757.41,2758.34,2755.91,2758.13,3303
2025-01-22T17:45:00.000Z,2758.12,2758.23,2756.19,2756.49,3161
2025-01-22T18:00:00.000Z,2756.5,2756.97,2754.87,2755.92,3976
2025-01-22T18:15:00.000Z,2755.91,2759.34,2755.82,2758.66,3373
2025-01-22T18:30:00.000Z,2758.68,2759.26,2757.99,2758.46,3324
2025-01-22T18:45:00.000Z,2758.47,2758.48,2757.18,2757.82,2534
2025-01-22T19:00:00.000Z,2757.83,2757.83,2756.55,2756.61,1825
2025-01-22T19:15:00.000Z,2756.64,2756.65,2755.31,2755.58,2450
2025-01-22T19:30:00.000Z,2755.6,2756.46,2755.12,2755.57,2532
2025-01-22T19:45:00.000Z,2755.69,2755.88,2754.99,2755.3,2582
2025-01-22T20:00:00.000Z,2755.32,2756.17,2754.98,2756.17,1939
2025-01-22T20:15:00.000Z,2756.15,2756.16,2755.32,2755.77,1871
2025-01-22T20:30:00.000Z,2755.79,2755.96,2754.81,2755.85,2305
2025-01-22T20:45:00.000Z,2755.86,2757.1,2755.43,2756.65,2822
2025-01-22T21:00:00.000Z,2756.52,2757.15,2755.82,2756.32,981
2025-01-22T21:15:00.000Z,2756.36,2756.41,2755.06,2755.45,1065
2025-01-22T21:30:00.000Z,2755.5,2756.06,2755.26,2755.76,753
2025-01-22T21:45:00.000Z,2755.75,2756.2,2754.66,2755.9,893
2025-01-22T23:00:00.000Z,2756.02,2756.17,2754.57,2754.99,847
2025-01-22T23:15:00.000Z,2755.01,2755.63,2754.57,2755,541
2025-01-22T23:30:00.000Z,2755,2755.5,2753.77,2755.49,1016
2025-01-22T23:45:00.000Z,2755.4,2756.38,2754.45,2755.28,1513
2025-01-23T00:00:00.000Z,2755.24,2755.24,2753.06,2753.74,1686
2025-01-23T00:15:00.000Z,2753.76,2755.53,2753.76,2754.23,1409
2025-01-23T00:30:00.000Z,2754.22,2755.89,2754.05,2755.59,1219
2025-01-23T00:45:00.000Z,2755.59,2755.86,2754.94,2755.27,1081
2025-01-23T01:00:00.000Z,2755.28,2756.11,2754.34,2754.52,4646
2025-01-23T01:15:00.000Z,2754.54,2755.06,2752.82,2753.78,3079
2025-01-23T01:30:00.000Z,2753.84,2755.07,2752.88,2753.39,4642
2025-01-23T01:45:00.000Z,2753.4,2753.5,2750.55,2752.57,5675
2025-01-23T02:00:00.000Z,2752.56,2754.06,2752.2,2753.76,4806
2025-01-23T02:15:00.000Z,2753.75,2753.97,2752.88,2753.66,2700
2025-01-23T02:30:00.000Z,2753.73,2754.79,2752.24,2752.78,2803
2025-01-23T02:45:00.000Z,2752.79,2753.48,2752.05,2752.58,2748
2025-01-23T03:00:00.000Z,2752.6,2753.15,2751.52,2752.02,1911
2025-01-23T03:15:00.000Z,2752.01,2752.09,2749.44,2750.66,3545
2025-01-23T03:30:00.000Z,2750.63,2750.63,2749.57,2749.98,3008
2025-01-23T03:45:00.000Z,2749.99,2750.15,2749.56,2750,2336
2025-01-23T04:00:00.000Z,2750.02,2752.38,2749.87,2752.38,1964
2025-01-23T04:15:00.000Z,2752.39,2753.27,2752.21,2753.1,1169
2025-01-23T04:30:00.000Z,2753.02,2753.54,2751.76,2752.17,1209
2025-01-23T04:45:00.000Z,2752.18,2752.45,2751.41,2751.66,1559
2025-01-23T05:00:00.000Z,2751.75,2753.16,2751.44,2753.1,2395
2025-01-23T05:15:00.000Z,2753.11,2753.39,2751.33,2751.75,2230
2025-01-23T05:30:00.000Z,2751.74,2753.18,2751.42,2752.28,2840
2025-01-23T05:45:00.000Z,2752.29,2752.64,2751.6,2751.9,3446
2025-01-23T06:00:00.000Z,2751.89,2754.3,2751.06,2753.78,3329
2025-01-23T06:15:00.000Z,2753.76,2755.45,2753.2,2754.78,3231
2025-01-23T06:30:00.000Z,2754.77,2755.04,2753.66,2754.09,2919
2025-01-23T06:45:00.000Z,2754.11,2754.56,2752.89,2753.09,3051
2025-01-23T07:00:00.000Z,2753.11,2754.66,2752.14,2752.86,3334
2025-01-23T07:15:00.000Z,2752.87,2753.55,2752.35,2753.04,1862
2025-01-23T07:30:00.000Z,2753.06,2753.75,2751.68,2751.97,2333
2025-01-23T07:45:00.000Z,2751.96,2753.55,2751.96,2752.79,2952
2025-01-23T08:00:00.000Z,2752.79,2753.5,2752.03,2753.24,3489
2025-01-23T08:15:00.000Z,2753.25,2754.86,2753.03,2754.07,4221
2025-01-23T08:30:00.000Z,2754.08,2754.36,2752.43,2753.31,3319
2025-01-23T08:45:00.000Z,2753.22,2753.75,2752.43,2752.66,2399
2025-01-23T09:00:00.000Z,2752.67,2753.69,2752.02,2752.21,2337
2025-01-23T09:15:00.000Z,2752.22,2752.61,2742.23,2743.72,6102
2025-01-23T09:30:00.000Z,2743.7,2744.89,2740.89,2743.21,6024
2025-01-23T09:45:00.000Z,2743.24,2747.28,2742.66,2745.91,5270
2025-01-23T10:00:00.000Z,2745.79,2747.27,2745.31,2746.62,4158
2025-01-23T10:15:00.000Z,2746.44,2748.07,2746.24,2747.07,3723
2025-01-23T10:30:00.000Z,2747.28,2749.97,2747.19,2748.94,3421
2025-01-23T10:45:00.000Z,2748.88,2752.44,2748.88,2751.23,4225
2025-01-23T11:00:00.000Z,2751.27,2753.61,2750.95,2751.78,4382
2025-01-23T11:15:00.000Z,2751.68,2754.31,2750.8,2753.94,3576
2025-01-23T11:30:00.000Z,2753.97,2754.24,2752.48,2753.4,3342
2025-01-23T11:45:00.000Z,2753.37,2754.04,2751.78,2751.85,3907
2025-01-23T12:00:00.000Z,2751.87,2753.28,2746.58,2749.42,4929
2025-01-23T12:15:00.000Z,2749.41,2749.97,2744.66,2745.58,5543
2025-01-23T12:30:00.000Z,2745.57,2745.91,2742.05,2743.47,6053
2025-01-23T12:45:00.000Z,2743.45,2746.54,2742.67,2744.74,6462
2025-01-23T13:00:00.000Z,2744.77,2746.04,2740.61,2740.68,8137
2025-01-23T13:15:00.000Z,2740.69,2744.39,2737.19,2741.17,7542
2025-01-23T13:30:00.000Z,2741.19,2742.78,2735.9,2737.79,8308
2025-01-23T13:45:00.000Z,2737.84,2742.04,2737.81,2741.54,7337
2025-01-23T14:00:00.000Z,2741.62,2744.16,2740.33,2741.48,7054
2025-01-23T14:15:00.000Z,2741.53,2746.23,2741.52,2744.87,6704
2025-01-23T14:30:00.000Z,2744.84,2747.33,2741.03,2741.23,8455
2025-01-23T14:45:00.000Z,2741.43,2746.62,2740.5,2746.12,7372
2025-01-23T15:00:00.000Z,2746.11,2746.81,2742.2,2744.27,6646
2025-01-23T15:15:00.000Z,2744.29,2745.44,2742.3,2743.19,5352
2025-01-23T15:30:00.000Z,2743.28,2749.41,2742.88,2749.13,5197
2025-01-23T15:45:00.000Z,2749.08,2749.44,2745.71,2746.45,5055
2025-01-23T16:00:00.000Z,2746.39,2748.36,2744.05,2746.57,6835
2025-01-23T16:15:00.000Z,2746.58,2751.6,2746.35,2750.94,6907
2025-01-23T16:30:00.000Z,2750.92,2754.4,2750.92,2754.22,4847
2025-01-23T16:45:00.000Z,2754.25,2757.45,2753.41,2753.95,5604
2025-01-23T17:00:00.000Z,2753.96,2755.54,2752.35,2755.17,5127
2025-01-23T17:15:00.000Z,2755.19,2755.55,2753.92,2755.04,4116
2025-01-23T17:30:00.000Z,2755.1,2758.65,2755.1,2758.44,5312
2025-01-23T17:45:00.000Z,2758.42,2758.71,2757.31,2757.66,4555
2025-01-23T18:00:00.000Z,2757.67,2757.98,2755.34,2756.4,3788
2025-01-23T18:15:00.000Z,2756.35,2757.27,2755.46,2756.97,4052
2025-01-23T18:30:00.000Z,2756.95,2758.15,2755.28,2755.86,4538
2025-01-23T18:45:00.000Z,2755.85,2756.28,2755.15,2755.76,2905
2025-01-23T19:00:00.000Z,2755.77,2756.61,2755.02,2755.4,3068
2025-01-23T19:15:00.000Z,2755.41,2758.1,2755.34,2756.68,4107
2025-01-23T19:30:00.000Z,2756.69,2757.36,2755.46,2756.3,2863
2025-01-23T19:45:00.000Z,2756.28,2757.19,2753.7,2754.04,3550
2025-01-23T20:00:00.000Z,2753.98,2754.55,2751.36,2753.6,4546
2025-01-23T20:15:00.000Z,2753.61,2754.62,2752.74,2753.73,4065
2025-01-23T20:30:00.000Z,2753.69,2753.78,2751.87,2752.12,5088
2025-01-23T20:45:00.000Z,2752.14,2754.16,2752.05,2753.83,5029
2025-01-23T21:00:00.000Z,2753.82,2753.94,2752.57,2752.63,1480
2025-01-23T21:15:00.000Z,2752.7,2753.76,2752.14,2753.22,1244
2025-01-23T21:30:00.000Z,2753.24,2753.67,2752.54,2753.61,811
2025-01-23T21:45:00.000Z,2753.62,2754.39,2753.27,2754.31,709
2025-01-23T23:00:00.000Z,2753.6,2754.88,2753.39,2753.98,937
2025-01-23T23:15:00.000Z,2754.01,2754.33,2753.62,2754.32,350
2025-01-23T23:30:00.000Z,2754.31,2755.51,2753.72,2755.17,1099
2025-01-23T23:45:00.000Z,2755.11,2755.12,2753.91,2754.47,691
2025-01-24T00:00:00.000Z,2754.4,2756.65,2754.23,2756.58,1582
2025-01-24T00:15:00.000Z,2756.61,2756.66,2755.73,2756.45,1585
2025-01-24T00:30:00.000Z,2756.47,2760.3,2756.46,2760.21,2179
2025-01-24T00:45:00.000Z,2760.25,2760.87,2759.36,2759.52,2440
2025-01-24T01:00:00.000Z,2759.52,2762.03,2758.92,2761.91,5119
2025-01-24T01:15:00.000Z,2761.89,2761.97,2759.36,2759.68,3703
2025-01-24T01:30:00.000Z,2759.69,2760.79,2758.55,2758.75,4359
2025-01-24T01:45:00.000Z,2758.7,2762.44,2758.55,2762.23,4072
2025-01-24T02:00:00.000Z,2762.23,2769.24,2762.23,2768.79,6537
2025-01-24T02:15:00.000Z,2768.68,2771.41,2767.65,2768.45,7380
2025-01-24T02:30:00.000Z,2768.44,2773.24,2767.84,2772.71,5962
2025-01-24T02:45:00.000Z,2772.76,2775.24,2772.1,2774.21,4860
2025-01-24T03:00:00.000Z,2774.16,2777.24,2774.16,2774.91,6048
2025-01-24T03:15:00.000Z,2775.03,2775.03,2771.72,2771.97,6156
2025-01-24T03:30:00.000Z,2771.98,2773.24,2770.92,2772.34,4558
2025-01-24T03:45:00.000Z,2772.36,2774.29,2772.31,2772.4,3198
2025-01-24T04:00:00.000Z,2772.39,2773.3,2771.44,2773.04,3134
2025-01-24T04:15:00.000Z,2773.09,2773.29,2770.47,2772.16,3861
2025-01-24T04:30:00.000Z,2772.34,2774.88,2771.15,2771.97,4074
2025-01-24T04:45:00.000Z,2771.92,2773.33,2771.54,2772.08,2403
2025-01-24T05:00:00.000Z,2772.06,2774.31,2772.06,2773.7,3251
2025-01-24T05:15:00.000Z,2773.7,2774.72,2773.2,2774.61,3015
2025-01-24T05:30:00.000Z,2774.52,2776.53,2773.53,2775.88,5188
2025-01-24T05:45:00.000Z,2775.9,2776.11,2773.26,2775.16,4828
2025-01-24T06:00:00.000Z,2775.16,2778.19,2774.14,2777.84,5392
2025-01-24T06:15:00.000Z,2777.86,2778.2,2775.83,2776.01,4391
2025-01-24T06:30:00.000Z,2776.04,2776.8,2775.44,2775.49,4995
2025-01-24T06:45:00.000Z,2775.48,2775.55,2773.2,2773.79,4891
2025-01-24T07:00:00.000Z,2773.82,2775.35,2772.09,2773.04,4753
2025-01-24T07:15:00.000Z,2773.07,2774.25,2772.65,2773.14,3459
2025-01-24T07:30:00.000Z,2773.13,2774.76,2772.18,2774.5,3001
2025-01-24T07:45:00.000Z,2774.51,2775.43,2771.99,2772.54,4610
2025-01-24T08:00:00.000Z,2772.58,2773.04,2770.71,2771.53,4031
2025-01-24T08:15:00.000Z,2771.86,2772.41,2770.24,2772.15,4166
2025-01-24T08:30:00.000Z,2772.2,2772.85,2770,2772.61,4681
2025-01-24T08:45:00.000Z,2772.59,2775.33,2771.55,2774.05,3845
2025-01-24T09:00:00.000Z,2773.87,2775.62,2772.78,2774.56,2557
2025-01-24T09:15:00.000Z,2774.57,2777.19,2774.54,2776.93,2579
2025-01-24T09:30:00.000Z,2776.92,2777.8,2771.3,2771.43,5520
2025-01-24T09:45:00.000Z,2771.43,2773.5,2770.95,2772.8,4060
2025-01-24T10:00:00.000Z,2772.81,2774.59,2771.96,2773.39,3599
2025-01-24T10:15:00.000Z,2773.31,2774.37,2771.48,2773.68,3514
2025-01-24T10:30:00.000Z,2773.63,2774.4,2771.88,2773.94,3108
2025-01-24T10:45:00.000Z,2773.66,2776.17,2773.15,2775.65,3935
2025-01-24T11:00:00.000Z,2775.66,2776.51,2773.99,2774.56,3158
2025-01-24T11:15:00.000Z,2774.55,2777.59,2774.54,2776.85,4605
2025-01-24T11:30:00.000Z,2776.9,2779.96,2776.39,2776.59,4365
2025-01-24T11:45:00.000Z,2776.56,2778.04,2775.51,2776.75,3160
2025-01-24T12:00:00.000Z,2776.64,2777.53,2776.07,2777.14,2881
2025-01-24T12:15:00.000Z,2777.14,2778.86,2776.82,2778.56,3784
2025-01-24T12:30:00.000Z,2778.56,2779.12,2776.98,2778.56,3398
2025-01-24T12:45:00.000Z,2778.55,2778.94,2777.55,2778.5,3113
2025-01-24T13:00:00.000Z,2778.48,2782.18,2777.8,2781.97,6440
2025-01-24T13:15:00.000Z,2781.96,2783.41,2781.03,2781.9,5991
2025-01-24T13:30:00.000Z,2781.98,2784.34,2780.24,2784.09,7294
2025-01-24T13:45:00.000Z,2784.08,2784.58,2781.29,2782.4,6000
2025-01-24T14:00:00.000Z,2782.36,2784.38,2778.79,2778.89,6474
2025-01-24T14:15:00.000Z,2778.89,2780.62,2774.13,2774.52,9242
2025-01-24T14:30:00.000Z,2774.34,2778.81,2773.81,2777.65,8955
2025-01-24T14:45:00.000Z,2777.96,2782.14,2776.32,2778.5,8012
2025-01-24T15:00:00.000Z,2778.46,2783.49,2776.08,2783.3,7866
2025-01-24T15:15:00.000Z,2783.28,2785.64,2781.62,2784.99,6617
2025-01-24T15:30:00.000Z,2785,2785.93,2781.69,2782.03,6143
2025-01-24T15:45:00.000Z,2782.01,2782.27,2775.33,2775.7,6307
2025-01-24T16:00:00.000Z,2775.67,2777.32,2773.82,2774.18,7551
2025-01-24T16:15:00.000Z,2774.16,2776.1,2773.69,2775.58,6657
2025-01-24T16:30:00.000Z,2775.61,2777.52,2775.2,2775.55,4928
2025-01-24T16:45:00.000Z,2775.55,2775.59,2769.86,2771.89,5797
2025-01-24T17:00:00.000Z,2771.77,2773.97,2770.49,2771.79,4450
2025-01-24T17:15:00.000Z,2771.87,2775.52,2771.43,2775.47,3774
2025-01-24T17:30:00.000Z,2775.43,2776.09,2774.55,2775.35,2710
2025-01-24T17:45:00.000Z,2775.4,2775.4,2772.75,2773.23,3294
2025-01-24T18:00:00.000Z,2773.28,2774.04,2771.41,2773.12,2808
2025-01-24T18:15:00.000Z,2773.17,2773.77,2771.73,2772.61,2898
2025-01-24T18:30:00.000Z,2772.62,2774.04,2771.88,2773.64,3186
2025-01-24T18:45:00.000Z,2773.63,2774.01,2773.01,2773.35,3229
2025-01-24T19:00:00.000Z,2773.39,2773.46,2771.71,2772.74,2959
2025-01-24T19:15:00.000Z,2772.75,2772.84,2771.28,2771.85,2342
2025-01-24T19:30:00.000Z,2771.86,2774.56,2771.83,2774.4,2635
2025-01-24T19:45:00.000Z,2774.39,2775.26,2774.03,2774.6,1981
2025-01-24T20:00:00.000Z,2774.59,2774.8,2773.44,2774.62,2820
2025-01-24T20:15:00.000Z,2774.67,2774.76,2772.91,2773.27,2216
2025-01-24T20:30:00.000Z,2773.28,2773.45,2771.97,2772.84,2031
2025-01-24T20:45:00.000Z,2772.85,2773.2,2770.62,2770.94,3505
2025-01-24T21:00:00.000Z,2770.96,2772.19,2770.95,2771.38,1583
2025-01-24T21:15:00.000Z,2771.37,2771.49,2770.53,2771.32,1002
2025-01-24T21:30:00.000Z,2771.33,2771.7,2770.87,2771.23,1146
2025-01-24T21:45:00.000Z,2771.29,2771.79,2770.82,2771.58,769
2025-01-26T23:00:00.000Z,2770.54,2770.58,2764.34,2766.64,3056
2025-01-26T23:15:00.000Z,2766.62,2768.87,2765.81,2768.72,1471
2025-01-26T23:30:00.000Z,2768.73,2768.9,2766.64,2768.18,1795
2025-01-26T23:45:00.000Z,2768.22,2768.96,2766.96,2767.48,1871
2025-01-27T00:00:00.000Z,2767.63,2768.94,2766.11,2768.43,2252
2025-01-27T00:15:00.000Z,2768.55,2768.58,2766.6,2767.19,2059
2025-01-27T00:30:00.000Z,2767.18,2768.49,2766.95,2767.59,2198
2025-01-27T00:45:00.000Z,2767.57,2770.9,2767.49,2769.58,3172
2025-01-27T01:00:00.000Z,2769.59,2772.53,2769.03,2770.17,6267
2025-01-27T01:15:00.000Z,2770.19,2771.07,2767.75,2768.54,4592
2025-01-27T01:30:00.000Z,2768.5,2768.92,2763.03,2763.24,5566
2025-01-27T01:45:00.000Z,2763.23,2765.07,2762.85,2762.93,3060
2025-01-27T02:00:00.000Z,2762.94,2763.58,2757.66,2758.62,4393
2025-01-27T02:15:00.000Z,2758.62,2759.52,2753.87,2757.79,5118
2025-01-27T02:30:00.000Z,2757.82,2758.56,2754.62,2757.37,5947
2025-01-27T02:45:00.000Z,2757.25,2757.54,2755.6,2756.23,4395
2025-01-27T03:00:00.000Z,2756.31,2758.85,2755.17,2758.72,4750
2025-01-27T03:15:00.000Z,2758.74,2762.65,2758.74,2760.96,4656
2025-01-27T03:30:00.000Z,2760.97,2762.44,2760.04,2761.17,2920
2025-01-27T03:45:00.000Z,2761.3,2761.77,2760.25,2761.08,2587
2025-01-27T04:00:00.000Z,2761.05,2761.07,2759.35,2759.87,2586
2025-01-27T04:15:00.000Z,2759.88,2759.89,2757.39,2758.13,2920
2025-01-27T04:30:00.000Z,2758.18,2758.19,2755.67,2756.05,3936
2025-01-27T04:45:00.000Z,2756.11,2758.81,2756.11,2758.1,2700
2025-01-27T05:00:00.000Z,2758.01,2758.01,2755.31,2755.69,2099
2025-01-27T05:15:00.000Z,2755.73,2757.18,2755.11,2755.33,3708
2025-01-27T05:30:00.000Z,2755.29,2756.32,2753.41,2753.72,4947
2025-01-27T05:45:00.000Z,2753.75,2755.44,2752.78,2753.16,4269
2025-01-27T06:00:00.000Z,2753.14,2753.49,2751.73,2752.2,4363
2025-01-27T06:15:00.000Z,2752.24,2753.03,2750.77,2752.64,4281
2025-01-27T06:30:00.000Z,2752.66,2753.66,2751.97,2752.4,4250
2025-01-27T06:45:00.000Z,2752.37,2755.04,2751.88,2754.56,3727
2025-01-27T07:00:00.000Z,2754.68,2755.08,2752.83,2753.01,4377
2025-01-27T07:15:00.000Z,2753.02,2753.39,2747.99,2748.63,5371
2025-01-27T07:30:00.000Z,2748.62,2752.93,2747.31,2751.42,5270
2025-01-27T07:45:00.000Z,2751.44,2752.21,2749.25,2749.35,5232
2025-01-27T08:00:00.000Z,2749.33,2754.9,2749.24,2754.32,5800
2025-01-27T08:15:00.000Z,2754.24,2758.45,2754.03,2756.19,6738
2025-01-27T08:30:00.000Z,2756.2,2759.71,2755.81,2758.55,6124
2025-01-27T08:45:00.000Z,2758.54,2758.73,2755.47,2756.95,4558
2025-01-27T09:00:00.000Z,2756.87,2764.92,2755.67,2764.59,6968
2025-01-27T09:15:00.000Z,2764.6,2764.84,2760.01,2762.17,4766
2025-01-27T09:30:00.000Z,2762.16,2763.36,2760.57,2762.98,4624
2025-01-27T09:45:00.000Z,2762.96,2764.75,2762.43,2763.38,5429
2025-01-27T10:00:00.000Z,2763.39,2765.58,2763.19,2764.08,5744
2025-01-27T10:15:00.000Z,2764.12,2768.08,2762.81,2767.47,5117
2025-01-27T10:30:00.000Z,2767.42,2768.39,2766.57,2767.67,4947
2025-01-27T10:45:00.000Z,2767.66,2770.89,2766.67,2767.97,5744
2025-01-27T11:00:00.000Z,2767.87,2768.17,2764.98,2766.93,5308
2025-01-27T11:15:00.000Z,2766.98,2770.21,2766.63,2768.5,5725
2025-01-27T11:30:00.000Z,2768.55,2770.9,2768.17,2769.95,4827
2025-01-27T11:45:00.000Z,2769.95,2771.97,2769.18,2771.37,5063
2025-01-27T12:00:00.000Z,2771.56,2771.7,2765.09,2765.39,5268
2025-01-27T12:15:00.000Z,2765.35,2765.88,2760.78,2762.57,5301
2025-01-27T12:30:00.000Z,2762.58,2763.77,2760.55,2762.94,4311
2025-01-27T12:45:00.000Z,2762.95,2763.83,2761.13,2761.32,4395
2025-01-27T13:00:00.000Z,2761.27,2762.41,2757.8,2761.63,5999
2025-01-27T13:15:00.000Z,2761.64,2762.45,2757.02,2757.93,5392
2025-01-27T13:30:00.000Z,2757.86,2759.46,2752.26,2752.89,5631
2025-01-27T13:45:00.000Z,2752.86,2758.04,2752.8,2757.21,5490
2025-01-27T14:00:00.000Z,2757.04,2757.9,2753.24,2754.89,4930
2025-01-27T14:15:00.000Z,2754.88,2754.96,2749.18,2750.64,6113
2025-01-27T14:30:00.000Z,2750.6,2754.77,2745.03,2753.43,8279
2025-01-27T14:45:00.000Z,2753.55,2755.32,2749.56,2751.35,6485
2025-01-27T15:00:00.000Z,2751.37,2751.37,2741.21,2741.64,6546
2025-01-27T15:15:00.000Z,2741.61,2745.87,2741.28,2743,5987
2025-01-27T15:30:00.000Z,2742.8,2742.92,2739.47,2741.43,5944
2025-01-27T15:45:00.000Z,2741.4,2744.28,2740.77,2742.15,5692
2025-01-27T16:00:00.000Z,2742.11,2743.05,2738.65,2740.74,5996
2025-01-27T16:15:00.000Z,2740.73,2741.81,2738.33,2741.11,5131
2025-01-27T16:30:00.000Z,2741.12,2743.1,2739.3,2739.49,5157
2025-01-27T16:45:00.000Z,2739.5,2739.85,2733.29,2734.44,6078
2025-01-27T17:00:00.000Z,2734.45,2735.05,2730.53,2731.11,5912
2025-01-27T17:15:00.000Z,2731.1,2736.02,2731.06,2735.69,4707
2025-01-27T17:30:00.000Z,2735.69,2736.99,2732.46,2733.42,3627
2025-01-27T17:45:00.000Z,2733.43,2735.56,2733.43,2733.73,3185
2025-01-27T18:00:00.000Z,2733.7,2735.85,2733.09,2734.89,3681
2025-01-27T18:15:00.000Z,2734.87,2736.77,2733.45,2736.62,3400
2025-01-27T18:30:00.000Z,2736.52,2737.86,2734.65,2737.05,3619
2025-01-27T18:45:00.000Z,2737.03,2737.78,2736.61,2736.96,3568
2025-01-27T19:00:00.000Z,2736.98,2738.69,2736.88,2738.48,3271
2025-01-27T19:15:00.000Z,2738.49,2740.42,2738.43,2739.02,3537
2025-01-27T19:30:00.000Z,2738.98,2738.98,2736.79,2738.19,2680
2025-01-27T19:45:00.000Z,2738.22,2739.51,2737.78,2739.25,2179
2025-01-27T20:00:00.000Z,2739.24,2740.12,2738.05,2739.19,2444
2025-01-27T20:15:00.000Z,2739.14,2739.96,2738.58,2739.39,2461
2025-01-27T20:30:00.000Z,2739.37,2742.49,2739,2741.49,2496
2025-01-27T20:45:00.000Z,2741.43,2741.87,2740.61,2741.39,2027
2025-01-27T21:00:00.000Z,2741.3,2743.56,2740.86,2743.42,1150
2025-01-27T21:15:00.000Z,2743.41,2743.84,2742.64,2743.14,782
2025-01-27T21:30:00.000Z,2743.13,2743.85,2741.69,2741.72,725
2025-01-27T21:45:00.000Z,2741.68,2741.87,2740.03,2740.24,533
2025-01-27T23:00:00.000Z,2739.75,2742.03,2739.36,2740.58,932
2025-01-27T23:15:00.000Z,2740.56,2745.14,2739.46,2743.71,2369
2025-01-27T23:30:00.000Z,2743.42,2743.45,2739.57,2741.78,3127
2025-01-27T23:45:00.000Z,2741.79,2742.86,2740.64,2741.79,2199
2025-01-28T00:00:00.000Z,2741.79,2743.31,2741.79,2742.67,2041
2025-01-28T00:15:00.000Z,2742.71,2743.01,2739.78,2741.9,1746
2025-01-28T00:30:00.000Z,2742,2744.1,2742,2743.79,1871
2025-01-28T00:45:00.000Z,2743.79,2744.41,2740.56,2740.6,2021
2025-01-28T01:00:00.000Z,2740.74,2745.04,2740.6,2744.63,2458
2025-01-28T01:15:00.000Z,2744.65,2745.05,2743.6,2744.54,2486
2025-01-28T01:30:00.000Z,2744.53,2744.54,2741.95,2743.2,2487
2025-01-28T01:45:00.000Z,2743.2,2743.37,2739.4,2741.41,1994
2025-01-28T02:00:00.000Z,2741.4,2741.53,2738.51,2739.48,5640
2025-01-28T02:15:00.000Z,2739.47,2740.72,2738.75,2739.17,2796
2025-01-28T02:30:00.000Z,2739.18,2740.4,2738.3,2739.79,2776
2025-01-28T02:45:00.000Z,2739.8,2740.69,2738.41,2739.35,2306
2025-01-28T03:00:00.000Z,2739.37,2741.45,2739.07,2740.93,2980
2025-01-28T03:15:00.000Z,2740.91,2741.76,2738.77,2739.18,2639
2025-01-28T03:30:00.000Z,2739.16,2739.43,2738,2738.67,2590
2025-01-28T03:45:00.000Z,2738.66,2739.85,2737.8,2738.71,2259
2025-01-28T04:00:00.000Z,2738.72,2740.77,2738.45,2740.73,2009
2025-01-28T04:15:00.000Z,2740.72,2741.15,2740.12,2741,2489
2025-01-28T04:30:00.000Z,2741.03,2741.18,2739.66,2739.82,1649
2025-01-28T04:45:00.000Z,2739.82,2742.55,2739.54,2742.25,1969
2025-01-28T05:00:00.000Z,2742.5,2744.85,2742.25,2743.55,2986
2025-01-28T05:15:00.000Z,2743.55,2743.72,2742.18,2742.69,2339
2025-01-28T05:30:00.000Z,2742.62,2743.04,2741.45,2741.88,2207
2025-01-28T05:45:00.000Z,2741.88,2742.08,2741.24,2741.65,1603
2025-01-28T06:00:00.000Z,2741.54,2742.39,2740.74,2742.07,2133
2025-01-28T06:15:00.000Z,2742.07,2742.83,2740.54,2740.82,2094
2025-01-28T06:30:00.000Z,2740.8,2740.8,2739.21,2739.52,2087
2025-01-28T06:45:00.000Z,2739.52,2739.67,2739.07,2739.43,1565
2025-01-28T07:00:00.000Z,2739.38,2741.36,2739.18,2741.09,3319
2025-01-28T07:15:00.000Z,2741.08,2742.98,2740.87,2742.21,2815
2025-01-28T07:30:00.000Z,2742.23,2743.06,2739.68,2740.9,2849
2025-01-28T07:45:00.000Z,2740.91,2741.03,2738.34,2738.92,3142
2025-01-28T08:00:00.000Z,2739.04,2740.15,2737.85,2738,4510
2025-01-28T08:15:00.000Z,2738.01,2739.11,2736.14,2736.67,3635
2025-01-28T08:30:00.000Z,2736.68,2738.48,2734.71,2738.46,3419
2025-01-28T08:45:00.000Z,2738.48,2741.9,2737.38,2741.16,4475
2025-01-28T09:00:00.000Z,2741.1,2744.4,2740.39,2742.72,5208
2025-01-28T09:15:00.000Z,2742.73,2744.46,2741.29,2743.89,3752
2025-01-28T09:30:00.000Z,2743.92,2745.01,2742.03,2743.1,4080
2025-01-28T09:45:00.000Z,2743.09,2744.4,2742.71,2743.43,3759
2025-01-28T10:00:00.000Z,2743.4,2745.25,2742.93,2744.43,2828
2025-01-28T10:15:00.000Z,2744.47,2745.1,2743.1,2744.82,3504
2025-01-28T10:30:00.000Z,2744.8,2745.03,2742.91,2743.16,2802
2025-01-28T10:45:00.000Z,2743.22,2743.58,2741.04,2743.24,3385
2025-01-28T11:00:00.000Z,2743.24,2744.1,2742.39,2743.55,3086
2025-01-28T11:15:00.000Z,2743.54,2744.53,2743.11,2744.51,2657
2025-01-28T11:30:00.000Z,2744.55,2744.66,2741.55,2743.51,1896
2025-01-28T11:45:00.000Z,2743.51,2744.03,2741.9,2742.71,2809
2025-01-28T12:00:00.000Z,2742.7,2743.53,2741.12,2742.21,3700
2025-01-28T12:15:00.000Z,2742.2,2743.43,2741.75,2742.82,2872
2025-01-28T12:30:00.000Z,2742.83,2744.25,2742.51,2743.66,3045
2025-01-28T12:45:00.000Z,2743.67,2745.51,2743.48,2745.49,2651
2025-01-28T13:00:00.000Z,2745.51,2747.15,2745.1,2746.79,5140
2025-01-28T13:15:00.000Z,2746.81,2747.15,2745.41,2746.34,3530
2025-01-28T13:30:00.000Z,2746.37,2749.48,2746.34,2747.32,5032
2025-01-28T13:45:00.000Z,2747.23,2749.23,2746.14,2748.86,3962
2025-01-28T14:00:00.000Z,2748.87,2751.04,2748.87,2751.02,4332
2025-01-28T14:15:00.000Z,2750.96,2754.55,2750.02,2753.86,4742
2025-01-28T14:30:00.000Z,2753.88,2756.25,2752.91,2753.55,7280
2025-01-28T14:45:00.000Z,2753.76,2755.66,2753.18,2753.56,6179
2025-01-28T15:00:00.000Z,2753.49,2755.31,2751.09,2755.09,6384
2025-01-28T15:15:00.000Z,2754.96,2756.7,2754.43,2756.1,6238
2025-01-28T15:30:00.000Z,2756.04,2756.95,2754.53,2756.63,5684
2025-01-28T15:45:00.000Z,2756.62,2757.27,2754.81,2755.22,4006
2025-01-28T16:00:00.000Z,2755.22,2758.25,2755.2,2757.22,4558
2025-01-28T16:15:00.000Z,2757.3,2758.13,2756.5,2757.4,5279
2025-01-28T16:30:00.000Z,2757.41,2758.32,2755.22,2757.21,4968
2025-01-28T16:45:00.000Z,2757.22,2759.54,2757.22,2758.67,3691
2025-01-28T17:00:00.000Z,2758.63,2759.3,2757.64,2758.65,3522
2025-01-28T17:15:00.000Z,2758.66,2759.04,2757.83,2758.19,3877
2025-01-28T17:30:00.000Z,2758.29,2759.23,2757.64,2758.56,4153
2025-01-28T17:45:00.000Z,2758.5,2760.12,2757.74,2759.74,4538
2025-01-28T18:00:00.000Z,2759.82,2761.14,2759.32,2760.47,4114
2025-01-28T18:15:00.000Z,2760.61,2760.76,2759.46,2759.76,3174
2025-01-28T18:30:00.000Z,2759.75,2762.95,2759.69,2762.67,3368
2025-01-28T18:45:00.000Z,2762.68,2763.44,2761.99,2762.09,3660
2025-01-28T19:00:00.000Z,2762.11,2763.88,2761.28,2762.62,2810
2025-01-28T19:15:00.000Z,2762.58,2764.07,2762.09,2764.03,2132
2025-01-28T19:30:00.000Z,2764.04,2764.73,2763.46,2764.02,1895
2025-01-28T19:45:00.000Z,2764.02,2764.93,2763.82,2764.83,1930
2025-01-28T20:00:00.000Z,2764.84,2764.9,2763.43,2764.65,1946
2025-01-28T20:15:00.000Z,2764.59,2764.7,2762.28,2762.79,2169
2025-01-28T20:30:00.000Z,2762.8,2764.85,2762.75,2764.66,3405
2025-01-28T20:45:00.000Z,2764.67,2764.87,2763.61,2763.99,3499
2025-01-28T21:00:00.000Z,2764.07,2764.2,2762.74,2763.07,1503
2025-01-28T21:15:00.000Z,2763.06,2763.64,2762.79,2763.02,1079
2025-01-28T21:30:00.000Z,2763.02,2763.58,2762.82,2763.58,642
2025-01-28T21:45:00.000Z,2763.61,2763.74,2762.85,2763.06,680
2025-01-28T23:00:00.000Z,2762.54,2764.31,2762.29,2763.87,1220
2025-01-28T23:15:00.000Z,2763.8,2764.05,2763.01,2763.24,940
2025-01-28T23:30:00.000Z,2763.24,2763.66,2762.76,2763.57,754
2025-01-28T23:45:00.000Z,2763.54,2763.62,2762.58,2762.59,680
2025-01-29T00:00:00.000Z,2762.6,2762.94,2762.09,2762.57,1247
2025-01-29T00:15:00.000Z,2762.55,2763.71,2762.51,2763.55,920
2025-01-29T00:30:00.000Z,2763.54,2764.38,2763.23,2764.35,1534
2025-01-29T00:45:00.000Z,2764.35,2764.7,2763.59,2763.8,1946
2025-01-29T01:00:00.000Z,2763.82,2765.91,2763.73,2765.13,3395
2025-01-29T01:15:00.000Z,2765.14,2765.69,2764.51,2765.48,2710
2025-01-29T01:30:00.000Z,2765.48,2766.1,2764.51,2764.51,2271
2025-01-29T01:45:00.000Z,2764.51,2765,2763.54,2763.67,2425
2025-01-29T02:00:00.000Z,2763.65,2765.54,2763.26,2764.91,2586
2025-01-29T02:15:00.000Z,2764.97,2765.24,2764.2,2764.56,1963
2025-01-29T02:30:00.000Z,2764.57,2765.5,2764.39,2764.6,2367
2025-01-29T02:45:00.000Z,2764.48,2765.38,2763.92,2764.24,2766
2025-01-29T03:00:00.000Z,2764.24,2764.5,2763.16,2763.33,3317
2025-01-29T03:15:00.000Z,2763.29,2763.78,2762.27,2763.38,2887
2025-01-29T03:30:00.000Z,2763.38,2763.6,2762.51,2763.02,2244
2025-01-29T03:45:00.000Z,2763.01,2763.35,2762.49,2762.66,2112
2025-01-29T04:00:00.000Z,2762.55,2762.82,2761.52,2761.6,3062
2025-01-29T04:15:00.000Z,2761.47,2763.53,2761.39,2763.52,3053
2025-01-29T04:30:00.000Z,2763.53,2764,2763.31,2763.62,2100
2025-01-29T04:45:00.000Z,2763.61,2763.64,2762.1,2762.39,1663
2025-01-29T05:00:00.000Z,2762.41,2762.76,2761.41,2762.54,1922
2025-01-29T05:15:00.000Z,2762.53,2762.93,2761.79,2762.05,1321
2025-01-29T05:30:00.000Z,2762.13,2762.29,2760.1,2760.23,2571
2025-01-29T05:45:00.000Z,2760.23,2761.34,2760.17,2760.58,2305
2025-01-29T06:00:00.000Z,2760.76,2761.07,2759.66,2760.7,3140
2025-01-29T06:15:00.000Z,2760.62,2762.27,2760.26,2760.76,2668
2025-01-29T06:30:00.000Z,2760.78,2761.73,2759.86,2760.8,2121
2025-01-29T06:45:00.000Z,2760.78,2760.78,2759.13,2759.13,3313
2025-01-29T07:00:00.000Z,2759.12,2760.7,2758.25,2759.8,3415
2025-01-29T07:15:00.000Z,2759.78,2759.91,2757.4,2758.24,3410
2025-01-29T07:30:00.000Z,2758.14,2758.48,2757.36,2757.79,2766
2025-01-29T07:45:00.000Z,2757.8,2759.57,2757.52,2758.98,3255
2025-01-29T08:00:00.000Z,2758.99,2762.68,2758.99,2761.34,3839
2025-01-29T08:15:00.000Z,2761.39,2764.48,2761.33,2764.47,4178
2025-01-29T08:30:00.000Z,2764.49,2766,2762.91,2762.94,5230
2025-01-29T08:45:00.000Z,2762.92,2764.55,2762.55,2764.04,3978
2025-01-29T09:00:00.000Z,2764.08,2764.22,2760.4,2762,4849
2025-01-29T09:15:00.000Z,2762.01,2763.96,2761.96,2762.97,3407
2025-01-29T09:30:00.000Z,2762.96,2764.16,2761.9,2763.87,3539
2025-01-29T09:45:00.000Z,2763.86,2764.38,2762.09,2762.71,3678
2025-01-29T10:00:00.000Z,2762.63,2763.32,2761.54,2761.9,4122
2025-01-29T10:15:00.000Z,2761.89,2761.94,2759.18,2759.23,4891
2025-01-29T10:30:00.000Z,2759.51,2760.04,2757.51,2758.58,5298
2025-01-29T10:45:00.000Z,2758.6,2758.6,2757.03,2758.16,5005
2025-01-29T11:00:00.000Z,2758.15,2758.84,2757.45,2758.38,4367
2025-01-29T11:15:00.000Z,2758.39,2759.78,2758.01,2758.93,2846
2025-01-29T11:30:00.000Z,2758.94,2759.58,2758.21,2758.98,3541
2025-01-29T11:45:00.000Z,2759.03,2759.49,2758.31,2759.06,2423
2025-01-29T12:00:00.000Z,2759.04,2759.09,2756.21,2757.39,4902
2025-01-29T12:15:00.000Z,2757.34,2757.65,2755.65,2756.7,4272
2025-01-29T12:30:00.000Z,2756.69,2758.2,2755.91,2756.85,4982
2025-01-29T12:45:00.000Z,2756.83,2757.42,2755.47,2756.46,5008
2025-01-29T13:00:00.000Z,2756.53,2759,2755.46,2756.7,7483
2025-01-29T13:15:00.000Z,2756.67,2756.9,2752.14,2755.1,8253
2025-01-29T13:30:00.000Z,2755.11,2758.16,2754.41,2757.57,5350
2025-01-29T13:45:00.000Z,2757.62,2759.46,2756.45,2758.65,5708
2025-01-29T14:00:00.000Z,2758.6,2760.5,2758.41,2758.96,4867
2025-01-29T14:15:00.000Z,2758.98,2761.07,2756.36,2757.65,6737
2025-01-29T14:30:00.000Z,2757.66,2760.98,2757.33,2757.91,8427
2025-01-29T14:45:00.000Z,2757.9,2760.99,2757.03,2759.25,6396
2025-01-29T15:00:00.000Z,2759.32,2759.6,2756.2,2759.12,6667
2025-01-29T15:15:00.000Z,2759.06,2759.26,2749.89,2750.2,6583
2025-01-29T15:30:00.000Z,2750.19,2753.32,2748.51,2753.32,7643
2025-01-29T15:45:00.000Z,2753.33,2754.64,2752.77,2754.14,4479
2025-01-29T16:00:00.000Z,2754.24,2756.13,2751.55,2753.83,5572
2025-01-29T16:15:00.000Z,2753.81,2753.88,2751.66,2752.56,5908
2025-01-29T16:30:00.000Z,2752.47,2753.54,2751.44,2752.68,4952
2025-01-29T16:45:00.000Z,2752.69,2753.5,2748.21,2751.57,5364
2025-01-29T17:00:00.000Z,2751.58,2754.45,2751.48,2752.62,3621
2025-01-29T17:15:00.000Z,2752.62,2753.34,2751.06,2752.12,3544
2025-01-29T17:30:00.000Z,2752.09,2753.37,2751.31,2753.27,2348
2025-01-29T17:45:00.000Z,2753.25,2754.34,2752.69,2752.82,2389
2025-01-29T18:00:00.000Z,2752.83,2752.95,2748.65,2751.78,4038
2025-01-29T18:15:00.000Z,2751.79,2753.79,2750.7,2753.64,3727
2025-01-29T18:30:00.000Z,2753.63,2753.77,2751.86,2752.66,3439
2025-01-29T18:45:00.000Z,2752.69,2753.44,2750.04,2750.04,2664
2025-01-29T19:00:00.000Z,2750.08,2750.48,2745.38,2747.88,7741
2025-01-29T19:15:00.000Z,2747.91,2748.3,2744.89,2745.72,5398
2025-01-29T19:30:00.000Z,2745.7,2757.69,2744.69,2754.43,8360
2025-01-29T19:45:00.000Z,2754.43,2757.54,2751.1,2755.18,6576
2025-01-29T20:00:00.000Z,2755.16,2758.13,2752.64,2755.49,5290
2025-01-29T20:15:00.000Z,2755.38,2758.91,2753.17,2756.93,4232
2025-01-29T20:30:00.000Z,2756.98,2757.62,2755.14,2755.33,4267
2025-01-29T20:45:00.000Z,2755.32,2755.74,2754.28,2754.97,3648
2025-01-29T21:00:00.000Z,2754.93,2755.59,2754.07,2755.38,2379
2025-01-29T21:15:00.000Z,2755.36,2756.81,2754.99,2756.57,2037
2025-01-29T21:30:00.000Z,2756.54,2757.31,2756.21,2756.93,1637
2025-01-29T21:45:00.000Z,2756.92,2759.62,2756.37,2758.8,1681
2025-01-29T23:00:00.000Z,2758.72,2760.01,2757.87,2759.94,1049
2025-01-29T23:15:00.000Z,2759.91,2760.64,2759.53,2760.06,1178
2025-01-29T23:30:00.000Z,2760.12,2760.27,2759.28,2759.79,1514
2025-01-29T23:45:00.000Z,2759.74,2760.38,2759.6,2760.16,1036
2025-01-30T00:00:00.000Z,2760.14,2760.41,2758.95,2759.43,1363
2025-01-30T00:15:00.000Z,2759.42,2761.06,2759.22,2761.01,1121
2025-01-30T00:30:00.000Z,2760.99,2762.58,2760.95,2762.13,876
2025-01-30T00:45:00.000Z,2762.14,2762.58,2761.49,2762,1827
2025-01-30T01:00:00.000Z,2761.96,2761.96,2758.87,2760.44,3083
2025-01-30T01:15:00.000Z,2760.4,2761.11,2759.29,2760.68,2600
2025-01-30T01:30:00.000Z,2760.77,2761.33,2759.44,2759.87,2114
2025-01-30T01:45:00.000Z,2759.88,2760.68,2759.53,2760.05,1713
2025-01-30T02:00:00.000Z,2760.03,2761.08,2759.45,2760.82,1813
2025-01-30T02:15:00.000Z,2760.88,2761.5,2759.88,2760.34,2624
2025-01-30T02:30:00.000Z,2760.19,2760.36,2759.2,2759.89,2684
2025-01-30T02:45:00.000Z,2759.89,2760.57,2759.61,2760.38,2055
2025-01-30T03:00:00.000Z,2760.39,2760.67,2759.26,2759.7,1852
2025-01-30T03:15:00.000Z,2759.69,2761.31,2759.68,2760.38,1644
2025-01-30T03:30:00.000Z,2760.44,2761.99,2760.44,2761.55,2518
2025-01-30T03:45:00.000Z,2761.55,2762.47,2761.18,2761.76,1552
2025-01-30T04:00:00.000Z,2761.73,2763.29,2761.48,2762.77,1846
2025-01-30T04:15:00.000Z,2762.72,2763.24,2761.88,2762.08,1951
2025-01-30T04:30:00.000Z,2762.07,2762.08,2760.36,2760.82,2026
2025-01-30T04:45:00.000Z,2760.83,2761.1,2759.76,2760.34,1609
2025-01-30T05:00:00.000Z,2760.38,2760.92,2759.9,2760.37,2319
2025-01-30T05:15:00.000Z,2760.37,2760.62,2759.55,2760.31,1297
2025-01-30T05:30:00.000Z,2760.3,2760.3,2758.65,2759.29,1838
2025-01-30T05:45:00.000Z,2759.32,2761.15,2759.1,2760.56,1523
2025-01-30T06:00:00.000Z,2760.52,2761.88,2760.2,2761.29,2193
2025-01-30T06:15:00.000Z,2761.3,2762.38,2760.45,2761.12,2100
2025-01-30T06:30:00.000Z,2761.15,2762.42,2760.66,2761.57,2623
2025-01-30T06:45:00.000Z,2761.57,2766.35,2761.29,2765.48,2935
2025-01-30T07:00:00.000Z,2765.53,2766.85,2764.9,2766.42,3927
2025-01-30T07:15:00.000Z,2766.55,2768.29,2765.95,2766.55,3543
2025-01-30T07:30:00.000Z,2766.54,2767.57,2765.25,2767.15,3087
2025-01-30T07:45:00.000Z,2767.11,2769.41,2767.09,2769.09,3452
2025-01-30T08:00:00.000Z,2769.17,2772.04,2768.58,2770.93,4129
2025-01-30T08:15:00.000Z,2770.92,2772.95,2770.11,2772.56,4003
2025-01-30T08:30:00.000Z,2772.49,2773.69,2771.58,2771.94,3528
2025-01-30T08:45:00.000Z,2771.93,2776.45,2770.86,2776.08,4169
2025-01-30T09:00:00.000Z,2776.09,2776.26,2773.34,2774.94,4788
2025-01-30T09:15:00.000Z,2774.92,2775.95,2771.55,2775.33,3773
2025-01-30T09:30:00.000Z,2775.31,2775.89,2773.38,2774.98,4320
2025-01-30T09:45:00.000Z,2775,2775.65,2773.31,2774.24,3480
2025-01-30T10:00:00.000Z,2774.17,2776.7,2773.82,2776.63,3704
2025-01-30T10:15:00.000Z,2776.6,2779.09,2776.45,2777.93,3639
2025-01-30T10:30:00.000Z,2777.97,2779.25,2777.52,2778.15,3271
2025-01-30T10:45:00.000Z,2778.08,2778.38,2777.21,2778.29,2823
2025-01-30T11:00:00.000Z,2778.29,2778.35,2776.95,2777.81,2416
2025-01-30T11:15:00.000Z,2777.83,2779.32,2777.5,2778.19,2457
2025-01-30T11:30:00.000Z,2778.26,2779.42,2777.75,2778.04,2687
2025-01-30T11:45:00.000Z,2778.01,2778.48,2777.16,2777.56,2601
2025-01-30T12:00:00.000Z,2777.58,2778.65,2776.16,2778.61,3202
2025-01-30T12:15:00.000Z,2778.63,2779.22,2777.67,2778.58,2955
2025-01-30T12:30:00.000Z,2778.63,2780.87,2778.05,2780.41,3871
2025-01-30T12:45:00.000Z,2780.47,2781.18,2779.58,2780.25,3160
2025-01-30T13:00:00.000Z,2780.2,2783.01,2780.2,2781.88,4861
2025-01-30T13:15:00.000Z,2781.83,2782.22,2779.84,2781,5072
2025-01-30T13:30:00.000Z,2778.54,2784.43,2777.86,2783.68,7233
2025-01-30T13:45:00.000Z,2783.67,2785.92,2782.96,2785.72,6918
2025-01-30T14:00:00.000Z,2785.7,2785.96,2782.79,2783.86,7889
2025-01-30T14:15:00.000Z,2783.94,2788.13,2782.38,2786.9,7358
2025-01-30T14:30:00.000Z,2787.09,2787.09,2780.14,2784.02,8748
2025-01-30T14:45:00.000Z,2784.05,2789.08,2783.34,2787.66,8100
2025-01-30T15:00:00.000Z,2787.7,2790.08,2786.69,2790.03,8117
2025-01-30T15:15:00.000Z,2789.94,2791,2788.65,2789.73,8015
2025-01-30T15:30:00.000Z,2789.77,2792.45,2787.26,2791.75,7825
2025-01-30T15:45:00.000Z,2791.75,2796.66,2791.05,2795.31,7401
2025-01-30T16:00:00.000Z,2795.3,2798.36,2793.58,2793.78,8020
2025-01-30T16:15:00.000Z,2793.76,2794.4,2790.53,2791.37,8251
2025-01-30T16:30:00.000Z,2791.38,2794.62,2790.07,2792.57,7391
2025-01-30T16:45:00.000Z,2792.58,2794.13,2790.36,2790.48,6998
2025-01-30T17:00:00.000Z,2790.78,2792.12,2788.82,2790.24,6305
2025-01-30T17:15:00.000Z,2790.17,2791.83,2789.19,2791.13,5586
2025-01-30T17:30:00.000Z,2791.17,2794.98,2791.17,2794.42,5340
2025-01-30T17:45:00.000Z,2794.46,2795.78,2793.78,2795.57,4557
2025-01-30T18:00:00.000Z,2795.58,2796.54,2792.99,2793.89,4485
2025-01-30T18:15:00.000Z,2793.82,2796.99,2793.17,2794.73,5175
2025-01-30T18:30:00.000Z,2794.68,2795.38,2792.2,2794.69,4213
2025-01-30T18:45:00.000Z,2794.71,2795.77,2794.33,2795.05,3424
2025-01-30T19:00:00.000Z,2795.01,2795.22,2792.54,2794.09,3164
2025-01-30T19:15:00.000Z,2794.08,2794.34,2791,2791.41,3541
2025-01-30T19:30:00.000Z,2791.38,2793.14,2790.61,2792.9,2982
2025-01-30T19:45:00.000Z,2792.91,2793.72,2792.44,2793.39,2395
2025-01-30T20:00:00.000Z,2793.41,2794.88,2792.28,2794.09,3162
2025-01-30T20:15:00.000Z,2794.1,2795.42,2793.55,2794.68,2861
2025-01-30T20:30:00.000Z,2794.7,2796.53,2792.72,2794.85,5614
2025-01-30T20:45:00.000Z,2794.83,2797.97,2793.27,2795.38,7409
2025-01-30T21:00:00.000Z,2795.45,2798.29,2794.85,2795.52,3333
2025-01-30T21:15:00.000Z,2795.64,2795.84,2789.93,2790.82,1945
2025-01-30T21:30:00.000Z,2790.7,2794.81,2790.26,2792.47,2393
2025-01-30T21:45:00.000Z,2792.47,2794.42,2792.03,2793.9,1831
2025-01-30T23:00:00.000Z,2795.58,2796.7,2791.56,2795.31,1203
2025-01-30T23:15:00.000Z,2795.27,2795.74,2793.62,2794.75,1804
2025-01-30T23:30:00.000Z,2794.73,2794.87,2793.02,2793.64,2044
2025-01-30T23:45:00.000Z,2793.59,2796.75,2793.53,2796.1,2398
2025-01-31T00:00:00.000Z,2796.22,2799.35,2795.19,2797.62,2923
2025-01-31T00:15:00.000Z,2797.61,2798.59,2796.69,2797.76,1534
2025-01-31T00:30:00.000Z,2797.79,2798.48,2795.66,2796.23,1943
2025-01-31T00:45:00.000Z,2796.17,2797.02,2794.49,2795.76,2361
2025-01-31T01:00:00.000Z,2795.74,2796.4,2794.62,2796.11,2526
2025-01-31T01:15:00.000Z,2796.12,2796.59,2794.82,2794.88,2921
2025-01-31T01:30:00.000Z,2794.89,2796.03,2794.55,2795.39,2528
2025-01-31T01:45:00.000Z,2795.41,2796.47,2794.92,2796.26,3288
2025-01-31T02:00:00.000Z,2796.19,2797.29,2794.77,2796.87,2985
2025-01-31T02:15:00.000Z,2796.88,2797.97,2796.1,2796.32,2022
2025-01-31T02:30:00.000Z,2796.28,2797.38,2794.68,2796.28,2983
2025-01-31T02:45:00.000Z,2796.39,2797.58,2795.87,2796.02,2433
2025-01-31T03:00:00.000Z,2795.97,2798.14,2795.54,2797.16,2767
2025-01-31T03:15:00.000Z,2797.17,2797.65,2796.57,2796.67,2495
2025-01-31T03:30:00.000Z,2796.62,2797.46,2796.52,2797.05,2807
2025-01-31T03:45:00.000Z,2797.02,2797.36,2796.2,2796.24,2524
2025-01-31T04:00:00.000Z,2796.22,2796.22,2794.64,2794.97,2295
2025-01-31T04:15:00.000Z,2794.98,2795.47,2794.55,2794.83,1480
2025-01-31T04:30:00.000Z,2794.82,2795.83,2794.72,2795.79,2133
2025-01-31T04:45:00.000Z,2795.81,2796.38,2794.4,2795.72,2954
2025-01-31T05:00:00.000Z,2795.73,2796.44,2795.11,2796.13,2719
2025-01-31T05:15:00.000Z,2796.08,2796.14,2794.86,2795.33,2350
2025-01-31T05:30:00.000Z,2795.29,2796.13,2794,2794.58,2909
2025-01-31T05:45:00.000Z,2794.56,2795.88,2793.92,2795.52,2254
2025-01-31T06:00:00.000Z,2795.5,2795.64,2794.41,2794.78,2199
2025-01-31T06:15:00.000Z,2794.74,2794.89,2793.29,2794.46,1771
2025-01-31T06:30:00.000Z,2794.48,2795.46,2793.61,2794.5,2349
2025-01-31T06:45:00.000Z,2794.49,2795.52,2792,2792.65,2707
2025-01-31T07:00:00.000Z,2792.65,2796.12,2792.27,2796.01,3554
2025-01-31T07:15:00.000Z,2796.02,2799.96,2795.93,2799.96,3531
2025-01-31T07:30:00.000Z,2799.9,2800.91,2797.34,2797.7,3844
2025-01-31T07:45:00.000Z,2797.79,2799.48,2797.37,2798.32,3427
2025-01-31T08:00:00.000Z,2798.28,2799.36,2795.83,2797.89,4881
2025-01-31T08:15:00.000Z,2797.88,2798.11,2793.39,2793.68,4093
2025-01-31T08:30:00.000Z,2793.67,2794.63,2792.32,2794.07,4440
2025-01-31T08:45:00.000Z,2794.06,2794.28,2791.67,2793.17,2904
2025-01-31T09:00:00.000Z,2793.2,2795.41,2792.63,2794.77,5418
2025-01-31T09:15:00.000Z,2794.8,2795.21,2793.81,2794.63,3486
2025-01-31T09:30:00.000Z,2794.64,2796.41,2794.24,2794.48,3154
2025-01-31T09:45:00.000Z,2794.46,2795.18,2793.61,2793.69,3207
2025-01-31T10:00:00.000Z,2793.7,2795.17,2792.16,2792.76,4418
2025-01-31T10:15:00.000Z,2792.77,2794.64,2791.78,2794.02,3803
2025-01-31T10:30:00.000Z,2794.14,2794.37,2791.02,2791.93,3316
2025-01-31T10:45:00.000Z,2791.92,2794.85,2791.68,2794.22,3784
2025-01-31T11:00:00.000Z,2794.05,2795.36,2792.36,2795.24,3616
2025-01-31T11:15:00.000Z,2795.24,2797.29,2794.8,2796.6,4347
2025-01-31T11:30:00.000Z,2796.62,2797.91,2795.88,2797.26,4755
2025-01-31T11:45:00.000Z,2797.26,2800.8,2796.7,2800.25,4753
2025-01-31T12:00:00.000Z,2800.27,2802.65,2800.05,2801.98,4848
2025-01-31T12:15:00.000Z,2801.94,2805.65,2801.41,2805.24,4377
2025-01-31T12:30:00.000Z,2805.26,2807.65,2804.64,2807.2,4283
2025-01-31T12:45:00.000Z,2807.18,2807.81,2804.58,2805.35,3847
2025-01-31T13:00:00.000Z,2805.38,2805.59,2803.82,2804.77,5330
2025-01-31T13:15:00.000Z,2804.79,2806.53,2804.22,2805.1,5108
2025-01-31T13:30:00.000Z,2805.09,2808.25,2803.26,2807.16,7126
2025-01-31T13:45:00.000Z,2807.24,2807.82,2804.86,2806.34,5944
2025-01-31T14:00:00.000Z,2806.35,2807.23,2804.52,2805.54,6182
2025-01-31T14:15:00.000Z,2805.55,2807.74,2804.41,2807.58,5941
2025-01-31T14:30:00.000Z,2807.61,2809.34,2806.66,2809.21,6972
2025-01-31T14:45:00.000Z,2809.12,2812.5,2804.94,2812.27,7138
2025-01-31T15:00:00.000Z,2812.3,2817.04,2812.29,2815.34,8063
2025-01-31T15:15:00.000Z,2815.31,2815.31,2809.41,2809.67,7348
2025-01-31T15:30:00.000Z,2809.68,2811.65,2808.26,2811.49,6213
2025-01-31T15:45:00.000Z,2811.5,2811.72,2808.79,2809.23,6144
2025-01-31T16:00:00.000Z,2809.3,2810.19,2807.14,2809.61,6227
2025-01-31T16:15:00.000Z,2809.5,2809.6,2804.96,2806.68,5421
2025-01-31T16:30:00.000Z,2806.69,2809.63,2806.6,2807.34,3928
2025-01-31T16:45:00.000Z,2807.35,2808.57,2805.91,2807.49,3863
2025-01-31T17:00:00.000Z,2807.49,2810,2802.99,2806.45,6186
2025-01-31T17:15:00.000Z,2805.71,2812.75,2803.65,2807.85,8148
2025-01-31T17:30:00.000Z,2807.92,2815.95,2807.27,2813.59,9073
2025-01-31T17:45:00.000Z,2813.68,2816.17,2807.95,2808.61,9156
2025-01-31T18:00:00.000Z,2808.59,2808.81,2805.04,2805.11,7376
2025-01-31T18:15:00.000Z,2805.12,2805.4,2798.54,2799.77,9264
2025-01-31T18:30:00.000Z,2799.81,2803.06,2795.43,2802.06,8862
2025-01-31T18:45:00.000Z,2802.03,2802.14,2797.57,2798.9,6071
2025-01-31T19:00:00.000Z,2798.84,2801.04,2797.09,2800.91,5064
2025-01-31T19:15:00.000Z,2800.83,2801.86,2798.99,2801.79,4201
2025-01-31T19:30:00.000Z,2801.83,2802.91,2796.05,2796.39,4659
2025-01-31T19:45:00.000Z,2796.4,2798.17,2795.38,2796.14,6362
2025-01-31T20:00:00.000Z,2796.1,2797.64,2794.31,2797.32,5206
2025-01-31T20:15:00.000Z,2797.3,2797.5,2795.64,2797.16,3288
2025-01-31T20:30:00.000Z,2796.93,2798.7,2796.05,2798.54,4548
2025-01-31T20:45:00.000Z,2798.55,2802.14,2798.48,2800.83,6347
2025-01-31T21:00:00.000Z,2800.85,2802.23,2799.55,2801.62,3985
2025-01-31T21:15:00.000Z,2801.65,2802.59,2800.26,2801.2,1804
2025-01-31T21:30:00.000Z,2801.19,2801.48,2797.83,2799.3,1770
2025-01-31T21:45:00.000Z,2799.32,2801.9,2799.21,2799.94,695
2025-02-02T23:00:00.000Z,2792.27,2802.85,2792.27,2801.77,1706
2025-02-02T23:15:00.000Z,2801.75,2802.56,2788.28,2791.16,5612
2025-02-02T23:30:00.000Z,2791.32,2793.55,2783.98,2791.94,4782
2025-02-02T23:45:00.000Z,2791.77,2795.05,2789.76,2792.92,3312
2025-02-03T00:00:00.000Z,2793.86,2796.62,2791.66,2793.56,3411
2025-02-03T00:15:00.000Z,2793.48,2795.47,2790.02,2793.51,5439
2025-02-03T00:30:00.000Z,2793.8,2795.73,2792.08,2794.63,4113
2025-02-03T00:45:00.000Z,2794.67,2795.61,2790.77,2792.3,5380
2025-02-03T01:00:00.000Z,2792.27,2792.27,2782.52,2785.58,6342
2025-02-03T01:15:00.000Z,2785.59,2785.59,2781.41,2782.17,6102
2025-02-03T01:30:00.000Z,2782.19,2784.59,2780.66,2783.52,6044
2025-02-03T01:45:00.000Z,2783.57,2783.84,2778.27,2782.15,5237
2025-02-03T02:00:00.000Z,2782.14,2782.65,2776.45,2778.56,7042
2025-02-03T02:15:00.000Z,2778.55,2781.32,2777.1,2777.96,6329
2025-02-03T02:30:00.000Z,2777.89,2779.83,2773.68,2776.04,7780
2025-02-03T02:45:00.000Z,2776.05,2778.09,2775.26,2778.09,4929
2025-02-03T03:00:00.000Z,2778.09,2778.29,2775,2775.24,5147
2025-02-03T03:15:00.000Z,2775.26,2776.04,2773.83,2775.41,3925
2025-02-03T03:30:00.000Z,2775.4,2776.16,2772.04,2773.75,4792
2025-02-03T03:45:00.000Z,2773.77,2776.29,2772.77,2774.42,3976
2025-02-03T04:00:00.000Z,2774.39,2782.93,2774.16,2782.67,6552
2025-02-03T04:15:00.000Z,2782.63,2782.91,2778.97,2779.27,3994
2025-02-03T04:30:00.000Z,2779.26,2781.54,2776.94,2779.93,4390
2025-02-03T04:45:00.000Z,2779.9,2781.39,2779.32,2780.74,3169
2025-02-03T05:00:00.000Z,2780.72,2782.43,2780.02,2781.25,4453
2025-02-03T05:15:00.000Z,2781.24,2784.95,2781.12,2784.74,3757
2025-02-03T05:30:00.000Z,2784.75,2785.13,2782.76,2783.36,4852
2025-02-03T05:45:00.000Z,2783.33,2784.2,2782.79,2783.09,3804
2025-02-03T06:00:00.000Z,2783.08,2784.9,2782.84,2784.77,4140
2025-02-03T06:15:00.000Z,2784.76,2787.61,2783.8,2786.99,3667
2025-02-03T06:30:00.000Z,2786.9,2787.97,2784.97,2784.97,3803
2025-02-03T06:45:00.000Z,2784.98,2787.26,2783.89,2786.72,4305
2025-02-03T07:00:00.000Z,2786.97,2788.93,2785.9,2788.15,6006
2025-02-03T07:15:00.000Z,2788.17,2788.32,2785.82,2786.83,5306
2025-02-03T07:30:00.000Z,2786.9,2789.66,2785.34,2788.8,5394
2025-02-03T07:45:00.000Z,2788.81,2789.9,2786.85,2789.29,3994
2025-02-03T08:00:00.000Z,2789.38,2794.06,2786.78,2793.32,6397
2025-02-03T08:15:00.000Z,2793.3,2798.74,2792.7,2798,6326
2025-02-03T08:30:00.000Z,2797.93,2800.49,2797.52,2798.46,5555
2025-02-03T08:45:00.000Z,2798.53,2799.15,2796.39,2796.69,4722
2025-02-03T09:00:00.000Z,2796.68,2798.43,2796.13,2797.84,5316
2025-02-03T09:15:00.000Z,2797.85,2798.68,2794.67,2798.07,5618
2025-02-03T09:30:00.000Z,2798.08,2800.74,2796.62,2798.93,5944
2025-02-03T09:45:00.000Z,2798.94,2799.2,2796,2796.39,5212
2025-02-03T10:00:00.000Z,2796.37,2796.73,2793.35,2795.31,5676
2025-02-03T10:15:00.000Z,2795.3,2796.08,2794.21,2795.18,4472
2025-02-03T10:30:00.000Z,2795.32,2796.78,2793.07,2796.67,6155
2025-02-03T10:45:00.000Z,2796.67,2800.03,2796.21,2798.08,4312
2025-02-03T11:00:00.000Z,2798.02,2804.16,2797.89,2801.95,5894
2025-02-03T11:15:00.000Z,2801.94,2802.16,2798.5,2798.83,4277
2025-02-03T11:30:00.000Z,2798.8,2800.31,2798.42,2800.28,3775
2025-02-03T11:45:00.000Z,2800.28,2801.54,2799.55,2801.18,4748
2025-02-03T12:00:00.000Z,2801.28,2802.31,2800.44,2801.42,4849
2025-02-03T12:15:00.000Z,2801.43,2804.6,2800.77,2803.46,4097
2025-02-03T12:30:00.000Z,2803.55,2808.97,2801.92,2808.62,5673
2025-02-03T12:45:00.000Z,2808.61,2810.76,2808.31,2810.39,4094
2025-02-03T13:00:00.000Z,2810.37,2811.73,2807.48,2809.54,5840
2025-02-03T13:15:00.000Z,2809.55,2811.84,2809.33,2810.51,5063
2025-02-03T13:30:00.000Z,2810.53,2811.02,2808.18,2808.43,5888
2025-02-03T13:45:00.000Z,2808.59,2811.28,2808.18,2811.05,5992
2025-02-03T14:00:00.000Z,2811.07,2814.62,2810.24,2814.34,6533
2025-02-03T14:15:00.000Z,2814.36,2815.42,2813.33,2814.2,5902
2025-02-03T14:30:00.000Z,2814.42,2819.2,2813.81,2818.63,8898
2025-02-03T14:45:00.000Z,2818.61,2830.69,2818.6,2830.54,9762
2025-02-03T15:00:00.000Z,2830.2,2830.38,2823.11,2826.9,9950
2025-02-03T15:15:00.000Z,2826.99,2827.6,2813.98,2821.54,10688
2025-02-03T15:30:00.000Z,2821.53,2821.95,2813.56,2816.82,10428
2025-02-03T15:45:00.000Z,2816.81,2821.14,2816.38,2817.47,7926
2025-02-03T16:00:00.000Z,2817.48,2825.14,2813.7,2819.58,8528
2025-02-03T16:15:00.000Z,2819.72,2822.09,2818.49,2820.76,6230
2025-02-03T16:30:00.000Z,2820.77,2823.04,2818.42,2821.78,5693
2025-02-03T16:45:00.000Z,2821.77,2822.16,2812.96,2814.13,5731
2025-02-03T17:00:00.000Z,2813.99,2818.82,2813.98,2817.19,4805
2025-02-03T17:15:00.000Z,2817.17,2819.22,2815.82,2818.68,4575
2025-02-03T17:30:00.000Z,2818.52,2819.56,2816.58,2818.21,5555
2025-02-03T17:45:00.000Z,2818.2,2822.12,2815.79,2817.08,5906
2025-02-03T18:00:00.000Z,2817.07,2821.63,2815.85,2819.14,5763
2025-02-03T18:15:00.000Z,2819.06,2820.49,2817.56,2818.12,4616
2025-02-03T18:30:00.000Z,2818.11,2820.37,2817.39,2819.53,5713
2025-02-03T18:45:00.000Z,2819.51,2821.31,2818.82,2821.02,4011
2025-02-03T19:00:00.000Z,2821.04,2822.18,2820.19,2821.92,4816
2025-02-03T19:15:00.000Z,2821.93,2822.95,2821.04,2821.21,5878
2025-02-03T19:30:00.000Z,2821.2,2821.24,2818.95,2819.35,4629
2025-02-03T19:45:00.000Z,2819.4,2819.46,2817.9,2818.23,4005
2025-02-03T20:00:00.000Z,2818.21,2819.42,2816.84,2818.91,4061
2025-02-03T20:15:00.000Z,2818.92,2819.04,2816.31,2816.46,4564
2025-02-03T20:30:00.000Z,2816.47,2817.67,2816.24,2816.92,4511
2025-02-03T20:45:00.000Z,2817,2817.45,2815.66,2816.55,4843
2025-02-03T21:00:00.000Z,2816.53,2817.47,2815.36,2815.63,2176
2025-02-03T21:15:00.000Z,2815.64,2815.72,2813.39,2814.48,3021
2025-02-03T21:30:00.000Z,2814.47,2815.65,2812.34,2813.03,4015
2025-02-03T21:45:00.000Z,2813.06,2815.39,2812.54,2814.68,2828
2025-02-03T23:00:00.000Z,2813.52,2814.69,2811.91,2813.23,1880
2025-02-03T23:15:00.000Z,2813.22,2814.38,2813.08,2813.26,1662
2025-02-03T23:30:00.000Z,2813.32,2814.79,2812.63,2813.75,1671
2025-02-03T23:45:00.000Z,2813.8,2815.27,2812.73,2813.89,1971
2025-02-04T00:00:00.000Z,2813.81,2814.32,2812.68,2812.7,976
2025-02-04T00:15:00.000Z,2812.68,2814.8,2812.65,2814.74,1513
2025-02-04T00:30:00.000Z,2814.66,2816.14,2814.61,2815.97,1890
2025-02-04T00:45:00.000Z,2815.93,2817.49,2815.75,2817.26,1672
2025-02-04T01:00:00.000Z,2817.41,2817.64,2815.92,2816.66,3782
2025-02-04T01:15:00.000Z,2816.69,2821.14,2816.59,2820.47,3630
2025-02-04T01:30:00.000Z,2820.49,2823.37,2819.46,2822.89,4368
2025-02-04T01:45:00.000Z,2822.88,2824.22,2822.85,2823.38,3183
2025-02-04T02:00:00.000Z,2823.33,2824.5,2821.64,2821.8,4299
2025-02-04T02:15:00.000Z,2821.78,2821.78,2817.39,2817.53,3583
2025-02-04T02:30:00.000Z,2817.52,2820.29,2816.97,2817.62,4168
2025-02-04T02:45:00.000Z,2817.58,2821.65,2817.24,2821.17,3634
2025-02-04T03:00:00.000Z,2821.23,2824.21,2821.11,2823.65,4210
2025-02-04T03:15:00.000Z,2823.67,2823.73,2821.56,2822.26,2294
2025-02-04T03:30:00.000Z,2822.25,2822.89,2817.81,2818.17,3937
2025-02-04T03:45:00.000Z,2818.18,2821.54,2817.33,2821.34,3177
2025-02-04T04:00:00.000Z,2821.38,2821.39,2819.23,2819.46,2500
2025-02-04T04:15:00.000Z,2819.52,2820.56,2818.51,2820.26,2553
2025-02-04T04:30:00.000Z,2820.33,2821.51,2818.73,2819.91,2732
2025-02-04T04:45:00.000Z,2819.9,2820.05,2818.08,2818.99,2940
2025-02-04T05:00:00.000Z,2819.21,2819.21,2813.4,2816.55,8487
2025-02-04T05:15:00.000Z,2816.51,2817.84,2815.22,2816.62,6217
2025-02-04T05:30:00.000Z,2816.64,2817.8,2815.04,2815.35,4864
2025-02-04T05:45:00.000Z,2815.34,2816.01,2814.65,2815.75,3821
2025-02-04T06:00:00.000Z,2815.68,2816.01,2813.04,2814.48,3924
2025-02-04T06:15:00.000Z,2814.4,2814.42,2810.97,2812.14,4132
2025-02-04T06:30:00.000Z,2812.13,2812.68,2810.78,2812.68,4253
2025-02-04T06:45:00.000Z,2812.67,2813.92,2812.32,2813.34,4012
2025-02-04T07:00:00.000Z,2813.44,2814.57,2811.26,2813.81,4742
2025-02-04T07:15:00.000Z,2813.8,2814.15,2807.31,2807.56,5689
2025-02-04T07:30:00.000Z,2807.6,2812.16,2807.3,2811.2,5394
2025-02-04T07:45:00.000Z,2811.19,2813.92,2809.76,2812.64,4715
2025-02-04T08:00:00.000Z,2812.58,2814.2,2810,2814.06,5774
2025-02-04T08:15:00.000Z,2814.11,2819.12,2814.06,2816.85,8151
2025-02-04T08:30:00.000Z,2816.84,2817.6,2812.24,2812.69,5936
2025-02-04T08:45:00.000Z,2812.68,2816.69,2811.73,2815.06,5986
2025-02-04T09:00:00.000Z,2815.04,2816.73,2814.02,2816.12,6735
2025-02-04T09:15:00.000Z,2815.95,2817.78,2815.21,2816.97,5242
2025-02-04T09:30:00.000Z,2816.96,2819.43,2815.93,2819.3,5853
2025-02-04T09:45:00.000Z,2819.31,2821.71,2819.08,2820.44,4745
2025-02-04T10:00:00.000Z,2820.34,2820.34,2816.22,2816.52,5274
2025-02-04T10:15:00.000Z,2816.49,2817.11,2815.51,2815.95,4690
2025-02-04T10:30:00.000Z,2815.97,2816.28,2812.61,2814.21,5838
2025-02-04T10:45:00.000Z,2814.22,2815.29,2812.94,2814.82,4807
2025-02-04T11:00:00.000Z,2814.71,2815.93,2813.29,2814.14,4682
2025-02-04T11:15:00.000Z,2814.15,2815.88,2813.21,2815.25,4627
2025-02-04T11:30:00.000Z,2815.26,2816.78,2814.18,2815.25,4299
2025-02-04T11:45:00.000Z,2815.24,2816.91,2814.11,2815.37,3982
2025-02-04T12:00:00.000Z,2815.36,2817.56,2814.46,2816.7,4757
2025-02-04T12:15:00.000Z,2816.78,2820,2816.75,2819.46,4700
2025-02-04T12:30:00.000Z,2819.46,2820.83,2818.98,2819.83,5033
2025-02-04T12:45:00.000Z,2819.8,2823.01,2819.11,2821.83,4999
2025-02-04T13:00:00.000Z,2821.87,2824.96,2821.49,2823.83,5917
2025-02-04T13:15:00.000Z,2823.82,2835.08,2822.97,2835.03,7501
2025-02-04T13:30:00.000Z,2835.06,2837.05,2833.48,2834.98,7124
2025-02-04T13:45:00.000Z,2834.87,2835.37,2830.26,2831.64,6818
2025-02-04T14:00:00.000Z,2831.65,2834.64,2828.9,2832.84,8330
2025-02-04T14:15:00.000Z,2832.95,2837.99,2831.73,2837.26,7673
2025-02-04T14:30:00.000Z,2837.14,2841.01,2835.81,2840.04,8873
2025-02-04T14:45:00.000Z,2840,2841.38,2837.89,2838.26,7515
2025-02-04T15:00:00.000Z,2838.37,2844.27,2838.32,2843.28,9163
2025-02-04T15:15:00.000Z,2843.29,2844.2,2840.13,2843.6,8693
2025-02-04T15:30:00.000Z,2843.59,2845.32,2833.58,2835.63,8804
2025-02-04T15:45:00.000Z,2835.54,2838.56,2834.15,2835.91,6613
2025-02-04T16:00:00.000Z,2835.82,2839.27,2832.57,2837.64,7787
2025-02-04T16:15:00.000Z,2837.65,2842.42,2836.7,2841.52,6815
2025-02-04T16:30:00.000Z,2841.53,2842.16,2839.75,2841.65,4920
2025-02-04T16:45:00.000Z,2841.66,2842.16,2839.47,2840.44,4663
2025-02-04T17:00:00.000Z,2840.41,2842.4,2839.31,2842.05,4669
2025-02-04T17:15:00.000Z,2842.04,2843.25,2840.39,2842.8,5190
2025-02-04T17:30:00.000Z,2842.83,2844.5,2841.57,2842.2,4980
2025-02-04T17:45:00.000Z,2842.22,2844.7,2841.99,2843.96,4524
2025-02-04T18:00:00.000Z,2843.91,2844.62,2843.09,2844.26,4116
2025-02-04T18:15:00.000Z,2844.06,2844.79,2842.59,2843.63,4727
2025-02-04T18:30:00.000Z,2843.62,2844.94,2842.84,2844.6,3135
2025-02-04T18:45:00.000Z,2844.63,2844.83,2842.4,2842.64,4119
2025-02-04T19:00:00.000Z,2842.63,2844.03,2842.09,2843.23,3284
2025-02-04T19:15:00.000Z,2843.22,2843.53,2841.68,2842.34,3352
2025-02-04T19:30:00.000Z,2842.35,2844.08,2842.29,2843.42,3376
2025-02-04T19:45:00.000Z,2843.4,2843.91,2842.25,2843.04,4050
2025-02-04T20:00:00.000Z,2843.03,2843.99,2842.57,2842.85,2653
2025-02-04T20:15:00.000Z,2842.84,2843.32,2840.92,2841.76,2305
2025-02-04T20:30:00.000Z,2841.76,2843.15,2841.22,2842.92,2633
2025-02-04T20:45:00.000Z,2843.01,2844.77,2842.54,2844.22,3577
2025-02-04T21:00:00.000Z,2844.21,2844.71,2841.95,2842.7,2172
2025-02-04T21:15:00.000Z,2842.71,2842.75,2841.12,2841.77,2608
2025-02-04T21:30:00.000Z,2841.76,2842.43,2841.32,2842.26,1624
2025-02-04T21:45:00.000Z,2842.22,2842.29,2841.51,2841.93,1065
2025-02-04T23:00:00.000Z,2842.07,2842.58,2841.02,2841.36,727
2025-02-04T23:15:00.000Z,2841.35,2841.43,2840.56,2840.84,769
2025-02-04T23:30:00.000Z,2840.82,2842.21,2840.79,2841.54,1133
2025-02-04T23:45:00.000Z,2841.44,2842.4,2840.25,2841.36,1571
2025-02-05T00:00:00.000Z,2841.5,2842.48,2840.76,2841.41,1488
2025-02-05T00:15:00.000Z,2841.42,2843.03,2841.13,2842.91,1528
2025-02-05T00:30:00.000Z,2842.9,2848.2,2842.73,2847.08,2848
2025-02-05T00:45:00.000Z,2847.09,2847.99,2843.82,2845.16,3652
2025-02-05T01:00:00.000Z,2845.17,2849.13,2842.82,2845.35,9682
2025-02-05T01:15:00.000Z,2845.46,2847.05,2842.81,2843.52,6703
2025-02-05T01:30:00.000Z,2843.58,2843.86,2839.92,2840.08,6253
2025-02-05T01:45:00.000Z,2839.99,2845.04,2839.69,2844.51,4136
2025-02-05T02:00:00.000Z,2844.52,2853.78,2843.99,2852.35,6087
2025-02-05T02:15:00.000Z,2852.34,2852.64,2850.67,2850.82,3105
2025-02-05T02:30:00.000Z,2850.75,2850.86,2847.77,2849.27,4705
2025-02-05T02:45:00.000Z,2849.29,2851.37,2848.45,2851.16,3752
2025-02-05T03:00:00.000Z,2851.22,2853.18,2849.74,2852.48,3571
2025-02-05T03:15:00.000Z,2852.53,2854.05,2852.21,2853.6,3487
2025-02-05T03:30:00.000Z,2853.69,2854.61,2852.56,2853.01,2767
2025-02-05T03:45:00.000Z,2853.02,2854.29,2851.81,2852.3,2018
2025-02-05T04:00:00.000Z,2852.24,2857.78,2851.82,2857.56,2391
2025-02-05T04:15:00.000Z,2857.56,2857.56,2855.47,2856.62,2663
2025-02-05T04:30:00.000Z,2856.58,2858.03,2855.4,2857.39,1833
2025-02-05T04:45:00.000Z,2857.41,2857.96,2854.91,2855.21,1386
2025-02-05T05:00:00.000Z,2855.18,2855.6,2853.95,2854.03,1792
2025-02-05T05:15:00.000Z,2854,2856.52,2853.71,2856.14,2185
2025-02-05T05:30:00.000Z,2856.15,2859.1,2855.5,2858.12,2500
2025-02-05T05:45:00.000Z,2858.07,2860.65,2857.81,2859.21,3223
2025-02-05T06:00:00.000Z,2859.2,2859.41,2857.18,2858.35,2598
2025-02-05T06:15:00.000Z,2858.34,2861.95,2858.12,2860.97,2980
2025-02-05T06:30:00.000Z,2861.08,2861.3,2859.75,2861.05,2594
2025-02-05T06:45:00.000Z,2860.98,2861.7,2859.26,2859.31,2133
2025-02-05T07:00:00.000Z,2859.29,2859.35,2854.96,2856.8,4399
2025-02-05T07:15:00.000Z,2856.82,2858.41,2855.66,2858.14,4305
2025-02-05T07:30:00.000Z,2858.12,2859.39,2857.51,2859.17,4130
2025-02-05T07:45:00.000Z,2859.11,2864.18,2858.65,2864.1,4087
2025-02-05T08:00:00.000Z,2864.01,2865.29,2863.62,2864.84,4605
2025-02-05T08:15:00.000Z,2864.88,2866.48,2864.41,2865.47,3956
2025-02-05T08:30:00.000Z,2865.5,2869.62,2864.64,2869.49,4250
2025-02-05T08:45:00.000Z,2869.53,2869.54,2866.69,2867.62,3861
2025-02-05T09:00:00.000Z,2867.61,2869.18,2865.4,2865.56,4655
2025-02-05T09:15:00.000Z,2865.59,2870.39,2865.36,2869.28,3352
2025-02-05T09:30:00.000Z,2869.26,2872.09,2869.14,2870.92,2561
2025-02-05T09:45:00.000Z,2870.92,2871.93,2869.18,2870.28,3260
2025-02-05T10:00:00.000Z,2870.36,2871.95,2869.47,2870.08,3350
2025-02-05T10:15:00.000Z,2870.02,2872.32,2869.71,2871.99,3041
2025-02-05T10:30:00.000Z,2871.98,2876.97,2870.5,2870.71,5177
2025-02-05T10:45:00.000Z,2870.72,2871.21,2866,2867.76,4637
2025-02-05T11:00:00.000Z,2867.78,2869.75,2864.7,2867.01,4764
2025-02-05T11:15:00.000Z,2867.01,2869.92,2866.08,2869.42,4679
2025-02-05T11:30:00.000Z,2869.38,2870.41,2868.42,2869.77,4050
2025-02-05T11:45:00.000Z,2869.76,2870.4,2868.11,2868.7,3494
2025-02-05T12:00:00.000Z,2868.71,2870.17,2868.11,2868.7,3813
2025-02-05T12:15:00.000Z,2868.69,2869.66,2867.72,2869.23,3178
2025-02-05T12:30:00.000Z,2869.2,2870.41,2867.19,2867.52,3688
2025-02-05T12:45:00.000Z,2867.51,2870.86,2867.07,2870.22,3833
2025-02-05T13:00:00.000Z,2870.18,2870.63,2868.37,2869.73,6283
2025-02-05T13:15:00.000Z,2869.67,2869.67,2864.63,2865.97,8196
2025-02-05T13:30:00.000Z,2865.95,2867.18,2859.87,2862.05,7755
2025-02-05T13:45:00.000Z,2862.17,2862.63,2858.51,2861.79,8549
2025-02-05T14:00:00.000Z,2861.8,2865.2,2860.67,2864.51,7206
2025-02-05T14:15:00.000Z,2864.49,2865.74,2862.26,2864.94,5996
2025-02-05T14:30:00.000Z,2864.73,2870.01,2864.64,2866.42,8887
2025-02-05T14:45:00.000Z,2866.35,2872.62,2864.12,2870.83,8024
2025-02-05T15:00:00.000Z,2872.44,2876.1,2871.52,2874.07,8828
2025-02-05T15:15:00.000Z,2874.09,2877.48,2872.93,2876.54,7937
2025-02-05T15:30:00.000Z,2876.56,2877.9,2873.79,2877.59,7117
2025-02-05T15:45:00.000Z,2877.58,2882.19,2877.39,2880.12,7628
2025-02-05T16:00:00.000Z,2880.13,2881.02,2867.89,2868.6,9513
2025-02-05T16:15:00.000Z,2868.58,2869.34,2863.11,2869.29,8923
2025-02-05T16:30:00.000Z,2869.26,2871.54,2866.6,2870.84,5746
2025-02-05T16:45:00.000Z,2870.84,2875.37,2869.64,2874.95,4831
2025-02-05T17:00:00.000Z,2875.24,2876.56,2874.09,2875.15,4725
2025-02-05T17:15:00.000Z,2875.18,2875.29,2871.58,2872.72,4726
2025-02-05T17:30:00.000Z,2872.72,2873.95,2871.99,2873.04,3466
2025-02-05T17:45:00.000Z,2873.02,2873.78,2871.39,2873.03,3674
2025-02-05T18:00:00.000Z,2873.08,2873.46,2870.35,2870.89,4008
2025-02-05T18:15:00.000Z,2870.9,2872.13,2866.02,2870.37,5051
2025-02-05T18:30:00.000Z,2870.35,2871.06,2866.55,2866.82,3285
2025-02-05T18:45:00.000Z,2866.83,2866.83,2863.91,2865.71,5064
2025-02-05T19:00:00.000Z,2865.84,2866.34,2862.79,2865.41,4661
2025-02-05T19:15:00.000Z,2865.47,2868.75,2865.3,2866.96,3455
2025-02-05T19:30:00.000Z,2866.98,2868.94,2866.46,2867.82,3456
2025-02-05T19:45:00.000Z,2867.87,2868.02,2862.97,2863.55,3938
2025-02-05T20:00:00.000Z,2863.57,2864.86,2862.28,2863.84,3549
2025-02-05T20:15:00.000Z,2863.86,2864.79,2862.23,2864.77,3712
2025-02-05T20:30:00.000Z,2864.76,2866.11,2862.35,2862.35,3671
2025-02-05T20:45:00.000Z,2862.23,2862.74,2859.83,2862.56,5108
2025-02-05T21:00:00.000Z,2862.49,2863.05,2861.15,2862.34,1411
2025-02-05T21:15:00.000Z,2862.42,2863.26,2861.22,2863.17,1202
2025-02-05T21:30:00.000Z,2863.16,2864.85,2862.11,2864.6,1115
2025-02-05T21:45:00.000Z,2864.62,2867.12,2864.12,2866.7,1370
2025-02-05T23:00:00.000Z,2864.76,2867.65,2862.86,2866.35,977
2025-02-05T23:15:00.000Z,2866.36,2868.61,2866.07,2868.45,1477
2025-02-05T23:30:00.000Z,2868.44,2868.81,2867.37,2868.22,765
2025-02-05T23:45:00.000Z,2868.21,2870.77,2867.79,2869.07,1633
2025-02-06T00:00:00.000Z,2869.14,2869.89,2868.31,2869.48,1578
2025-02-06T00:15:00.000Z,2869.47,2869.49,2867.18,2867.65,1504
2025-02-06T00:30:00.000Z,2867.66,2869.57,2867.26,2869.28,1271
2025-02-06T00:45:00.000Z,2869.31,2869.78,2868.49,2869.72,1366
2025-02-06T01:00:00.000Z,2869.69,2870.58,2863.6,2865.54,5350
2025-02-06T01:15:00.000Z,2865.53,2867.76,2865.16,2865.65,3545
2025-02-06T01:30:00.000Z,2865.65,2869.88,2865.63,2869,3567
2025-02-06T01:45:00.000Z,2868.94,2871.71,2868.25,2871.54,3937
2025-02-06T02:00:00.000Z,2871.53,2873.28,2870.05,2870.05,4040
2025-02-06T02:15:00.000Z,2869.91,2870.77,2868.24,2870.77,2301
2025-02-06T02:30:00.000Z,2870.79,2872.29,2869.99,2870.38,4322
2025-02-06T02:45:00.000Z,2870.37,2872.35,2869.51,2870.47,3423
2025-02-06T03:00:00.000Z,2870.48,2870.48,2868.31,2869.79,4191
2025-02-06T03:15:00.000Z,2869.8,2869.81,2864.27,2865.08,4317
2025-02-06T03:30:00.000Z,2865.04,2866.51,2864.64,2866.08,2521
2025-02-06T03:45:00.000Z,2866.07,2869.67,2865.85,2869.28,2973
2025-02-06T04:00:00.000Z,2869.3,2872.26,2869.11,2869.3,2920
2025-02-06T04:15:00.000Z,2869.29,2870.3,2869.27,2869.85,988
2025-02-06T04:30:00.000Z,2869.83,2870.27,2868.99,2869.34,1107
2025-02-06T04:45:00.000Z,2869.27,2869.34,2868.27,2868.43,1809
2025-02-06T05:00:00.000Z,2868.49,2869.07,2866.79,2868.05,2197
2025-02-06T05:15:00.000Z,2868.04,2869.98,2867.36,2868.71,2068
2025-02-06T05:30:00.000Z,2868.75,2869.77,2867.46,2867.73,3372
2025-02-06T05:45:00.000Z,2867.74,2868.29,2865.42,2868.29,3799
2025-02-06T06:00:00.000Z,2868.28,2869.54,2867.96,2868.55,3964
2025-02-06T06:15:00.000Z,2868.56,2870.08,2868.2,2869.14,3325
2025-02-06T06:30:00.000Z,2869.12,2871.28,2867.14,2867.39,3887
2025-02-06T06:45:00.000Z,2867.35,2867.4,2858.34,2859.26,5824
2025-02-06T07:00:00.000Z,2859.3,2861.54,2858.5,2859.73,4963
2025-02-06T07:15:00.000Z,2859.75,2861.8,2859.09,2861.03,3740
2025-02-06T07:30:00.000Z,2860.84,2861.58,2858.18,2858.3,4565
2025-02-06T07:45:00.000Z,2858.18,2858.21,2855,2855.7,5103
2025-02-06T08:00:00.000Z,2855.99,2856.97,2853.44,2855.3,5559
2025-02-06T08:15:00.000Z,2855.31,2856.55,2848.68,2851.49,5723
2025-02-06T08:30:00.000Z,2851.65,2858.54,2851.12,2856.25,4465
2025-02-06T08:45:00.000Z,2856.31,2857.2,2854.08,2856.13,3687
2025-02-06T09:00:00.000Z,2856.12,2859.65,2855.86,2859.1,4941
2025-02-06T09:15:00.000Z,2859.32,2859.98,2855.65,2856.36,3926
2025-02-06T09:30:00.000Z,2856.16,2859.94,2855.77,2858.16,3576
2025-02-06T09:45:00.000Z,2858.15,2859.71,2857.18,2859.32,3387
2025-02-06T10:00:00.000Z,2859.49,2859.94,2855.68,2857.24,3828
2025-02-06T10:15:00.000Z,2857.22,2861.07,2857.13,2860.46,3615
2025-02-06T10:30:00.000Z,2860.58,2861.78,2859.49,2860.25,3658
2025-02-06T10:45:00.000Z,2860.12,2861.65,2858.02,2859.24,3758
2025-02-06T11:00:00.000Z,2859.23,2860.99,2858.63,2860.24,2914
2025-02-06T11:15:00.000Z,2860.21,2862.3,2858.12,2860.26,4189
2025-02-06T11:30:00.000Z,2860.36,2867.02,2860.02,2865.36,4969
2025-02-06T11:45:00.000Z,2865.38,2867.39,2864.43,2865.92,4105
2025-02-06T12:00:00.000Z,2865.9,2870.17,2865.89,2867.74,5967
2025-02-06T12:15:00.000Z,2867.73,2868.09,2865.23,2867.31,3510
2025-02-06T12:30:00.000Z,2867.32,2868.81,2866.33,2866.65,3640
2025-02-06T12:45:00.000Z,2866.67,2867.08,2863.63,2864.42,4039
2025-02-06T13:00:00.000Z,2864.46,2864.48,2859.35,2861.73,6904
2025-02-06T13:15:00.000Z,2861.72,2864.99,2860.37,2861.25,6036
2025-02-06T13:30:00.000Z,2861.43,2863.79,2859.73,2859.8,6239
2025-02-06T13:45:00.000Z,2859.76,2860.44,2855.59,2856.76,7068
2025-02-06T14:00:00.000Z,2856.72,2857.72,2854.4,2854.8,6703
2025-02-06T14:15:00.000Z,2854.79,2859.77,2854.63,2857.33,7390
2025-02-06T14:30:00.000Z,2857.39,2858.11,2854.08,2854.61,7436
2025-02-06T14:45:00.000Z,2854.54,2856.64,2841.21,2841.89,8542
2025-02-06T15:00:00.000Z,2841.79,2843.77,2834.15,2843.62,10196
2025-02-06T15:15:00.000Z,2843.6,2847.57,2843.44,2844.61,7146
2025-02-06T15:30:00.000Z,2844.66,2851.09,2843.88,2848.8,6328
2025-02-06T15:45:00.000Z,2848.83,2853.14,2848.53,2850.62,5938
2025-02-06T16:00:00.000Z,2850.51,2852.68,2849.14,2852.27,4521
2025-02-06T16:15:00.000Z,2852.3,2854.62,2850.37,2850.66,4915
2025-02-06T16:30:00.000Z,2850.61,2853.83,2849.51,2853.26,4747
2025-02-06T16:45:00.000Z,2853.21,2853.32,2848.7,2848.7,4041
2025-02-06T17:00:00.000Z,2848.72,2851.77,2848.07,2849.16,3372
2025-02-06T17:15:00.000Z,2849.21,2851.36,2848.99,2851.05,3074
2025-02-06T17:30:00.000Z,2851.04,2851.13,2848.99,2849.5,3589
2025-02-06T17:45:00.000Z,2849.49,2852.65,2849.19,2852.27,3624
2025-02-06T18:00:00.000Z,2852.25,2852.62,2850.92,2851.4,3500
2025-02-06T18:15:00.000Z,2851.42,2852.04,2849.74,2851.86,3916
2025-02-06T18:30:00.000Z,2851.9,2852.93,2849.98,2852.66,3145
2025-02-06T18:45:00.000Z,2852.46,2853.64,2851.83,2852.64,3576
2025-02-06T19:00:00.000Z,2852.63,2852.8,2850.54,2851.31,3802
2025-02-06T19:15:00.000Z,2851.32,2852.59,2851.16,2851.4,2835
2025-02-06T19:30:00.000Z,2851.31,2851.52,2850.37,2851.16,2927
2025-02-06T19:45:00.000Z,2851.15,2854.16,2851.08,2853.94,2966
2025-02-06T20:00:00.000Z,2853.92,2857.26,2853.82,2856.5,3378
2025-02-06T20:15:00.000Z,2856.36,2856.67,2854.2,2854.37,3334
2025-02-06T20:30:00.000Z,2854.34,2855.91,2854.26,2855.61,3771
2025-02-06T20:45:00.000Z,2855.68,2856.67,2853.84,2856.41,3954
2025-02-06T21:00:00.000Z,2856.43,2856.85,2855.2,2855.21,1376
2025-02-06T21:15:00.000Z,2855.25,2855.62,2854.84,2855.51,1203
2025-02-06T21:30:00.000Z,2855.52,2856.96,2855.17,2856.96,1478
2025-02-06T21:45:00.000Z,2856.94,2856.96,2855.28,2855.28,1053
2025-02-06T23:00:00.000Z,2855.96,2856.38,2855.53,2856.07,1264
2025-02-06T23:15:00.000Z,2856.17,2857.81,2856.01,2857.63,1164
2025-02-06T23:30:00.000Z,2857.58,2858.54,2857.19,2858.15,1012
2025-02-06T23:45:00.000Z,2858.12,2858.41,2856.73,2858.02,1407
2025-02-07T00:00:00.000Z,2857.98,2859.39,2857.95,2859.13,668
2025-02-07T00:15:00.000Z,2859.15,2860.26,2859.09,2859.52,845
2025-02-07T00:30:00.000Z,2859.53,2860.5,2859.48,2859.88,1392
2025-02-07T00:45:00.000Z,2859.87,2859.92,2857.87,2858.31,2444
2025-02-07T01:00:00.000Z,2858.27,2860.02,2857.69,2858.72,4502
2025-02-07T01:15:00.000Z,2858.71,2864.04,2858.53,2862.68,3835
2025-02-07T01:30:00.000Z,2862.69,2866.53,2862.34,2865.91,3421
2025-02-07T01:45:00.000Z,2865.93,2867.95,2865.27,2866.13,3776
2025-02-07T02:00:00.000Z,2866.09,2868.38,2865.31,2867.01,4048
2025-02-07T02:15:00.000Z,2867.02,2869.2,2867.02,2868.19,2417
2025-02-07T02:30:00.000Z,2868.19,2868.97,2867.27,2867.7,2426
2025-02-07T02:45:00.000Z,2867.71,2868.72,2867.15,2868.67,2922
2025-02-07T03:00:00.000Z,2868.65,2870.43,2867.7,2867.96,3500
2025-02-07T03:15:00.000Z,2868.05,2868.23,2867.18,2867.42,3685
2025-02-07T03:30:00.000Z,2867.43,2868.81,2867.14,2868.55,2064
2025-02-07T03:45:00.000Z,2868.56,2868.73,2865.88,2867.19,2426
2025-02-07T04:00:00.000Z,2867.16,2868.49,2867.02,2868.25,2256
2025-02-07T04:15:00.000Z,2868.26,2868.93,2867.65,2868.36,2253
2025-02-07T04:30:00.000Z,2868.37,2868.7,2867.85,2868.29,1453
2025-02-07T04:45:00.000Z,2868.3,2869.68,2866.13,2866.45,2144
2025-02-07T05:00:00.000Z,2866.49,2866.98,2865.19,2866.79,2096
2025-02-07T05:15:00.000Z,2866.8,2867.09,2864.83,2865.21,2491
2025-02-07T05:30:00.000Z,2865.21,2865.6,2862.74,2863.82,4077
2025-02-07T05:45:00.000Z,2863.77,2864.21,2862.07,2862.16,3694
2025-02-07T06:00:00.000Z,2862.08,2863.29,2860.44,2862.77,3623
2025-02-07T06:15:00.000Z,2862.83,2866.12,2861.8,2863.54,4548
2025-02-07T06:30:00.000Z,2863.69,2863.69,2860.94,2861.63,3514
2025-02-07T06:45:00.000Z,2861.64,2862.74,2858.89,2860.8,3810
2025-02-07T07:00:00.000Z,2860.78,2864.41,2860.26,2864.41,3797
2025-02-07T07:15:00.000Z,2864.42,2865.6,2863.15,2863.64,2698
2025-02-07T07:30:00.000Z,2863.68,2865.32,2863.37,2864.25,3262
2025-02-07T07:45:00.000Z,2864.26,2865.58,2863.34,2864.02,2343
2025-02-07T08:00:00.000Z,2864.03,2865.82,2863.21,2865.29,2599
2025-02-07T08:15:00.000Z,2865.28,2866.46,2863.17,2863.36,3833
2025-02-07T08:30:00.000Z,2863.47,2865.3,2863.42,2864.02,4053
2025-02-07T08:45:00.000Z,2864.01,2866.69,2863.29,2866.42,2711
2025-02-07T09:00:00.000Z,2866.41,2870.68,2865.6,2867.69,6302
2025-02-07T09:15:00.000Z,2867.66,2869.5,2866.8,2869.37,3777
2025-02-07T09:30:00.000Z,2869.36,2869.75,2867.41,2869.28,3222
2025-02-07T09:45:00.000Z,2869.31,2870.47,2868.67,2868.89,2889
2025-02-07T10:00:00.000Z,2868.92,2869.16,2866.64,2866.92,3697
2025-02-07T10:15:00.000Z,2866.92,2867,2863.33,2866.33,4313
2025-02-07T10:30:00.000Z,2866.32,2867.47,2866.02,2866.46,4230
2025-02-07T10:45:00.000Z,2866.38,2867.75,2864.94,2867.53,3565
2025-02-07T11:00:00.000Z,2867.51,2868.01,2865.22,2866.65,4090
2025-02-07T11:15:00.000Z,2866.7,2867.74,2865.58,2866.54,4156
2025-02-07T11:30:00.000Z,2866.53,2867.2,2865.07,2866.4,3264
2025-02-07T11:45:00.000Z,2866.23,2868.33,2865.55,2867.7,3157
2025-02-07T12:00:00.000Z,2867.67,2868,2865.59,2865.86,4199
2025-02-07T12:15:00.000Z,2865.85,2866.92,2864.5,2866.43,3505
2025-02-07T12:30:00.000Z,2866.44,2867.03,2864.61,2865.99,3325
2025-02-07T12:45:00.000Z,2866.01,2866.02,2863.51,2863.58,3487
2025-02-07T13:00:00.000Z,2863.61,2864.96,2861.15,2861.45,5958
2025-02-07T13:15:00.000Z,2861.47,2863.8,2860.24,2863.62,4711
2025-02-07T13:30:00.000Z,2863.39,2871.14,2852.45,2862.88,11475
2025-02-07T13:45:00.000Z,2862.89,2864.27,2858.82,2862.5,8166
2025-02-07T14:00:00.000Z,2862.62,2865.13,2856.11,2864.81,9179
2025-02-07T14:15:00.000Z,2864.8,2875.02,2864.49,2873.4,9199
2025-02-07T14:30:00.000Z,2873.7,2878.23,2871.44,2877.17,8874
2025-02-07T14:45:00.000Z,2877.2,2877.86,2873.05,2875.58,6646
2025-02-07T15:00:00.000Z,2875.4,2881.22,2873.64,2879.44,8852
2025-02-07T15:15:00.000Z,2879.42,2883.21,2879.31,2882.97,5989
2025-02-07T15:30:00.000Z,2882.98,2886.11,2882.47,2884.82,5931
2025-02-07T15:45:00.000Z,2885.01,2886.75,2878.56,2880.36,7305
2025-02-07T16:00:00.000Z,2880.38,2881.47,2870.79,2871.33,8088
2025-02-07T16:15:00.000Z,2871.36,2872.18,2865.53,2869.35,7217
2025-02-07T16:30:00.000Z,2869.34,2870.27,2860.7,2861.88,6006
2025-02-07T16:45:00.000Z,2861.81,2864.34,2860.33,2860.62,5201
2025-02-07T17:00:00.000Z,2860.65,2862.65,2856.41,2859.15,7287
2025-02-07T17:15:00.000Z,2859.11,2860.27,2855.97,2858.19,5967
2025-02-07T17:30:00.000Z,2858.2,2859.11,2853.36,2859,4842
2025-02-07T17:45:00.000Z,2859.04,2860.27,2855.53,2859.95,4162
2025-02-07T18:00:00.000Z,2859.94,2863.59,2859.61,2863.12,3368
2025-02-07T18:15:00.000Z,2863.24,2865.13,2862.44,2862.81,3565
2025-02-07T18:30:00.000Z,2862.79,2864.62,2861.36,2861.68,2965
2025-02-07T18:45:00.000Z,2861.79,2862.33,2860.66,2861.2,2879
2025-02-07T19:00:00.000Z,2861.33,2863.11,2860.54,2862.29,2572
2025-02-07T19:15:00.000Z,2862.29,2862.55,2860.4,2861.26,2408
2025-02-07T19:30:00.000Z,2861.28,2861.28,2858.95,2860.3,2232
2025-02-07T19:45:00.000Z,2860.29,2862.64,2860.24,2860.24,2262
2025-02-07T20:00:00.000Z,2860.16,2863.76,2859.55,2862.99,3126
2025-02-07T20:15:00.000Z,2862.97,2862.98,2859.33,2860.08,3409
2025-02-07T20:30:00.000Z,2860.13,2861.42,2859.52,2859.77,3367
2025-02-07T20:45:00.000Z,2859.87,2861.52,2859.49,2860.61,4209
2025-02-07T21:00:00.000Z,2860.67,2863.05,2860.46,2862.61,2837
2025-02-07T21:15:00.000Z,2862.62,2863.32,2862.16,2862.79,1673
2025-02-07T21:30:00.000Z,2862.81,2863.09,2860.31,2860.52,1371
2025-02-07T21:45:00.000Z,2860.48,2862.03,2860.15,2861.53,537
2025-02-09T23:00:00.000Z,2857.26,2863.96,2853.71,2863.03,2272
2025-02-09T23:15:00.000Z,2863.09,2869.86,2862.61,2869.8,1847
2025-02-09T23:30:00.000Z,2868.97,2870.41,2866.56,2869.36,2422
2025-02-09T23:45:00.000Z,2869.31,2869.5,2866.92,2867.43,2042
2025-02-10T00:00:00.000Z,2867.52,2869.13,2865.69,2866.14,2517
2025-02-10T00:15:00.000Z,2866.21,2867.97,2865.8,2867.21,1878
2025-02-10T00:30:00.000Z,2867.23,2868.89,2867.07,2867.26,1956
2025-02-10T00:45:00.000Z,2867.24,2867.96,2866.02,2867.87,1786
2025-02-10T01:00:00.000Z,2867.89,2876.51,2867.72,2870.72,5659
2025-02-10T01:15:00.000Z,2870.84,2871.5,2868.52,2868.98,4879
2025-02-10T01:30:00.000Z,2868.93,2869.68,2866.01,2867.55,4375
2025-02-10T01:45:00.000Z,2867.57,2871.94,2866.79,2871.87,5690
2025-02-10T02:00:00.000Z,2871.88,2874.07,2871.39,2872.37,4414
2025-02-10T02:15:00.000Z,2872.36,2875.05,2872.16,2873.99,2714
2025-02-10T02:30:00.000Z,2873.91,2874.32,2871.79,2873.98,3314
2025-02-10T02:45:00.000Z,2874.07,2874.41,2871.87,2873.8,3992
2025-02-10T03:00:00.000Z,2873.79,2874.43,2871.24,2873.28,3569
2025-02-10T03:15:00.000Z,2873.23,2874.26,2872.3,2873.27,2888
2025-02-10T03:30:00.000Z,2873.26,2874.48,2872.41,2873.29,1788
2025-02-10T03:45:00.000Z,2873.3,2875.72,2873.29,2875.51,1782
2025-02-10T04:00:00.000Z,2875.56,2877.23,2874.32,2877.15,2493
2025-02-10T04:15:00.000Z,2877.16,2877.46,2876.29,2877.09,2106
2025-02-10T04:30:00.000Z,2877.1,2879.52,2876.09,2878.26,2300
2025-02-10T04:45:00.000Z,2878.27,2879.54,2877.7,2879.17,2594
2025-02-10T05:00:00.000Z,2879.18,2879.94,2878.75,2879.17,2122
2025-02-10T05:15:00.000Z,2879.06,2879.19,2877.81,2878.57,2741
2025-02-10T05:30:00.000Z,2878.78,2878.9,2877.34,2878.57,3263
2025-02-10T05:45:00.000Z,2878.55,2879.19,2876,2879.16,3933
2025-02-10T06:00:00.000Z,2879.19,2883.32,2878.8,2882.2,4076
2025-02-10T06:15:00.000Z,2882.18,2885,2882.08,2884.88,3749
2025-02-10T06:30:00.000Z,2884.91,2885.87,2884.05,2885.68,2973
2025-02-10T06:45:00.000Z,2885.69,2892.22,2885.18,2888.34,5610
2025-02-10T07:00:00.000Z,2888.37,2889.29,2886.58,2888.95,4077
2025-02-10T07:15:00.000Z,2888.96,2892.3,2888.85,2892.22,4555
2025-02-10T07:30:00.000Z,2892.37,2895.65,2892.26,2893.75,4455
2025-02-10T07:45:00.000Z,2893.71,2896.63,2891.11,2895.57,4577
2025-02-10T08:00:00.000Z,2895.52,2896.37,2893.37,2894.35,4960
2025-02-10T08:15:00.000Z,2894.33,2895.86,2892.16,2895.13,5245
2025-02-10T08:30:00.000Z,2894.98,2898.76,2894.23,2897.23,5368
2025-02-10T08:45:00.000Z,2897.25,2898.84,2896.03,2896.54,3451
2025-02-10T09:00:00.000Z,2896.44,2900.92,2896.09,2900.83,4253
2025-02-10T09:15:00.000Z,2900.82,2901.38,2899.01,2899.82,4272
2025-02-10T09:30:00.000Z,2899.76,2902.99,2899.46,2901.54,4461
2025-02-10T09:45:00.000Z,2901.53,2903.21,2901.53,2902.92,3477
2025-02-10T10:00:00.000Z,2902.93,2906.21,2902.51,2905.53,4416
2025-02-10T10:15:00.000Z,2905.52,2905.77,2901.42,2902.22,5169
2025-02-10T10:30:00.000Z,2902.2,2902.36,2898.17,2901.45,4585
2025-02-10T10:45:00.000Z,2901.43,2902.58,2900.24,2902.3,4022
2025-02-10T11:00:00.000Z,2902.38,2904.91,2900.81,2901.07,4054
2025-02-10T11:15:00.000Z,2901.1,2901.18,2898.31,2900.06,4384
2025-02-10T11:30:00.000Z,2900.07,2905.06,2899.86,2904.04,4509
2025-02-10T11:45:00.000Z,2904.05,2905.75,2903.16,2904.62,3004
2025-02-10T12:00:00.000Z,2904.64,2906.76,2904.35,2906.4,5311
2025-02-10T12:15:00.000Z,2906.42,2906.94,2903.95,2904.45,5113
2025-02-10T12:30:00.000Z,2904.29,2906.21,2902.73,2903.7,4753
2025-02-10T12:45:00.000Z,2903.69,2906.87,2902.65,2902.92,4068
2025-02-10T13:00:00.000Z,2902.87,2905.66,2901.11,2904.93,7689
2025-02-10T13:15:00.000Z,2904.89,2910.88,2902.32,2903.24,8906
2025-02-10T13:30:00.000Z,2903.28,2904.17,2899.95,2900.28,8124
2025-02-10T13:45:00.000Z,2900.27,2904.07,2899.75,2901.08,6581
2025-02-10T14:00:00.000Z,2901.07,2901.65,2896.35,2900.55,7391
2025-02-10T14:15:00.000Z,2900.54,2904.94,2899.78,2904.42,6681
2025-02-10T14:30:00.000Z,2904.4,2906.75,2901.69,2905.77,7821
2025-02-10T14:45:00.000Z,2905.66,2909.24,2904.76,2908.62,8084
2025-02-10T15:00:00.000Z,2908.64,2909.89,2904.4,2909.79,6742
2025-02-10T15:15:00.000Z,2909.8,2911.19,2907.73,2908.12,5274
2025-02-10T15:30:00.000Z,2908.31,2911.57,2905.93,2907.98,5888
2025-02-10T15:45:00.000Z,2907.99,2909.49,2904.89,2908.93,4947
2025-02-10T16:00:00.000Z,2908.95,2910.26,2907.31,2908.14,5251
2025-02-10T16:15:00.000Z,2908.13,2908.2,2904.19,2905.77,5334
2025-02-10T16:30:00.000Z,2905.76,2906.6,2902.77,2903.45,3592
2025-02-10T16:45:00.000Z,2903.44,2903.74,2899.26,2901.03,4123
2025-02-10T17:00:00.000Z,2901.03,2902.99,2899.84,2901.17,4084
2025-02-10T17:15:00.000Z,2901.12,2901.39,2898.03,2899.17,3959
2025-02-10T17:30:00.000Z,2899.15,2902.08,2896.61,2901.69,4592
2025-02-10T17:45:00.000Z,2901.7,2904.26,2899.95,2903.14,4731
2025-02-10T18:00:00.000Z,2903.12,2904.43,2900.8,2903.81,3836
2025-02-10T18:15:00.000Z,2903.77,2906.77,2903.77,2906.06,4729
2025-02-10T18:30:00.000Z,2906.08,2906.81,2904.73,2905.9,3868
2025-02-10T18:45:00.000Z,2905.89,2905.99,2904.56,2905.06,3203
2025-02-10T19:00:00.000Z,2905.06,2906.58,2904.76,2904.87,2970
2025-02-10T19:15:00.000Z,2904.88,2905.85,2903.66,2904.17,2998
2025-02-10T19:30:00.000Z,2904.16,2904.93,2902.43,2904.77,3667
2025-02-10T19:45:00.000Z,2904.78,2905.13,2903.2,2904.29,3028
2025-02-10T20:00:00.000Z,2904.3,2904.73,2903.24,2904.44,3028
2025-02-10T20:15:00.000Z,2904.44,2905.45,2902.98,2903.18,2589
2025-02-10T20:30:00.000Z,2903.17,2904.26,2902.86,2903.72,3058
2025-02-10T20:45:00.000Z,2903.74,2907.75,2903.71,2907.32,3647
2025-02-10T21:00:00.000Z,2907.19,2907.19,2906.07,2906.37,1815
2025-02-10T21:15:00.000Z,2906.36,2906.65,2905.27,2905.94,1973
2025-02-10T21:30:00.000Z,2905.96,2908.15,2905.78,2907.66,1967
2025-02-10T21:45:00.000Z,2907.67,2907.9,2906.94,2907.4,1432
2025-02-10T23:00:00.000Z,2907.76,2913.19,2907.3,2911.07,1735
2025-02-10T23:15:00.000Z,2911.06,2912.5,2909.58,2912.03,1385
2025-02-10T23:30:00.000Z,2911.93,2921.5,2911.39,2921.46,3260
2025-02-10T23:45:00.000Z,2921.46,2921.55,2916.98,2917.67,2403
2025-02-11T00:00:00.000Z,2917.79,2918.69,2916.35,2918.37,2063
2025-02-11T00:15:00.000Z,2918.34,2919,2918.02,2918.33,1134
2025-02-11T00:30:00.000Z,2918.32,2920.72,2917.39,2920.52,1539
2025-02-11T00:45:00.000Z,2920.56,2925.13,2919.76,2922.33,3818
2025-02-11T01:00:00.000Z,2922.32,2931.43,2919.63,2930.2,6725
2025-02-11T01:15:00.000Z,2930.29,2932.27,2927.31,2927.94,5507
2025-02-11T01:30:00.000Z,2927.81,2931.81,2927.19,2931.71,4719
2025-02-11T01:45:00.000Z,2931.74,2936.06,2929.04,2933.81,5368
2025-02-11T02:00:00.000Z,2933.82,2942.46,2933.51,2939.67,5808
2025-02-11T02:15:00.000Z,2939.65,2942.59,2937.5,2939.78,4554
2025-02-11T02:30:00.000Z,2939.94,2941.42,2905.95,2917.19,10511
2025-02-11T02:45:00.000Z,2917.16,2924.06,2913.74,2918.77,7544
2025-02-11T03:00:00.000Z,2918.7,2919.09,2911.49,2915.62,6799
2025-02-11T03:15:00.000Z,2915.57,2923.1,2914.88,2922.49,5651
2025-02-11T03:30:00.000Z,2922.52,2925.65,2921.55,2924.65,3871
2025-02-11T03:45:00.000Z,2924.69,2924.89,2917.09,2919.65,4694
2025-02-11T04:00:00.000Z,2919.67,2920.6,2917.98,2919.46,2844
2025-02-11T04:15:00.000Z,2919.47,2920.78,2918.38,2919.49,3366
2025-02-11T04:30:00.000Z,2919.53,2919.62,2918.13,2918.78,4279
2025-02-11T04:45:00.000Z,2918.77,2918.83,2914.96,2916.4,2697
2025-02-11T05:00:00.000Z,2916.26,2918.78,2915.27,2918.77,3046
2025-02-11T05:15:00.000Z,2918.8,2919.68,2917.4,2918.77,3677
2025-02-11T05:30:00.000Z,2918.79,2922.94,2917.67,2922.66,4898
2025-02-11T05:45:00.000Z,2922.62,2923.71,2921.53,2922.84,4028
2025-02-11T06:00:00.000Z,2922.84,2929.39,2922.78,2926.11,5540
2025-02-11T06:15:00.000Z,2926.1,2926.38,2921,2922.04,4392
2025-02-11T06:30:00.000Z,2922.06,2923.35,2915.33,2917.59,4650
2025-02-11T06:45:00.000Z,2917.48,2918.6,2915.35,2917.75,6043
2025-02-11T07:00:00.000Z,2917.86,2918.37,2912.65,2918.29,5500
2025-02-11T07:15:00.000Z,2918.31,2918.31,2910.7,2911.01,4892
2025-02-11T07:30:00.000Z,2911,2911.74,2907.19,2910.28,6237
2025-02-11T07:45:00.000Z,2910.31,2913.43,2908.55,2913.35,4814
2025-02-11T08:00:00.000Z,2913.13,2915.26,2910.43,2911.29,4083
2025-02-11T08:15:00.000Z,2911.35,2914.25,2908.99,2914.1,4316
2025-02-11T08:30:00.000Z,2914.02,2914.42,2909.96,2911.43,4540
2025-02-11T08:45:00.000Z,2911.42,2912.57,2907,2907.36,3478
2025-02-11T09:00:00.000Z,2907.31,2912.31,2904.83,2910.75,5413
2025-02-11T09:15:00.000Z,2910.76,2911.08,2908.87,2909.94,5114
2025-02-11T09:30:00.000Z,2909.76,2909.84,2903.72,2904.38,6086
2025-02-11T09:45:00.000Z,2904.48,2907,2902.93,2903.09,3916
2025-02-11T10:00:00.000Z,2902.94,2907.03,2901.82,2905.8,4638
2025-02-11T10:15:00.000Z,2905.94,2906.46,2903.84,2905.31,4139
2025-02-11T10:30:00.000Z,2905.32,2907.03,2902.21,2903.2,4217
2025-02-11T10:45:00.000Z,2903.17,2904.23,2901.91,2902.63,4695
2025-02-11T11:00:00.000Z,2902.64,2906.25,2902.2,2905.65,3927
2025-02-11T11:15:00.000Z,2905.65,2906.38,2904.37,2904.91,3341
2025-02-11T11:30:00.000Z,2904.95,2905.59,2902.8,2903.79,4037
2025-02-11T11:45:00.000Z,2903.82,2906.63,2903.65,2903.82,4967
2025-02-11T12:00:00.000Z,2903.8,2904.18,2898.13,2900.36,6604
2025-02-11T12:15:00.000Z,2900.32,2903.36,2898.77,2899.51,5827
2025-02-11T12:30:00.000Z,2899.7,2901.64,2897.89,2898.76,5558
2025-02-11T12:45:00.000Z,2898.92,2899.98,2886.86,2889.31,7657
2025-02-11T13:00:00.000Z,2889.16,2890.53,2883.74,2884.63,9831
2025-02-11T13:15:00.000Z,2884.62,2890.31,2881.59,2889.71,8480
2025-02-11T13:30:00.000Z,2889.91,2896.35,2887.95,2895.21,8290
2025-02-11T13:45:00.000Z,2895.05,2898.17,2891.81,2896.52,7536
2025-02-11T14:00:00.000Z,2896.51,2902.17,2894.97,2898.5,9161
2025-02-11T14:15:00.000Z,2898.52,2900.94,2896.46,2900.81,6737
2025-02-11T14:30:00.000Z,2900.61,2904.28,2898.94,2902.62,8463
2025-02-11T14:45:00.000Z,2902.64,2903.27,2895.84,2896.68,7396
2025-02-11T15:00:00.000Z,2896.69,2901.95,2890.78,2901,7675
2025-02-11T15:15:00.000Z,2900.9,2901.18,2896.65,2898.09,6340
2025-02-11T15:30:00.000Z,2898.04,2904.61,2896.72,2903.88,6441
2025-02-11T15:45:00.000Z,2903.87,2906.52,2903.81,2904.69,5673
2025-02-11T16:00:00.000Z,2904.68,2906.67,2903.21,2906.43,5625
2025-02-11T16:15:00.000Z,2906.28,2908.6,2905.6,2906.8,5866
2025-02-11T16:30:00.000Z,2906.83,2906.94,2903.31,2903.9,5646
2025-02-11T16:45:00.000Z,2903.83,2905.41,2902.24,2902.34,4604
2025-02-11T17:00:00.000Z,2902.27,2902.27,2899.67,2901.04,5652
2025-02-11T17:15:00.000Z,2901.06,2905.37,2900.82,2905.37,4379
2025-02-11T17:30:00.000Z,2905.34,2906.71,2904.7,2905.95,4328
2025-02-11T17:45:00.000Z,2905.96,2907.3,2905.38,2905.56,4176
2025-02-11T18:00:00.000Z,2905.57,2907.17,2904.26,2905.52,4931
2025-02-11T18:15:00.000Z,2905.52,2906.5,2903.25,2904.43,4754
2025-02-11T18:30:00.000Z,2904.48,2906.46,2904.25,2905.75,3464
2025-02-11T18:45:00.000Z,2905.74,2906.49,2905.4,2905.91,3280
2025-02-11T19:00:00.000Z,2905.94,2906.44,2904.15,2904.3,3152
2025-02-11T19:15:00.000Z,2904.32,2904.6,2900.55,2901.54,3819
2025-02-11T19:30:00.000Z,2901.53,2903.36,2900.32,2901.69,3939
2025-02-11T19:45:00.000Z,2901.66,2901.76,2899.65,2900.12,4231
2025-02-11T20:00:00.000Z,2900.11,2900.41,2898.17,2898.19,4201
2025-02-11T20:15:00.000Z,2898.18,2898.3,2894.31,2895.45,4491
2025-02-11T20:30:00.000Z,2895.43,2896.82,2894.04,2896.59,4380
2025-02-11T20:45:00.000Z,2896.6,2898.22,2896.46,2897.59,4782
2025-02-11T21:00:00.000Z,2897.58,2898.8,2897.4,2897.82,1859
2025-02-11T21:15:00.000Z,2897.81,2899.25,2897.78,2898.82,1966
2025-02-11T21:30:00.000Z,2898.8,2898.82,2897.79,2898.41,1404
2025-02-11T21:45:00.000Z,2898.46,2899.55,2897.07,2897.15,1266
2025-02-11T23:00:00.000Z,2898.11,2898.5,2896.89,2897.97,802
2025-02-11T23:15:00.000Z,2897.93,2900.02,2897.92,2899.6,989
2025-02-11T23:30:00.000Z,2899.73,2900.53,2899,2900.35,659
2025-02-11T23:45:00.000Z,2900.42,2900.63,2898.34,2898.56,1422
2025-02-12T00:00:00.000Z,2898.79,2898.79,2895.06,2897.32,1851
2025-02-12T00:15:00.000Z,2897.34,2897.73,2895.01,2895.51,1167
2025-02-12T00:30:00.000Z,2895.55,2895.96,2893.17,2893.28,1326
2025-02-12T00:45:00.000Z,2893.34,2893.78,2889.07,2892.11,3186
2025-02-12T01:00:00.000Z,2892.1,2897.58,2890.81,2891.42,5263
2025-02-12T01:15:00.000Z,2891.41,2893.64,2889.33,2891.83,4567
2025-02-12T01:30:00.000Z,2891.87,2894.61,2883.48,2893.76,7301
2025-02-12T01:45:00.000Z,2893.75,2895.78,2892.4,2893.19,3645
2025-02-12T02:00:00.000Z,2893.13,2895.63,2892.62,2894.84,4186
2025-02-12T02:15:00.000Z,2894.85,2896.22,2893.43,2896,3007
2025-02-12T02:30:00.000Z,2895.95,2897.92,2893.75,2895.23,5084
2025-02-12T02:45:00.000Z,2895.22,2897.02,2891.81,2892.35,3350
2025-02-12T03:00:00.000Z,2892.34,2892.9,2887.68,2888.05,5274
2025-02-12T03:15:00.000Z,2888.08,2891.59,2887.24,2889.75,4175
2025-02-12T03:30:00.000Z,2889.68,2889.99,2887.02,2888.11,2994
2025-02-12T03:45:00.000Z,2888.13,2889.31,2886.68,2888.88,2219
2025-02-12T04:00:00.000Z,2888.72,2888.72,2887.7,2888.54,2046
2025-02-12T04:15:00.000Z,2888.52,2890.37,2888.25,2889.56,2272
2025-02-12T04:30:00.000Z,2889.57,2889.75,2885.07,2886.64,2453
2025-02-12T04:45:00.000Z,2886.65,2887.9,2884.01,2885.26,3279
2025-02-12T05:00:00.000Z,2885.37,2886.21,2884.08,2884.91,2503
2025-02-12T05:15:00.000Z,2884.91,2885.81,2883.75,2885.46,2909
2025-02-12T05:30:00.000Z,2885.43,2887.66,2884.65,2887.3,3577
2025-02-12T05:45:00.000Z,2887.31,2887.94,2885.72,2886.3,3518
2025-02-12T06:00:00.000Z,2886.31,2891.74,2885.6,2891.2,4099
2025-02-12T06:15:00.000Z,2891.19,2894.6,2888.8,2890.14,4419
2025-02-12T06:30:00.000Z,2890.3,2890.72,2886.83,2888.02,2790
2025-02-12T06:45:00.000Z,2888.05,2894.22,2887.69,2892.51,3592
2025-02-12T07:00:00.000Z,2892.55,2895.4,2891.71,2893.64,4699
2025-02-12T07:15:00.000Z,2893.68,2895.75,2891.79,2894.57,4680
2025-02-12T07:30:00.000Z,2894.55,2895.04,2890.82,2892.95,3107
2025-02-12T07:45:00.000Z,2892.9,2894.01,2892.38,2892.89,3253
2025-02-12T08:00:00.000Z,2893,2893.68,2888.38,2890.02,4914
2025-02-12T08:15:00.000Z,2890.01,2892.08,2887.92,2891.55,4096
2025-02-12T08:30:00.000Z,2891.41,2894.04,2891.08,2893.03,3333
2025-02-12T08:45:00.000Z,2893.07,2893.07,2890.64,2891.65,4037
2025-02-12T09:00:00.000Z,2891.64,2892.92,2890.15,2891.32,4270
2025-02-12T09:15:00.000Z,2891.3,2893.32,2889.5,2889.5,4150
2025-02-12T09:30:00.000Z,2889.47,2891.07,2888.7,2890.38,3340
2025-02-12T09:45:00.000Z,2890.34,2890.53,2886.31,2886.77,3779
2025-02-12T10:00:00.000Z,2886.77,2888.54,2886.36,2887.15,2578
2025-02-12T10:15:00.000Z,2887.13,2889.7,2886.71,2889.59,3097
2025-02-12T10:30:00.000Z,2889.61,2889.83,2879.36,2881.06,6065
2025-02-12T10:45:00.000Z,2881.13,2885.73,2881.09,2882.77,3851
2025-02-12T11:00:00.000Z,2882.76,2883.88,2879.61,2880.37,3391
2025-02-12T11:15:00.000Z,2880.36,2881.74,2879.81,2880.93,4040
2025-02-12T11:30:00.000Z,2880.94,2885.89,2880.94,2883.57,3133
2025-02-12T11:45:00.000Z,2883.53,2883.56,2879.3,2879.6,2642
2025-02-12T12:00:00.000Z,2879.58,2882.97,2878.89,2881.86,4037
2025-02-12T12:15:00.000Z,2881.88,2883.97,2881.02,2882.75,3100
2025-02-12T12:30:00.000Z,2882.79,2884.41,2880.76,2881.79,4099
2025-02-12T12:45:00.000Z,2881.78,2885.91,2881.7,2885.23,4082
2025-02-12T13:00:00.000Z,2885.24,2885.7,2876.64,2878.77,6192
2025-02-12T13:15:00.000Z,2878.78,2879.85,2873.19,2877.08,7847
2025-02-12T13:30:00.000Z,2877.16,2877.17,2864.15,2871.36,10374
2025-02-12T13:45:00.000Z,2871.35,2885.62,2870.64,2884.73,8759
2025-02-12T14:00:00.000Z,2884.76,2894.33,2881.93,2893.73,8687
2025-02-12T14:15:00.000Z,2893.65,2896.2,2890.05,2895.61,7663
2025-02-12T14:30:00.000Z,2895.7,2898.03,2892.48,2893.31,7392
2025-02-12T14:45:00.000Z,2893.25,2896,2889.64,2894.57,6731
2025-02-12T15:00:00.000Z,2894.58,2894.81,2886.81,2888.84,6859
2025-02-12T15:15:00.000Z,2888.85,2894.54,2887.71,2892.35,6153
2025-02-12T15:30:00.000Z,2892.26,2895.62,2891.98,2894.74,6090
2025-02-12T15:45:00.000Z,2894.86,2895.95,2892.84,2894.68,6250
2025-02-12T16:00:00.000Z,2894.67,2896.46,2892.06,2893.95,5905
2025-02-12T16:15:00.000Z,2894.08,2894.48,2892.16,2893.66,5385
2025-02-12T16:30:00.000Z,2893.67,2897.32,2892.91,2897.29,4558
2025-02-12T16:45:00.000Z,2897.3,2904.45,2896.87,2902.46,5271
2025-02-12T17:00:00.000Z,2902.4,2909.14,2902.39,2908.73,5963
2025-02-12T17:15:00.000Z,2908.66,2908.74,2903.29,2905.61,5181
2025-02-12T17:30:00.000Z,2905.56,2906.71,2901.88,2902.76,4105
2025-02-12T17:45:00.000Z,2902.75,2904.29,2901.91,2902.79,4137
2025-02-12T18:00:00.000Z,2902.79,2903.76,2900.81,2902.2,4872
2025-02-12T18:15:00.000Z,2902.21,2903.01,2900.93,2902,4677
2025-02-12T18:30:00.000Z,2901.97,2903.19,2901.12,2901.62,3961
2025-02-12T18:45:00.000Z,2901.61,2902.66,2900.4,2900.92,3071
2025-02-12T19:00:00.000Z,2901.08,2901.67,2896.82,2897.87,3591
2025-02-12T19:15:00.000Z,2897.9,2898.41,2893.49,2894.98,3659
2025-02-12T19:30:00.000Z,2894.92,2896.62,2894.02,2895.09,3462
2025-02-12T19:45:00.000Z,2895.05,2899.03,2894.96,2897.85,3786
2025-02-12T20:00:00.000Z,2897.86,2897.86,2895.47,2897.75,2925
2025-02-12T20:15:00.000Z,2897.76,2900.14,2897.44,2899.69,2373
2025-02-12T20:30:00.000Z,2899.68,2900.95,2899.47,2900.45,2781
2025-02-12T20:45:00.000Z,2900.48,2901.29,2899.5,2900.96,3727
2025-02-12T21:00:00.000Z,2900.95,2901.55,2900.11,2900.94,2926
2025-02-12T21:15:00.000Z,2900.96,2903.74,2900.94,2902.84,3936
2025-02-12T21:30:00.000Z,2902.82,2903.07,2901.91,2902.82,2057
2025-02-12T21:45:00.000Z,2902.83,2904.06,2902.75,2903.42,2324
2025-02-12T23:00:00.000Z,2903.94,2904.99,2903.9,2903.99,1017
2025-02-12T23:15:00.000Z,2904.04,2904.16,2901.78,2901.88,552
2025-02-12T23:30:00.000Z,2901.97,2902.31,2900.47,2901.76,1029
2025-02-12T23:45:00.000Z,2901.77,2906.47,2901.67,2905.7,1771
2025-02-13T00:00:00.000Z,2905.76,2908.38,2904.42,2907.84,1482
2025-02-13T00:15:00.000Z,2907.85,2908.4,2904.45,2906.48,1883
2025-02-13T00:30:00.000Z,2906.33,2908.9,2906.04,2908.76,1266
2025-02-13T00:45:00.000Z,2908.7,2909.07,2905.82,2906.19,2293
2025-02-13T01:00:00.000Z,2906.14,2906.94,2903.25,2905.6,3842
2025-02-13T01:15:00.000Z,2905.57,2906.48,2901.51,2902.33,3446
2025-02-13T01:30:00.000Z,2902.34,2904.55,2901.41,2904.15,3505
2025-02-13T01:45:00.000Z,2904.23,2907.31,2904.06,2905.95,2804
2025-02-13T02:00:00.000Z,2906,2907.19,2905.25,2906.2,3404
2025-02-13T02:15:00.000Z,2906.24,2907.48,2906.21,2907.05,2130
2025-02-13T02:30:00.000Z,2907.03,2908.94,2906.84,2908.05,3739
2025-02-13T02:45:00.000Z,2908.07,2908.96,2906.61,2908.8,3316
2025-02-13T03:00:00.000Z,2908.79,2909.02,2907.19,2908.63,2409
2025-02-13T03:15:00.000Z,2908.64,2917.21,2908.59,2914.87,4332
2025-02-13T03:30:00.000Z,2914.92,2917.69,2914.05,2916.6,2864
2025-02-13T03:45:00.000Z,2916.62,2918,2916.13,2916.49,1688
2025-02-13T04:00:00.000Z,2916.46,2918.58,2916.24,2918.47,2823
2025-02-13T04:15:00.000Z,2918.5,2918.5,2916.19,2917.61,2005
2025-02-13T04:30:00.000Z,2917.62,2918.77,2916.47,2917.23,2191
2025-02-13T04:45:00.000Z,2917.24,2919.16,2916.68,2918.53,1708
2025-02-13T05:00:00.000Z,2918.63,2920.38,2917.69,2919.84,1894
2025-02-13T05:15:00.000Z,2919.83,2922.75,2919.76,2922.33,2072
2025-02-13T05:30:00.000Z,2922.4,2922.42,2920.08,2920.83,2118
2025-02-13T05:45:00.000Z,2920.81,2920.93,2916.39,2918.07,3847
2025-02-13T06:00:00.000Z,2917.91,2918.71,2914.39,2917.21,4029
2025-02-13T06:15:00.000Z,2917.23,2917.77,2915.18,2916.04,3522
2025-02-13T06:30:00.000Z,2916.02,2916.02,2912.51,2913.97,4447
2025-02-13T06:45:00.000Z,2913.96,2916.29,2913.51,2916.07,2652
2025-02-13T07:00:00.000Z,2916.04,2917.51,2914.24,2916.54,2255
2025-02-13T07:15:00.000Z,2916.5,2917.95,2914.45,2916.21,3540
2025-02-13T07:30:00.000Z,2916.26,2920.77,2913.18,2915.72,5659
2025-02-13T07:45:00.000Z,2915.97,2918.56,2914.5,2914.61,4082
2025-02-13T08:00:00.000Z,2914.63,2917.99,2910.76,2910.81,4929
2025-02-13T08:15:00.000Z,2910.77,2915.47,2910.6,2912.26,5094
2025-02-13T08:30:00.000Z,2912.22,2913.94,2909.31,2911.71,3466
2025-02-13T08:45:00.000Z,2911.62,2913.45,2910.55,2911.66,2954
2025-02-13T09:00:00.000Z,2911.72,2914.03,2909.81,2912.73,3394
2025-02-13T09:15:00.000Z,2912.67,2914.61,2912.37,2913.7,2995
2025-02-13T09:30:00.000Z,2913.69,2915.09,2912.91,2914.05,2204
2025-02-13T09:45:00.000Z,2914.08,2918.28,2914.06,2915.21,3273
2025-02-13T10:00:00.000Z,2915.19,2917.94,2913.81,2917.04,1968
2025-02-13T10:15:00.000Z,2917.04,2918.12,2915.33,2915.86,1564
2025-02-13T10:30:00.000Z,2915.92,2918.28,2915.25,2918.21,2344
2025-02-13T10:45:00.000Z,2918.21,2919.41,2917.14,2918.01,2550
2025-02-13T11:00:00.000Z,2917.92,2918.19,2916.58,2917.62,2805
2025-02-13T11:15:00.000Z,2917.61,2918.29,2915.72,2916.7,2410
2025-02-13T11:30:00.000Z,2916.71,2918.1,2916.26,2917.76,2671
2025-02-13T11:45:00.000Z,2917.76,2918.12,2915.4,2918.02,5317
2025-02-13T12:00:00.000Z,2917.98,2920.26,2915.67,2919.34,3326
2025-02-13T12:15:00.000Z,2919.28,2919.58,2917.18,2917.86,2408
2025-02-13T12:30:00.000Z,2917.89,2921.34,2917.88,2919.59,3316
2025-02-13T12:45:00.000Z,2919.58,2920.09,2917.12,2917.64,3018
2025-02-13T13:00:00.000Z,2917.71,2917.86,2912.89,2915.32,6245
2025-02-13T13:15:00.000Z,2915.33,2916.62,2911.01,2911.14,5324
2025-02-13T13:30:00.000Z,2911.52,2917.71,2908.32,2912.64,8281
2025-02-13T13:45:00.000Z,2912.58,2913.04,2905.98,2908.37,6689
2025-02-13T14:00:00.000Z,2908.41,2912.9,2906.55,2911.6,6335
2025-02-13T14:15:00.000Z,2911.58,2913.65,2909.01,2909.3,5896
2025-02-13T14:30:00.000Z,2909.33,2916.33,2907.78,2914.3,7191
2025-02-13T14:45:00.000Z,2914.22,2917.35,2913.28,2915.07,5612
2025-02-13T15:00:00.000Z,2915.13,2919.1,2914.52,2918.73,6649
2025-02-13T15:15:00.000Z,2918.78,2919.69,2915.81,2916.09,5057
2025-02-13T15:30:00.000Z,2916.1,2919.87,2915.41,2917.05,5517
2025-02-13T15:45:00.000Z,2917.05,2920.93,2916.72,2920.25,5057
2025-02-13T16:00:00.000Z,2920.23,2920.8,2918.72,2919.85,4225
2025-02-13T16:15:00.000Z,2919.8,2919.8,2916.55,2917.78,4269
2025-02-13T16:30:00.000Z,2917.76,2917.86,2915.56,2916.44,4057
2025-02-13T16:45:00.000Z,2916.45,2916.47,2912.98,2913.84,3761
2025-02-13T17:00:00.000Z,2913.69,2916.79,2913.5,2916.24,3328
2025-02-13T17:15:00.000Z,2916.15,2917.2,2914.76,2916.31,2830
2025-02-13T17:30:00.000Z,2916.31,2917.14,2914.69,2916.27,3021
2025-02-13T17:45:00.000Z,2916.27,2919.08,2916.03,2918.88,4906
2025-02-13T18:00:00.000Z,2918.84,2918.84,2915.87,2915.87,3598
2025-02-13T18:15:00.000Z,2915.71,2917.64,2914.78,2917.08,4362
2025-02-13T18:30:00.000Z,2917.05,2919.68,2914.24,2918.06,4634
2025-02-13T18:45:00.000Z,2917.9,2925.23,2917.44,2924.05,5382
2025-02-13T19:00:00.000Z,2924.04,2926.55,2923.84,2926.33,3981
2025-02-13T19:15:00.000Z,2926.41,2927.17,2924.47,2926.42,2807
2025-02-13T19:30:00.000Z,2926.45,2927.07,2925.73,2926.39,2399
2025-02-13T19:45:00.000Z,2926.4,2927.28,2925.29,2926.78,2496
2025-02-13T20:00:00.000Z,2926.81,2926.81,2925.21,2926.23,2348
2025-02-13T20:15:00.000Z,2926.22,2928.8,2925.63,2925.94,3008
2025-02-13T20:30:00.000Z,2925.95,2928.63,2925.65,2928.02,4051
2025-02-13T20:45:00.000Z,2928.11,2928.95,2924.82,2928.41,4232
2025-02-13T21:00:00.000Z,2928.53,2928.97,2928.2,2928.44,1149
2025-02-13T21:15:00.000Z,2928.43,2928.94,2927.99,2928.34,1242
2025-02-13T21:30:00.000Z,2928.35,2929.22,2928.12,2929.06,1673
2025-02-13T21:45:00.000Z,2929.02,2929.29,2927.86,2927.87,1748
2025-02-13T23:00:00.000Z,2927.51,2928.74,2927.22,2928.15,1150
2025-02-13T23:15:00.000Z,2928.07,2931.25,2928.03,2930.78,1215
2025-02-13T23:30:00.000Z,2930.68,2932.25,2930.56,2931.14,1612
2025-02-13T23:45:00.000Z,2931.15,2932.05,2930.7,2931.06,1383
2025-02-14T00:00:00.000Z,2931.02,2931.27,2927.42,2927.77,1912
2025-02-14T00:15:00.000Z,2927.76,2929.19,2927.5,2928.37,2304
2025-02-14T00:30:00.000Z,2928.26,2929.13,2927.73,2928.29,1376
2025-02-14T00:45:00.000Z,2928.4,2928.62,2927.67,2927.76,818
2025-02-14T01:00:00.000Z,2927.87,2933.3,2927.8,2931.45,4077
2025-02-14T01:15:00.000Z,2931.49,2933.78,2930.77,2931.48,3961
2025-02-14T01:30:00.000Z,2931.5,2932.46,2929.96,2930.24,2944
2025-02-14T01:45:00.000Z,2930.24,2931.81,2928.4,2929.87,3485
2025-02-14T02:00:00.000Z,2929.89,2930.46,2926.69,2928.02,3083
2025-02-14T02:15:00.000Z,2928,2928.33,2925.83,2927.57,2395
2025-02-14T02:30:00.000Z,2927.61,2928.52,2926.15,2927.03,2734
2025-02-14T02:45:00.000Z,2927.04,2928.45,2926.81,2927.29,2573
2025-02-14T03:00:00.000Z,2927.28,2929.98,2927.21,2928.96,2395
2025-02-14T03:15:00.000Z,2928.97,2930.29,2928.22,2928.77,2502
2025-02-14T03:30:00.000Z,2928.66,2928.94,2923.29,2924.13,2249
2025-02-14T03:45:00.000Z,2924.29,2925.76,2923.24,2924.38,2736
2025-02-14T04:00:00.000Z,2924.36,2926.03,2923.83,2924.83,1829
2025-02-14T04:15:00.000Z,2924.82,2927.27,2924.82,2926.33,1735
2025-02-14T04:30:00.000Z,2926.24,2927.34,2925.87,2927.19,1506
2025-02-14T04:45:00.000Z,2927.22,2929.11,2926.96,2928.35,2513
2025-02-14T05:00:00.000Z,2928.36,2929.13,2927.76,2928.64,1909
2025-02-14T05:15:00.000Z,2928.55,2929.24,2928.13,2928.42,2396
2025-02-14T05:30:00.000Z,2928.43,2929.89,2926.77,2929.81,3547
2025-02-14T05:45:00.000Z,2929.85,2932.33,2929.34,2930.85,2965
2025-02-14T06:00:00.000Z,2930.86,2932.81,2929.76,2931.27,3872
2025-02-14T06:15:00.000Z,2931.24,2933.37,2930.77,2933.05,4362
2025-02-14T06:30:00.000Z,2933.1,2936.46,2932.48,2936.46,3818
2025-02-14T06:45:00.000Z,2936.45,2936.75,2933.1,2934.25,4311
2025-02-14T07:00:00.000Z,2934.21,2934.27,2932.05,2933.13,3087
2025-02-14T07:15:00.000Z,2933.13,2933.83,2930.56,2932.17,3630
2025-02-14T07:30:00.000Z,2932.11,2934.32,2931.93,2932.94,3114
2025-02-14T07:45:00.000Z,2933.02,2935.07,2930.84,2931.78,3244
2025-02-14T08:00:00.000Z,2931.62,2936.13,2930.76,2936.13,3261
2025-02-14T08:15:00.000Z,2936.13,2938.46,2935.16,2936.52,4321
2025-02-14T08:30:00.000Z,2936.56,2937.07,2933.84,2934.42,3317
2025-02-14T08:45:00.000Z,2934.44,2936.02,2933.4,2935.34,3352
2025-02-14T09:00:00.000Z,2935.3,2937.66,2934.61,2937.58,3783
2025-02-14T09:15:00.000Z,2937.45,2938.24,2936.3,2937.83,2836
2025-02-14T09:30:00.000Z,2937.81,2938.74,2934.13,2934.42,3157
2025-02-14T09:45:00.000Z,2934.41,2935.54,2934.09,2935.22,3408
2025-02-14T10:00:00.000Z,2935.24,2937.13,2934.31,2935.74,3514
2025-02-14T10:15:00.000Z,2935.73,2939.53,2935.47,2938.92,4890
2025-02-14T10:30:00.000Z,2938.94,2939.98,2936.7,2937.1,3139
2025-02-14T10:45:00.000Z,2937.09,2937.29,2935.08,2935.9,3207
2025-02-14T11:00:00.000Z,2935.94,2937.53,2933.44,2935.26,3231
2025-02-14T11:15:00.000Z,2935.29,2936.18,2934.09,2934.16,2371
2025-02-14T11:30:00.000Z,2934.17,2934.82,2933.47,2933.91,2564
2025-02-14T11:45:00.000Z,2933.86,2933.86,2929.27,2930.97,3317
2025-02-14T12:00:00.000Z,2930.93,2931.44,2929.16,2930.96,4033
2025-02-14T12:15:00.000Z,2930.91,2933.06,2930.91,2932.02,3216
2025-02-14T12:30:00.000Z,2932.03,2932.35,2927.73,2929.2,3620
2025-02-14T12:45:00.000Z,2929.1,2931.35,2929.04,2930.8,3806
2025-02-14T13:00:00.000Z,2930.78,2931.51,2926.13,2927.5,6131
2025-02-14T13:15:00.000Z,2927.69,2930.75,2926.25,2927.27,6829
2025-02-14T13:30:00.000Z,2927.26,2933.05,2917.87,2917.95,8611
2025-02-14T13:45:00.000Z,2917.96,2922.72,2917.66,2920.56,8517
2025-02-14T14:00:00.000Z,2920.54,2923.51,2914.23,2922.17,9437
2025-02-14T14:15:00.000Z,2922.11,2928.06,2921.52,2926.69,7621
2025-02-14T14:30:00.000Z,2926.67,2928.3,2921.54,2923.31,8123
2025-02-14T14:45:00.000Z,2923.29,2924.39,2918.53,2920.94,7516
2025-02-14T15:00:00.000Z,2921,2921.8,2914.4,2914.41,8090
2025-02-14T15:15:00.000Z,2914.4,2915.68,2897.44,2900.33,10386
2025-02-14T15:30:00.000Z,2900.55,2906.98,2892.95,2905.29,9576
2025-02-14T15:45:00.000Z,2905.3,2906.14,2900.29,2901.89,8377
2025-02-14T16:00:00.000Z,2901.71,2903.83,2898.61,2900.1,7575
2025-02-14T16:15:00.000Z,2900.07,2901.04,2892.86,2893.45,7920
2025-02-14T16:30:00.000Z,2893.44,2896.05,2891.14,2892.29,7074
2025-02-14T16:45:00.000Z,2892.28,2897.17,2888.51,2895.99,7922
2025-02-14T17:00:00.000Z,2896.08,2897.56,2892.52,2893.62,5814
2025-02-14T17:15:00.000Z,2893.62,2895.18,2892.85,2893.23,5672
2025-02-14T17:30:00.000Z,2893,2894.05,2885.75,2887.35,5629
2025-02-14T17:45:00.000Z,2887.34,2888.55,2885.44,2887.02,6547
2025-02-14T18:00:00.000Z,2887.03,2887.37,2883.77,2884.47,5038
2025-02-14T18:15:00.000Z,2884.25,2887.97,2884.21,2886.16,5585
2025-02-14T18:30:00.000Z,2886.51,2886.53,2882.21,2883.16,4783
2025-02-14T18:45:00.000Z,2883.15,2884.82,2882.13,2883.87,3208
2025-02-14T19:00:00.000Z,2883.94,2886.03,2883.88,2884.71,3271
2025-02-14T19:15:00.000Z,2884.61,2884.71,2882.07,2883.12,3048
2025-02-14T19:30:00.000Z,2883.17,2883.26,2881.68,2882.3,3135
2025-02-14T19:45:00.000Z,2882.25,2882.53,2878.78,2880.57,3735
2025-02-14T20:00:00.000Z,2880.55,2881.43,2880.26,2880.61,3099
2025-02-14T20:15:00.000Z,2880.62,2882.94,2880,2882.25,3072
2025-02-14T20:30:00.000Z,2882.26,2882.3,2876.89,2878.91,4335
2025-02-14T20:45:00.000Z,2878.92,2886.17,2878.21,2885.25,6103
2025-02-14T21:00:00.000Z,2885.26,2885.54,2883.23,2883.8,2760
2025-02-14T21:15:00.000Z,2883.78,2883.99,2882.45,2883.23,1847
2025-02-14T21:30:00.000Z,2883.27,2883.34,2882.08,2882.74,1463
2025-02-14T21:45:00.000Z,2882.72,2883.27,2882.3,2882.54,1156
2025-02-16T23:00:00.000Z,2881.81,2894.02,2881.81,2893.26,3609
2025-02-16T23:15:00.000Z,2893.16,2893.5,2880.61,2883.29,3693
2025-02-16T23:30:00.000Z,2883.12,2883.12,2879.34,2881.5,2841
2025-02-16T23:45:00.000Z,2881.39,2882.32,2878.79,2879.13,2924
2025-02-17T00:00:00.000Z,2879.46,2887.63,2879.29,2885.66,2466
2025-02-17T00:15:00.000Z,2885.67,2887.99,2881.91,2882.2,2210
2025-02-17T00:30:00.000Z,2882.26,2887.34,2881.99,2884.66,1959
2025-02-17T00:45:00.000Z,2884.79,2885.15,2883.31,2883.66,1701
2025-02-17T01:00:00.000Z,2883.65,2889.22,2882.62,2888.32,5855
2025-02-17T01:15:00.000Z,2888.35,2891.07,2887.13,2890.51,4687
2025-02-17T01:30:00.000Z,2890.46,2896.55,2890.4,2894.82,5007
2025-02-17T01:45:00.000Z,2894.85,2896.72,2891.85,2895.66,4050
2025-02-17T02:00:00.000Z,2895.6,2897.53,2893.97,2897.5,3769
2025-02-17T02:15:00.000Z,2897.49,2897.49,2894.45,2896.39,2411
2025-02-17T02:30:00.000Z,2896.52,2899.71,2893.84,2898.11,3877
2025-02-17T02:45:00.000Z,2898.09,2899.23,2896.5,2899.15,3686
2025-02-17T03:00:00.000Z,2899.16,2900.59,2897.65,2900.49,3084
2025-02-17T03:15:00.000Z,2900.55,2901.36,2899.33,2901.07,3518
2025-02-17T03:30:00.000Z,2901.12,2903.95,2900.78,2903.37,2794
2025-02-17T03:45:00.000Z,2903.29,2904.6,2903.03,2903.57,2272
2025-02-17T04:00:00.000Z,2903.58,2904.78,2902.48,2903.22,2342
2025-02-17T04:15:00.000Z,2903.23,2904.88,2903.03,2903.88,1758
2025-02-17T04:30:00.000Z,2903.68,2903.92,2900.25,2901.51,1973
2025-02-17T04:45:00.000Z,2901.54,2901.6,2898.39,2899.25,3383
2025-02-17T05:00:00.000Z,2899.21,2900.92,2899,2900.4,2616
2025-02-17T05:15:00.000Z,2900.41,2905.18,2899.5,2902.85,3002
2025-02-17T05:30:00.000Z,2902.98,2903.36,2899.47,2901.97,3755
2025-02-17T05:45:00.000Z,2901.97,2902.47,2896.1,2896.17,3800
2025-02-17T06:00:00.000Z,2896.12,2896.64,2890.63,2893.15,4354
2025-02-17T06:15:00.000Z,2893.14,2894.39,2888.17,2889.7,3849
2025-02-17T06:30:00.000Z,2889.69,2896.49,2889.03,2896.24,3547
2025-02-17T06:45:00.000Z,2896.24,2897.81,2894.86,2896.56,3340
2025-02-17T07:00:00.000Z,2896.58,2900.93,2896.54,2900.53,3896
2025-02-17T07:15:00.000Z,2900.57,2900.57,2898.88,2899.75,3027
2025-02-17T07:30:00.000Z,2899.73,2902.33,2898.88,2901.13,2109
2025-02-17T07:45:00.000Z,2901.09,2903.59,2899.25,2902.44,3027
2025-02-17T08:00:00.000Z,2902.63,2902.64,2899.92,2900.35,2700
2025-02-17T08:15:00.000Z,2900.34,2900.99,2898.92,2899.47,3115
2025-02-17T08:30:00.000Z,2899.48,2900.37,2895.05,2898.07,4247
2025-02-17T08:45:00.000Z,2898.05,2901.7,2897.94,2900.36,2665
2025-02-17T09:00:00.000Z,2900.41,2903.97,2900.41,2903.14,4152
2025-02-17T09:15:00.000Z,2903.13,2906.38,2902.3,2902.65,4272
2025-02-17T09:30:00.000Z,2902.75,2903.79,2901.69,2903.38,2775
2025-02-17T09:45:00.000Z,2903.36,2903.67,2902.18,2902.53,2327
2025-02-17T10:00:00.000Z,2902.52,2902.81,2901.54,2902.16,2204
2025-02-17T10:15:00.000Z,2902.15,2902.96,2897.81,2898.25,3763
2025-02-17T10:30:00.000Z,2898.24,2900.93,2895.44,2898.28,4060
2025-02-17T10:45:00.000Z,2898.29,2902.85,2897.68,2902.76,3737
2025-02-17T11:00:00.000Z,2902.79,2903.81,2898.88,2899.19,3787
2025-02-17T11:15:00.000Z,2899.18,2901.29,2897.83,2900,3574
2025-02-17T11:30:00.000Z,2900.02,2901.16,2899.75,2900.32,2307
2025-02-17T11:45:00.000Z,2900.33,2901.11,2899.23,2901.05,2719
2025-02-17T12:00:00.000Z,2901.07,2901.59,2896.63,2897.42,3988
2025-02-17T12:15:00.000Z,2897.41,2898.9,2895.35,2896.9,4448
2025-02-17T12:30:00.000Z,2896.78,2900,2896.56,2899.52,2921
2025-02-17T12:45:00.000Z,2899.47,2900.4,2897.42,2897.74,3592
2025-02-17T13:00:00.000Z,2897.75,2898.69,2896.85,2897.62,5701
2025-02-17T13:15:00.000Z,2897.63,2899.09,2895.55,2897.57,4572
2025-02-17T13:30:00.000Z,2897.56,2898.94,2896.11,2896.6,4922
2025-02-17T13:45:00.000Z,2896.58,2898.13,2895.47,2896.76,4243
2025-02-17T14:00:00.000Z,2896.75,2898.92,2896.42,2897.38,4475
2025-02-17T14:15:00.000Z,2897.39,2898.99,2896.85,2897.91,4155
2025-02-17T14:30:00.000Z,2897.92,2900.25,2897.64,2899.87,5016
2025-02-17T14:45:00.000Z,2899.85,2903.81,2899.06,2902.9,4842
2025-02-17T15:00:00.000Z,2902.95,2904,2899,2900.45,4872
2025-02-17T15:15:00.000Z,2900.36,2901.91,2898.98,2899.63,4889
2025-02-17T15:30:00.000Z,2899.84,2901.32,2899.04,2899.26,2188
2025-02-17T15:45:00.000Z,2899.25,2899.87,2897.88,2899.18,3640
2025-02-17T16:00:00.000Z,2899.39,2901.18,2898.98,2900.74,2980
2025-02-17T16:15:00.000Z,2900.6,2900.77,2897.6,2898.38,2457
2025-02-17T16:30:00.000Z,2898.41,2898.59,2896.62,2896.82,2833
2025-02-17T16:45:00.000Z,2896.81,2900.3,2896.58,2899.24,2751
2025-02-17T17:00:00.000Z,2899.27,2899.79,2897.97,2898.73,2881
2025-02-17T17:15:00.000Z,2898.77,2899.67,2898.57,2899.13,1951
2025-02-17T17:30:00.000Z,2899.04,2899.4,2898.6,2898.73,1507
2025-02-17T17:45:00.000Z,2898.74,2898.77,2897.98,2898.36,1757
2025-02-17T18:00:00.000Z,2898.37,2899.05,2897.09,2897.54,1795
2025-02-17T18:15:00.000Z,2897.7,2898.37,2897.44,2898.15,1806
2025-02-17T18:30:00.000Z,2898.14,2898.38,2897.08,2897.91,1254
2025-02-17T18:45:00.000Z,2897.9,2898.41,2897.1,2898.26,1154
2025-02-17T19:00:00.000Z,2898.22,2898.4,2897.45,2897.45,1099
2025-02-17T19:15:00.000Z,2897.46,2899.13,2896.8,2899.11,1889
2025-02-17T19:30:00.000Z,2899.1,2899.1,2899.1,2899.1,2
2025-02-17T23:00:00.000Z,2898.33,2899.42,2897.52,2897.58,655
2025-02-17T23:15:00.000Z,2897.75,2898.31,2897.22,2897.49,382
2025-02-17T23:30:00.000Z,2897.54,2898.32,2897.19,2898.32,467
2025-02-17T23:45:00.000Z,2898.29,2899.38,2898.25,2899.1,748
2025-02-18T00:00:00.000Z,2899.13,2899.52,2898.71,2899.38,919
2025-02-18T00:15:00.000Z,2899.41,2899.43,2898.21,2898.6,697
2025-02-18T00:30:00.000Z,2898.64,2900.07,2898.64,2899.44,972
2025-02-18T00:45:00.000Z,2899.55,2900.18,2898.47,2899.16,962
2025-02-18T01:00:00.000Z,2899.2,2899.85,2894.74,2896.87,3807
2025-02-18T01:15:00.000Z,2896.88,2898.31,2895,2895.01,2174
2025-02-18T01:30:00.000Z,2895,2897.76,2891.91,2895.77,3700
2025-02-18T01:45:00.000Z,2895.64,2895.91,2893.93,2895.76,2337
2025-02-18T02:00:00.000Z,2895.71,2898.25,2895.23,2898.13,2327
2025-02-18T02:15:00.000Z,2898.15,2898.79,2896.41,2897.05,1806
2025-02-18T02:30:00.000Z,2897.04,2905.08,2896.61,2903.32,3266
2025-02-18T02:45:00.000Z,2903.29,2904.38,2902.09,2903.08,3496
2025-02-18T03:00:00.000Z,2903.09,2909.12,2902.78,2908.8,4515
2025-02-18T03:15:00.000Z,2908.76,2909.94,2907.78,2909.28,3042
2025-02-18T03:30:00.000Z,2909.25,2910.65,2907.91,2909.26,2650
2025-02-18T03:45:00.000Z,2909.25,2909.25,2906.1,2908.95,2333
2025-02-18T04:00:00.000Z,2908.93,2908.95,2907.17,2907.85,1444
2025-02-18T04:15:00.000Z,2907.82,2909.08,2907.52,2909.03,1117
2025-02-18T04:30:00.000Z,2909.02,2909.72,2907.62,2909.65,1478
2025-02-18T04:45:00.000Z,2909.69,2910.97,2908.75,2910.86,1746
2025-02-18T05:00:00.000Z,2910.97,2914.25,2909.79,2913.37,3722
2025-02-18T05:15:00.000Z,2913.36,2913.93,2911.7,2913.17,2083
2025-02-18T05:30:00.000Z,2913.35,2915.63,2912.24,2912.24,3871
2025-02-18T05:45:00.000Z,2912.26,2914.1,2910.32,2910.71,2926
2025-02-18T06:00:00.000Z,2910.63,2914.31,2909.95,2913.98,2547
2025-02-18T06:15:00.000Z,2914.05,2914.31,2911.6,2912.9,2277
2025-02-18T06:30:00.000Z,2912.8,2912.94,2911.13,2911.65,2124
2025-02-18T06:45:00.000Z,2911.71,2913.83,2910.79,2913.6,2420
2025-02-18T07:00:00.000Z,2913.75,2915.37,2912.77,2913.54,3067
2025-02-18T07:15:00.000Z,2913.52,2914.6,2913.13,2913.68,1670
2025-02-18T07:30:00.000Z,2913.67,2913.98,2911.05,2911.69,2172
2025-02-18T07:45:00.000Z,2911.67,2911.91,2908.45,2911.58,3808
2025-02-18T08:00:00.000Z,2911.57,2912.89,2908.14,2911.49,3891
2025-02-18T08:15:00.000Z,2911.49,2911.72,2909.79,2910.49,3157
2025-02-18T08:30:00.000Z,2910.45,2913.28,2909.49,2911.87,2392
2025-02-18T08:45:00.000Z,2911.88,2912.82,2911.24,2912.41,2757
2025-02-18T09:00:00.000Z,2912.44,2912.82,2910.58,2911.39,2837
2025-02-18T09:15:00.000Z,2911.36,2912.2,2910.03,2912.17,2714
2025-02-18T09:30:00.000Z,2912.18,2913.37,2911.32,2911.98,2620
2025-02-18T09:45:00.000Z,2911.98,2913.24,2910.32,2912.74,2572
2025-02-18T10:00:00.000Z,2912.73,2913.51,2911.55,2911.72,1997
2025-02-18T10:15:00.000Z,2911.77,2911.88,2909.58,2909.84,2647
2025-02-18T10:30:00.000Z,2909.82,2911.03,2908.16,2908.16,3060
2025-02-18T10:45:00.000Z,2908.11,2911.32,2907.12,2911.23,2758
2025-02-18T11:00:00.000Z,2911.25,2912.38,2909.76,2911.45,2604
2025-02-18T11:15:00.000Z,2911.49,2912.46,2911.22,2911.29,2788
2025-02-18T11:30:00.000Z,2911.28,2912.85,2910.96,2911.84,2741
2025-02-18T11:45:00.000Z,2911.79,2914.81,2911.73,2914.17,3310
2025-02-18T12:00:00.000Z,2914.38,2914.95,2912.15,2913.06,4272
2025-02-18T12:15:00.000Z,2913.06,2915.47,2912.33,2914.55,3066
2025-02-18T12:30:00.000Z,2914.56,2916.7,2914.25,2916.41,3507
2025-02-18T12:45:00.000Z,2916.42,2918.83,2916.42,2918.16,3963
2025-02-18T13:00:00.000Z,2918.11,2918.52,2913.4,2914.57,6215
2025-02-18T13:15:00.000Z,2914.65,2918.5,2914.23,2917.85,5106
2025-02-18T13:30:00.000Z,2917.86,2920.45,2916,2919.81,5269
2025-02-18T13:45:00.000Z,2919.83,2921.22,2917.63,2918.75,5280
2025-02-18T14:00:00.000Z,2918.78,2922.41,2918.64,2919.98,5415
2025-02-18T14:15:00.000Z,2919.95,2923.16,2917.78,2923.14,5659
2025-02-18T14:30:00.000Z,2923.22,2924.87,2922.19,2924.06,6578
2025-02-18T14:45:00.000Z,2924.04,2928.67,2923.45,2927.98,6231
2025-02-18T15:00:00.000Z,2927.82,2929.66,2924.89,2929,6229
2025-02-18T15:15:00.000Z,2929.12,2929.3,2925.49,2926.3,5941
2025-02-18T15:30:00.000Z,2926.34,2928.57,2923.51,2927.32,6256
2025-02-18T15:45:00.000Z,2927.34,2928.52,2926.11,2927.05,4766
2025-02-18T16:00:00.000Z,2927.03,2928.3,2924.15,2928.25,5441
2025-02-18T16:15:00.000Z,2928.24,2929.24,2926.69,2927.99,5619
2025-02-18T16:30:00.000Z,2928,2931.82,2927.19,2931.11,5218
2025-02-18T16:45:00.000Z,2931.13,2933.69,2930.47,2932.82,4608
2025-02-18T17:00:00.000Z,2932.83,2933.6,2930.97,2931.66,3868
2025-02-18T17:15:00.000Z,2931.67,2932.71,2930.94,2931.77,3401
2025-02-18T17:30:00.000Z,2931.75,2932.74,2930.87,2931,3745
2025-02-18T17:45:00.000Z,2931.02,2931.62,2929.57,2931.18,4255
2025-02-18T18:00:00.000Z,2931.13,2931.96,2929.84,2929.87,3663
2025-02-18T18:15:00.000Z,2929.88,2930.55,2928.28,2929.92,3745
2025-02-18T18:30:00.000Z,2929.93,2932.31,2929.86,2931.89,3313
2025-02-18T18:45:00.000Z,2931.89,2933.61,2931.75,2933.32,2689
2025-02-18T19:00:00.000Z,2933.29,2933.67,2931.9,2932.08,2604
2025-02-18T19:15:00.000Z,2932.09,2933.53,2931.93,2933.23,2681
2025-02-18T19:30:00.000Z,2933.21,2935.56,2932.91,2935.27,3180
2025-02-18T19:45:00.000Z,2935.25,2936.85,2935.21,2935.69,2922
2025-02-18T20:00:00.000Z,2935.68,2936.65,2935.3,2936.58,1485
2025-02-18T20:15:00.000Z,2936.6,2936.63,2934.66,2934.72,1604
2025-02-18T20:30:00.000Z,2934.71,2935,2933.49,2933.9,2366
2025-02-18T20:45:00.000Z,2933.85,2935.04,2932.39,2933.43,3155
2025-02-18T21:00:00.000Z,2933.34,2934.91,2933.34,2933.98,1917
2025-02-18T21:15:00.000Z,2933.97,2934.27,2933.25,2933.35,1118
2025-02-18T21:30:00.000Z,2933.34,2935.45,2933.26,2935.35,1377
2025-02-18T21:45:00.000Z,2935.37,2936.39,2934.55,2934.71,1784
2025-02-18T23:00:00.000Z,2935.02,2935.76,2934.16,2934.86,527
2025-02-18T23:15:00.000Z,2934.96,2935.08,2933.38,2933.5,485
2025-02-18T23:30:00.000Z,2933.38,2934.31,2933.09,2934.04,445
2025-02-18T23:45:00.000Z,2934.03,2934.3,2933.43,2933.96,553
2025-02-19T00:00:00.000Z,2933.94,2934.2,2932.48,2932.64,877
2025-02-19T00:15:00.000Z,2932.63,2933.51,2932.13,2933.47,1226
2025-02-19T00:30:00.000Z,2933.48,2933.83,2932.15,2932.44,1115
2025-02-19T00:45:00.000Z,2932.43,2932.48,2928.42,2929.31,1612
2025-02-19T01:00:00.000Z,2929.29,2932.93,2928.19,2932.54,3745
2025-02-19T01:15:00.000Z,2932.39,2932.53,2930.31,2931.56,2336
2025-02-19T01:30:00.000Z,2931.58,2936.22,2931.32,2935.98,3355
2025-02-19T01:45:00.000Z,2935.97,2939.66,2935.51,2938.51,3497
2025-02-19T02:00:00.000Z,2938.52,2939.63,2935.99,2936.83,3867
2025-02-19T02:15:00.000Z,2936.82,2938.51,2935.89,2935.91,1991
2025-02-19T02:30:00.000Z,2935.91,2936.11,2931.78,2931.99,3187
2025-02-19T02:45:00.000Z,2931.98,2932.02,2924,2929.19,4620
2025-02-19T03:00:00.000Z,2929.21,2929.3,2924.94,2928.8,4016
2025-02-19T03:15:00.000Z,2928.76,2930.44,2927.43,2928.34,3102
2025-02-19T03:30:00.000Z,2928.43,2930.3,2928.19,2929.83,2375
2025-02-19T03:45:00.000Z,2929.83,2929.93,2928.17,2928.83,1700
2025-02-19T04:00:00.000Z,2928.81,2929.37,2927.44,2927.71,1674
2025-02-19T04:15:00.000Z,2927.7,2928.8,2927.47,2927.9,1921
2025-02-19T04:30:00.000Z,2927.87,2928.6,2926.45,2928.52,1217
2025-02-19T04:45:00.000Z,2928.49,2929.45,2927.45,2929.12,1883
2025-02-19T05:00:00.000Z,2929.39,2930.2,2928.29,2928.53,2424
2025-02-19T05:15:00.000Z,2928.52,2929.65,2927.87,2929.25,2284
2025-02-19T05:30:00.000Z,2929.24,2932.35,2929.24,2931.53,2269
2025-02-19T05:45:00.000Z,2931.52,2934.27,2931.42,2932.8,2094
2025-02-19T06:00:00.000Z,2932.71,2935.83,2932.48,2934.99,2971
2025-02-19T06:15:00.000Z,2934.98,2935.8,2933.1,2934.88,2042
2025-02-19T06:30:00.000Z,2934.91,2934.91,2931.57,2932.8,2415
2025-02-19T06:45:00.000Z,2932.86,2932.89,2930.78,2931.63,2724
2025-02-19T07:00:00.000Z,2931.49,2934.15,2930.46,2934.06,3423
2025-02-19T07:15:00.000Z,2934.01,2935.72,2933.22,2934.49,2955
2025-02-19T07:30:00.000Z,2934.5,2935.15,2932.43,2933.53,2915
2025-02-19T07:45:00.000Z,2933.69,2935.44,2933.45,2934.11,2105
2025-02-19T08:00:00.000Z,2934.14,2937.31,2933.6,2937.3,4082
2025-02-19T08:15:00.000Z,2937.32,2939.21,2936.86,2939.07,3890
2025-02-19T08:30:00.000Z,2939.06,2940.1,2938.08,2938.27,3585
2025-02-19T08:45:00.000Z,2938.27,2938.68,2936.41,2938.68,3887
2025-02-19T09:00:00.000Z,2938.7,2939.75,2938.24,2939.62,3320
2025-02-19T09:15:00.000Z,2939.58,2946.49,2939.44,2945.91,4865
2025-02-19T09:30:00.000Z,2945.88,2946.16,2942.76,2944.36,3913
2025-02-19T09:45:00.000Z,2944.32,2946.18,2943.49,2945.51,2576
2025-02-19T10:00:00.000Z,2945.51,2946.86,2942.71,2942.98,2967
2025-02-19T10:15:00.000Z,2942.96,2945.71,2942.73,2944.33,3204
2025-02-19T10:30:00.000Z,2944.3,2945.53,2943.77,2945.25,4078
2025-02-19T10:45:00.000Z,2945.26,2945.53,2943.85,2944.89,2174
2025-02-19T11:00:00.000Z,2944.88,2946.15,2942.9,2943.47,2951
2025-02-19T11:15:00.000Z,2943.46,2944.44,2943.15,2943.47,2250
2025-02-19T11:30:00.000Z,2943.49,2944.48,2940.13,2941.11,3671
2025-02-19T11:45:00.000Z,2941.18,2941.76,2934.12,2935.08,4481
2025-02-19T12:00:00.000Z,2934.96,2935.44,2931.21,2934.64,5148
2025-02-19T12:15:00.000Z,2934.65,2936.06,2932.65,2933.62,3481
2025-02-19T12:30:00.000Z,2933.6,2936.73,2932.95,2936.17,4038
2025-02-19T12:45:00.000Z,2936.18,2936.72,2933.25,2933.43,4526
2025-02-19T13:00:00.000Z,2933.63,2941.56,2932.75,2939.99,6844
2025-02-19T13:15:00.000Z,2939.98,2940.6,2937.15,2939.77,5393
2025-02-19T13:30:00.000Z,2939.76,2941.64,2937.91,2940.55,4875
2025-02-19T13:45:00.000Z,2940.54,2941.25,2932.4,2936.26,6295
2025-02-19T14:00:00.000Z,2936.25,2939.61,2934.95,2939.06,5683
2025-02-19T14:15:00.000Z,2939.05,2939.14,2930.15,2933.85,7702
2025-02-19T14:30:00.000Z,2933.84,2937.89,2931.23,2936.18,8021
2025-02-19T14:45:00.000Z,2936.09,2940.59,2935.66,2938.08,7377
2025-02-19T15:00:00.000Z,2938.05,2938.52,2935.16,2935.58,6467
2025-02-19T15:15:00.000Z,2935.44,2938.44,2933.05,2935.1,6048
2025-02-19T15:30:00.000Z,2935.11,2939.13,2935.06,2935.81,6010
2025-02-19T15:45:00.000Z,2935.86,2935.9,2925.34,2925.65,5964
2025-02-19T16:00:00.000Z,2925.58,2930.98,2922.96,2927.94,7327
2025-02-19T16:15:00.000Z,2927.93,2928.99,2924.81,2926.86,5260
2025-02-19T16:30:00.000Z,2926.83,2929.48,2923.33,2928.95,4760
2025-02-19T16:45:00.000Z,2928.99,2929.35,2927.33,2928.05,3906
2025-02-19T17:00:00.000Z,2927.89,2929.64,2926.89,2928.88,2933
2025-02-19T17:15:00.000Z,2928.87,2929.81,2926.62,2927.55,2942
2025-02-19T17:30:00.000Z,2927.58,2927.58,2922.45,2922.7,5015
2025-02-19T17:45:00.000Z,2922.68,2924.86,2921.38,2923.78,4369
2025-02-19T18:00:00.000Z,2923.76,2923.76,2920.51,2920.54,5566
2025-02-19T18:15:00.000Z,2920.53,2923.14,2918.52,2919.87,5365
2025-02-19T18:30:00.000Z,2919.85,2925.14,2919.25,2925.12,4537
2025-02-19T18:45:00.000Z,2925.11,2926.7,2924.18,2924.85,4137
2025-02-19T19:00:00.000Z,2924.75,2927.2,2923.57,2927.03,4266
2025-02-19T19:15:00.000Z,2927.02,2930.62,2926.66,2929.56,4190
2025-02-19T19:30:00.000Z,2929.57,2929.96,2928.56,2929.8,4655
2025-02-19T19:45:00.000Z,2929.82,2932.3,2929.16,2931.69,4191
2025-02-19T20:00:00.000Z,2931.64,2933.32,2931.4,2932.63,4010
2025-02-19T20:15:00.000Z,2932.58,2934.73,2932.16,2934.48,3603
2025-02-19T20:30:00.000Z,2934.49,2936.5,2934.27,2934.82,4129
2025-02-19T20:45:00.000Z,2934.8,2935.96,2932.46,2935.82,4680
2025-02-19T21:00:00.000Z,2935.81,2937.28,2935.34,2936.43,2566
2025-02-19T21:15:00.000Z,2936.36,2936.36,2934.15,2934.15,1293
2025-02-19T21:30:00.000Z,2934.18,2934.45,2932.6,2932.79,1377
2025-02-19T21:45:00.000Z,2932.8,2933.6,2932.24,2932.65,1331
2025-02-19T23:00:00.000Z,2933.4,2934.49,2933.23,2933.82,501
2025-02-19T23:15:00.000Z,2933.88,2935.52,2933.88,2934.23,729
2025-02-19T23:30:00.000Z,2934.11,2934.56,2933.57,2934.39,505
2025-02-19T23:45:00.000Z,2934.4,2936.15,2934.4,2935.53,793
2025-02-20T00:00:00.000Z,2935.63,2940.13,2935.62,2939.17,1553
2025-02-20T00:15:00.000Z,2939.06,2940.01,2938.53,2938.91,886
2025-02-20T00:30:00.000Z,2939.2,2941.29,2939.04,2940.24,951
2025-02-20T00:45:00.000Z,2940.26,2941.25,2939.29,2940.96,1369
2025-02-20T01:00:00.000Z,2940.93,2941.96,2939.04,2940.68,4178
2025-02-20T01:15:00.000Z,2940.74,2942.32,2936.59,2936.6,3178
2025-02-20T01:30:00.000Z,2936.63,2937.43,2934.67,2936.84,4190
2025-02-20T01:45:00.000Z,2936.79,2938.09,2935.11,2936.91,3841
2025-02-20T02:00:00.000Z,2936.94,2937.17,2933.87,2936.21,3620
2025-02-20T02:15:00.000Z,2936.19,2939.42,2935.91,2938,2604
2025-02-20T02:30:00.000Z,2938.03,2938.68,2936.18,2936.96,3853
2025-02-20T02:45:00.000Z,2936.88,2941.67,2936.28,2940.85,3567
2025-02-20T03:00:00.000Z,2940.86,2943.97,2940.7,2943.72,2072
2025-02-20T03:15:00.000Z,2943.71,2943.93,2942.53,2943.05,1991
2025-02-20T03:30:00.000Z,2943.03,2943.1,2941.4,2942.02,2140
2025-02-20T03:45:00.000Z,2941.99,2943.14,2940.53,2941.8,1884
2025-02-20T04:00:00.000Z,2941.77,2942.43,2940.03,2940.49,1764
2025-02-20T04:15:00.000Z,2940.46,2940.81,2939.52,2940.61,1533
2025-02-20T04:30:00.000Z,2940.57,2941.43,2939.28,2941.15,1162
2025-02-20T04:45:00.000Z,2940.88,2941.25,2939.33,2939.95,1469
2025-02-20T05:00:00.000Z,2940.09,2943.25,2939.3,2942.96,2340
2025-02-20T05:15:00.000Z,2942.97,2945.09,2942.69,2944.83,1667
2025-02-20T05:30:00.000Z,2944.84,2945.31,2943.48,2943.86,2307
2025-02-20T05:45:00.000Z,2943.82,2946.88,2943.8,2946.8,1828
2025-02-20T06:00:00.000Z,2946.87,2947.04,2944.7,2945.28,2703
2025-02-20T06:15:00.000Z,2945.29,2946.56,2944.87,2945.74,2057
2025-02-20T06:30:00.000Z,2945.77,2946.94,2943.81,2945.09,2362
2025-02-20T06:45:00.000Z,2945.19,2948.88,2944.33,2947.78,2366
2025-02-20T07:00:00.000Z,2947.8,2949.16,2946.46,2948.69,2154
2025-02-20T07:15:00.000Z,2948.7,2949.48,2948.08,2949.12,1765
2025-02-20T07:30:00.000Z,2949.12,2954.23,2948.1,2948.51,4329
2025-02-20T07:45:00.000Z,2948.61,2949.32,2947.22,2948.95,3825
2025-02-20T08:00:00.000Z,2949,2954.53,2948.97,2954.22,4613
2025-02-20T08:15:00.000Z,2954.25,2954.81,2952.74,2952.88,3432
2025-02-20T08:30:00.000Z,2952.87,2954.68,2952.87,2953.72,3004
2025-02-20T08:45:00.000Z,2953.71,2954.63,2952.26,2954.5,2299
2025-02-20T09:00:00.000Z,2954.54,2954.88,2953.4,2953.87,2724
2025-02-20T09:15:00.000Z,2953.86,2954.75,2952.53,2952.69,3465
2025-02-20T09:30:00.000Z,2952.68,2953.37,2949.81,2950.68,3427
2025-02-20T09:45:00.000Z,2950.73,2953.43,2950.12,2951.54,2767
2025-02-20T10:00:00.000Z,2951.53,2954.28,2951.37,2954.19,3153
2025-02-20T10:15:00.000Z,2954.2,2954.8,2952.54,2953.58,3430
2025-02-20T10:30:00.000Z,2953.55,2954.2,2949.16,2952.61,5287
2025-02-20T10:45:00.000Z,2952.6,2953.42,2950.8,2952.24,4119
2025-02-20T11:00:00.000Z,2952.27,2952.88,2950.62,2951.04,3072
2025-02-20T11:15:00.000Z,2951,2951.86,2949.38,2951.57,3268
2025-02-20T11:30:00.000Z,2951.58,2952.39,2948.95,2949.63,2536
2025-02-20T11:45:00.000Z,2949.62,2949.64,2947.23,2948.72,3431
2025-02-20T12:00:00.000Z,2948.71,2950.86,2946.79,2948.63,4252
2025-02-20T12:15:00.000Z,2948.76,2948.91,2938.84,2941.56,5663
2025-02-20T12:30:00.000Z,2941.54,2944.9,2940.97,2944.26,3897
2025-02-20T12:45:00.000Z,2944.27,2945.87,2942.36,2945.39,3797
2025-02-20T13:00:00.000Z,2945.25,2947.28,2940.55,2943.31,6627
2025-02-20T13:15:00.000Z,2943.32,2946.48,2942.12,2944.28,4806
2025-02-20T13:30:00.000Z,2944.3,2947.72,2939.99,2939.99,5838
2025-02-20T13:45:00.000Z,2939.98,2940.01,2933.86,2934,7610
2025-02-20T14:00:00.000Z,2933.97,2934.5,2924.11,2925.48,7744
2025-02-20T14:15:00.000Z,2925.51,2931.24,2924.33,2929.37,7633
2025-02-20T14:30:00.000Z,2929.35,2939.94,2929.25,2939.17,7521
2025-02-20T14:45:00.000Z,2939.18,2939.69,2934.76,2935.13,7070
2025-02-20T15:00:00.000Z,2935.16,2937.54,2931.72,2934.29,7478
2025-02-20T15:15:00.000Z,2934.27,2938.88,2933.11,2936.66,5865
2025-02-20T15:30:00.000Z,2936.67,2938.31,2933.09,2937.7,5505
2025-02-20T15:45:00.000Z,2937.54,2939.57,2935.22,2938.4,5085
2025-02-20T16:00:00.000Z,2938.38,2939.45,2935.92,2938.4,4386
2025-02-20T16:15:00.000Z,2938.42,2945.56,2937.87,2942.95,5957
2025-02-20T16:30:00.000Z,2942.96,2945.52,2942.87,2944.29,4192
2025-02-20T16:45:00.000Z,2944.27,2944.99,2942.16,2943.02,4146
2025-02-20T17:00:00.000Z,2943.03,2945.08,2940.63,2941.53,4115
2025-02-20T17:15:00.000Z,2941.59,2942.4,2940.37,2941.61,3442
2025-02-20T17:30:00.000Z,2941.56,2946.97,2941.09,2945.73,3203
2025-02-20T17:45:00.000Z,2945.7,2945.87,2939.96,2940.43,4413
2025-02-20T18:00:00.000Z,2940.31,2941.4,2938.55,2938.6,4843
2025-02-20T18:15:00.000Z,2938.58,2941.12,2937.28,2940.74,4263
2025-02-20T18:30:00.000Z,2940.78,2941.43,2939.99,2941.16,4002
2025-02-20T18:45:00.000Z,2941.15,2942.45,2940.4,2941.67,3160
2025-02-20T19:00:00.000Z,2941.66,2941.9,2939.25,2939.39,3982
2025-02-20T19:15:00.000Z,2939.38,2940.22,2937.76,2938.03,3442
2025-02-20T19:30:00.000Z,2938.04,2938.38,2933.59,2935.46,3498
2025-02-20T19:45:00.000Z,2935.51,2938.83,2934.49,2937.93,3203
2025-02-20T20:00:00.000Z,2938.08,2938.13,2935.8,2936.56,2842
2025-02-20T20:15:00.000Z,2936.57,2938.08,2935.92,2936.17,2610
2025-02-20T20:30:00.000Z,2936.19,2937.44,2935.49,2936.14,2874
2025-02-20T20:45:00.000Z,2936.19,2938.69,2935.7,2937.79,4122
2025-02-20T21:00:00.000Z,2937.7,2939.37,2937.45,2939.19,2141
2025-02-20T21:15:00.000Z,2939.2,2939.89,2939.19,2939.7,1540
2025-02-20T21:30:00.000Z,2939.69,2940.22,2939.55,2939.81,944
2025-02-20T21:45:00.000Z,2939.8,2939.85,2938.2,2938.41,1240
2025-02-20T23:00:00.000Z,2938.73,2940.07,2938.04,2938.76,869
2025-02-20T23:15:00.000Z,2938.81,2940.22,2938.56,2940.22,440
2025-02-20T23:30:00.000Z,2940.24,2942.32,2940.22,2942.18,965
2025-02-20T23:45:00.000Z,2942.1,2943.39,2940.85,2941.54,981
2025-02-21T00:00:00.000Z,2941.46,2942.71,2940.83,2942.08,1365
2025-02-21T00:15:00.000Z,2942.12,2942.12,2937.18,2938.54,1449
2025-02-21T00:30:00.000Z,2938.55,2939.81,2937.68,2939.67,1234
2025-02-21T00:45:00.000Z,2939.48,2940.21,2939.36,2939.89,1457
2025-02-21T01:00:00.000Z,2939.91,2946.89,2939.69,2945.91,4986
2025-02-21T01:15:00.000Z,2945.97,2949.7,2945.09,2945.47,4086
2025-02-21T01:30:00.000Z,2945.49,2945.75,2936.01,2936.43,5101
2025-02-21T01:45:00.000Z,2936.45,2937.04,2926.72,2928.77,6062
2025-02-21T02:00:00.000Z,2928.84,2938.82,2926.39,2938.43,5384
2025-02-21T02:15:00.000Z,2938.36,2940.19,2937.67,2938.02,3569
2025-02-21T02:30:00.000Z,2938,2940.97,2937.57,2939.64,3877
2025-02-21T02:45:00.000Z,2939.65,2940.63,2939.04,2939.13,3020
2025-02-21T03:00:00.000Z,2939.11,2939.72,2929.95,2932.72,5519
2025-02-21T03:15:00.000Z,2932.76,2933.69,2927.03,2928.35,4973
2025-02-21T03:30:00.000Z,2928.4,2934.09,2928.16,2932.28,3106
2025-02-21T03:45:00.000Z,2932.27,2932.62,2930.28,2931.1,1944
2025-02-21T04:00:00.000Z,2931.09,2932.24,2930.42,2930.87,2138
2025-02-21T04:15:00.000Z,2930.86,2931.45,2930.03,2930.56,2111
2025-02-21T04:30:00.000Z,2930.6,2932.05,2930.12,2930.12,1972
2025-02-21T04:45:00.000Z,2930.06,2930.47,2926.53,2928.38,2606
2025-02-21T05:00:00.000Z,2928.41,2928.64,2925.29,2927.52,3306
2025-02-21T05:15:00.000Z,2927.46,2928.4,2925.96,2927.18,2214
2025-02-21T05:30:00.000Z,2927.19,2931.1,2924.18,2930.7,4771
2025-02-21T05:45:00.000Z,2930.73,2934.05,2929.76,2930.14,3407
2025-02-21T06:00:00.000Z,2930.12,2930.95,2925.5,2928.86,3468
2025-02-21T06:15:00.000Z,2928.91,2929.6,2926.45,2928.92,3744
2025-02-21T06:30:00.000Z,2928.85,2931.38,2928.6,2929.63,3275
2025-02-21T06:45:00.000Z,2929.64,2931.09,2928.94,2929.7,2271
2025-02-21T07:00:00.000Z,2929.66,2933.03,2929.25,2931.79,3248
2025-02-21T07:15:00.000Z,2931.81,2932.76,2930.82,2930.82,1712
2025-02-21T07:30:00.000Z,2930.74,2931.79,2929.83,2930.99,1834
2025-02-21T07:45:00.000Z,2930.98,2932.55,2928.99,2929.96,1955
2025-02-21T08:00:00.000Z,2929.9,2931.21,2923.72,2923.88,4890
2025-02-21T08:15:00.000Z,2923.85,2924.42,2916.71,2919.39,5786
2025-02-21T08:30:00.000Z,2919.38,2923.19,2918.86,2922.01,4300
2025-02-21T08:45:00.000Z,2922,2924.81,2921.16,2923.2,2909
2025-02-21T09:00:00.000Z,2923.12,2927.05,2923.07,2924.65,3546
2025-02-21T09:15:00.000Z,2924.66,2926.13,2923.68,2925.28,2215
2025-02-21T09:30:00.000Z,2925.25,2929.2,2925.25,2926.89,2982
2025-02-21T09:45:00.000Z,2926.88,2929.55,2926.26,2929.3,3092
2025-02-21T10:00:00.000Z,2929.26,2930.79,2929,2930.48,2942
2025-02-21T10:15:00.000Z,2930.49,2930.73,2929.27,2929.59,2459
2025-02-21T10:30:00.000Z,2929.61,2930.49,2928.91,2930.25,1839
2025-02-21T10:45:00.000Z,2930.19,2930.99,2929.79,2930.49,1464
2025-02-21T11:00:00.000Z,2930.52,2934.61,2929.79,2934.21,2551
2025-02-21T11:15:00.000Z,2934.2,2936,2932.06,2935.85,2898
2025-02-21T11:30:00.000Z,2935.87,2935.87,2930.81,2931.76,2443
2025-02-21T11:45:00.000Z,2931.74,2931.93,2927.99,2928.33,2360
2025-02-21T12:00:00.000Z,2928.34,2931.38,2927.6,2931.1,3674
2025-02-21T12:15:00.000Z,2931.17,2934.31,2931.17,2933.32,3848
2025-02-21T12:30:00.000Z,2933.32,2935.14,2933.16,2934.33,2476
2025-02-21T12:45:00.000Z,2934.34,2934.63,2929.88,2930.02,3906
2025-02-21T13:00:00.000Z,2930.04,2933.07,2929.73,2932.76,4625
2025-02-21T13:15:00.000Z,2932.77,2934.66,2930.24,2932.44,5492
2025-02-21T13:30:00.000Z,2932.54,2932.83,2926.91,2929.91,6467
2025-02-21T13:45:00.000Z,2929.99,2932.99,2929.65,2930.94,4170
2025-02-21T14:00:00.000Z,2930.91,2934.25,2929.26,2933.81,4704
2025-02-21T14:15:00.000Z,2933.83,2935.49,2933.45,2935.43,4389
2025-02-21T14:30:00.000Z,2935.45,2935.55,2928.12,2929.5,7241
2025-02-21T14:45:00.000Z,2933.15,2938.98,2931.96,2933.83,7505
2025-02-21T15:00:00.000Z,2933.76,2935.6,2927.58,2927.93,8426
2025-02-21T15:15:00.000Z,2928.11,2929.04,2921.58,2925.39,7706
2025-02-21T15:30:00.000Z,2925.37,2929.56,2924.99,2925.86,6533
2025-02-21T15:45:00.000Z,2925.85,2931.58,2925.74,2928.62,5599
2025-02-21T16:00:00.000Z,2928.61,2931.75,2927.32,2931.39,4999
2025-02-21T16:15:00.000Z,2931.42,2934.87,2931.41,2934.21,4679
2025-02-21T16:30:00.000Z,2934.22,2938.46,2933.97,2936.22,4851
2025-02-21T16:45:00.000Z,2936.24,2938.19,2935.36,2936.68,3742
2025-02-21T17:00:00.000Z,2936.67,2938.34,2936.02,2938.09,3658
2025-02-21T17:15:00.000Z,2938.1,2939.69,2937.24,2937.96,3541
2025-02-21T17:30:00.000Z,2937.84,2940.61,2937.55,2940.4,3700
2025-02-21T17:45:00.000Z,2940.34,2941.65,2939.24,2939.73,3299
2025-02-21T18:00:00.000Z,2939.72,2940.21,2937.98,2938.71,3052
2025-02-21T18:15:00.000Z,2938.84,2940.09,2937.7,2939.34,4472
2025-02-21T18:30:00.000Z,2939.31,2942.34,2939.31,2940.7,4470
2025-02-21T18:45:00.000Z,2940.71,2942.82,2940.08,2941.76,3750
2025-02-21T19:00:00.000Z,2941.78,2942.4,2940.98,2941.65,3067
2025-02-21T19:15:00.000Z,2941.61,2942.59,2939.03,2939.27,2740
2025-02-21T19:30:00.000Z,2939.28,2940.39,2937.06,2937.63,3158
2025-02-21T19:45:00.000Z,2937.61,2937.61,2932.92,2933.41,4837
2025-02-21T20:00:00.000Z,2933.34,2937.23,2933.11,2935.71,3522
2025-02-21T20:15:00.000Z,2935.7,2935.71,2932.4,2934.18,3882
2025-02-21T20:30:00.000Z,2934.2,2936.47,2933.32,2935.97,4255
2025-02-21T20:45:00.000Z,2936,2936.25,2934.1,2934.66,4095
2025-02-21T21:00:00.000Z,2934.61,2935.39,2931.94,2935.22,2348
2025-02-21T21:15:00.000Z,2935.2,2936.65,2934.89,2936.2,2488
2025-02-21T21:30:00.000Z,2936.19,2937.81,2935.67,2937.4,1251
2025-02-21T21:45:00.000Z,2937.37,2937.79,2935.33,2935.63,1162
2025-02-23T23:00:00.000Z,2934.08,2940.42,2933.35,2939.03,2402
2025-02-23T23:15:00.000Z,2939.1,2940.45,2938.39,2938.43,1953
2025-02-23T23:30:00.000Z,2938.48,2939.17,2936.93,2937.84,2317
2025-02-23T23:45:00.000Z,2938.04,2938.65,2936.35,2936.72,2461
2025-02-24T00:00:00.000Z,2936.73,2937.94,2936.01,2936.5,2538
2025-02-24T00:15:00.000Z,2936.51,2937.15,2934.19,2935.87,2490
2025-02-24T00:30:00.000Z,2935.88,2935.89,2933.67,2934.69,2274
2025-02-24T00:45:00.000Z,2934.71,2934.71,2929.64,2930.02,2281
2025-02-24T01:00:00.000Z,2929.97,2930.09,2923.06,2924.07,6830
2025-02-24T01:15:00.000Z,2924.09,2925.96,2921.22,2925.74,5966
2025-02-24T01:30:00.000Z,2925.88,2931.17,2924.98,2929.4,5903
2025-02-24T01:45:00.000Z,2929.54,2929.86,2924.84,2927.99,4514
2025-02-24T02:00:00.000Z,2927.83,2928.88,2924.97,2928,3747
2025-02-24T02:15:00.000Z,2928.03,2932.78,2927.94,2931.27,5125
2025-02-24T02:30:00.000Z,2931.28,2937.43,2931.23,2937.08,5343
2025-02-24T02:45:00.000Z,2937.17,2940.83,2936.62,2940.79,4625
2025-02-24T03:00:00.000Z,2940.7,2943.3,2940.24,2942.37,5673
2025-02-24T03:15:00.000Z,2942.36,2944.43,2940.54,2941.72,5391
2025-02-24T03:30:00.000Z,2941.66,2944.58,2940.39,2941.09,4472
2025-02-24T03:45:00.000Z,2941.07,2941.76,2939.69,2941.15,2999
2025-02-24T04:00:00.000Z,2941.13,2941.73,2937.86,2940.53,4101
2025-02-24T04:15:00.000Z,2940.53,2943.02,2940.53,2941.95,3123
2025-02-24T04:30:00.000Z,2941.92,2942.88,2938.93,2939.44,2562
2025-02-24T04:45:00.000Z,2939.4,2941.58,2938.48,2940.88,2717
2025-02-24T05:00:00.000Z,2940.99,2941.66,2939.69,2940.96,2830
2025-02-24T05:15:00.000Z,2940.92,2942.2,2940.26,2940.34,3401
2025-02-24T05:30:00.000Z,2940.43,2940.84,2937.47,2938.95,3096
2025-02-24T05:45:00.000Z,2938.94,2939.87,2935.46,2936.19,3198
2025-02-24T06:00:00.000Z,2936.08,2939.74,2935.14,2938.22,3256
2025-02-24T06:15:00.000Z,2938.21,2941.78,2937.36,2939.88,3034
2025-02-24T06:30:00.000Z,2939.86,2940.5,2937.3,2937.35,2375
2025-02-24T06:45:00.000Z,2937.34,2938.94,2936.82,2938.5,2367
2025-02-24T07:00:00.000Z,2938.58,2941.32,2938.1,2940.63,2565
2025-02-24T07:15:00.000Z,2940.57,2940.86,2939.2,2939.79,2163
2025-02-24T07:30:00.000Z,2939.74,2944.23,2939.52,2943.79,2738
2025-02-24T07:45:00.000Z,2943.78,2944.92,2942.06,2943.94,2602
2025-02-24T08:00:00.000Z,2943.91,2944.91,2942.34,2942.87,2815
2025-02-24T08:15:00.000Z,2942.79,2943.49,2940.38,2942.31,4105
2025-02-24T08:30:00.000Z,2942.32,2942.67,2938.08,2940.26,3961
2025-02-24T08:45:00.000Z,2940.31,2948.77,2940.31,2946.32,4035
2025-02-24T09:00:00.000Z,2946.22,2948.16,2944.82,2945.24,3964
2025-02-24T09:15:00.000Z,2945.21,2946.64,2943.41,2946.22,4554
2025-02-24T09:30:00.000Z,2946.2,2946.75,2944.38,2944.9,3090
2025-02-24T09:45:00.000Z,2944.83,2945.26,2942.78,2944.29,3089
2025-02-24T10:00:00.000Z,2944.22,2944.69,2942.84,2943.03,2690
2025-02-24T10:15:00.000Z,2943.04,2943.5,2942.01,2942.14,2027
2025-02-24T10:30:00.000Z,2942.02,2942.03,2937.82,2938.09,3236
2025-02-24T10:45:00.000Z,2938.1,2938.71,2934.9,2938.24,3677
2025-02-24T11:00:00.000Z,2938.28,2940.66,2937.7,2938.83,2854
2025-02-24T11:15:00.000Z,2938.8,2942.68,2938.55,2942.27,2054
2025-02-24T11:30:00.000Z,2942.26,2945.18,2941.62,2944.53,3912
2025-02-24T11:45:00.000Z,2944.57,2948.12,2944.36,2947.6,3333
2025-02-24T12:00:00.000Z,2947.59,2951.06,2945.56,2946.34,4874
2025-02-24T12:15:00.000Z,2946.36,2947.8,2946.02,2946.92,2784
2025-02-24T12:30:00.000Z,2946.93,2947.96,2945.63,2945.77,3168
2025-02-24T12:45:00.000Z,2945.76,2947.59,2945.39,2946.48,2582
2025-02-24T13:00:00.000Z,2946.46,2950.87,2946.24,2950.47,6133
2025-02-24T13:15:00.000Z,2950.5,2950.9,2946.84,2949.65,5747
2025-02-24T13:30:00.000Z,2949.67,2952.34,2949.06,2951.71,4942
2025-02-24T13:45:00.000Z,2951.74,2954.45,2950.61,2954.34,4002
2025-02-24T14:00:00.000Z,2954.33,2956.22,2949.97,2950.47,6074
2025-02-24T14:15:00.000Z,2950.54,2950.79,2939.4,2942.63,6975
2025-02-24T14:30:00.000Z,2942.64,2943.71,2934.59,2942.71,9767
2025-02-24T14:45:00.000Z,2942.69,2944.17,2938.47,2938.54,7553
2025-02-24T15:00:00.000Z,2938.53,2938.66,2930.71,2936.39,9032
2025-02-24T15:15:00.000Z,2936.4,2937.78,2934.6,2935.79,6363
2025-02-24T15:30:00.000Z,2935.83,2940.46,2933.09,2935.71,7752
2025-02-24T15:45:00.000Z,2935.67,2938.57,2935.62,2936.45,6009
2025-02-24T16:00:00.000Z,2936.47,2942.9,2936.43,2942.5,7069
2025-02-24T16:15:00.000Z,2942.48,2943.55,2940.66,2940.91,5116
2025-02-24T16:30:00.000Z,2940.88,2942.92,2939.95,2942.71,4868
2025-02-24T16:45:00.000Z,2942.54,2943.49,2940.1,2943.37,4419
2025-02-24T17:00:00.000Z,2943.37,2944.42,2940.99,2943.97,5521
2025-02-24T17:15:00.000Z,2943.96,2944.51,2942.45,2943.43,4090
2025-02-24T17:30:00.000Z,2943.44,2944.79,2942.63,2943.23,4737
2025-02-24T17:45:00.000Z,2943.21,2944.54,2942.55,2943.34,5424
2025-02-24T18:00:00.000Z,2943.21,2945.17,2942.8,2944.5,4743
2025-02-24T18:15:00.000Z,2944.58,2947.6,2944.49,2946.97,4452
2025-02-24T18:30:00.000Z,2946.96,2947.85,2945.98,2946.54,3633
2025-02-24T18:45:00.000Z,2946.53,2948.03,2946.33,2947.35,3089
2025-02-24T19:00:00.000Z,2947.34,2949.89,2947.3,2949.76,3244
2025-02-24T19:15:00.000Z,2949.74,2949.74,2946.8,2947.06,3262
2025-02-24T19:30:00.000Z,2947.08,2949.23,2946.95,2948.72,3510
2025-02-24T19:45:00.000Z,2948.71,2949.76,2948.56,2949.16,3114
2025-02-24T20:00:00.000Z,2949.17,2949.47,2948.21,2949.3,2158
2025-02-24T20:15:00.000Z,2949.31,2949.67,2946.94,2947.4,2270
2025-02-24T20:30:00.000Z,2947.49,2950.42,2947.26,2949.86,2164
2025-02-24T20:45:00.000Z,2949.89,2951.46,2949.51,2950.47,3224
2025-02-24T21:00:00.000Z,2950.54,2951.28,2950.27,2950.95,1210
2025-02-24T21:15:00.000Z,2950.93,2951.65,2950.82,2951.47,1344
2025-02-24T21:30:00.000Z,2951.48,2952.94,2951.09,2951.32,1500
2025-02-24T21:45:00.000Z,2951.18,2952.84,2950.96,2951.51,1408
2025-02-24T23:00:00.000Z,2952.42,2953.69,2949.99,2950.06,1468
2025-02-24T23:15:00.000Z,2950.09,2951.32,2948.18,2951.25,1791
2025-02-24T23:30:00.000Z,2951.2,2953.18,2950.9,2952.21,1914
2025-02-24T23:45:00.000Z,2952.17,2952.35,2949.04,2950.05,2164
2025-02-25T00:00:00.000Z,2950.06,2952.39,2949.43,2949.53,2420
2025-02-25T00:15:00.000Z,2949.53,2949.58,2948.34,2948.8,1217
2025-02-25T00:30:00.000Z,2948.76,2949.74,2948.69,2948.85,1187
2025-02-25T00:45:00.000Z,2948.86,2950.1,2948.48,2949.43,1505
2025-02-25T01:00:00.000Z,2949.53,2952.36,2948.74,2951.29,4714
2025-02-25T01:15:00.000Z,2951.24,2951.42,2948.83,2949.55,3757
2025-02-25T01:30:00.000Z,2949.54,2950.56,2945.19,2947.08,4000
2025-02-25T01:45:00.000Z,2947.11,2949.57,2946.34,2949.54,4850
2025-02-25T02:00:00.000Z,2949.51,2950.89,2948.81,2950.04,2543
2025-02-25T02:15:00.000Z,2950.03,2952.11,2949.33,2949.86,4856
2025-02-25T02:30:00.000Z,2949.84,2951.11,2949.5,2950.57,2121
2025-02-25T02:45:00.000Z,2950.58,2950.58,2947.1,2948.57,3228
2025-02-25T03:00:00.000Z,2948.37,2949.42,2947.52,2948.65,2672
2025-02-25T03:15:00.000Z,2948.66,2948.73,2944.85,2944.96,4833
2025-02-25T03:30:00.000Z,2944.92,2945.5,2942.31,2942.98,3891
2025-02-25T03:45:00.000Z,2942.97,2942.97,2937.46,2939.42,5093
2025-02-25T04:00:00.000Z,2939.41,2939.73,2935.92,2935.96,2315
2025-02-25T04:15:00.000Z,2935.97,2938.64,2935.02,2937.22,2881
2025-02-25T04:30:00.000Z,2937.19,2938.73,2936.64,2937.61,2745
2025-02-25T04:45:00.000Z,2937.42,2937.7,2935.82,2936.79,1594
2025-02-25T05:00:00.000Z,2936.74,2939.5,2936.67,2938.99,2060
2025-02-25T05:15:00.000Z,2938.98,2939.39,2937.52,2939,1265
2025-02-25T05:30:00.000Z,2939.02,2940.79,2938.37,2938.73,3465
2025-02-25T05:45:00.000Z,2938.7,2939.82,2936.74,2937.94,4049
2025-02-25T06:00:00.000Z,2937.83,2938.03,2936.53,2936.7,2427
2025-02-25T06:15:00.000Z,2936.69,2938.37,2935.41,2935.66,2631
2025-02-25T06:30:00.000Z,2935.65,2935.71,2934.28,2935.45,2597
2025-02-25T06:45:00.000Z,2935.46,2937.12,2933.43,2935.8,3712
2025-02-25T07:00:00.000Z,2935.81,2940.54,2934.86,2939.01,4510
2025-02-25T07:15:00.000Z,2938.96,2939.17,2936.01,2937.76,3373
2025-02-25T07:30:00.000Z,2937.74,2938.9,2933.59,2933.81,4434
2025-02-25T07:45:00.000Z,2933.92,2934.66,2930.58,2931.62,5858
2025-02-25T08:00:00.000Z,2931.64,2933.85,2929.46,2933.2,6708
2025-02-25T08:15:00.000Z,2933.19,2935.04,2931.85,2934.94,4820
2025-02-25T08:30:00.000Z,2934.95,2941.19,2934.07,2940.75,5221
2025-02-25T08:45:00.000Z,2940.78,2942.28,2938.88,2941.52,3644
2025-02-25T09:00:00.000Z,2941.43,2942.3,2937.36,2940.37,4865
2025-02-25T09:15:00.000Z,2940.41,2940.92,2939.26,2939.28,3681
2025-02-25T09:30:00.000Z,2939.26,2942.1,2939.11,2941.98,3360
2025-02-25T09:45:00.000Z,2941.99,2942.12,2938.78,2938.81,3799
2025-02-25T10:00:00.000Z,2938.77,2939.78,2937.22,2939.38,3944
2025-02-25T10:15:00.000Z,2939.42,2940.76,2938.51,2939.25,3696
2025-02-25T10:30:00.000Z,2939.62,2941.57,2938.87,2940.36,3598
2025-02-25T10:45:00.000Z,2940.4,2940.5,2937.39,2937.42,3986
2025-02-25T11:00:00.000Z,2937.42,2939.8,2937.04,2938.91,3700
2025-02-25T11:15:00.000Z,2938.94,2940.36,2938.26,2940.12,3125
2025-02-25T11:30:00.000Z,2940.13,2940.67,2938.87,2939.4,4179
2025-02-25T11:45:00.000Z,2939.38,2940.5,2937.65,2938.62,3723
2025-02-25T12:00:00.000Z,2938.71,2940.71,2938.36,2940.55,3981
2025-02-25T12:15:00.000Z,2940.54,2941.31,2934.3,2934.32,5981
2025-02-25T12:30:00.000Z,2934.28,2934.64,2924.02,2925.86,9604
2025-02-25T12:45:00.000Z,2925.85,2930.54,2924.01,2928.56,8689
2025-02-25T13:00:00.000Z,2928.75,2932.12,2926.11,2931.1,7785
2025-02-25T13:15:00.000Z,2931.09,2932.02,2927.51,2928.65,6486
2025-02-25T13:30:00.000Z,2928.68,2935.46,2927.61,2934.31,6988
2025-02-25T13:45:00.000Z,2934.23,2937.9,2932.96,2937.45,7954
2025-02-25T14:00:00.000Z,2937.44,2940.47,2937.28,2939.79,7286
2025-02-25T14:15:00.000Z,2939.86,2942.8,2939.77,2942.7,6955
2025-02-25T14:30:00.000Z,2942.66,2944.71,2938.49,2938.75,6982
2025-02-25T14:45:00.000Z,2938.76,2939.89,2932.01,2932.59,7461
2025-02-25T15:00:00.000Z,2932.61,2934.74,2927.14,2928.11,8763
2025-02-25T15:15:00.000Z,2927.77,2928.03,2909.93,2910.17,12000
2025-02-25T15:30:00.000Z,2910.14,2910.81,2900.49,2904.15,10447
2025-02-25T15:45:00.000Z,2904.04,2909.54,2902.8,2905.85,8934
2025-02-25T16:00:00.000Z,2905.89,2906.78,2888.13,2897.51,10019
2025-02-25T16:15:00.000Z,2897.47,2901.32,2893.96,2894.95,8338
2025-02-25T16:30:00.000Z,2895.04,2899.3,2890.23,2895.06,7426
2025-02-25T16:45:00.000Z,2895.06,2898.03,2890.89,2896.37,6480
2025-02-25T17:00:00.000Z,2896.3,2897.04,2893.6,2896.02,6013
2025-02-25T17:15:00.000Z,2896.07,2900.91,2895.87,2900.22,5125
2025-02-25T17:30:00.000Z,2900.23,2903.6,2899.99,2903.16,5429
2025-02-25T17:45:00.000Z,2903.17,2908.82,2902.85,2907.62,6725
2025-02-25T18:00:00.000Z,2907.61,2912.26,2906.51,2906.86,6118
2025-02-25T18:15:00.000Z,2906.84,2908.19,2905.42,2905.82,4602
2025-02-25T18:30:00.000Z,2905.96,2909.75,2905.38,2909.22,3452
2025-02-25T18:45:00.000Z,2909.23,2911.58,2909,2909.38,3345
2025-02-25T19:00:00.000Z,2909.37,2910.03,2907.54,2907.75,3467
2025-02-25T19:15:00.000Z,2907.79,2908.19,2905.72,2907.13,2870
2025-02-25T19:30:00.000Z,2907.21,2912.95,2907.15,2912.87,3420
2025-02-25T19:45:00.000Z,2912.93,2913.74,2911.4,2911.99,3997
2025-02-25T20:00:00.000Z,2911.86,2912.76,2910.79,2911.2,2935
2025-02-25T20:15:00.000Z,2911.17,2913.29,2910.78,2912.6,3528
2025-02-25T20:30:00.000Z,2912.61,2913.25,2911.5,2912.73,3421
2025-02-25T20:45:00.000Z,2912.74,2913.25,2911.52,2912.68,4962
2025-02-25T21:00:00.000Z,2912.73,2917.18,2912.57,2916.49,3066
2025-02-25T21:15:00.000Z,2916.51,2917.07,2915.87,2915.89,2422
2025-02-25T21:30:00.000Z,2915.9,2916.76,2913.45,2914.01,2423
2025-02-25T21:45:00.000Z,2914.03,2915.48,2913.58,2914.49,1467
2025-02-25T23:00:00.000Z,2915.1,2916.74,2914.06,2914.6,2186
2025-02-25T23:15:00.000Z,2914.55,2915.03,2913.53,2914.28,1558
2025-02-25T23:30:00.000Z,2914.33,2916.78,2914.3,2916.46,1287
2025-02-25T23:45:00.000Z,2916.53,2918.8,2916.35,2918.45,1795
2025-02-26T00:00:00.000Z,2918.51,2924.62,2918.51,2924.32,2878
2025-02-26T00:15:00.000Z,2924.29,2926,2923.32,2923.48,2761
2025-02-26T00:30:00.000Z,2923.73,2925.42,2923.68,2924.85,1601
2025-02-26T00:45:00.000Z,2924.92,2925.72,2921.78,2923.35,2978
2025-02-26T01:00:00.000Z,2923.39,2925.78,2922.32,2923.37,5207
2025-02-26T01:15:00.000Z,2923.52,2930.09,2923.52,2927.54,3964
2025-02-26T01:30:00.000Z,2927.59,2928.19,2923.31,2925.34,4243
2025-02-26T01:45:00.000Z,2925.29,2925.29,2915.21,2917.88,4595
2025-02-26T02:00:00.000Z,2917.89,2920.01,2914.71,2916.71,4285
2025-02-26T02:15:00.000Z,2916.66,2919.5,2916.58,2918.24,2695
2025-02-26T02:30:00.000Z,2918.22,2921.13,2917.08,2917.8,3828
2025-02-26T02:45:00.000Z,2917.81,2923.1,2917.02,2921.09,4645
2025-02-26T03:00:00.000Z,2921.1,2921.66,2919.92,2920.6,2696
2025-02-26T03:15:00.000Z,2920.71,2920.84,2919.48,2920.36,1339
2025-02-26T03:30:00.000Z,2920.39,2920.84,2918.55,2918.99,1126
2025-02-26T03:45:00.000Z,2919.14,2919.85,2916.31,2917.05,1325
2025-02-26T04:00:00.000Z,2917.04,2918.88,2915.51,2915.67,2027
2025-02-26T04:15:00.000Z,2915.68,2915.96,2912.5,2915.28,2080
2025-02-26T04:30:00.000Z,2915.28,2915.71,2913.16,2913.59,1250
2025-02-26T04:45:00.000Z,2913.58,2915.88,2913.36,2914.79,1753
2025-02-26T05:00:00.000Z,2914.76,2917.72,2914.73,2917.04,1655
2025-02-26T05:15:00.000Z,2917.05,2921.04,2914.94,2919.85,2323
2025-02-26T05:30:00.000Z,2919.75,2920.2,2914.74,2916.11,3644
2025-02-26T05:45:00.000Z,2916.1,2917.28,2914.96,2915.37,1836
2025-02-26T06:00:00.000Z,2915.4,2916.12,2908.87,2910.42,4008
2025-02-26T06:15:00.000Z,2910.46,2912.87,2909.92,2912.19,2472
2025-02-26T06:30:00.000Z,2912.17,2912.37,2907.57,2908.7,3130
2025-02-26T06:45:00.000Z,2908.68,2908.83,2906.63,2906.77,2594
2025-02-26T07:00:00.000Z,2906.74,2912.89,2905.79,2911.58,3878
2025-02-26T07:15:00.000Z,2911.59,2913.12,2909.57,2911.78,3197
2025-02-26T07:30:00.000Z,2911.77,2914.69,2909.91,2914.62,4508
2025-02-26T07:45:00.000Z,2914.63,2917.52,2913.24,2915.38,4008
2025-02-26T08:00:00.000Z,2915.36,2915.83,2913.14,2914.17,3260
2025-02-26T08:15:00.000Z,2914.13,2914.41,2909.87,2911.69,3598
2025-02-26T08:30:00.000Z,2911.71,2913.1,2909.6,2912.35,3190
2025-02-26T08:45:00.000Z,2912.49,2918.26,2912.49,2917.89,4349
2025-02-26T09:00:00.000Z,2917.91,2919.01,2915.13,2915.28,4345
2025-02-26T09:15:00.000Z,2915.44,2916.37,2914.41,2916.01,2900
2025-02-26T09:30:00.000Z,2916.03,2916.09,2913.28,2913.39,2735
2025-02-26T09:45:00.000Z,2913.41,2915.06,2912.15,2913.04,2905
2025-02-26T10:00:00.000Z,2913.15,2916.78,2913.06,2914.75,3777
2025-02-26T10:15:00.000Z,2914.77,2915.42,2913.06,2914.14,2472
2025-02-26T10:30:00.000Z,2914.17,2914.67,2912.89,2913.13,2335
2025-02-26T10:45:00.000Z,2913.14,2913.66,2910.93,2912.67,2391
2025-02-26T11:00:00.000Z,2912.66,2914.09,2912.57,2913.21,2098
2025-02-26T11:15:00.000Z,2913.19,2913.44,2912.06,2912.95,2223
2025-02-26T11:30:00.000Z,2912.96,2915.3,2912.66,2914.91,2238
2025-02-26T11:45:00.000Z,2914.9,2915.39,2912.7,2913.75,2428
2025-02-26T12:00:00.000Z,2913.71,2915.48,2913.52,2914.19,2258
2025-02-26T12:15:00.000Z,2914.18,2914.42,2910.04,2910.91,3110
2025-02-26T12:30:00.000Z,2910.93,2913.97,2910.9,2912.89,2365
2025-02-26T12:45:00.000Z,2912.88,2915.19,2912.17,2913.84,3448
2025-02-26T13:00:00.000Z,2913.87,2914.98,2910.02,2911.98,5513
2025-02-26T13:15:00.000Z,2912.02,2913.42,2910.11,2913.41,5081
2025-02-26T13:30:00.000Z,2913.42,2913.49,2909.37,2910.71,4900
2025-02-26T13:45:00.000Z,2910.72,2911.69,2905.53,2905.91,5095
2025-02-26T14:00:00.000Z,2905.92,2906.07,2892.44,2896.26,8239
2025-02-26T14:15:00.000Z,2896.23,2896.72,2892.82,2894.75,6843
2025-02-26T14:30:00.000Z,2894.83,2896.76,2890.73,2895.14,8908
2025-02-26T14:45:00.000Z,2895.16,2905.42,2895.16,2901.73,8355
2025-02-26T15:00:00.000Z,2901.6,2907.52,2898.51,2905.45,8235
2025-02-26T15:15:00.000Z,2905.48,2911.96,2905.42,2911.13,7459
2025-02-26T15:30:00.000Z,2911.15,2912.06,2906.47,2909.92,5893
2025-02-26T15:45:00.000Z,2909.97,2914.29,2908.98,2913.24,5168
2025-02-26T16:00:00.000Z,2913.25,2916.62,2910.16,2913.49,6616
2025-02-26T16:15:00.000Z,2913.48,2914.24,2909.81,2910.94,5165
2025-02-26T16:30:00.000Z,2910.94,2915.17,2910.94,2914.41,4295
2025-02-26T16:45:00.000Z,2914.47,2914.66,2910.89,2913.05,4472
2025-02-26T17:00:00.000Z,2913.06,2916.05,2912.42,2914.42,3649
2025-02-26T17:15:00.000Z,2914.42,2915.02,2910.25,2914.12,4131
2025-02-26T17:30:00.000Z,2914.13,2916.12,2912.13,2914.93,5748
2025-02-26T17:45:00.000Z,2914.93,2915.4,2913.31,2913.82,4951
2025-02-26T18:00:00.000Z,2913.74,2916,2912.63,2915.75,3705
2025-02-26T18:15:00.000Z,2915.74,2916.14,2914.54,2915.12,2930
2025-02-26T18:30:00.000Z,2915.06,2915.63,2913.61,2913.97,3818
2025-02-26T18:45:00.000Z,2914,2914.95,2912.36,2914.86,3300
2025-02-26T19:00:00.000Z,2914.89,2915.22,2913.28,2914.98,3308
2025-02-26T19:15:00.000Z,2914.96,2916.18,2914.02,2915.77,2718
2025-02-26T19:30:00.000Z,2915.72,2915.86,2915.43,2915.52,1466
2025-02-26T19:45:00.000Z,2915.53,2915.68,2913.67,2913.83,2263
2025-02-26T20:00:00.000Z,2913.82,2914.72,2912.73,2912.73,2090
2025-02-26T20:15:00.000Z,2912.74,2915.93,2911.96,2915.65,2711
2025-02-26T20:30:00.000Z,2915.66,2915.92,2914.76,2915.25,2465
2025-02-26T20:45:00.000Z,2915.27,2916.65,2914.75,2916.34,3159
2025-02-26T21:00:00.000Z,2916.25,2918.71,2916.02,2918.07,2078
2025-02-26T21:15:00.000Z,2918.13,2918.73,2916.17,2916.79,3441
2025-02-26T21:30:00.000Z,2916.81,2918.21,2916.21,2916.41,2480
2025-02-26T21:45:00.000Z,2916.39,2917.72,2915.78,2916.03,1164
2025-02-26T23:00:00.000Z,2916.63,2917.33,2915.84,2917.33,1030
2025-02-26T23:15:00.000Z,2917.34,2917.58,2917.04,2917.49,637
2025-02-26T23:30:00.000Z,2917.5,2920.75,2917.15,2919.86,1300
2025-02-26T23:45:00.000Z,2919.8,2920.41,2919.18,2919.23,1104
2025-02-27T00:00:00.000Z,2919.22,2919.22,2917.34,2917.73,715
2025-02-27T00:15:00.000Z,2917.7,2918.77,2917.33,2917.78,761
2025-02-27T00:30:00.000Z,2917.82,2918.26,2915.86,2916.29,1701
2025-02-27T00:45:00.000Z,2916.28,2917.7,2915.96,2917.02,2097
2025-02-27T01:00:00.000Z,2917.01,2917.9,2913.57,2915.71,5732
2025-02-27T01:15:00.000Z,2915.73,2915.74,2913.02,2913.71,2429
2025-02-27T01:30:00.000Z,2913.69,2918.29,2913.11,2915.98,4266
2025-02-27T01:45:00.000Z,2915.93,2916.64,2910.93,2912.55,3690
2025-02-27T02:00:00.000Z,2912.56,2914.8,2910.77,2913.33,2968
2025-02-27T02:15:00.000Z,2913.35,2914.51,2912.84,2913.01,1637
2025-02-27T02:30:00.000Z,2912.94,2913.34,2911.98,2912.84,2856
2025-02-27T02:45:00.000Z,2912.83,2912.85,2904.22,2906.58,6536
2025-02-27T03:00:00.000Z,2906.65,2908.72,2906.53,2907.2,4076
2025-02-27T03:15:00.000Z,2907.21,2909.05,2906,2908.05,1557
2025-02-27T03:30:00.000Z,2907.96,2908.86,2906.37,2907.43,1482
2025-02-27T03:45:00.000Z,2907.44,2907.44,2905.22,2905.56,1880
2025-02-27T04:00:00.000Z,2905.62,2906.14,2904.11,2905.08,3031
2025-02-27T04:15:00.000Z,2905.03,2906.34,2903.35,2903.64,1787
2025-02-27T04:30:00.000Z,2903.66,2903.68,2900.45,2901.56,3933
2025-02-27T04:45:00.000Z,2901.48,2901.49,2896.19,2897.37,3511
2025-02-27T05:00:00.000Z,2897.4,2898.56,2893.27,2895.9,3224
2025-02-27T05:15:00.000Z,2895.96,2896.28,2890.81,2893.85,5612
2025-02-27T05:30:00.000Z,2893.84,2893.84,2888.54,2893.22,6419
2025-02-27T05:45:00.000Z,2893.16,2894.55,2889.97,2890.84,4071
2025-02-27T06:00:00.000Z,2890.76,2895.85,2890.43,2894.35,5552
2025-02-27T06:15:00.000Z,2894.37,2896.62,2892.35,2895.15,3409
2025-02-27T06:30:00.000Z,2895.24,2898.26,2895.16,2897.34,4112
2025-02-27T06:45:00.000Z,2897.18,2897.67,2893.39,2894.13,3173
2025-02-27T07:00:00.000Z,2894.15,2895.03,2890,2894.03,4386
2025-02-27T07:15:00.000Z,2894,2896.64,2891.6,2892.14,4480
2025-02-27T07:30:00.000Z,2892.13,2892.76,2887.92,2890.23,4637
2025-02-27T07:45:00.000Z,2890.24,2894.11,2890.22,2891.91,3422
2025-02-27T08:00:00.000Z,2891.85,2892.01,2884.18,2885.17,6819
2025-02-27T08:15:00.000Z,2885.11,2889.09,2880.62,2882.27,7858
2025-02-27T08:30:00.000Z,2882.25,2885.73,2880.93,2883.92,5382
2025-02-27T08:45:00.000Z,2883.91,2885.16,2880.85,2881.37,5561
2025-02-27T09:00:00.000Z,2881.34,2888.66,2877.11,2886.96,7563
2025-02-27T09:15:00.000Z,2886.72,2893.46,2885.62,2890.85,4271
2025-02-27T09:30:00.000Z,2890.86,2892.14,2885.85,2886.06,4439
2025-02-27T09:45:00.000Z,2886.08,2888.26,2886.08,2887.3,3897
2025-02-27T10:00:00.000Z,2887.16,2889.38,2886.61,2888.08,3015
2025-02-27T10:15:00.000Z,2888.09,2892.08,2886.6,2891.04,3921
2025-02-27T10:30:00.000Z,2891.02,2893.64,2890.39,2891.7,3323
2025-02-27T10:45:00.000Z,2891.68,2895.02,2891.42,2892.23,3165
2025-02-27T11:00:00.000Z,2892.24,2894.82,2888.49,2893.61,4030
2025-02-27T11:15:00.000Z,2893.73,2894.17,2887.5,2888.8,4989
2025-02-27T11:30:00.000Z,2888.78,2889.04,2886.37,2888.87,2624
2025-02-27T11:45:00.000Z,2888.9,2888.91,2883.45,2884.06,4373
2025-02-27T12:00:00.000Z,2884.1,2885.55,2883.14,2885.37,3561
2025-02-27T12:15:00.000Z,2885.41,2887.98,2883.87,2885.21,5089
2025-02-27T12:30:00.000Z,2885.22,2888.77,2884.1,2888.65,2732
2025-02-27T12:45:00.000Z,2888.58,2888.68,2884.25,2885.06,4091
2025-02-27T13:00:00.000Z,2884.94,2888.33,2884.38,2886.48,6265
2025-02-27T13:15:00.000Z,2886.51,2892.12,2886.48,2888.43,5927
2025-02-27T13:30:00.000Z,2888.37,2889.89,2881.1,2886.34,9677
2025-02-27T13:45:00.000Z,2886.31,2891.07,2881.42,2888.98,8670
2025-02-27T14:00:00.000Z,2888.71,2891.61,2885.42,2889.58,7254
2025-02-27T14:15:00.000Z,2889.63,2892.37,2888.91,2889.35,6614
2025-02-27T14:30:00.000Z,2889.28,2891.02,2880.29,2881.77,9047
2025-02-27T14:45:00.000Z,2881.73,2882.3,2867.82,2872.34,10055
2025-02-27T15:00:00.000Z,2872.26,2882.53,2870.41,2874.06,10218
2025-02-27T15:15:00.000Z,2874.07,2879.32,2870.96,2875.64,8023
2025-02-27T15:30:00.000Z,2875.66,2877.89,2874.67,2875.72,7008
2025-02-27T15:45:00.000Z,2875.73,2877.56,2871.34,2872.24,6467
2025-02-27T16:00:00.000Z,2872.26,2877.16,2871.81,2874.99,7096
2025-02-27T16:15:00.000Z,2875,2877.12,2872.75,2873.78,5992
2025-02-27T16:30:00.000Z,2873.85,2876.52,2871.88,2876.25,5092
2025-02-27T16:45:00.000Z,2876.27,2878.07,2875.56,2877.51,5454
2025-02-27T17:00:00.000Z,2877.83,2878.88,2876.06,2877.1,4317
2025-02-27T17:15:00.000Z,2877.12,2881.21,2876.14,2880.86,4955
2025-02-27T17:30:00.000Z,2880.88,2881.49,2877.8,2878.92,5161
2025-02-27T17:45:00.000Z,2878.93,2883.76,2878.93,2883.2,4555
2025-02-27T18:00:00.000Z,2883.17,2886.89,2883.12,2886.04,4209
2025-02-27T18:15:00.000Z,2885.93,2886.69,2883.65,2883.72,4820
2025-02-27T18:30:00.000Z,2883.84,2885.99,2882.76,2884.81,2507
2025-02-27T18:45:00.000Z,2884.94,2887.28,2884.5,2887.28,2033
2025-02-27T19:00:00.000Z,2887.37,2887.61,2885.83,2885.85,2694
2025-02-27T19:15:00.000Z,2885.76,2886.43,2882.7,2883.02,3093
2025-02-27T19:30:00.000Z,2883.04,2883.04,2877.22,2880.19,5591
2025-02-27T19:45:00.000Z,2880.16,2880.5,2877.21,2879.18,5003
2025-02-27T20:00:00.000Z,2879.21,2879.27,2874.52,2874.77,4524
2025-02-27T20:15:00.000Z,2874.77,2876.17,2873.2,2873.85,4286
2025-02-27T20:30:00.000Z,2873.82,2877.19,2873.31,2875.84,4768
2025-02-27T20:45:00.000Z,2875.81,2876.22,2872.66,2873.79,6363
2025-02-27T21:00:00.000Z,2873.89,2876.26,2871.24,2874.94,3012
2025-02-27T21:15:00.000Z,2874.93,2876.44,2873.46,2876.14,1847
2025-02-27T21:30:00.000Z,2876.14,2877.98,2875.99,2877.05,1306
2025-02-27T21:45:00.000Z,2877.05,2877.46,2876.14,2876.4,807
2025-02-27T23:00:00.000Z,2877.15,2877.63,2875.56,2877.6,923
2025-02-27T23:15:00.000Z,2877.59,2878.29,2875,2875.25,1151
2025-02-27T23:30:00.000Z,2875.31,2876.41,2874.8,2875.93,841
2025-02-27T23:45:00.000Z,2875.94,2876.83,2875.33,2875.74,1182
2025-02-28T00:00:00.000Z,2875.75,2875.88,2874.85,2875.42,1432
2025-02-28T00:15:00.000Z,2875.44,2879.62,2875.27,2878.97,2237
2025-02-28T00:30:00.000Z,2879.05,2880.08,2877.97,2878.4,2157
2025-02-28T00:45:00.000Z,2878.39,2878.39,2876.87,2876.91,2200
2025-02-28T01:00:00.000Z,2876.92,2885.05,2876.81,2878.62,6082
2025-02-28T01:15:00.000Z,2878.66,2881.22,2878.04,2880.76,4429
2025-02-28T01:30:00.000Z,2880.75,2882.03,2878.4,2879.34,5912
2025-02-28T01:45:00.000Z,2879.32,2880.95,2873.78,2874.76,5814
2025-02-28T02:00:00.000Z,2874.71,2875.88,2870.35,2874.48,6482
2025-02-28T02:15:00.000Z,2874.47,2877.76,2873.42,2875.05,4630
2025-02-28T02:30:00.000Z,2875.08,2876.65,2873.83,2875.03,4732
2025-02-28T02:45:00.000Z,2875.05,2876.28,2872.64,2873.25,4007
2025-02-28T03:00:00.000Z,2873.24,2876.1,2872.71,2873.8,4501
2025-02-28T03:15:00.000Z,2873.79,2873.91,2867.85,2868.28,5418
2025-02-28T03:30:00.000Z,2868.37,2869.66,2863.46,2863.63,4506
2025-02-28T03:45:00.000Z,2863.74,2866.93,2863.74,2865.67,4166
2025-02-28T04:00:00.000Z,2865.68,2865.99,2859.28,2863.57,5228
2025-02-28T04:15:00.000Z,2863.46,2863.46,2856.86,2859.7,5506
2025-02-28T04:30:00.000Z,2859.69,2863.5,2858.39,2862.95,3748
2025-02-28T04:45:00.000Z,2862.93,2864.96,2862.74,2863.35,3660
2025-02-28T05:00:00.000Z,2863.29,2864.83,2862.33,2863.96,3627
2025-02-28T05:15:00.000Z,2864.02,2865.92,2863.27,2863.33,3691
2025-02-28T05:30:00.000Z,2863.34,2864.51,2861.77,2864.38,3677
2025-02-28T05:45:00.000Z,2864.36,2866.94,2862.97,2864.05,4431
2025-02-28T06:00:00.000Z,2864.08,2864.67,2861.89,2863.33,4776
2025-02-28T06:15:00.000Z,2863.31,2866.48,2863.26,2865.64,4090
2025-02-28T06:30:00.000Z,2865.63,2865.65,2863.35,2864.06,4025
2025-02-28T06:45:00.000Z,2864.22,2864.96,2863.2,2863.57,2928
2025-02-28T07:00:00.000Z,2863.56,2865.21,2862.57,2862.79,3095
2025-02-28T07:15:00.000Z,2862.75,2863.07,2857.44,2859.17,4262
2025-02-28T07:30:00.000Z,2859.16,2861.21,2858.61,2859.58,4176
2025-02-28T07:45:00.000Z,2859.74,2861.01,2858.23,2858.54,5028
2025-02-28T08:00:00.000Z,2858.49,2860.39,2856.8,2857.27,6044
2025-02-28T08:15:00.000Z,2857.28,2857.39,2853.85,2855.41,4988
2025-02-28T08:30:00.000Z,2855.43,2857.21,2852.17,2852.19,3858
2025-02-28T08:45:00.000Z,2852.18,2857.31,2851.06,2855.96,5003
2025-02-28T09:00:00.000Z,2855.93,2861.14,2855.78,2860.26,4564
2025-02-28T09:15:00.000Z,2860.27,2864.27,2860.27,2862.39,4221
2025-02-28T09:30:00.000Z,2862.35,2863.83,2860.47,2861.11,5214
2025-02-28T09:45:00.000Z,2861,2863.18,2859.59,2862.35,2702
2025-02-28T10:00:00.000Z,2862.37,2864.31,2860.97,2862.29,3245
2025-02-28T10:15:00.000Z,2862.3,2862.99,2860.99,2861.33,3358
2025-02-28T10:30:00.000Z,2861.63,2864.09,2860.68,2864.03,3104
2025-02-28T10:45:00.000Z,2864.04,2864.91,2862.12,2862.81,2880
2025-02-28T11:00:00.000Z,2862.82,2863.67,2861.46,2862.67,2930
2025-02-28T11:15:00.000Z,2862.66,2862.88,2859.01,2861.68,3673
2025-02-28T11:30:00.000Z,2861.63,2862.15,2860.54,2861.62,2061
2025-02-28T11:45:00.000Z,2861.78,2862.84,2859.87,2862.25,3756
2025-02-28T12:00:00.000Z,2862.29,2864.89,2861.12,2862.67,4977
2025-02-28T12:15:00.000Z,2862.65,2864.19,2862.33,2862.84,3468
2025-02-28T12:30:00.000Z,2862.83,2862.93,2856.17,2856.23,5616
2025-02-28T12:45:00.000Z,2856.24,2858.06,2854.36,2856.34,4105
2025-02-28T13:00:00.000Z,2856.42,2861.13,2856.41,2861.13,6755
2025-02-28T13:15:00.000Z,2861.12,2862.22,2854.02,2857.2,6356
2025-02-28T13:30:00.000Z,2857.26,2858.82,2852.64,2855.92,8391
2025-02-28T13:45:00.000Z,2855.95,2856.66,2848.28,2848.44,6239
2025-02-28T14:00:00.000Z,2848.49,2850.03,2842.23,2846.41,8307
2025-02-28T14:15:00.000Z,2846.42,2851.7,2845.76,2846.48,7765
2025-02-28T14:30:00.000Z,2846.41,2847.09,2837.61,2838.03,10633
2025-02-28T14:45:00.000Z,2838.06,2840.73,2833.51,2833.56,10325
2025-02-28T15:00:00.000Z,2833.55,2842.35,2832.61,2839.04,9451
2025-02-28T15:15:00.000Z,2839.01,2842.63,2838.33,2842.3,8878
2025-02-28T15:30:00.000Z,2842.27,2845.18,2839.19,2841.76,8851
2025-02-28T15:45:00.000Z,2841.75,2850.71,2840.29,2850.15,8284
2025-02-28T16:00:00.000Z,2850.18,2853.85,2848.8,2851.7,8984
2025-02-28T16:15:00.000Z,2851.71,2851.74,2847.67,2848.38,6621
2025-02-28T16:30:00.000Z,2848.42,2851.75,2847.65,2847.87,5976
2025-02-28T16:45:00.000Z,2847.86,2850.63,2846.22,2848.58,5224
2025-02-28T17:00:00.000Z,2848.54,2851.49,2847.54,2848.44,4471
2025-02-28T17:15:00.000Z,2848.3,2848.78,2846.02,2846.87,4742
2025-02-28T17:30:00.000Z,2846.75,2847.23,2844.79,2845.18,4972
2025-02-28T17:45:00.000Z,2845.12,2846.56,2844.53,2845.05,4613
2025-02-28T18:00:00.000Z,2845.07,2846.04,2842.15,2843.01,4828
2025-02-28T18:15:00.000Z,2842.97,2846.77,2838.02,2839.45,7650
2025-02-28T18:30:00.000Z,2839.47,2846.87,2839.47,2846.1,5547
2025-02-28T18:45:00.000Z,2846.11,2847.79,2845.02,2845.18,5019
2025-02-28T19:00:00.000Z,2845.24,2847.36,2844.89,2847.1,4244
2025-02-28T19:15:00.000Z,2847.01,2848.18,2844.11,2845.42,3657
2025-02-28T19:30:00.000Z,2845.4,2849.13,2844.93,2848.02,3607
2025-02-28T19:45:00.000Z,2848.03,2850.88,2847.64,2849.57,3951
2025-02-28T20:00:00.000Z,2849.54,2854.01,2849.16,2853.44,3704
2025-02-28T20:15:00.000Z,2853.46,2853.61,2850.15,2850.35,2375
2025-02-28T20:30:00.000Z,2850.34,2851.25,2847.71,2849.98,2935
2025-02-28T20:45:00.000Z,2850.1,2855.06,2849.34,2854.65,5148
2025-02-28T21:00:00.000Z,2854.62,2855.19,2853.21,2854.63,2026
2025-02-28T21:15:00.000Z,2854.64,2857.8,2854.62,2856.79,1661
2025-02-28T21:30:00.000Z,2856.76,2858.19,2856.64,2857.66,944
2025-02-28T21:45:00.000Z,2857.67,2859.13,2857.39,2858.72,997
2025-03-02T23:00:00.000Z,2856.02,2876.91,2855.77,2872.65,4780
2025-03-02T23:15:00.000Z,2872.47,2874.21,2869.83,2871.03,1923
2025-03-02T23:30:00.000Z,2870.9,2872.75,2869.66,2871.47,1848
2025-03-02T23:45:00.000Z,2871.61,2872.22,2864.5,2871,3474
2025-03-03T00:00:00.000Z,2870.99,2871.42,2866.34,2870.24,3096
2025-03-03T00:15:00.000Z,2870.26,2871.06,2867.83,2869.66,3539
2025-03-03T00:30:00.000Z,2869.67,2870.12,2867.39,2868.5,3603
2025-03-03T00:45:00.000Z,2868.51,2868.91,2865.17,2865.84,3852
2025-03-03T01:00:00.000Z,2865.81,2868.99,2864.12,2867.85,6894
2025-03-03T01:15:00.000Z,2867.87,2870.98,2866.17,2870.94,5207
2025-03-03T01:30:00.000Z,2870.98,2871.96,2868.71,2869.1,2973
2025-03-03T01:45:00.000Z,2869.19,2871.94,2868.57,2870.79,3539
2025-03-03T02:00:00.000Z,2870.78,2871.5,2869.86,2870.1,2302
2025-03-03T02:15:00.000Z,2870.09,2872.03,2869.49,2870.06,2537
2025-03-03T02:30:00.000Z,2870.05,2870.43,2869.12,2869.95,2011
2025-03-03T02:45:00.000Z,2869.96,2870.12,2867.65,2868.12,2404
2025-03-03T03:00:00.000Z,2867.93,2867.93,2861.93,2862.82,4360
2025-03-03T03:15:00.000Z,2862.85,2863.34,2859.33,2861.82,4074
2025-03-03T03:30:00.000Z,2861.83,2865.22,2861.55,2864.79,4980
2025-03-03T03:45:00.000Z,2864.8,2866.24,2863.73,2864.75,3156
2025-03-03T04:00:00.000Z,2864.73,2865.11,2863.02,2864.18,2377
2025-03-03T04:15:00.000Z,2864.23,2864.49,2863.32,2864.35,1233
2025-03-03T04:30:00.000Z,2864.43,2867.84,2863.88,2867.76,2502
2025-03-03T04:45:00.000Z,2867.77,2868.33,2867.13,2867.18,1728
2025-03-03T05:00:00.000Z,2867.15,2867.21,2865.73,2866.99,1514
2025-03-03T05:15:00.000Z,2867,2867.3,2865.35,2865.69,2528
2025-03-03T05:30:00.000Z,2865.67,2866.36,2862.15,2862.49,3843
2025-03-03T05:45:00.000Z,2862.45,2863.93,2861.22,2863.82,3462
2025-03-03T06:00:00.000Z,2863.81,2865.92,2862.76,2865.16,3768
2025-03-03T06:15:00.000Z,2865.16,2865.28,2862.63,2863.47,2757
2025-03-03T06:30:00.000Z,2863.39,2863.81,2861.65,2863,2158
2025-03-03T06:45:00.000Z,2862.99,2865.71,2862.86,2865.43,2817
2025-03-03T07:00:00.000Z,2865.46,2866.26,2862.5,2863.55,3752
2025-03-03T07:15:00.000Z,2863.51,2863.7,2860.64,2861.43,3940
2025-03-03T07:30:00.000Z,2861.37,2863.22,2861.02,2861.35,2605
2025-03-03T07:45:00.000Z,2861.36,2863.48,2860.17,2863.28,3272
2025-03-03T08:00:00.000Z,2863.31,2865,2861.89,2863.97,3962
2025-03-03T08:15:00.000Z,2863.96,2864.58,2858.88,2860.17,4761
2025-03-03T08:30:00.000Z,2860.05,2865.66,2859.11,2865.04,5252
2025-03-03T08:45:00.000Z,2864.97,2868.86,2864.97,2868.64,5607
2025-03-03T09:00:00.000Z,2868.63,2870.03,2867.14,2869.13,5512
2025-03-03T09:15:00.000Z,2869.16,2871.44,2869.07,2869.57,4525
2025-03-03T09:30:00.000Z,2869.56,2869.8,2864.28,2864.56,4295
2025-03-03T09:45:00.000Z,2864.52,2869.78,2864.42,2867.44,4943
2025-03-03T10:00:00.000Z,2867.43,2869.13,2867.29,2868.44,3543
2025-03-03T10:15:00.000Z,2868.46,2870.78,2868.1,2869.06,3447
2025-03-03T10:30:00.000Z,2869.09,2871.51,2868.45,2871.48,4100
2025-03-03T10:45:00.000Z,2871.47,2873.56,2871,2871.82,2776
2025-03-03T11:00:00.000Z,2871.83,2875.44,2871.15,2874.57,3582
2025-03-03T11:15:00.000Z,2874.56,2874.62,2871.62,2873.28,2483
2025-03-03T11:30:00.000Z,2873.29,2873.48,2871.83,2872.71,1964
2025-03-03T11:45:00.000Z,2872.7,2875.21,2872.56,2874.32,2524
2025-03-03T12:00:00.000Z,2874.19,2876.37,2873.98,2874.19,3417
2025-03-03T12:15:00.000Z,2874.2,2876.18,2874.13,2876.17,2241
2025-03-03T12:30:00.000Z,2876.18,2877.57,2874.5,2876.78,4059
2025-03-03T12:45:00.000Z,2876.83,2877.38,2875.36,2875.57,2449
2025-03-03T13:00:00.000Z,2875.54,2876.15,2868.89,2874.67,6248
2025-03-03T13:15:00.000Z,2874.68,2875.2,2869.24,2870.91,6034
2025-03-03T13:30:00.000Z,2870.74,2874.9,2870.12,2872.95,4930
2025-03-03T13:45:00.000Z,2873.03,2873.61,2871.31,2872.58,3457
2025-03-03T14:00:00.000Z,2872.58,2875.24,2871.28,2873.14,4946
2025-03-03T14:15:00.000Z,2873.13,2874.75,2872.45,2873.82,3733
2025-03-03T14:30:00.000Z,2873.84,2882.94,2873.55,2878.05,9533
2025-03-03T14:45:00.000Z,2878.03,2879.41,2874.72,2877.34,6715
2025-03-03T15:00:00.000Z,2876.59,2881.79,2873.93,2880.44,7862
2025-03-03T15:15:00.000Z,2880.4,2889.53,2880.24,2889.13,8410
2025-03-03T15:30:00.000Z,2889.26,2890.38,2884.02,2887.14,8635
2025-03-03T15:45:00.000Z,2887.15,2888.33,2884.63,2887.81,6260
2025-03-03T16:00:00.000Z,2887.83,2889.14,2886.05,2887.45,4581
2025-03-03T16:15:00.000Z,2887.46,2890.22,2886.62,2888.86,4226
2025-03-03T16:30:00.000Z,2888.85,2892.43,2888.42,2892.41,4200
2025-03-03T16:45:00.000Z,2892.43,2893.09,2891.23,2891.64,4577
2025-03-03T17:00:00.000Z,2891.41,2892.85,2890.65,2892.17,3938
2025-03-03T17:15:00.000Z,2892.16,2892.2,2887.31,2889.53,4328
2025-03-03T17:30:00.000Z,2889.52,2892.83,2888.02,2892.79,3421
2025-03-03T17:45:00.000Z,2892.78,2892.94,2889.85,2890.78,3423
2025-03-03T18:00:00.000Z,2890.81,2891.67,2889.07,2889.6,3766
2025-03-03T18:15:00.000Z,2889.7,2892.4,2889.51,2890.62,4902
2025-03-03T18:30:00.000Z,2890.59,2891.98,2886.59,2887.41,4111
2025-03-03T18:45:00.000Z,2887.39,2891.89,2886.9,2889.95,4539
2025-03-03T19:00:00.000Z,2889.97,2891.23,2888.49,2888.75,3586
2025-03-03T19:15:00.000Z,2888.74,2889.41,2887.38,2888.36,3319
2025-03-03T19:30:00.000Z,2888.37,2890.11,2887.05,2887.62,3496
2025-03-03T19:45:00.000Z,2887.55,2887.56,2879.74,2881.52,5403
2025-03-03T20:00:00.000Z,2881.53,2885.04,2878.29,2883.43,6037
2025-03-03T20:15:00.000Z,2883.42,2886.3,2882.3,2883.25,4151
2025-03-03T20:30:00.000Z,2883.3,2886.66,2883.3,2885.04,4536
2025-03-03T20:45:00.000Z,2885.02,2891.44,2885.02,2890.44,5602
2025-03-03T21:00:00.000Z,2890.53,2892.48,2890.2,2891.67,2609
2025-03-03T21:15:00.000Z,2891.7,2895.12,2890.83,2894.67,1982
2025-03-03T21:30:00.000Z,2894.68,2895.19,2892.63,2893.83,1973
2025-03-03T21:45:00.000Z,2893.81,2894.42,2892.45,2892.57,1108
2025-03-03T23:00:00.000Z,2891.68,2893.04,2891.24,2892.34,947
2025-03-03T23:15:00.000Z,2892.39,2893.09,2891.58,2892.25,779
2025-03-03T23:30:00.000Z,2892.2,2892.74,2891.02,2892.22,931
2025-03-03T23:45:00.000Z,2892.1,2892.32,2890.58,2890.95,1264
2025-03-04T00:00:00.000Z,2890.8,2893.16,2890.42,2893.16,1400
2025-03-04T00:15:00.000Z,2893.04,2893.71,2890.07,2890.67,1587
2025-03-04T00:30:00.000Z,2890.65,2892.38,2889.99,2891.24,1524
2025-03-04T00:45:00.000Z,2891.18,2892.42,2890.23,2891.78,2204
2025-03-04T01:00:00.000Z,2891.83,2892.96,2882.48,2884.38,4030
2025-03-04T01:15:00.000Z,2884.32,2885.32,2881.85,2884,4190
2025-03-04T01:30:00.000Z,2883.93,2889.02,2883.55,2887.18,5477
2025-03-04T01:45:00.000Z,2887.14,2889.13,2886.46,2888.17,4268
2025-03-04T02:00:00.000Z,2888.16,2889.29,2885.87,2887.19,3880
2025-03-04T02:15:00.000Z,2887.23,2887.37,2885.27,2885.77,2747
2025-03-04T02:30:00.000Z,2885.76,2888.15,2884.77,2888.15,2798
2025-03-04T02:45:00.000Z,2888.12,2888.91,2884.85,2885.39,2628
2025-03-04T03:00:00.000Z,2885.4,2888.63,2884.82,2888.16,2364
2025-03-04T03:15:00.000Z,2888.2,2892.88,2887.9,2891.98,4554
2025-03-04T03:30:00.000Z,2891.97,2892.99,2889.15,2890,2693
2025-03-04T03:45:00.000Z,2889.93,2890.67,2888.37,2888.58,1531
2025-03-04T04:00:00.000Z,2888.46,2888.51,2886.58,2887.37,2307
2025-03-04T04:15:00.000Z,2887.38,2889.45,2887.14,2889.12,1745
2025-03-04T04:30:00.000Z,2889.12,2891.76,2888.76,2891.74,2580
2025-03-04T04:45:00.000Z,2891.78,2892.58,2891.21,2891.29,2308
2025-03-04T05:00:00.000Z,2891.28,2892.83,2890.35,2892.52,3292
2025-03-04T05:15:00.000Z,2892.46,2894.29,2891.9,2892.33,2859
2025-03-04T05:30:00.000Z,2892.32,2893.2,2890.94,2892.07,2760
2025-03-04T05:45:00.000Z,2892.08,2892.08,2888.46,2889.63,2320
2025-03-04T06:00:00.000Z,2889.64,2889.77,2887.87,2887.89,2199
2025-03-04T06:15:00.000Z,2887.88,2888.9,2886.63,2887.65,2946
2025-03-04T06:30:00.000Z,2887.66,2887.93,2884.9,2886.15,3399
2025-03-04T06:45:00.000Z,2886.14,2887.85,2884.37,2887.33,3565
2025-03-04T07:00:00.000Z,2887.32,2891.88,2887,2891.44,4503
2025-03-04T07:15:00.000Z,2891.43,2901.28,2891.36,2899.41,3423
2025-03-04T07:30:00.000Z,2899.42,2900.49,2896.33,2898.53,4013
2025-03-04T07:45:00.000Z,2898.52,2900.22,2896.53,2899.93,3478
2025-03-04T08:00:00.000Z,2899.75,2906.35,2896.64,2905.46,6847
2025-03-04T08:15:00.000Z,2905.48,2914,2905.24,2913.95,6451
2025-03-04T08:30:00.000Z,2913.97,2918.57,2912.66,2913.74,6758
2025-03-04T08:45:00.000Z,2913.62,2914.21,2910.45,2914.04,4034
2025-03-04T09:00:00.000Z,2914.05,2916.46,2912.45,2915.72,3563
2025-03-04T09:15:00.000Z,2916.02,2920.51,2916.02,2919.78,998
2025-03-04T09:30:00.000Z,2919.75,2921.13,2917.08,2919.57,4796
2025-03-04T09:45:00.000Z,2919.61,2920.8,2917.65,2917.94,3807
2025-03-04T10:00:00.000Z,2918,2918,2912.55,2915.76,4924
2025-03-04T10:15:00.000Z,2915.73,2916.93,2914.27,2915.1,3999
2025-03-04T10:30:00.000Z,2915.11,2916.22,2911.99,2914.45,3689
2025-03-04T10:45:00.000Z,2914.46,2915.12,2913.77,2914.63,2496
2025-03-04T11:00:00.000Z,2914.58,2917.69,2913.04,2917.17,2892
2025-03-04T11:15:00.000Z,2917.19,2917.77,2916.25,2917.12,2612
2025-03-04T11:30:00.000Z,2917.12,2919.75,2916.27,2918.98,3222
2025-03-04T11:45:00.000Z,2918.95,2921.65,2917.94,2919.83,4924
2025-03-04T12:00:00.000Z,2919.85,2921.32,2919.09,2921.23,3978
2025-03-04T12:15:00.000Z,2921.26,2923.8,2918.6,2922.52,5057
2025-03-04T12:30:00.000Z,2922.54,2924.25,2919.26,2923.62,5577
2025-03-04T12:45:00.000Z,2923.61,2925.48,2922.34,2924.82,3465
2025-03-04T13:00:00.000Z,2924.83,2927.73,2923.25,2926.55,7307
2025-03-04T13:15:00.000Z,2926.54,2927.03,2921.26,2921.76,7589
2025-03-04T13:30:00.000Z,2921.75,2926.17,2919.99,2921.38,7230
2025-03-04T13:45:00.000Z,2921.39,2923.56,2919.83,2922.49,6289
2025-03-04T14:00:00.000Z,2922.55,2923.01,2917.87,2918.11,6019
2025-03-04T14:15:00.000Z,2918.16,2918.53,2914.4,2916.37,7377
2025-03-04T14:30:00.000Z,2916.54,2918.87,2907.94,2911.67,9015
2025-03-04T14:45:00.000Z,2911.7,2912.18,2903.39,2903.58,9629
2025-03-04T15:00:00.000Z,2903.34,2912.3,2900.27,2911.05,9873
2025-03-04T15:15:00.000Z,2911.1,2911.51,2901.88,2907,8170
2025-03-04T15:30:00.000Z,2907.02,2910.41,2905.97,2909.33,7900
2025-03-04T15:45:00.000Z,2909.3,2910.14,2904.07,2906.08,7833
2025-03-04T16:00:00.000Z,2906.07,2909.42,2903.66,2909.38,6660
2025-03-04T16:15:00.000Z,2909.31,2909.94,2906.96,2908.03,5817
2025-03-04T16:30:00.000Z,2907.99,2910.84,2907.42,2910.63,5543
2025-03-04T16:45:00.000Z,2910.64,2915.99,2909.15,2915.08,6780
2025-03-04T17:00:00.000Z,2915.22,2916.37,2914.26,2914.57,4947
2025-03-04T17:15:00.000Z,2914.54,2915.39,2913.08,2914.44,3590
2025-03-04T17:30:00.000Z,2914.38,2914.64,2912.31,2913.77,4483
2025-03-04T17:45:00.000Z,2913.75,2915.47,2911.05,2911.56,3430
2025-03-04T18:00:00.000Z,2911.55,2914.3,2910.93,2913.97,3607
2025-03-04T18:15:00.000Z,2913.95,2915.16,2909.21,2909.82,3992
2025-03-04T18:30:00.000Z,2909.83,2910.07,2908.19,2908.82,3332
2025-03-04T18:45:00.000Z,2908.77,2911.36,2908.26,2911.27,2448
2025-03-04T19:00:00.000Z,2911.28,2915,2911.2,2912.21,4165
2025-03-04T19:15:00.000Z,2912.15,2914.28,2911.73,2912.51,3333
2025-03-04T19:30:00.000Z,2912.51,2914.5,2912.51,2914.24,3135
2025-03-04T19:45:00.000Z,2914.25,2916.45,2914.23,2916.06,2950
2025-03-04T20:00:00.000Z,2916.07,2918.5,2915.5,2918.37,3995
2025-03-04T20:15:00.000Z,2918.38,2920.54,2917.7,2918.56,3650
2025-03-04T20:30:00.000Z,2918.57,2918.59,2914.33,2916.27,5069
2025-03-04T20:45:00.000Z,2916.34,2917.76,2914.46,2917.21,5569
2025-03-04T21:00:00.000Z,2917.22,2918.39,2915.34,2915.34,2491
2025-03-04T21:15:00.000Z,2915.33,2915.73,2913.28,2915.1,3423
2025-03-04T21:30:00.000Z,2915.09,2916,2914.05,2916,1946
2025-03-04T21:45:00.000Z,2916.01,2917.85,2915.41,2917.58,1443
2025-03-04T23:00:00.000Z,2917.77,2918.21,2916.24,2916.69,986
2025-03-04T23:15:00.000Z,2916.7,2916.89,2915.38,2916.31,494
2025-03-04T23:30:00.000Z,2916.18,2916.44,2914.61,2915,1033
2025-03-04T23:45:00.000Z,2915.01,2915.45,2914.26,2914.39,989
2025-03-05T00:00:00.000Z,2914.5,2914.88,2912.11,2914.08,2028
2025-03-05T00:15:00.000Z,2914.09,2916.74,2913.79,2916.5,2323
2025-03-05T00:30:00.000Z,2916.53,2917.02,2914.39,2914.54,1911
2025-03-05T00:45:00.000Z,2914.55,2915.05,2913.57,2914.1,1552
2025-03-05T01:00:00.000Z,2914.18,2915,2904.35,2908.21,5453
2025-03-05T01:15:00.000Z,2908.26,2910.6,2903.45,2910.59,5584
2025-03-05T01:30:00.000Z,2910.58,2911.28,2908.4,2910.49,5093
2025-03-05T01:45:00.000Z,2910.48,2910.56,2906.57,2907.05,2746
2025-03-05T02:00:00.000Z,2907.08,2911.21,2905.67,2911.08,5035
2025-03-05T02:15:00.000Z,2911.07,2914.46,2906.91,2906.97,3588
2025-03-05T02:30:00.000Z,2906.96,2908.95,2901.93,2907.61,6641
2025-03-05T02:45:00.000Z,2907.55,2908.37,2902.02,2904.24,3968
2025-03-05T03:00:00.000Z,2904.21,2908.89,2903.37,2908.74,5588
2025-03-05T03:15:00.000Z,2908.77,2910.77,2907.94,2910.59,3182
2025-03-05T03:30:00.000Z,2910.6,2911.34,2908.05,2910.82,2774
2025-03-05T03:45:00.000Z,2910.82,2913.46,2908.54,2908.62,3935
2025-03-05T04:00:00.000Z,2908.61,2911.84,2908.47,2911.22,2818
2025-03-05T04:15:00.000Z,2911.22,2912.42,2910.27,2911.9,743
2025-03-05T04:30:00.000Z,2911.91,2912.58,2911.04,2912.08,843
2025-03-05T04:45:00.000Z,2912.22,2912.3,2909.73,2910.42,1034
2025-03-05T05:00:00.000Z,2910.41,2911.68,2909.97,2911.45,1296
2025-03-05T05:15:00.000Z,2911.44,2912.78,2910.28,2911.87,2191
2025-03-05T05:30:00.000Z,2911.88,2913.23,2911.14,2913.16,3334
2025-03-05T05:45:00.000Z,2913.17,2918.77,2912.72,2918.7,2899
2025-03-05T06:00:00.000Z,2918.67,2919.63,2917.19,2919.41,2239
2025-03-05T06:15:00.000Z,2919.4,2921.7,2916.72,2918.49,4510
2025-03-05T06:30:00.000Z,2918.46,2919.51,2913.41,2917.58,5156
2025-03-05T06:45:00.000Z,2917.57,2917.86,2915.37,2916.9,2621
2025-03-05T07:00:00.000Z,2917.05,2919.76,2917.01,2917.54,3728
2025-03-05T07:15:00.000Z,2917.53,2918.11,2915.1,2915.79,4677
2025-03-05T07:30:00.000Z,2915.98,2917.66,2914.6,2915.73,4333
2025-03-05T07:45:00.000Z,2915.72,2918.13,2913.05,2918.13,4841
2025-03-05T08:00:00.000Z,2917.94,2921.61,2916.74,2921.29,6633
2025-03-05T08:15:00.000Z,2921.28,2921.9,2918.99,2919.8,6011
2025-03-05T08:30:00.000Z,2919.78,2920.59,2917.16,2919.41,5399
2025-03-05T08:45:00.000Z,2919.4,2920.78,2918.6,2919.93,4816
2025-03-05T09:00:00.000Z,2919.95,2922.49,2918.02,2919.16,5619
2025-03-05T09:15:00.000Z,2919.19,2919.68,2915.01,2916.46,4064
2025-03-05T09:30:00.000Z,2916.31,2918.17,2913.34,2917.95,5816
2025-03-05T09:45:00.000Z,2917.92,2919.57,2916.57,2918.9,5433
2025-03-05T10:00:00.000Z,2918.87,2919.18,2916.74,2917.07,5101
2025-03-05T10:15:00.000Z,2917.08,2917.76,2914,2917.2,4562
2025-03-05T10:30:00.000Z,2917.22,2918.31,2914.47,2915.31,5298
2025-03-05T10:45:00.000Z,2915.32,2915.63,2908.86,2913.18,5682
2025-03-05T11:00:00.000Z,2913.17,2915.31,2912.87,2914.2,4899
2025-03-05T11:15:00.000Z,2914.21,2915,2913.26,2913.52,3907
2025-03-05T11:30:00.000Z,2913.51,2916.58,2912.54,2915.41,4027
2025-03-05T11:45:00.000Z,2915.51,2917.23,2911.93,2913.24,5676
2025-03-05T12:00:00.000Z,2913.35,2917.89,2912.41,2917.83,5271
2025-03-05T12:15:00.000Z,2917.84,2919.12,2916.27,2918.42,5155
2025-03-05T12:30:00.000Z,2918.44,2918.74,2914.18,2915.62,4612
2025-03-05T12:45:00.000Z,2915.63,2917.04,2914.18,2916.07,4774
2025-03-05T13:00:00.000Z,2916.14,2916.37,2912.1,2912.91,6523
2025-03-05T13:15:00.000Z,2912.9,2916.55,2911.25,2913,7388
2025-03-05T13:30:00.000Z,2912.98,2913.73,2898.39,2899.68,9024
2025-03-05T13:45:00.000Z,2899.74,2903.9,2894.32,2899.94,10402
2025-03-05T14:00:00.000Z,2899.93,2906.58,2899.38,2902.18,8057
2025-03-05T14:15:00.000Z,2901.93,2905.48,2897.68,2904.94,7989
2025-03-05T14:30:00.000Z,2905.12,2917.1,2905.12,2914.98,9289
2025-03-05T14:45:00.000Z,2914.95,2916.7,2909.99,2911.77,9748
2025-03-05T15:00:00.000Z,2910.1,2921.71,2908.07,2916.89,11334
2025-03-05T15:15:00.000Z,2916.9,2919.78,2915.55,2918.18,8180
2025-03-05T15:30:00.000Z,2918.22,2923.79,2917.48,2919.84,10494
2025-03-05T15:45:00.000Z,2919.79,2921.05,2915.97,2917.11,8895
2025-03-05T16:00:00.000Z,2917.09,2924.67,2915.18,2923.14,7028
2025-03-05T16:15:00.000Z,2923.13,2929.57,2922.83,2928.53,7905
2025-03-05T16:30:00.000Z,2928.54,2929.9,2925.8,2928.12,6207
2025-03-05T16:45:00.000Z,2928.13,2929.06,2922.73,2923.78,5663
2025-03-05T17:00:00.000Z,2923.79,2925.19,2919.23,2921.4,6955
2025-03-05T17:15:00.000Z,2921.39,2921.75,2917.34,2918.29,5978
2025-03-05T17:30:00.000Z,2918.3,2918.37,2916.15,2916.86,5266
2025-03-05T17:45:00.000Z,2916.83,2917.85,2913.69,2915.89,4712
2025-03-05T18:00:00.000Z,2915.97,2918.87,2911.49,2917.03,5451
2025-03-05T18:15:00.000Z,2916.97,2920.68,2916.25,2916.44,5118
2025-03-05T18:30:00.000Z,2916.49,2917.51,2913.5,2915.02,4343
2025-03-05T18:45:00.000Z,2915.24,2918.19,2915.21,2917.47,3891
2025-03-05T19:00:00.000Z,2917.49,2918.29,2916.36,2917.23,3967
2025-03-05T19:15:00.000Z,2917.2,2918.98,2916.82,2918.5,3560
2025-03-05T19:30:00.000Z,2918.52,2919.28,2917.74,2918.37,3371
2025-03-05T19:45:00.000Z,2918.4,2921.32,2918.32,2920.46,2854
2025-03-05T20:00:00.000Z,2920.45,2921.2,2919.84,2921.05,3032
2025-03-05T20:15:00.000Z,2921.06,2922.37,2919.49,2922.01,3360
2025-03-05T20:30:00.000Z,2921.99,2922.54,2921.24,2922.47,3910
2025-03-05T20:45:00.000Z,2922.49,2922.99,2921.78,2921.94,3711
2025-03-05T21:00:00.000Z,2921.96,2922.33,2919.14,2919.37,1701
2025-03-05T21:15:00.000Z,2919.36,2919.85,2917.97,2919.59,1746
2025-03-05T21:30:00.000Z,2919.55,2919.65,2918.02,2918.02,881
2025-03-05T21:45:00.000Z,2918.02,2919.37,2917.52,2918.53,823
2025-03-05T23:00:00.000Z,2919.53,2919.58,2917.43,2917.46,828
2025-03-05T23:15:00.000Z,2917.63,2917.96,2916.79,2917.33,713
2025-03-05T23:30:00.000Z,2917.03,2918.61,2916.83,2918.47,1022
2025-03-05T23:45:00.000Z,2918.38,2918.43,2917.34,2918.15,738
2025-03-06T00:00:00.000Z,2918.13,2919.29,2917.43,2919.12,839
2025-03-06T00:15:00.000Z,2919.11,2920.14,2917.37,2918.79,2413
2025-03-06T00:30:00.000Z,2918.77,2918.78,2917.75,2917.9,738
2025-03-06T00:45:00.000Z,2917.9,2917.9,2916.44,2916.59,1774
2025-03-06T01:00:00.000Z,2916.6,2919.21,2915.85,2918.36,4307
2025-03-06T01:15:00.000Z,2918.37,2919.09,2918.07,2918.93,3257
2025-03-06T01:30:00.000Z,2918.95,2922.82,2918.94,2922.54,3382
2025-03-06T01:45:00.000Z,2922.53,2925.61,2922.09,2924.6,4671
2025-03-06T02:00:00.000Z,2924.61,2926.45,2924.13,2924.67,3886
2025-03-06T02:15:00.000Z,2924.63,2924.8,2923.07,2923.36,3244
2025-03-06T02:30:00.000Z,2923.38,2923.73,2922.92,2923.34,3170
2025-03-06T02:45:00.000Z,2923.33,2925.51,2923,2925.51,2936
2025-03-06T03:00:00.000Z,2925.49,2925.53,2922.08,2923.2,2977
2025-03-06T03:15:00.000Z,2923.19,2924.56,2922.11,2922.99,2226
2025-03-06T03:30:00.000Z,2923.02,2923.55,2920.21,2920.64,2002
2025-03-06T03:45:00.000Z,2920.64,2921.44,2920.05,2921.17,2015
2025-03-06T04:00:00.000Z,2921.16,2921.46,2917.76,2919.3,2444
2025-03-06T04:15:00.000Z,2919.31,2919.31,2916.78,2917.13,1990
2025-03-06T04:30:00.000Z,2917.12,2917.8,2916.37,2916.66,1538
2025-03-06T04:45:00.000Z,2916.65,2917.99,2916.39,2917.31,1238
2025-03-06T05:00:00.000Z,2917.31,2917.54,2915.5,2915.81,2615
2025-03-06T05:15:00.000Z,2915.8,2916.52,2914.56,2916.24,2434
2025-03-06T05:30:00.000Z,2916.22,2919.55,2916.02,2918.83,3202
2025-03-06T05:45:00.000Z,2918.81,2920.59,2915.38,2919.76,3632
2025-03-06T06:00:00.000Z,2919.79,2922.58,2919.79,2921.95,2435
2025-03-06T06:15:00.000Z,2921.94,2922.13,2920.33,2921.26,3118
2025-03-06T06:30:00.000Z,2921.2,2921.61,2919.77,2921.55,2181
2025-03-06T06:45:00.000Z,2921.6,2922.83,2919.85,2920.4,3435
2025-03-06T07:00:00.000Z,2920.41,2922.38,2919.36,2921.57,4579
2025-03-06T07:15:00.000Z,2921.54,2921.6,2915.36,2916.03,5543
2025-03-06T07:30:00.000Z,2915.99,2917.05,2911.5,2915.13,5902
2025-03-06T07:45:00.000Z,2915.16,2916.38,2909.73,2910.05,4966
2025-03-06T08:00:00.000Z,2909.97,2911.47,2904.52,2907.27,7449
2025-03-06T08:15:00.000Z,2907.21,2908.77,2905.08,2908.01,5907
2025-03-06T08:30:00.000Z,2908.05,2908.05,2903.19,2904.49,5550
2025-03-06T08:45:00.000Z,2904.48,2905.36,2901.04,2904.76,7015
2025-03-06T09:00:00.000Z,2904.71,2905.43,2899.53,2904.57,7606
2025-03-06T09:15:00.000Z,2904.56,2904.86,2899.34,2899.8,5799
2025-03-06T09:30:00.000Z,2899.83,2900.68,2895.55,2898.84,7382
2025-03-06T09:45:00.000Z,2899.03,2899.14,2891.27,2894.18,6298
2025-03-06T10:00:00.000Z,2894.15,2896.64,2891.9,2894.72,6527
2025-03-06T10:15:00.000Z,2894.74,2899.5,2894.53,2899.49,6501
2025-03-06T10:30:00.000Z,2899.32,2905.19,2899.01,2902.14,5603
2025-03-06T10:45:00.000Z,2902.06,2905.01,2898.83,2899.22,6931
2025-03-06T11:00:00.000Z,2899.23,2904.43,2898.56,2899.82,6316
2025-03-06T11:15:00.000Z,2899.81,2904.99,2899.25,2903.61,3790
2025-03-06T11:30:00.000Z,2903.61,2907.68,2902.91,2906.52,5789
2025-03-06T11:45:00.000Z,2906.53,2906.53,2903.61,2905.79,5742
2025-03-06T12:00:00.000Z,2905.71,2905.8,2903.35,2903.58,4896
2025-03-06T12:15:00.000Z,2903.57,2906.99,2902.89,2903.59,5185
2025-03-06T12:30:00.000Z,2903.5,2904.29,2899.31,2902.02,6908
2025-03-06T12:45:00.000Z,2901.74,2903.97,2899.45,2903.17,4600
2025-03-06T13:00:00.000Z,2903.1,2907.17,2900.82,2907.11,7560
2025-03-06T13:15:00.000Z,2907.12,2909.25,2901.07,2905.21,8702
2025-03-06T13:30:00.000Z,2903.57,2907.65,2900.83,2903.97,7894
2025-03-06T13:45:00.000Z,2903.94,2905.81,2901.9,2904.52,7219
2025-03-06T14:00:00.000Z,2904.49,2911.29,2903.32,2908.96,7232
2025-03-06T14:15:00.000Z,2908.96,2911.42,2906.32,2908.79,6784
2025-03-06T14:30:00.000Z,2908.73,2914.2,2908.61,2912.57,9957
2025-03-06T14:45:00.000Z,2912.59,2916.63,2910.63,2915.18,9385
2025-03-06T15:00:00.000Z,2915.13,2922.66,2915.02,2916.78,9655
2025-03-06T15:15:00.000Z,2916.71,2918.06,2909.29,2913.44,9435
2025-03-06T15:30:00.000Z,2913.43,2913.81,2909.13,2913.77,9960
2025-03-06T15:45:00.000Z,2913.79,2916.23,2912.64,2914.47,6494
2025-03-06T16:00:00.000Z,2914.49,2916.47,2912.54,2914.2,6227
2025-03-06T16:15:00.000Z,2914.19,2918.39,2913.87,2917.2,5994
2025-03-06T16:30:00.000Z,2917.17,2918.09,2915.07,2917.78,6103
2025-03-06T16:45:00.000Z,2917.75,2918.42,2916.05,2917.15,4733
2025-03-06T17:00:00.000Z,2917.14,2920.13,2915.51,2919.8,5327
2025-03-06T17:15:00.000Z,2919.81,2920.31,2916.46,2920.15,4559
2025-03-06T17:30:00.000Z,2920.08,2921.46,2918.1,2918.88,4760
2025-03-06T17:45:00.000Z,2918.89,2919.32,2914.39,2915.37,5295
2025-03-06T18:00:00.000Z,2915.38,2920.06,2915.21,2919.81,5475
2025-03-06T18:15:00.000Z,2919.76,2920.67,2918.13,2918.44,4483
2025-03-06T18:30:00.000Z,2918.59,2919.7,2913.91,2913.92,4450
2025-03-06T18:45:00.000Z,2913.93,2916.53,2913.77,2916.2,4686
2025-03-06T19:00:00.000Z,2916.21,2917.26,2914.45,2917,3973
2025-03-06T19:15:00.000Z,2917.01,2917.33,2912.18,2913.48,4522
2025-03-06T19:30:00.000Z,2913.44,2914.92,2912.57,2914.08,4390
2025-03-06T19:45:00.000Z,2914,2917.7,2913.24,2913.92,5466
2025-03-06T20:00:00.000Z,2913.87,2916.52,2913.02,2915.45,4060
2025-03-06T20:15:00.000Z,2915.29,2916.5,2914.06,2914.7,3617
2025-03-06T20:30:00.000Z,2914.68,2914.76,2912.87,2913.16,3216
2025-03-06T20:45:00.000Z,2913.13,2913.6,2908.41,2908.72,4988
2025-03-06T21:00:00.000Z,2908.73,2911.5,2908.73,2910.78,1628
2025-03-06T21:15:00.000Z,2910.77,2911.06,2908.36,2909.86,1626
2025-03-06T21:30:00.000Z,2909.9,2911.12,2909.23,2910.16,1421
2025-03-06T21:45:00.000Z,2910.37,2911.62,2910.03,2910.31,1271
2025-03-06T23:00:00.000Z,2911.13,2913.15,2910.2,2910.8,816
2025-03-06T23:15:00.000Z,2910.84,2913.33,2910.62,2912.47,1112
2025-03-06T23:30:00.000Z,2912.49,2913.44,2911.34,2911.34,1056
2025-03-06T23:45:00.000Z,2911.29,2911.36,2909.87,2910.37,1459
2025-03-07T00:00:00.000Z,2910.36,2910.36,2896.8,2899.85,5428
2025-03-07T00:15:00.000Z,2899.87,2905.46,2898.52,2902.39,3671
2025-03-07T00:30:00.000Z,2902.58,2906.12,2902.58,2905.14,2875
2025-03-07T00:45:00.000Z,2905.11,2906.02,2901.87,2904.47,2459
2025-03-07T01:00:00.000Z,2904.48,2906.14,2902.21,2903.55,5949
2025-03-07T01:15:00.000Z,2903.48,2904.32,2901.52,2902.87,4337
2025-03-07T01:30:00.000Z,2902.8,2909.99,2901.47,2909.99,4723
2025-03-07T01:45:00.000Z,2910.01,2910.15,2905.73,2906.85,3811
2025-03-07T02:00:00.000Z,2906.84,2907.59,2901.15,2903.68,5609
2025-03-07T02:15:00.000Z,2903.72,2906.61,2903.04,2906.12,5463
2025-03-07T02:30:00.000Z,2906.15,2907.82,2904.09,2907.32,3015
2025-03-07T02:45:00.000Z,2907.33,2909,2907.2,2907.98,4410
2025-03-07T03:00:00.000Z,2907.94,2908.98,2904.73,2905.11,4224
2025-03-07T03:15:00.000Z,2905.1,2906.48,2904.1,2905.94,4327
2025-03-07T03:30:00.000Z,2905.96,2906.65,2904.47,2904.85,1376
2025-03-07T03:45:00.000Z,2904.87,2905.91,2903.84,2905.29,1996
2025-03-07T04:00:00.000Z,2905.27,2907.59,2904.79,2906.84,3954
2025-03-07T04:15:00.000Z,2906.83,2906.83,2905.15,2906.44,2568
2025-03-07T04:30:00.000Z,2906.45,2907.17,2905.59,2907.17,2529
2025-03-07T04:45:00.000Z,2907.16,2908.17,2906.27,2906.57,1219
2025-03-07T05:00:00.000Z,2906.6,2909.61,2906.34,2908.63,2217
2025-03-07T05:15:00.000Z,2908.68,2911.59,2908.61,2911.09,3778
2025-03-07T05:30:00.000Z,2911.43,2912.39,2909.93,2910.59,5121
2025-03-07T05:45:00.000Z,2910.66,2911.64,2908.91,2909.54,3404
2025-03-07T06:00:00.000Z,2909.53,2910.21,2907.69,2909.78,2537
2025-03-07T06:15:00.000Z,2909.68,2911.87,2909.35,2911.44,3190
2025-03-07T06:30:00.000Z,2911.43,2914.69,2911.41,2913.7,3138
2025-03-07T06:45:00.000Z,2913.69,2913.69,2910.81,2913.46,3308
2025-03-07T07:00:00.000Z,2913.47,2914.7,2911.83,2913.78,5645
2025-03-07T07:15:00.000Z,2913.86,2914.63,2911.95,2911.96,2912
2025-03-07T07:30:00.000Z,2911.95,2915.4,2911.74,2915.17,3379
2025-03-07T07:45:00.000Z,2915.18,2917.33,2914.84,2917.06,3707
2025-03-07T08:00:00.000Z,2917.16,2919.31,2915.15,2916.65,6547
2025-03-07T08:15:00.000Z,2916.63,2920.45,2916.58,2920.11,5036
2025-03-07T08:30:00.000Z,2920.15,2921.04,2919.37,2920.93,3967
2025-03-07T08:45:00.000Z,2920.86,2922.87,2920.75,2922.38,4449
2025-03-07T09:00:00.000Z,2922.32,2922.89,2921.24,2922.25,5279
2025-03-07T09:15:00.000Z,2922.3,2922.74,2921.05,2922.3,4035
2025-03-07T09:30:00.000Z,2922.31,2922.63,2921.11,2922.05,3705
2025-03-07T09:45:00.000Z,2922.04,2922.92,2920.27,2921.61,3305
2025-03-07T10:00:00.000Z,2921.59,2921.93,2918.92,2920.56,4743
2025-03-07T10:15:00.000Z,2920.58,2920.59,2917.21,2919.06,4341
2025-03-07T10:30:00.000Z,2919.04,2921.29,2917.75,2919.9,4882
2025-03-07T10:45:00.000Z,2919.89,2919.92,2917.04,2918.01,4325
2025-03-07T11:00:00.000Z,2918.02,2921.6,2917.12,2921.55,4679
2025-03-07T11:15:00.000Z,2921.53,2921.99,2919.13,2920.12,4219
2025-03-07T11:30:00.000Z,2920.14,2921.22,2918.66,2919.47,4644
2025-03-07T11:45:00.000Z,2919.48,2919.52,2916.79,2918.75,4160
2025-03-07T12:00:00.000Z,2918.91,2919.63,2917.98,2919.63,4112
2025-03-07T12:15:00.000Z,2919.66,2922.52,2918.12,2921.4,5814
2025-03-07T12:30:00.000Z,2921.41,2922.76,2920.9,2921.67,4438
2025-03-07T12:45:00.000Z,2921.62,2921.92,2918.58,2918.59,5507
2025-03-07T13:00:00.000Z,2918.58,2920.47,2916.72,2917.9,8349
2025-03-07T13:15:00.000Z,2917.91,2917.98,2910.24,2911.8,6762
2025-03-07T13:30:00.000Z,2912.35,2926.3,2911.82,2922.88,10379
2025-03-07T13:45:00.000Z,2922.57,2922.57,2912.85,2913.71,8282
2025-03-07T14:00:00.000Z,2913.7,2915.17,2903.92,2913.55,9196
2025-03-07T14:15:00.000Z,2913.57,2918.81,2912.3,2916.93,7506
2025-03-07T14:30:00.000Z,2916.96,2922.17,2916.74,2919.83,8259
2025-03-07T14:45:00.000Z,2919.72,2928.71,2918.03,2926.82,8937
2025-03-07T15:00:00.000Z,2926.73,2930.24,2926.1,2927.35,8673
2025-03-07T15:15:00.000Z,2927.28,2928.82,2922.53,2924.98,6832
2025-03-07T15:30:00.000Z,2924.87,2926.13,2912.56,2914.32,8062
2025-03-07T15:45:00.000Z,2914.35,2917.78,2908.63,2915.8,9098
2025-03-07T16:00:00.000Z,2915.74,2917.41,2911.57,2916.06,7582
2025-03-07T16:15:00.000Z,2916.07,2919.26,2916.07,2916.85,5060
2025-03-07T16:30:00.000Z,2916.86,2917.33,2913.06,2913.82,6773
2025-03-07T16:45:00.000Z,2914.04,2919.16,2912.44,2914.05,5564
2025-03-07T17:00:00.000Z,2914.33,2916.17,2907.72,2910.94,6418
2025-03-07T17:15:00.000Z,2911,2911.08,2905.06,2908.83,6463
2025-03-07T17:30:00.000Z,2908.66,2910.19,2905.94,2907.31,5427
2025-03-07T17:45:00.000Z,2907.33,2909.3,2905.9,2908.13,5748
2025-03-07T18:00:00.000Z,2907.94,2908.68,2905.45,2906.09,6505
2025-03-07T18:15:00.000Z,2906.08,2906.46,2902,2906.07,6625
2025-03-07T18:30:00.000Z,2906.08,2908.06,2904.73,2906.01,5123
2025-03-07T18:45:00.000Z,2906.02,2908.03,2905.63,2906.58,4353
2025-03-07T19:00:00.000Z,2906.66,2907.09,2904.67,2905.69,3683
2025-03-07T19:15:00.000Z,2905.6,2909.48,2905.39,2905.97,4191
2025-03-07T19:30:00.000Z,2906.02,2908.39,2905.69,2906.77,4227
2025-03-07T19:45:00.000Z,2906.76,2907.79,2904.59,2905.19,5881
2025-03-07T20:00:00.000Z,2905.2,2908.1,2904.77,2906.9,3868
2025-03-07T20:15:00.000Z,2906.91,2908.58,2906.35,2907.38,2771
2025-03-07T20:30:00.000Z,2907.39,2911.16,2907.23,2909.61,2963
2025-03-07T20:45:00.000Z,2909.62,2910.29,2907.3,2909.6,4242
2025-03-07T21:00:00.000Z,2909.58,2911.14,2908.42,2910.58,1429
2025-03-07T21:15:00.000Z,2910.55,2911.93,2909.97,2911.45,989
2025-03-07T21:30:00.000Z,2911.46,2911.67,2910.71,2910.97,709
2025-03-07T21:45:00.000Z,2910.93,2912.33,2910.69,2912.21,597
2025-03-09T22:00:00.000Z,2911.43,2915.07,2910.38,2913.4,2409
2025-03-09T22:15:00.000Z,2913.42,2913.42,2909.71,2912,2051
2025-03-09T22:30:00.000Z,2911.99,2913.95,2911.59,2911.78,1787
2025-03-09T22:45:00.000Z,2911.93,2912.69,2911.25,2911.9,697
2025-03-09T23:00:00.000Z,2912,2914.55,2911.44,2914.47,1868
2025-03-09T23:15:00.000Z,2914.48,2916.39,2914.42,2915.36,1908
2025-03-09T23:30:00.000Z,2915.05,2916.24,2914.47,2915.85,1717
2025-03-09T23:45:00.000Z,2915.82,2916.94,2915.49,2916.23,1777
2025-03-10T00:00:00.000Z,2916.2,2917.85,2914.76,2916.05,3091
2025-03-10T00:15:00.000Z,2916.08,2916.94,2913.7,2914.92,1756
2025-03-10T00:30:00.000Z,2914.95,2915.85,2913.81,2914.77,2238
2025-03-10T00:45:00.000Z,2914.78,2915.24,2913.11,2913.84,2379
2025-03-10T01:00:00.000Z,2914.01,2918.2,2913.73,2917.2,4706
2025-03-10T01:15:00.000Z,2917.29,2917.98,2913.74,2914.09,2683
2025-03-10T01:30:00.000Z,2913.62,2916.24,2912.58,2915.33,3215
2025-03-10T01:45:00.000Z,2915.28,2915.31,2911.31,2912,3732
2025-03-10T02:00:00.000Z,2912.06,2914.07,2909.7,2910.61,4310
2025-03-10T02:15:00.000Z,2910.63,2911.57,2909.52,2910.59,1860
2025-03-10T02:30:00.000Z,2910.61,2914.36,2910.4,2911.77,2417
2025-03-10T02:45:00.000Z,2911.78,2912.56,2910.68,2911.37,2337
2025-03-10T03:00:00.000Z,2911.33,2913.07,2910.91,2912.22,2335
2025-03-10T03:15:00.000Z,2912.21,2913.42,2911.75,2911.81,2030
2025-03-10T03:30:00.000Z,2911.7,2912.03,2908.11,2910.16,2523
2025-03-10T03:45:00.000Z,2910.14,2912.69,2909.56,2910.89,2276
2025-03-10T04:00:00.000Z,2910.84,2912.12,2910.34,2910.85,2124
2025-03-10T04:15:00.000Z,2910.83,2911.92,2910.54,2911.61,1110
2025-03-10T04:30:00.000Z,2911.68,2912.35,2911.06,2911.87,1378
2025-03-10T04:45:00.000Z,2911.86,2912.56,2910.14,2910.92,1347
2025-03-10T05:00:00.000Z,2910.91,2911.66,2909.15,2911.35,1986
2025-03-10T05:15:00.000Z,2911.35,2911.83,2906.88,2907.42,2265
2025-03-10T05:30:00.000Z,2907.41,2909.89,2906.95,2909.39,3218
2025-03-10T05:45:00.000Z,2909.37,2909.99,2907.97,2909.84,2373
2025-03-10T06:00:00.000Z,2909.88,2913.19,2909.88,2910.68,2435
2025-03-10T06:15:00.000Z,2910.79,2912.59,2909.3,2912.19,3563
2025-03-10T06:30:00.000Z,2912.17,2914.02,2911.11,2912.88,2787
2025-03-10T06:45:00.000Z,2912.92,2914.57,2912.27,2914.38,2783
2025-03-10T07:00:00.000Z,2914.37,2915.07,2912.72,2913.06,4094
2025-03-10T07:15:00.000Z,2913.17,2915.06,2912.01,2915.04,3813
2025-03-10T07:30:00.000Z,2915.06,2915.38,2912.83,2913.49,3247
2025-03-10T07:45:00.000Z,2913.48,2913.97,2904.27,2908.28,5641
2025-03-10T08:00:00.000Z,2908.29,2910.57,2905.91,2906.66,5383
2025-03-10T08:15:00.000Z,2906.7,2906.94,2902.08,2903.66,5264
2025-03-10T08:30:00.000Z,2903.67,2904.59,2900.25,2900.41,5123
2025-03-10T08:45:00.000Z,2900.4,2900.42,2897.64,2897.84,4934
2025-03-10T09:00:00.000Z,2897.83,2909.12,2896.72,2908.47,5378
2025-03-10T09:15:00.000Z,2908.5,2913.25,2907.45,2912.59,5719
2025-03-10T09:30:00.000Z,2912.47,2915.14,2912.11,2913.16,4173
2025-03-10T09:45:00.000Z,2913.15,2915.31,2911.05,2911.28,4049
2025-03-10T10:00:00.000Z,2911.23,2911.34,2906.62,2909.29,4243
2025-03-10T10:15:00.000Z,2909.31,2910,2902.56,2903.14,4510
2025-03-10T10:30:00.000Z,2903.13,2903.46,2898.28,2900.29,5796
2025-03-10T10:45:00.000Z,2900.28,2904.49,2899.81,2903.11,3874
2025-03-10T11:00:00.000Z,2902.99,2903.13,2899.41,2901.17,4588
2025-03-10T11:15:00.000Z,2901.15,2902.48,2897.72,2900.34,4734
2025-03-10T11:30:00.000Z,2900.45,2900.45,2895.39,2897.4,4891
2025-03-10T11:45:00.000Z,2897.39,2904.73,2896.64,2904.09,5961
2025-03-10T12:00:00.000Z,2904.13,2906.88,2903.12,2904.06,6752
2025-03-10T12:15:00.000Z,2904.07,2906.7,2900.19,2906.38,7331
2025-03-10T12:30:00.000Z,2906.39,2907.39,2904.34,2906.65,5556
2025-03-10T12:45:00.000Z,2906.64,2907.69,2903.18,2906.6,4936
2025-03-10T13:00:00.000Z,2906.71,2908.45,2905.23,2906.61,6865
2025-03-10T13:15:00.000Z,2906.59,2907.48,2901.14,2901.63,6957
2025-03-10T13:30:00.000Z,2901.36,2902.88,2898.58,2902.02,9070
2025-03-10T13:45:00.000Z,2902.1,2904.44,2897.59,2903.73,9134
2025-03-10T14:00:00.000Z,2903.68,2908.66,2900.91,2907.89,8959
2025-03-10T14:15:00.000Z,2907.98,2909.06,2903.68,2903.77,8989
2025-03-10T14:30:00.000Z,2903.78,2907.53,2901.76,2906.89,8436
2025-03-10T14:45:00.000Z,2906.92,2908.94,2904.11,2908.02,7798
2025-03-10T15:00:00.000Z,2908.16,2910.55,2902.46,2903.09,7388
2025-03-10T15:15:00.000Z,2903.06,2908.49,2900.47,2908.09,6387
2025-03-10T15:30:00.000Z,2907.93,2908.28,2904.37,2905.03,4365
2025-03-10T15:45:00.000Z,2905.05,2906.55,2903.16,2904.38,5010
2025-03-10T16:00:00.000Z,2904.32,2906.82,2903.14,2905.37,5122
2025-03-10T16:15:00.000Z,2905.34,2905.88,2902.25,2903.18,4245
2025-03-10T16:30:00.000Z,2903.39,2903.6,2900.4,2900.89,4098
2025-03-10T16:45:00.000Z,2900.85,2901.03,2895.78,2895.87,5800
2025-03-10T17:00:00.000Z,2895.9,2896.14,2890.69,2894.18,6786
2025-03-10T17:15:00.000Z,2894.19,2895.8,2890.62,2894.79,5674
2025-03-10T17:30:00.000Z,2894.84,2895.14,2882.81,2886.15,6195
2025-03-10T17:45:00.000Z,2886.11,2887.07,2882.85,2886.02,6449
2025-03-10T18:00:00.000Z,2886.08,2886.08,2880.31,2884.13,6439
2025-03-10T18:15:00.000Z,2884.15,2884.46,2882,2883.47,4743
2025-03-10T18:30:00.000Z,2883.6,2887.92,2883.07,2886.63,4207
2025-03-10T18:45:00.000Z,2886.62,2889.61,2884.78,2885.53,3366
2025-03-10T19:00:00.000Z,2885.34,2885.57,2880.22,2884.46,5226
2025-03-10T19:15:00.000Z,2884.49,2890.95,2883.07,2888.11,4596
2025-03-10T19:30:00.000Z,2888.2,2890.84,2884.9,2886.98,5059
2025-03-10T19:45:00.000Z,2887.01,2888.48,2884.12,2885.44,5304
2025-03-10T20:00:00.000Z,2885.46,2888.31,2884.31,2887.25,2409
2025-03-10T20:15:00.000Z,2887.23,2887.88,2885.61,2886.71,1579
2025-03-10T20:30:00.000Z,2886.68,2888.9,2885.52,2888.28,1220
2025-03-10T20:45:00.000Z,2888.44,2889.37,2887.43,2888.7,947
2025-03-10T22:00:00.000Z,2888.68,2890.06,2887.05,2887.55,1281
2025-03-10T22:15:00.000Z,2887.56,2887.69,2884.9,2884.96,1508
2025-03-10T22:30:00.000Z,2885.05,2885.91,2884.02,2885.91,840
2025-03-10T22:45:00.000Z,2885.92,2885.95,2883.93,2884.56,727
2025-03-10T23:00:00.000Z,2884.55,2885.75,2884.22,2884.89,1255
2025-03-10T23:15:00.000Z,2884.85,2885.34,2884.04,2884.22,1054
2025-03-10T23:30:00.000Z,2884.25,2884.25,2882.72,2883.23,1433
2025-03-10T23:45:00.000Z,2883.18,2884.98,2882.28,2884.64,1629
2025-03-11T00:00:00.000Z,2884.66,2887.13,2884.12,2886.92,2158
2025-03-11T00:15:00.000Z,2886.96,2888.47,2885.19,2887.2,2601
2025-03-11T00:30:00.000Z,2887.21,2888.03,2884.97,2885.61,2597
2025-03-11T00:45:00.000Z,2885.6,2888.15,2884.79,2887.08,2611
2025-03-11T01:00:00.000Z,2887.14,2888.61,2880.09,2885.49,6123
2025-03-11T01:15:00.000Z,2885.5,2890.05,2885.43,2889.26,4692
2025-03-11T01:30:00.000Z,2889.28,2890.31,2886.88,2890.16,4122
2025-03-11T01:45:00.000Z,2890.18,2890.87,2889.3,2890.52,2714
2025-03-11T02:00:00.000Z,2890.48,2893.89,2889.72,2893.84,3628
2025-03-11T02:15:00.000Z,2893.92,2898.97,2893.09,2897.76,3770
2025-03-11T02:30:00.000Z,2897.75,2898.69,2896.28,2897.41,3810
2025-03-11T02:45:00.000Z,2897.42,2900.45,2896.02,2898.92,3543
2025-03-11T03:00:00.000Z,2899.16,2899.3,2897.63,2898.27,3249
2025-03-11T03:15:00.000Z,2898.37,2898.66,2895.31,2895.76,3305
2025-03-11T03:30:00.000Z,2895.74,2896.9,2895.1,2896.81,2039
2025-03-11T03:45:00.000Z,2896.8,2897.14,2895.72,2896.76,1648
2025-03-11T04:00:00.000Z,2896.77,2897.42,2895.4,2897.27,1624
2025-03-11T04:15:00.000Z,2897.46,2897.65,2896.11,2897.41,1126
2025-03-11T04:30:00.000Z,2897.44,2898.17,2897.15,2897.95,1079
2025-03-11T04:45:00.000Z,2897.96,2898.57,2896.88,2897.66,950
2025-03-11T05:00:00.000Z,2897.68,2898.77,2896.87,2897.62,1506
2025-03-11T05:15:00.000Z,2897.72,2898.59,2897.47,2897.52,1360
2025-03-11T05:30:00.000Z,2897.51,2898.89,2895.7,2895.82,2764
2025-03-11T05:45:00.000Z,2895.8,2896.07,2892.68,2895.81,3350
2025-03-11T06:00:00.000Z,2895.86,2897.11,2894.58,2895.19,1961
2025-03-11T06:15:00.000Z,2895.2,2897.9,2893.49,2897.89,4080
2025-03-11T06:30:00.000Z,2897.93,2901.93,2897.38,2900.14,3788
2025-03-11T06:45:00.000Z,2900.15,2902.7,2899.79,2902.31,3373
2025-03-11T07:00:00.000Z,2902.3,2903.54,2899.82,2899.84,2650
2025-03-11T07:15:00.000Z,2899.77,2901.01,2897.81,2900.22,2907
2025-03-11T07:30:00.000Z,2900.2,2901.19,2897.45,2899.58,2778
2025-03-11T07:45:00.000Z,2899.59,2901.85,2899.12,2900.99,4423
2025-03-11T08:00:00.000Z,2901.14,2904.26,2900.38,2904.23,4789
2025-03-11T08:15:00.000Z,2904.22,2907.17,2903.93,2907.12,3037
2025-03-11T08:30:00.000Z,2907.13,2909.27,2906.39,2909.05,3072
2025-03-11T08:45:00.000Z,2908.98,2910.45,2907.28,2909.88,3960
2025-03-11T09:00:00.000Z,2909.9,2911.54,2908.91,2910.03,3684
2025-03-11T09:15:00.000Z,2910.04,2910.91,2909.07,2910.86,2140
2025-03-11T09:30:00.000Z,2910.92,2911.18,2908.83,2910.7,3761
2025-03-11T09:45:00.000Z,2910.73,2912.41,2909.87,2911.74,3642
2025-03-11T10:00:00.000Z,2911.75,2912.8,2910.86,2911.52,2141
2025-03-11T10:15:00.000Z,2911.49,2914.06,2911.31,2912.78,2290
2025-03-11T10:30:00.000Z,2912.79,2914.19,2910.92,2914.16,3510
2025-03-11T10:45:00.000Z,2914.18,2914.49,2911.88,2911.96,2595
2025-03-11T11:00:00.000Z,2911.95,2913.55,2910.68,2912.67,3016
2025-03-11T11:15:00.000Z,2912.66,2913.7,2911.61,2913.56,2411
2025-03-11T11:30:00.000Z,2913.57,2915.25,2912.33,2914.73,3178
2025-03-11T11:45:00.000Z,2914.72,2915.28,2912.69,2913.52,2897
2025-03-11T12:00:00.000Z,2913.53,2913.99,2912.47,2912.57,3777
2025-03-11T12:15:00.000Z,2912.56,2914.12,2910.47,2912.76,4635
2025-03-11T12:30:00.000Z,2912.75,2915.92,2912.2,2915.65,4885
2025-03-11T12:45:00.000Z,2915.64,2915.72,2911.22,2913.03,3911
2025-03-11T13:00:00.000Z,2913.04,2913.76,2907.45,2907.8,6098
2025-03-11T13:15:00.000Z,2907.79,2912.26,2906.83,2911.27,4306
2025-03-11T13:30:00.000Z,2911.49,2920.63,2910.61,2919.61,9346
2025-03-11T13:45:00.000Z,2919.59,2922.05,2916.22,2918.07,7287
2025-03-11T14:00:00.000Z,2918.05,2920.41,2915.28,2918.76,8072
2025-03-11T14:15:00.000Z,2918.7,2920.64,2915.15,2916.01,6063
2025-03-11T14:30:00.000Z,2916.29,2916.68,2911.68,2915.26,5520
2025-03-11T14:45:00.000Z,2915.27,2915.91,2913.45,2914.17,5449
2025-03-11T15:00:00.000Z,2914.09,2919.71,2913.99,2919.33,6707
2025-03-11T15:15:00.000Z,2919.32,2919.54,2914.19,2915.41,5420
2025-03-11T15:30:00.000Z,2915.42,2919.88,2914.58,2918.11,4731
2025-03-11T15:45:00.000Z,2918.12,2918.88,2916.23,2916.72,4144
2025-03-11T16:00:00.000Z,2916.73,2917.74,2915.79,2915.96,3506
2025-03-11T16:15:00.000Z,2915.97,2917.9,2915.68,2916.49,3260
2025-03-11T16:30:00.000Z,2916.41,2917.99,2915.05,2916.32,3523
2025-03-11T16:45:00.000Z,2916.25,2917.75,2915.63,2917.16,3808
2025-03-11T17:00:00.000Z,2917.25,2920.56,2915.75,2919.2,4650
2025-03-11T17:15:00.000Z,2919.33,2919.99,2914.16,2915.7,4684
2025-03-11T17:30:00.000Z,2915.56,2918.06,2915.44,2917.04,3613
2025-03-11T17:45:00.000Z,2917.01,2919.04,2916.72,2917.71,2960
2025-03-11T18:00:00.000Z,2917.73,2918.44,2915.14,2917.34,3478
2025-03-11T18:15:00.000Z,2917.39,2917.49,2915.53,2916.74,2908
2025-03-11T18:30:00.000Z,2916.67,2918.8,2916.12,2918.38,3133
2025-03-11T18:45:00.000Z,2918.39,2919.52,2917.43,2918.19,3421
2025-03-11T19:00:00.000Z,2918.17,2919.76,2917.45,2919.14,4251
2025-03-11T19:15:00.000Z,2919.11,2920.91,2918.76,2920.03,4308
2025-03-11T19:30:00.000Z,2920.04,2921.24,2919.98,2921.16,2720
2025-03-11T19:45:00.000Z,2921.24,2921.24,2918.13,2918.34,2971
2025-03-11T20:00:00.000Z,2918.36,2918.98,2915.64,2915.84,1860
2025-03-11T20:15:00.000Z,2915.81,2917.32,2915.77,2916.2,1381
2025-03-11T20:30:00.000Z,2916.22,2916.62,2915.93,2916.49,867
2025-03-11T20:45:00.000Z,2916.34,2916.34,2914.83,2915.61,1017
2025-03-11T22:00:00.000Z,2915.55,2917.6,2914.32,2917.6,948
2025-03-11T22:15:00.000Z,2917.57,2917.57,2916.01,2916.47,721
2025-03-11T22:30:00.000Z,2916.49,2917.22,2914.42,2915.3,1251
2025-03-11T22:45:00.000Z,2915.34,2918,2915.02,2917.57,1418
2025-03-11T23:00:00.000Z,2917.54,2919.64,2916.97,2917.47,1275
2025-03-11T23:15:00.000Z,2917.45,2917.58,2916.02,2917.43,902
2025-03-11T23:30:00.000Z,2917.46,2918.03,2916.56,2916.65,590
2025-03-11T23:45:00.000Z,2916.74,2916.77,2915.21,2915.47,700
2025-03-12T00:00:00.000Z,2915.49,2915.49,2913.35,2913.7,1435
2025-03-12T00:15:00.000Z,2913.69,2914.58,2913.3,2914.08,890
2025-03-12T00:30:00.000Z,2914.06,2914.47,2911.94,2913.31,1058
2025-03-12T00:45:00.000Z,2913.12,2914.34,2912.49,2914.11,1726
2025-03-12T01:00:00.000Z,2914.07,2914.08,2910.76,2911.32,2630
2025-03-12T01:15:00.000Z,2911.4,2915.08,2911.3,2914.51,2951
2025-03-12T01:30:00.000Z,2914.53,2917.26,2914.39,2915.77,2664
2025-03-12T01:45:00.000Z,2915.73,2916.7,2914.28,2914.82,2071
2025-03-12T02:00:00.000Z,2914.71,2915.71,2913.83,2915.03,2266
2025-03-12T02:15:00.000Z,2915.12,2916.23,2914.64,2915.8,1898
2025-03-12T02:30:00.000Z,2915.95,2918.15,2915.5,2916.52,2385
2025-03-12T02:45:00.000Z,2916.5,2917.5,2915.15,2916.18,2056
2025-03-12T03:00:00.000Z,2916.11,2919.45,2916.11,2918.39,2017
2025-03-12T03:15:00.000Z,2918.36,2919.93,2917.26,2918.9,2234
2025-03-12T03:30:00.000Z,2918.89,2919.34,2917.64,2917.78,1336
2025-03-12T03:45:00.000Z,2917.84,2918.29,2914.65,2914.74,1420
2025-03-12T04:00:00.000Z,2914.79,2915.1,2913.83,2913.91,1826
2025-03-12T04:15:00.000Z,2913.87,2915.52,2912.59,2915.37,1740
2025-03-12T04:30:00.000Z,2915.38,2915.65,2914.18,2915.11,1136
2025-03-12T04:45:00.000Z,2915.15,2916.06,2914.73,2914.87,810
2025-03-12T05:00:00.000Z,2914.86,2915.16,2913.16,2914.09,2521
2025-03-12T05:15:00.000Z,2914.1,2914.12,2912.13,2913.1,1885
2025-03-12T05:30:00.000Z,2913.11,2915.09,2911.99,2915.04,2559
2025-03-12T05:45:00.000Z,2915.02,2916.51,2914.64,2915.96,2492
2025-03-12T06:00:00.000Z,2916.04,2921.07,2915.7,2920.1,2928
2025-03-12T06:15:00.000Z,2920.08,2920.72,2915.79,2915.83,2859
2025-03-12T06:30:00.000Z,2915.95,2917.07,2912.51,2912.91,3755
2025-03-12T06:45:00.000Z,2912.92,2915.2,2911.42,2912,4556
2025-03-12T07:00:00.000Z,2912.01,2912.72,2910.38,2911.55,4605
2025-03-12T07:15:00.000Z,2911.53,2912.44,2908.92,2911.17,2878
2025-03-12T07:30:00.000Z,2911.04,2914.49,2911.04,2912.68,3466
2025-03-12T07:45:00.000Z,2912.45,2915.62,2912.28,2914.56,3485
2025-03-12T08:00:00.000Z,2914.52,2916.98,2914.1,2915.95,4680
2025-03-12T08:15:00.000Z,2915.94,2918.58,2915.94,2917.36,3153
2025-03-12T08:30:00.000Z,2917.34,2919.9,2916.71,2919.05,3509
2025-03-12T08:45:00.000Z,2919.04,2922.05,2918,2922.05,4167
2025-03-12T09:00:00.000Z,2922.06,2925.26,2918.12,2919.58,5723
2025-03-12T09:15:00.000Z,2919.54,2920.89,2918.57,2920.03,2095
2025-03-12T09:30:00.000Z,2920.06,2920.14,2915.5,2915.5,3290
2025-03-12T09:45:00.000Z,2915.49,2916.31,2913.7,2914.64,4077
2025-03-12T10:00:00.000Z,2914.42,2916.91,2914.11,2915.29,3566
2025-03-12T10:15:00.000Z,2915.25,2915.57,2913.02,2913.41,2272
2025-03-12T10:30:00.000Z,2913.39,2914.79,2912.81,2914.27,2573
2025-03-12T10:45:00.000Z,2914.35,2915.24,2913.25,2914.3,2631
2025-03-12T11:00:00.000Z,2914.29,2915.77,2913.81,2914.66,2743
2025-03-12T11:15:00.000Z,2914.7,2915.72,2912.93,2913.2,2564
2025-03-12T11:30:00.000Z,2913.19,2916.21,2912.62,2915.08,3396
2025-03-12T11:45:00.000Z,2914.9,2916.74,2914.67,2915.16,2886
2025-03-12T12:00:00.000Z,2915.11,2915.45,2912.11,2913.71,4344
2025-03-12T12:15:00.000Z,2913.71,2915.21,2912.47,2913.29,3732
2025-03-12T12:30:00.000Z,2917.44,2923.12,2916.43,2918.9,9372
2025-03-12T12:45:00.000Z,2918.87,2919.44,2916.63,2917.55,6653
2025-03-12T13:00:00.000Z,2917.42,2918.75,2914.94,2916.89,7781
2025-03-12T13:15:00.000Z,2916.86,2916.86,2906.09,2910.87,9054
2025-03-12T13:30:00.000Z,2910.98,2913.07,2909.83,2911.88,7866
2025-03-12T13:45:00.000Z,2911.87,2917.59,2911.61,2915.7,8151
2025-03-12T14:00:00.000Z,2915.69,2918.01,2914.21,2915.91,7485
2025-03-12T14:15:00.000Z,2915.98,2917.99,2915.43,2916.27,6347
2025-03-12T14:30:00.000Z,2916.45,2919.46,2916.45,2919.33,6070
2025-03-12T14:45:00.000Z,2919.32,2922.47,2917.95,2921.95,6155
2025-03-12T15:00:00.000Z,2921.96,2927.92,2921.37,2927.91,8251
2025-03-12T15:15:00.000Z,2927.86,2927.97,2923.01,2923.76,6360
2025-03-12T15:30:00.000Z,2923.76,2927.44,2923.46,2927.1,5116
2025-03-12T15:45:00.000Z,2927.08,2929.25,2926.26,2928.43,5440
2025-03-12T16:00:00.000Z,2928.68,2936.41,2927.84,2933.75,7548
2025-03-12T16:15:00.000Z,2934,2938,2932.34,2937.59,6906
2025-03-12T16:30:00.000Z,2937.58,2938.98,2934.52,2935.35,5771
2025-03-12T16:45:00.000Z,2935.28,2936.6,2933.83,2936.17,4786
2025-03-12T17:00:00.000Z,2936.13,2939.14,2935.99,2937.87,4649
2025-03-12T17:15:00.000Z,2937.82,2939.64,2936.78,2937.75,4860
2025-03-12T17:30:00.000Z,2937.35,2939.88,2937.28,2939.39,3474
2025-03-12T17:45:00.000Z,2939.45,2940.46,2935.91,2936.18,4006
2025-03-12T18:00:00.000Z,2936.13,2937.37,2934.99,2935.17,3827
2025-03-12T18:15:00.000Z,2935.18,2935.8,2933.71,2935.52,3235
2025-03-12T18:30:00.000Z,2935.54,2937.02,2934.22,2934.77,3021
2025-03-12T18:45:00.000Z,2934.76,2935.58,2934.08,2935.06,2441
2025-03-12T19:00:00.000Z,2935.07,2935.54,2934.07,2934.4,2700
2025-03-12T19:15:00.000Z,2934.33,2935.29,2932.29,2934.43,3567
2025-03-12T19:30:00.000Z,2934.37,2934.63,2932.77,2933.12,3165
2025-03-12T19:45:00.000Z,2933.1,2933.73,2930.98,2931.58,2827
2025-03-12T20:00:00.000Z,2931.56,2933.29,2931.33,2932.11,1240
2025-03-12T20:15:00.000Z,2932.07,2932.62,2930.73,2932.14,1135
2025-03-12T20:30:00.000Z,2932.12,2934.12,2932.12,2933.18,884
2025-03-12T20:45:00.000Z,2933.16,2933.89,2931.64,2933.37,1146
2025-03-12T22:00:00.000Z,2934.29,2935.75,2933.41,2935.12,1214
2025-03-12T22:15:00.000Z,2935.09,2935.54,2934.34,2934.36,670
2025-03-12T22:30:00.000Z,2934.44,2934.84,2933.92,2934.75,989
2025-03-12T22:45:00.000Z,2934.79,2939.04,2934.77,2938.24,1584
2025-03-12T23:00:00.000Z,2938.25,2939.43,2936.59,2936.59,1356
2025-03-12T23:15:00.000Z,2936.63,2936.77,2934.61,2935.09,742
2025-03-12T23:30:00.000Z,2935.16,2938.94,2934.96,2938.08,1439
2025-03-12T23:45:00.000Z,2937.98,2938.09,2937.09,2938.06,812
2025-03-13T00:00:00.000Z,2938.13,2938.69,2937.54,2938.22,1494
2025-03-13T00:15:00.000Z,2938.22,2939.26,2937.71,2938.65,1158
2025-03-13T00:30:00.000Z,2938.52,2939.08,2937.87,2937.97,662
2025-03-13T00:45:00.000Z,2938,2939.03,2937.69,2938.66,2005
2025-03-13T01:00:00.000Z,2938.68,2941.32,2938.46,2940.64,3829
2025-03-13T01:15:00.000Z,2940.69,2940.81,2937.49,2938.56,2286
2025-03-13T01:30:00.000Z,2938.57,2939.23,2936.55,2937.38,3188
2025-03-13T01:45:00.000Z,2937.44,2939.46,2936.51,2937.92,2302
2025-03-13T02:00:00.000Z,2937.91,2941.06,2937.53,2940.94,2345
2025-03-13T02:15:00.000Z,2941.06,2941.36,2938.74,2939.96,2128
2025-03-13T02:30:00.000Z,2939.57,2942.2,2939.38,2941.72,2072
2025-03-13T02:45:00.000Z,2941.71,2945.85,2941.27,2944.13,3282
2025-03-13T03:00:00.000Z,2944.12,2945.26,2942.89,2944.31,2078
2025-03-13T03:15:00.000Z,2944.28,2945.77,2943.74,2944.25,2177
2025-03-13T03:30:00.000Z,2944.32,2945.36,2943.49,2944.76,1413
2025-03-13T03:45:00.000Z,2944.81,2947.14,2944.27,2945.57,1195
2025-03-13T04:00:00.000Z,2945.5,2946.34,2943.99,2945.47,1771
2025-03-13T04:15:00.000Z,2945.5,2945.61,2944.23,2944.4,947
2025-03-13T04:30:00.000Z,2944.38,2944.81,2943.44,2944.39,1356
2025-03-13T04:45:00.000Z,2944.38,2945.08,2944.27,2944.64,998
2025-03-13T05:00:00.000Z,2944.58,2944.99,2943.34,2943.34,1402
2025-03-13T05:15:00.000Z,2943.35,2943.6,2939.45,2940.43,2299
2025-03-13T05:30:00.000Z,2940.4,2941.75,2938.27,2939.62,3473
2025-03-13T05:45:00.000Z,2939.59,2940.47,2938.09,2939.98,2907
2025-03-13T06:00:00.000Z,2940.03,2940.23,2935.41,2938.37,3409
2025-03-13T06:15:00.000Z,2938.37,2939.38,2937.27,2938.26,2347
2025-03-13T06:30:00.000Z,2938.35,2938.97,2937.06,2938.56,2686
2025-03-13T06:45:00.000Z,2938.48,2939.15,2936.39,2936.95,2353
2025-03-13T07:00:00.000Z,2936.92,2938.07,2934.86,2936.19,2803
2025-03-13T07:15:00.000Z,2936.22,2936.95,2934.44,2935.26,2440
2025-03-13T07:30:00.000Z,2935.25,2935.25,2933.56,2933.84,2503
2025-03-13T07:45:00.000Z,2933.82,2936,2932.84,2935.12,3792
2025-03-13T08:00:00.000Z,2935.18,2941.72,2934.82,2941.38,4575
2025-03-13T08:15:00.000Z,2941.33,2943.18,2940.67,2941.78,4098
2025-03-13T08:30:00.000Z,2941.76,2944.97,2941.56,2943.31,2835
2025-03-13T08:45:00.000Z,2943.23,2943.97,2941.25,2941.46,3153
2025-03-13T09:00:00.000Z,2941.47,2943.8,2940.98,2942.18,3850
2025-03-13T09:15:00.000Z,2942.19,2947.47,2942,2945.97,3746
2025-03-13T09:30:00.000Z,2945.96,2948.13,2945.85,2947.97,2202
2025-03-13T09:45:00.000Z,2947.93,2948.76,2946.82,2947.64,3242
2025-03-13T10:00:00.000Z,2947.65,2948.59,2944.7,2944.83,2965
2025-03-13T10:15:00.000Z,2944.81,2944.84,2942.49,2943.82,3122
2025-03-13T10:30:00.000Z,2943.75,2945.02,2942.03,2942.69,2680
2025-03-13T10:45:00.000Z,2942.97,2944.71,2942.97,2944.05,2434
2025-03-13T11:00:00.000Z,2944.12,2947.11,2944.12,2945.74,3246
2025-03-13T11:15:00.000Z,2945.74,2946.65,2944.39,2945.55,3467
2025-03-13T11:30:00.000Z,2945.6,2948.69,2945.38,2947.63,2911
2025-03-13T11:45:00.000Z,2947.64,2947.8,2945.61,2946.19,3548
2025-03-13T12:00:00.000Z,2946.17,2949.17,2945.8,2945.93,4122
2025-03-13T12:15:00.000Z,2945.91,2948.52,2942.26,2943.59,5058
2025-03-13T12:30:00.000Z,2943.54,2948.27,2941.6,2945.93,8192
2025-03-13T12:45:00.000Z,2945.95,2947.55,2941.13,2942.44,7440
2025-03-13T13:00:00.000Z,2942.45,2945.44,2939.11,2942.5,7167
2025-03-13T13:15:00.000Z,2942.48,2945.21,2941.98,2945.1,4662
2025-03-13T13:30:00.000Z,2945.09,2952.13,2944.82,2951.95,7580
2025-03-13T13:45:00.000Z,2951.94,2952.39,2947.66,2950.46,6959
2025-03-13T14:00:00.000Z,2950.47,2953.59,2949.91,2952.94,7038
2025-03-13T14:15:00.000Z,2952.92,2954.07,2951.81,2953.46,5373
2025-03-13T14:30:00.000Z,2953.44,2965.94,2952.3,2964.77,8308
2025-03-13T14:45:00.000Z,2964.66,2971.18,2963.04,2969.88,10096
2025-03-13T15:00:00.000Z,2970.02,2973.67,2966.44,2972.43,9269
2025-03-13T15:15:00.000Z,2972.48,2974.69,2970.91,2971.63,7651
2025-03-13T15:30:00.000Z,2971.7,2977.65,2971.1,2974.03,8358
2025-03-13T15:45:00.000Z,2973.98,2978.32,2968.83,2977.8,8589
2025-03-13T16:00:00.000Z,2977.9,2980.1,2976.56,2978.66,6790
2025-03-13T16:15:00.000Z,2978.58,2979.82,2976.93,2979.22,5916
2025-03-13T16:30:00.000Z,2979.23,2985.2,2978.34,2984.68,6464
2025-03-13T16:45:00.000Z,2984.78,2985.18,2977.51,2980.04,6417
2025-03-13T17:00:00.000Z,2980.2,2980.71,2976.65,2977.04,5657
2025-03-13T17:15:00.000Z,2977,2980.39,2976.28,2979.87,5835
2025-03-13T17:30:00.000Z,2979.88,2982.19,2979.63,2981.24,4073
2025-03-13T17:45:00.000Z,2981.27,2982.17,2979.32,2979.36,3436
2025-03-13T18:00:00.000Z,2979.32,2984.24,2978.99,2983.44,4330
2025-03-13T18:15:00.000Z,2983.53,2983.6,2979.34,2981.53,3920
2025-03-13T18:30:00.000Z,2981.55,2983.26,2980.52,2981.29,2834
2025-03-13T18:45:00.000Z,2981.28,2983.39,2980.73,2983.16,3149
2025-03-13T19:00:00.000Z,2983.18,2984.3,2982.23,2983.15,3171
2025-03-13T19:15:00.000Z,2983.19,2984.25,2982.25,2982.89,2393
2025-03-13T19:30:00.000Z,2982.9,2985.37,2980.44,2981.41,3020
2025-03-13T19:45:00.000Z,2981.44,2984.72,2981.36,2982.73,4693
2025-03-13T20:00:00.000Z,2982.75,2983.8,2981.85,2982.21,1735
2025-03-13T20:15:00.000Z,2982.22,2984.52,2981.23,2984.36,1266
2025-03-13T20:30:00.000Z,2984.4,2986.49,2984.14,2986.34,1349
2025-03-13T20:45:00.000Z,2986.32,2988.98,2986.18,2988.68,1427
2025-03-13T22:00:00.000Z,2989.21,2989.43,2982.89,2983.46,1784
2025-03-13T22:15:00.000Z,2983.48,2986.46,2983.41,2986.32,972
2025-03-13T22:30:00.000Z,2986.34,2990.02,2984.56,2986.18,1585
2025-03-13T22:45:00.000Z,2986.34,2987.96,2986.14,2987.08,983
2025-03-13T23:00:00.000Z,2987.09,2987.11,2985.66,2986.1,883
2025-03-13T23:15:00.000Z,2986.13,2989.2,2985.83,2988.87,978
2025-03-13T23:30:00.000Z,2988.63,2989.16,2987.45,2988.33,1236
2025-03-13T23:45:00.000Z,2988.35,2988.87,2985.27,2986.33,1477
2025-03-14T00:00:00.000Z,2986.32,2986.84,2985.58,2986.51,1458
2025-03-14T00:15:00.000Z,2986.53,2986.98,2983.29,2984.84,1846
2025-03-14T00:30:00.000Z,2984.89,2986.51,2984.68,2985.12,1908
2025-03-14T00:45:00.000Z,2985.15,2988.57,2984.53,2986.57,3488
2025-03-14T01:00:00.000Z,2986.64,2990.08,2985.66,2989.68,5917
2025-03-14T01:15:00.000Z,2989.74,2989.85,2983.66,2984.05,5051
2025-03-14T01:30:00.000Z,2984.02,2988.01,2981.64,2987.48,5150
2025-03-14T01:45:00.000Z,2987.55,2988.37,2986.09,2987.74,3874
2025-03-14T02:00:00.000Z,2987.69,2988.28,2986.02,2987.74,3283
2025-03-14T02:15:00.000Z,2987.74,2987.8,2986.19,2987.01,2003
2025-03-14T02:30:00.000Z,2987.23,2987.89,2984.94,2986.62,3541
2025-03-14T02:45:00.000Z,2986.59,2987.13,2983.69,2984.04,2556
2025-03-14T03:00:00.000Z,2984.05,2986.67,2983.71,2985.68,2786
2025-03-14T03:15:00.000Z,2985.7,2988.22,2984.93,2987.25,2604
2025-03-14T03:30:00.000Z,2987.4,2988.21,2986.54,2987.98,1542
2025-03-14T03:45:00.000Z,2987.92,2992.83,2987.71,2992.63,2860
2025-03-14T04:00:00.000Z,2992.73,2993.93,2991.59,2992.58,3186
2025-03-14T04:15:00.000Z,2992.51,2993.65,2991.08,2991.17,1604
2025-03-14T04:30:00.000Z,2991.14,2991.14,2988.02,2988.83,2115
2025-03-14T04:45:00.000Z,2988.86,2988.87,2984.38,2985.39,2329
2025-03-14T05:00:00.000Z,2985.54,2985.84,2984.22,2984.7,2471
2025-03-14T05:15:00.000Z,2984.6,2985.31,2981.78,2983.51,2574
2025-03-14T05:30:00.000Z,2983.47,2986.14,2982.16,2984.46,3614
2025-03-14T05:45:00.000Z,2984.45,2986.68,2981.85,2986.32,3588
2025-03-14T06:00:00.000Z,2986.37,2986.38,2983.57,2983.85,2887
2025-03-14T06:15:00.000Z,2983.87,2984.36,2981.33,2982.13,3495
2025-03-14T06:30:00.000Z,2982.14,2984.67,2981.17,2984.65,3581
2025-03-14T06:45:00.000Z,2984.67,2987.51,2984.58,2985.81,3594
2025-03-14T07:00:00.000Z,2985.78,2986.04,2981.8,2983.64,4417
2025-03-14T07:15:00.000Z,2983.62,2984.04,2980.68,2983.68,3326
2025-03-14T07:30:00.000Z,2983.57,2985.67,2983.31,2984.19,2966
2025-03-14T07:45:00.000Z,2984.25,2987.04,2983.47,2986.92,2368
2025-03-14T08:00:00.000Z,2986.82,2990.01,2985.15,2989.91,4033
2025-03-14T08:15:00.000Z,2989.94,2992.99,2989.03,2992.37,3927
2025-03-14T08:30:00.000Z,2992.4,2992.68,2989.41,2990.54,3576
2025-03-14T08:45:00.000Z,2990.53,2993.29,2990.29,2992.91,2242
2025-03-14T09:00:00.000Z,2992.86,2995.67,2992.57,2995.09,3530
2025-03-14T09:15:00.000Z,2995.12,2996.62,2994.55,2994.73,4160
2025-03-14T09:30:00.000Z,2994.75,2999.57,2994.47,2998.96,4357
2025-03-14T09:45:00.000Z,2999.05,2999.45,2998.4,2998.71,3450
2025-03-14T10:00:00.000Z,2998.68,3001.18,2997.67,3000.96,3336
2025-03-14T10:15:00.000Z,3000.91,3004.89,3000.72,3002.24,4615
2025-03-14T10:30:00.000Z,3002.27,3002.69,2987.29,2990.19,6279
2025-03-14T10:45:00.000Z,2990.14,2994.68,2986.48,2993.4,5252
2025-03-14T11:00:00.000Z,2993.41,2998.24,2993.39,2997.72,3912
2025-03-14T11:15:00.000Z,2997.75,2998.29,2996.01,2996.71,3861
2025-03-14T11:30:00.000Z,2996.66,2999.17,2994.47,2996.47,4358
2025-03-14T11:45:00.000Z,2996.46,2998.37,2993.23,2993.48,4496
2025-03-14T12:00:00.000Z,2993.44,2999.02,2993.19,2997.9,4999
2025-03-14T12:15:00.000Z,2997.91,2998.99,2995.48,2996.19,4023
2025-03-14T12:30:00.000Z,2996.17,2999.67,2995.6,2998.56,4781
2025-03-14T12:45:00.000Z,2998.59,2998.65,2993.69,2993.83,5161
2025-03-14T13:00:00.000Z,2993.88,2995.04,2991.82,2993.13,7295
2025-03-14T13:15:00.000Z,2993.18,2996.17,2992.72,2995.56,4728
2025-03-14T13:30:00.000Z,2995.42,2995.78,2983.31,2988.19,9197
2025-03-14T13:45:00.000Z,2988.13,2992.07,2983.82,2985.79,6949
2025-03-14T14:00:00.000Z,2984.62,2993.28,2983.75,2990.87,8615
2025-03-14T14:15:00.000Z,2990.89,2993.32,2981.86,2983,7063
2025-03-14T14:30:00.000Z,2982.99,2986.86,2982.37,2985.46,6993
2025-03-14T14:45:00.000Z,2985.33,2986.56,2982.49,2985.37,6436
2025-03-14T15:00:00.000Z,2985.39,2986.48,2979.76,2981.33,6561
2025-03-14T15:15:00.000Z,2981.43,2982.28,2978.43,2981.2,6198
2025-03-14T15:30:00.000Z,2981.23,2984.27,2979.94,2983.21,5555
2025-03-14T15:45:00.000Z,2983.16,2984.77,2982.07,2984.55,4221
2025-03-14T16:00:00.000Z,2984.44,2988.41,2982.82,2988.25,4681
2025-03-14T16:15:00.000Z,2988.24,2989.31,2986.77,2986.93,3903
2025-03-14T16:30:00.000Z,2986.94,2989.22,2986.24,2987.7,3809
2025-03-14T16:45:00.000Z,2987.63,2989.96,2987.54,2989.72,3403
2025-03-14T17:00:00.000Z,2989.69,2989.97,2987.54,2989.61,2887
2025-03-14T17:15:00.000Z,2989.5,2990.29,2987.33,2989.9,3802
2025-03-14T17:30:00.000Z,2989.87,2990.25,2987.71,2988.75,3071
2025-03-14T17:45:00.000Z,2988.7,2989.17,2986.36,2986.54,2274
2025-03-14T18:00:00.000Z,2986.61,2986.94,2985.41,2985.57,2406
2025-03-14T18:15:00.000Z,2985.49,2986.57,2984.48,2985.02,2400
2025-03-14T18:30:00.000Z,2984.98,2985.41,2983.59,2984.41,1959
2025-03-14T18:45:00.000Z,2984.35,2985.5,2983.09,2983.28,1827
2025-03-14T19:00:00.000Z,2983.25,2985.98,2982.84,2984.92,1960
2025-03-14T19:15:00.000Z,2984.79,2984.97,2982.62,2984.41,2065
2025-03-14T19:30:00.000Z,2984.46,2984.46,2982.24,2983.24,2037
2025-03-14T19:45:00.000Z,2983.26,2984.15,2982.25,2983.95,2508
2025-03-14T20:00:00.000Z,2983.96,2984.14,2981.71,2983.23,1222
2025-03-14T20:15:00.000Z,2983.2,2983.75,2982.28,2982.85,888
2025-03-14T20:30:00.000Z,2982.87,2987.92,2982.4,2987.72,999
2025-03-14T20:45:00.000Z,2987.44,2988.6,2986.3,2987.83,766
2025-03-16T22:00:00.000Z,2984.93,2990.6,2983.35,2989.91,2796
2025-03-16T22:15:00.000Z,2989.9,2990.21,2987.52,2988.14,855
2025-03-16T22:30:00.000Z,2988.15,2990.1,2986.97,2990.06,1034
2025-03-16T22:45:00.000Z,2990.04,2990.48,2988.62,2988.97,1721
2025-03-16T23:00:00.000Z,2989.01,2990.91,2988.15,2990.8,984
2025-03-16T23:15:00.000Z,2990.77,2993.97,2990.77,2993.97,1132
2025-03-16T23:30:00.000Z,2993.93,2994.05,2991.37,2991.94,1035
2025-03-16T23:45:00.000Z,2991.64,2992.11,2989.62,2989.98,1200
2025-03-17T00:00:00.000Z,2990.06,2990.52,2988.32,2988.33,1279
2025-03-17T00:15:00.000Z,2988.34,2989.29,2986.37,2989.18,1660
2025-03-17T00:30:00.000Z,2989.19,2990.95,2988.34,2989.43,1322
2025-03-17T00:45:00.000Z,2989.45,2990.88,2988.47,2990.71,1235
2025-03-17T01:00:00.000Z,2990.74,2992.76,2988.64,2990.98,4708
2025-03-17T01:15:00.000Z,2991.02,2993.02,2989.5,2991.63,2773
2025-03-17T01:30:00.000Z,2991.61,2992.11,2990.13,2991.53,2670
2025-03-17T01:45:00.000Z,2991.54,2992.94,2990.66,2990.8,2552
2025-03-17T02:00:00.000Z,2990.72,2991.95,2988.81,2989.65,2334
2025-03-17T02:15:00.000Z,2989.64,2989.67,2988.18,2988.84,1132
2025-03-17T02:30:00.000Z,2988.81,2988.84,2987.12,2988.35,2456
2025-03-17T02:45:00.000Z,2988.34,2988.95,2986.92,2987.99,1899
2025-03-17T03:00:00.000Z,2987.96,2988.34,2986.1,2987.19,1884
2025-03-17T03:15:00.000Z,2987.23,2987.32,2985.94,2986.35,1755
2025-03-17T03:30:00.000Z,2986.49,2988.55,2985.28,2986.73,2359
2025-03-17T03:45:00.000Z,2986.76,2987.53,2986.25,2987.02,1370
2025-03-17T04:00:00.000Z,2987.03,2987.77,2985.42,2985.5,1483
2025-03-17T04:15:00.000Z,2985.48,2985.67,2983.58,2984.06,1114
2025-03-17T04:30:00.000Z,2984.05,2984.78,2983.38,2983.85,1535
2025-03-17T04:45:00.000Z,2983.86,2983.9,2982.38,2982.56,1375
2025-03-17T05:00:00.000Z,2982.91,2983.71,2982.21,2982.57,1517
2025-03-17T05:15:00.000Z,2982.58,2985.71,2982.57,2984.17,1701
2025-03-17T05:30:00.000Z,2984.16,2985.2,2983.09,2984.51,1766
2025-03-17T05:45:00.000Z,2984.54,2986.23,2984.23,2986.09,2144
2025-03-17T06:00:00.000Z,2986.13,2986.96,2985.37,2986.37,1446
2025-03-17T06:15:00.000Z,2986.47,2990.35,2986.14,2989.9,3207
2025-03-17T06:30:00.000Z,2989.91,2990.73,2987.91,2990.18,2567
2025-03-17T06:45:00.000Z,2990.19,2990.5,2988.94,2989.88,2432
2025-03-17T07:00:00.000Z,2989.51,2989.88,2988.24,2988.68,2272
2025-03-17T07:15:00.000Z,2988.69,2988.99,2987.22,2987.92,1646
2025-03-17T07:30:00.000Z,2987.91,2988.25,2986.32,2986.45,2581
2025-03-17T07:45:00.000Z,2986.43,2986.57,2984.16,2985.5,2582
2025-03-17T08:00:00.000Z,2985.52,2986.71,2984.39,2984.52,2082
2025-03-17T08:15:00.000Z,2984.52,2986.76,2983.11,2985.47,2982
2025-03-17T08:30:00.000Z,2985.32,2988,2984.96,2987.59,2259
2025-03-17T08:45:00.000Z,2987.58,2988.38,2986.27,2988.38,2233
2025-03-17T09:00:00.000Z,2988.44,2990.97,2987.61,2990.78,2087
2025-03-17T09:15:00.000Z,2990.79,2993.14,2990.58,2992.89,2838
2025-03-17T09:30:00.000Z,2992.88,2995.47,2991.87,2995.34,2514
2025-03-17T09:45:00.000Z,2995.39,2996.76,2994.62,2995.67,3017
2025-03-17T10:00:00.000Z,2995.66,2997.3,2995.66,2996.52,2431
2025-03-17T10:15:00.000Z,2996.42,2997.23,2995.35,2995.45,2096
2025-03-17T10:30:00.000Z,2995.48,2998.34,2994.77,2997.27,2496
2025-03-17T10:45:00.000Z,2997.29,2999.59,2997.12,2999.01,1699
2025-03-17T11:00:00.000Z,2999.05,3000.41,2998.84,3000.29,2663
2025-03-17T11:15:00.000Z,3000.28,3001,2999.51,3000.29,2263
2025-03-17T11:30:00.000Z,3000.28,3000.81,2997.65,3000.05,2941
2025-03-17T11:45:00.000Z,3000.04,3001.17,2996.37,2997.38,3053
2025-03-17T12:00:00.000Z,2997.4,2997.76,2989.83,2990.52,4694
2025-03-17T12:15:00.000Z,2990.56,2994.63,2985.05,2992.95,6763
2025-03-17T12:30:00.000Z,2992.84,2994.11,2989.82,2991.22,5090
2025-03-17T12:45:00.000Z,2991.23,2992.38,2984.83,2987.1,5986
2025-03-17T13:00:00.000Z,2987.15,2990.73,2986.08,2988.91,6058
2025-03-17T13:15:00.000Z,2988.96,2990.33,2986.36,2987.3,3842
2025-03-17T13:30:00.000Z,2987.26,2991.05,2986.13,2989.33,7016
2025-03-17T13:45:00.000Z,2989.34,2991.23,2987.14,2988.31,6564
2025-03-17T14:00:00.000Z,2988.24,2993.45,2987.21,2993.15,6697
2025-03-17T14:15:00.000Z,2993.11,2998.04,2992.7,2997.9,6386
2025-03-17T14:30:00.000Z,2997.89,3000.34,2996.1,2999.72,6080
2025-03-17T14:45:00.000Z,2999.71,3000.49,2998.11,2998.62,5947
2025-03-17T15:00:00.000Z,2998.59,2999.26,2994.52,2995.74,5558
2025-03-17T15:15:00.000Z,2995.89,2996.75,2992.89,2995.95,4766
2025-03-17T15:30:00.000Z,2995.88,2998.01,2994.56,2996.49,4086
2025-03-17T15:45:00.000Z,2996.51,2998.54,2996.08,2997.09,3587
2025-03-17T16:00:00.000Z,2997.1,2997.71,2994.49,2997.01,3876
2025-03-17T16:15:00.000Z,2997,2997.75,2995.06,2996.64,4467
2025-03-17T16:30:00.000Z,2996.66,2997.2,2992.98,2994.29,3598
2025-03-17T16:45:00.000Z,2994.27,2995.44,2993.62,2994.46,3152
2025-03-17T17:00:00.000Z,2994.5,2997.59,2994.5,2997.17,4187
2025-03-17T17:15:00.000Z,2997.13,2998.52,2997.02,2998.08,3749
2025-03-17T17:30:00.000Z,2998.08,2998.71,2997.7,2998.2,2895
2025-03-17T17:45:00.000Z,2998.21,2999.44,2997.63,2997.75,2716
2025-03-17T18:00:00.000Z,2997.76,2998.75,2996.84,2998.41,3601
2025-03-17T18:15:00.000Z,2998.4,3000.21,2998.36,2999.65,3209
2025-03-17T18:30:00.000Z,2999.63,3000.2,2998.81,2998.86,2601
2025-03-17T18:45:00.000Z,2998.85,3000.08,2998.44,2999.3,2832
2025-03-17T19:00:00.000Z,2999.31,2999.84,2998.18,2998.79,2003
2025-03-17T19:15:00.000Z,2998.78,3000.11,2998.58,2998.96,2238
2025-03-17T19:30:00.000Z,2999.02,3000.24,2997.58,2998.34,2553
2025-03-17T19:45:00.000Z,2998.55,3000.71,2998.47,3000.09,2858
2025-03-17T20:00:00.000Z,3000.04,3001.23,2999.99,3001.17,2250
2025-03-17T20:15:00.000Z,3001.16,3001.52,3000.6,3001.2,1283
2025-03-17T20:30:00.000Z,3001.23,3001.31,3000.77,3001.14,763
2025-03-17T20:45:00.000Z,3001.17,3001.62,3000.16,3000.16,1147
2025-03-17T22:00:00.000Z,3000.55,3001.89,3000.16,3000.33,668
2025-03-17T22:15:00.000Z,3000.34,3001.06,2999.9,2999.97,407
2025-03-17T22:30:00.000Z,3000.03,3000.76,3000.03,3000.07,300
2025-03-17T22:45:00.000Z,3000.13,3000.61,2999.85,3000.12,284
2025-03-17T23:00:00.000Z,3000.14,3001.23,2999.87,3000.9,531
2025-03-17T23:15:00.000Z,3000.93,3002.41,3000.75,3001.43,531
2025-03-17T23:30:00.000Z,3001.49,3002.7,3001.21,3002.22,589
2025-03-17T23:45:00.000Z,3002.21,3002.21,2999.53,2999.67,1017
2025-03-18T00:00:00.000Z,2999.59,3002.05,2999.56,3000.67,1526
2025-03-18T00:15:00.000Z,3000.69,3002.89,2999.45,3002.2,1482
2025-03-18T00:30:00.000Z,3002.23,3003.44,3001.12,3001.67,1569
2025-03-18T00:45:00.000Z,3001.66,3001.76,2999.6,3001.41,1527
2025-03-18T01:00:00.000Z,3001.39,3001.76,2999.28,3001.28,3199
2025-03-18T01:15:00.000Z,3001.29,3004.85,3000.6,3004.26,4336
2025-03-18T01:30:00.000Z,3004.26,3005.1,3001.75,3004.05,3247
2025-03-18T01:45:00.000Z,3004.09,3008.4,3002.73,3005.6,2943
2025-03-18T02:00:00.000Z,3005.58,3006.52,3002.87,3005.89,3386
2025-03-18T02:15:00.000Z,3005.87,3007.77,3005.61,3006.82,1829
2025-03-18T02:30:00.000Z,3006.81,3007.92,3006.17,3007.21,2404
2025-03-18T02:45:00.000Z,3007.23,3012.07,3007.16,3010.8,3300
2025-03-18T03:00:00.000Z,3010.77,3013.45,3009.54,3013.27,2644
2025-03-18T03:15:00.000Z,3013.29,3014.88,3010.43,3012.58,3633
2025-03-18T03:30:00.000Z,3012.57,3012.61,3010.03,3010.48,1988
2025-03-18T03:45:00.000Z,3010.51,3012.42,3010.37,3011.3,979
2025-03-18T04:00:00.000Z,3011.32,3012.35,3011.19,3011.9,770
2025-03-18T04:15:00.000Z,3011.88,3013.63,3011.35,3013.51,1151
2025-03-18T04:30:00.000Z,3013.48,3014.91,3012.88,3013.96,1936
2025-03-18T04:45:00.000Z,3013.95,3017.14,3013.78,3014.23,2126
2025-03-18T05:00:00.000Z,3014.22,3014.62,3011.39,3011.83,1821
2025-03-18T05:15:00.000Z,3011.82,3011.96,3006.06,3007.41,3318
2025-03-18T05:30:00.000Z,3007.44,3013.59,3006.93,3013.53,3297
2025-03-18T05:45:00.000Z,3013.47,3014.26,3011.38,3011.84,2319
2025-03-18T06:00:00.000Z,3011.95,3017.35,3011.08,3015.18,3067
2025-03-18T06:15:00.000Z,3015.27,3016.15,3010.56,3011.95,2923
2025-03-18T06:30:00.000Z,3011.96,3013.75,3011.74,3013.46,1700
2025-03-18T06:45:00.000Z,3013.34,3017.69,3013.34,3015.74,2891
2025-03-18T07:00:00.000Z,3015.59,3018.57,3014.47,3018.2,3438
2025-03-18T07:15:00.000Z,3018.15,3018.9,3014.73,3016.8,3359
2025-03-18T07:30:00.000Z,3016.79,3018.47,3016.36,3018,2549
2025-03-18T07:45:00.000Z,3018.01,3018.02,3015.27,3016.42,2467
2025-03-18T08:00:00.000Z,3016.41,3019.75,3016.3,3019.73,4190
2025-03-18T08:15:00.000Z,3019.74,3025.47,3019.63,3024.53,4268
2025-03-18T08:30:00.000Z,3024.43,3027.28,3023.99,3026.83,4443
2025-03-18T08:45:00.000Z,3026.83,3027.16,3025.02,3026.44,2875
2025-03-18T09:00:00.000Z,3026.58,3028.48,3024.46,3024.46,3753
2025-03-18T09:15:00.000Z,3024.43,3025.36,3022.91,3023.15,3219
2025-03-18T09:30:00.000Z,3023.21,3023.62,3019.57,3021.46,4108
2025-03-18T09:45:00.000Z,3021.47,3022.28,3018.07,3020.24,4135
2025-03-18T10:00:00.000Z,3019.97,3025.14,3019.61,3025.14,4301
2025-03-18T10:15:00.000Z,3025.15,3025.79,3023.42,3023.92,3379
2025-03-18T10:30:00.000Z,3023.93,3024.55,3020.69,3023.33,4470
2025-03-18T10:45:00.000Z,3023.32,3025.5,3023.02,3024.12,3198
2025-03-18T11:00:00.000Z,3024.09,3024.72,3022.42,3022.46,2831
2025-03-18T11:15:00.000Z,3022.47,3026.27,3022.46,3024.51,2836
2025-03-18T11:30:00.000Z,3024.54,3029.5,3024.34,3027.84,2698
2025-03-18T11:45:00.000Z,3027.83,3027.84,3024.2,3026.8,3012
2025-03-18T12:00:00.000Z,3026.72,3030.97,3026.72,3029.99,5414
2025-03-18T12:15:00.000Z,3029.98,3031.37,3026.65,3028.31,5446
2025-03-18T12:30:00.000Z,3028.33,3034.69,3027.66,3033.59,5016
2025-03-18T12:45:00.000Z,3033.6,3035.88,3033.48,3034.21,4200
2025-03-18T13:00:00.000Z,3034.3,3036.54,3033.29,3034.57,5692
2025-03-18T13:15:00.000Z,3034.58,3037.68,3033.38,3035.4,5248
2025-03-18T13:30:00.000Z,3035.56,3038.16,3026.02,3027.8,9975
2025-03-18T13:45:00.000Z,3027.79,3037.65,3027.6,3033.23,8360
2025-03-18T14:00:00.000Z,3033.06,3033.06,3025.24,3026,8529
2025-03-18T14:15:00.000Z,3026.04,3029.71,3024.62,3029.17,7796
2025-03-18T14:30:00.000Z,3029.11,3030.86,3027.36,3028.73,6179
2025-03-18T14:45:00.000Z,3028.72,3030.57,3025.51,3027.96,6275
2025-03-18T15:00:00.000Z,3027.99,3029.61,3025.22,3028.92,5988
2025-03-18T15:15:00.000Z,3028.91,3032.34,3026.79,3031.4,4906
2025-03-18T15:30:00.000Z,3031.44,3031.93,3029.89,3031.85,5543
2025-03-18T15:45:00.000Z,3031.84,3032.53,3029.75,3031.67,3619
2025-03-18T16:00:00.000Z,3031.61,3033.18,3030.34,3033.07,4230
2025-03-18T16:15:00.000Z,3033.06,3035.53,3031.99,3035.4,4915
2025-03-18T16:30:00.000Z,3035.31,3036.59,3034.12,3035.3,3633
2025-03-18T16:45:00.000Z,3035.31,3036.9,3033.6,3035.93,2873
2025-03-18T17:00:00.000Z,3036.03,3036.19,3034.41,3034.5,3544
2025-03-18T17:15:00.000Z,3034.51,3035.09,3030.69,3032.66,4629
2025-03-18T17:30:00.000Z,3032.47,3032.8,3029.79,3032.27,4017
2025-03-18T17:45:00.000Z,3032.32,3033.3,3032.32,3032.6,2734
2025-03-18T18:00:00.000Z,3032.59,3033.42,3032.5,3033.28,2512
2025-03-18T18:15:00.000Z,3033.32,3033.33,3032.43,3033.28,1622
2025-03-18T18:30:00.000Z,3033.29,3036.2,3033.29,3035.41,2062
2025-03-18T18:45:00.000Z,3035.42,3036.19,3035.36,3035.83,2094
2025-03-18T19:00:00.000Z,3035.68,3036.73,3035.45,3036.4,2033
2025-03-18T19:15:00.000Z,3036.41,3037.96,3035.56,3036.98,2365
2025-03-18T19:30:00.000Z,3036.99,3037.68,3036.98,3037.05,1736
2025-03-18T19:45:00.000Z,3037.1,3037.4,3035.09,3035.49,3313
2025-03-18T20:00:00.000Z,3035.5,3035.98,3034.55,3034.88,1544
2025-03-18T20:15:00.000Z,3034.89,3035.03,3033.8,3034.67,905
2025-03-18T20:30:00.000Z,3034.64,3035.07,3033.24,3033.66,859
2025-03-18T20:45:00.000Z,3033.59,3034.73,3033.31,3034.03,679
2025-03-18T22:00:00.000Z,3033.7,3034.14,3032.56,3032.71,750
2025-03-18T22:15:00.000Z,3032.72,3033.9,3032.63,3033.66,555
2025-03-18T22:30:00.000Z,3033.56,3033.99,3033.12,3033.23,454
2025-03-18T22:45:00.000Z,3033.25,3034.51,3033.25,3034.32,431
2025-03-18T23:00:00.000Z,3034.36,3034.9,3033.52,3033.54,433
2025-03-18T23:15:00.000Z,3033.53,3033.53,3031.88,3032.39,990
2025-03-18T23:30:00.000Z,3032.38,3033.55,3032.03,3033.54,545
2025-03-18T23:45:00.000Z,3033.55,3033.7,3031.33,3031.52,842
2025-03-19T00:00:00.000Z,3031.51,3031.58,3030.43,3030.9,1202
2025-03-19T00:15:00.000Z,3030.89,3033.82,3030.37,3033.41,1248
2025-03-19T00:30:00.000Z,3033.42,3033.97,3032.19,3032.81,845
2025-03-19T00:45:00.000Z,3032.74,3033.08,3031.23,3031.4,791
2025-03-19T01:00:00.000Z,3031.36,3032.61,3028.86,3029.11,2727
2025-03-19T01:15:00.000Z,3029.1,3029.98,3028.05,3029.72,1780
2025-03-19T01:30:00.000Z,3029.7,3029.78,3027.68,3028.01,1715
2025-03-19T01:45:00.000Z,3027.91,3029.65,3027.35,3029.55,1966
2025-03-19T02:00:00.000Z,3029.46,3032.43,3029.07,3031.17,2512
2025-03-19T02:15:00.000Z,3031.16,3031.89,3029.8,3029.81,1424
2025-03-19T02:30:00.000Z,3029.85,3033.18,3029.68,3032.67,2797
2025-03-19T02:45:00.000Z,3032.72,3033.74,3032.29,3033.37,1807
2025-03-19T03:00:00.000Z,3033.39,3035.36,3032.1,3034.74,2126
2025-03-19T03:15:00.000Z,3034.64,3035.55,3033.87,3034.41,1737
2025-03-19T03:30:00.000Z,3034.42,3036.2,3034.02,3035.54,1147
2025-03-19T03:45:00.000Z,3035.49,3038.91,3035.46,3036.06,2422
2025-03-19T04:00:00.000Z,3036.01,3036.2,3034.31,3035.22,1556
2025-03-19T04:15:00.000Z,3035.23,3037.53,3034.97,3036.92,1544
2025-03-19T04:30:00.000Z,3036.88,3037.03,3035.56,3036.2,999
2025-03-19T04:45:00.000Z,3036.24,3036.75,3034.81,3036.38,1223
2025-03-19T05:00:00.000Z,3036.47,3038.76,3036.43,3038.28,1881
2025-03-19T05:15:00.000Z,3038.19,3039.09,3037.09,3037.56,1456
2025-03-19T05:30:00.000Z,3037.55,3042.82,3037.17,3041.4,3602
2025-03-19T05:45:00.000Z,3041.44,3045.33,3041.28,3044.41,2921
2025-03-19T06:00:00.000Z,3044.43,3044.71,3036.75,3038.75,3935
2025-03-19T06:15:00.000Z,3038.67,3040.83,3034.46,3036.82,4385
2025-03-19T06:30:00.000Z,3036.78,3040.42,3034.79,3040.16,3408
2025-03-19T06:45:00.000Z,3040.17,3044.01,3040.13,3042.27,3941
2025-03-19T07:00:00.000Z,3042.23,3042.87,3039.22,3039.73,3767
2025-03-19T07:15:00.000Z,3039.76,3040.63,3037.95,3040.12,2933
2025-03-19T07:30:00.000Z,3040.17,3041.84,3038.21,3039.59,3327
2025-03-19T07:45:00.000Z,3039.57,3039.57,3035.44,3035.91,3582
2025-03-19T08:00:00.000Z,3035.96,3037.15,3031.54,3032.55,4464
2025-03-19T08:15:00.000Z,3032.57,3034.54,3032.02,3033.24,3092
2025-03-19T08:30:00.000Z,3033.31,3033.92,3027.06,3027.75,4005
2025-03-19T08:45:00.000Z,3027.89,3029.13,3024.51,3025.03,3600
2025-03-19T09:00:00.000Z,3025,3027.31,3022.68,3025.77,3659
2025-03-19T09:15:00.000Z,3025.79,3028.43,3025.62,3028.06,2639
2025-03-19T09:30:00.000Z,3028.08,3030.31,3027.65,3030.15,2609
2025-03-19T09:45:00.000Z,3030.08,3031.4,3029.31,3030.3,2916
2025-03-19T10:00:00.000Z,3030.29,3030.39,3028.2,3029.42,2259
2025-03-19T10:15:00.000Z,3029.35,3036.36,3029.33,3035.62,3869
2025-03-19T10:30:00.000Z,3035.63,3037.94,3034.34,3037.53,2993
2025-03-19T10:45:00.000Z,3037.53,3037.62,3033.74,3034.58,2839
2025-03-19T11:00:00.000Z,3034.56,3036.32,3033.77,3036.31,1894
2025-03-19T11:15:00.000Z,3036.32,3039.42,3035.54,3039.42,2641
2025-03-19T11:30:00.000Z,3039.4,3039.99,3037.79,3039.56,2612
2025-03-19T11:45:00.000Z,3039.57,3039.87,3038.13,3039.04,2291
2025-03-19T12:00:00.000Z,3038.99,3040.1,3038.05,3039.45,2831
2025-03-19T12:15:00.000Z,3039.44,3040.02,3037.02,3037.35,3643
2025-03-19T12:30:00.000Z,3037.36,3040.12,3036.22,3039.78,4061
2025-03-19T12:45:00.000Z,3039.77,3041.07,3036.87,3037.04,3148
2025-03-19T13:00:00.000Z,3037.02,3038.14,3034.29,3034.57,4684
2025-03-19T13:15:00.000Z,3034.5,3036.32,3033.05,3034.03,4365
2025-03-19T13:30:00.000Z,3034,3034.8,3027.65,3029.46,7432
2025-03-19T13:45:00.000Z,3029.64,3034.74,3028.02,3033.23,5777
2025-03-19T14:00:00.000Z,3033.22,3033.22,3027.06,3028.4,6321
2025-03-19T14:15:00.000Z,3028.43,3030.43,3025.84,3030.26,4927
2025-03-19T14:30:00.000Z,3030.23,3031.99,3028.01,3029.96,4715
2025-03-19T14:45:00.000Z,3029.94,3030.86,3026.78,3027.64,4609
2025-03-19T15:00:00.000Z,3027.51,3032.54,3026.7,3031.51,4456
2025-03-19T15:15:00.000Z,3031.49,3033.02,3029.9,3032,2938
2025-03-19T15:30:00.000Z,3032.07,3032.27,3029.37,3029.6,3013
2025-03-19T15:45:00.000Z,3029.61,3032.56,3029.61,3031.5,3062
2025-03-19T16:00:00.000Z,3031.51,3035.68,3031.37,3034.4,3141
2025-03-19T16:15:00.000Z,3034.41,3038.31,3034.38,3036.37,3131
2025-03-19T16:30:00.000Z,3036.34,3037.1,3034.01,3034.39,2308
2025-03-19T16:45:00.000Z,3034.6,3035.48,3031.32,3033.11,3049
2025-03-19T17:00:00.000Z,3033.12,3034.17,3031.63,3032.53,3233
2025-03-19T17:15:00.000Z,3032.52,3034.12,3031.1,3032.93,3122
2025-03-19T17:30:00.000Z,3032.91,3033.47,3029.71,3030.48,3006
2025-03-19T17:45:00.000Z,3030.52,3030.95,3029.3,3029.6,2860
2025-03-19T18:00:00.000Z,3029.54,3039.72,3029.14,3038.62,6660
2025-03-19T18:15:00.000Z,3038.61,3041.11,3036.89,3037.62,5029
2025-03-19T18:30:00.000Z,3037.54,3048.53,3037.54,3047.82,5518
2025-03-19T18:45:00.000Z,3047.98,3048.43,3042.38,3046.84,5193
2025-03-19T19:00:00.000Z,3046.85,3051.96,3045.93,3047.21,5465
2025-03-19T19:15:00.000Z,3047.23,3048.27,3040.9,3041.98,4972
2025-03-19T19:30:00.000Z,3041.99,3047.63,3041.77,3046.98,3785
2025-03-19T19:45:00.000Z,3046.99,3048.39,3045.86,3047.83,4603
2025-03-19T20:00:00.000Z,3047.81,3048.16,3044.56,3046.27,1790
2025-03-19T20:15:00.000Z,3046.29,3046.4,3045.43,3045.97,1234
2025-03-19T20:30:00.000Z,3045.98,3046.05,3044.26,3044.83,1423
2025-03-19T20:45:00.000Z,3044.83,3047.6,3044.66,3047.38,757
2025-03-19T22:00:00.000Z,3047.36,3050.49,3046.92,3049.42,1191
2025-03-19T22:15:00.000Z,3049.53,3049.93,3047,3049.05,958
2025-03-19T22:30:00.000Z,3048.97,3049.99,3048.69,3048.94,458
2025-03-19T22:45:00.000Z,3049.05,3050.36,3048.99,3050.1,466
2025-03-19T23:00:00.000Z,3050.09,3050.1,3048.63,3049.44,530
2025-03-19T23:15:00.000Z,3049.49,3050.34,3049.21,3050.06,697
2025-03-19T23:30:00.000Z,3050.2,3050.22,3048.97,3049.76,704
2025-03-19T23:45:00.000Z,3049.77,3050.98,3049.74,3050.01,583
2025-03-20T00:00:00.000Z,3050.04,3054.37,3050.04,3051.98,2239
2025-03-20T00:15:00.000Z,3051.98,3055.48,3050.6,3053.86,1837
2025-03-20T00:30:00.000Z,3053.78,3053.83,3050.95,3052.69,2036
2025-03-20T00:45:00.000Z,3052.72,3053.48,3051.42,3053.14,2123
2025-03-20T01:00:00.000Z,3053.17,3055.24,3050.03,3054.79,4660
2025-03-20T01:15:00.000Z,3054.82,3056.31,3053.4,3054.35,3721
2025-03-20T01:30:00.000Z,3054.35,3055.48,3052.51,3053.39,3072
2025-03-20T01:45:00.000Z,3053.38,3053.77,3049.21,3049.4,3126
2025-03-20T02:00:00.000Z,3049.35,3051.97,3048.19,3051.34,3202
2025-03-20T02:15:00.000Z,3051.83,3052.14,3050.4,3050.8,1781
2025-03-20T02:30:00.000Z,3050.86,3051.47,3047.01,3047.88,3006
2025-03-20T02:45:00.000Z,3047.92,3047.98,3044.85,3045.79,2872
2025-03-20T03:00:00.000Z,3046,3048.65,3045.37,3048.65,2502
2025-03-20T03:15:00.000Z,3048.62,3049.41,3047.38,3048.42,1935
2025-03-20T03:30:00.000Z,3048.39,3050.38,3047.95,3047.97,1428
2025-03-20T03:45:00.000Z,3047.92,3050.4,3047.82,3049.92,1723
2025-03-20T04:00:00.000Z,3049.89,3050.04,3048.04,3049.59,913
2025-03-20T04:15:00.000Z,3049.57,3053.52,3049.1,3053.4,2059
2025-03-20T04:30:00.000Z,3053.42,3057.31,3053.22,3056.91,2400
2025-03-20T04:45:00.000Z,3056.92,3057.48,3051.93,3052.22,2240
2025-03-20T05:00:00.000Z,3052.32,3053.21,3050.43,3051.71,2505
2025-03-20T05:15:00.000Z,3051.73,3052.86,3046.84,3048.87,3233
2025-03-20T05:30:00.000Z,3048.86,3048.86,3045.03,3047.1,3555
2025-03-20T05:45:00.000Z,3047.09,3047.58,3044.79,3046.93,3197
2025-03-20T06:00:00.000Z,3046.93,3049.56,3045.84,3049.22,2417
2025-03-20T06:15:00.000Z,3049.21,3051.49,3048.53,3049.63,2510
2025-03-20T06:30:00.000Z,3049.53,3050.98,3045.58,3050.28,3174
2025-03-20T06:45:00.000Z,3050.28,3050.4,3048.51,3048.97,2036
2025-03-20T07:00:00.000Z,3049,3049,3045.04,3046.7,2909
2025-03-20T07:15:00.000Z,3046.7,3046.89,3044.35,3046.67,3084
2025-03-20T07:30:00.000Z,3046.64,3047.73,3044.67,3045.18,2387
2025-03-20T07:45:00.000Z,3045.17,3045.24,3041.79,3042.22,3775
2025-03-20T08:00:00.000Z,3042.24,3044.05,3040.42,3042.45,3190
2025-03-20T08:15:00.000Z,3042.46,3042.71,3038.68,3040.03,3909
2025-03-20T08:30:00.000Z,3039.97,3042.41,3039.64,3040.01,3029
2025-03-20T08:45:00.000Z,3040.07,3043.3,3038.95,3041.91,4067
2025-03-20T09:00:00.000Z,3041.84,3044.11,3041.08,3043.1,2988
2025-03-20T09:15:00.000Z,3043.14,3045.75,3043.14,3044.51,3283
2025-03-20T09:30:00.000Z,3044.5,3046.34,3043.92,3044.52,3730
2025-03-20T09:45:00.000Z,3044.51,3044.63,3040.63,3041.39,4091
2025-03-20T10:00:00.000Z,3041.38,3041.39,3034.29,3034.58,4110
2025-03-20T10:15:00.000Z,3034.55,3034.55,3029.89,3029.91,5989
2025-03-20T10:30:00.000Z,3029.84,3029.84,3025.7,3028.44,5921
2025-03-20T10:45:00.000Z,3028.43,3035.57,3028.31,3034.36,5880
2025-03-20T11:00:00.000Z,3034.31,3034.72,3029.68,3031.53,3500
2025-03-20T11:15:00.000Z,3031.54,3033.62,3029.3,3032.84,3439
2025-03-20T11:30:00.000Z,3032.85,3033.21,3029.34,3030.93,3853
2025-03-20T11:45:00.000Z,3030.94,3035.24,3030.71,3034.39,3970
2025-03-20T12:00:00.000Z,3034.44,3036.38,3033.41,3036.03,4152
2025-03-20T12:15:00.000Z,3036.04,3038.11,3034.94,3037.31,4868
2025-03-20T12:30:00.000Z,3037.31,3041.86,3035.85,3040.56,4875
2025-03-20T12:45:00.000Z,3040.57,3042.32,3039.62,3040.95,5530
2025-03-20T13:00:00.000Z,3040.97,3041.14,3031.67,3033.37,6459
2025-03-20T13:15:00.000Z,3033.38,3033.93,3029.93,3030.87,5753
2025-03-20T13:30:00.000Z,3030.86,3037.67,3030.13,3034.86,7209
2025-03-20T13:45:00.000Z,3034.82,3036.77,3031.67,3032.82,6060
2025-03-20T14:00:00.000Z,3032.78,3036.02,3030.62,3035.22,5971
2025-03-20T14:15:00.000Z,3035.23,3036.61,3031.79,3032.71,5944
2025-03-20T14:30:00.000Z,3032.74,3038.67,3032.08,3038.45,5717
2025-03-20T14:45:00.000Z,3038.5,3040.69,3036.31,3040.2,5232
2025-03-20T15:00:00.000Z,3040.17,3041.84,3037.58,3039.61,5308
2025-03-20T15:15:00.000Z,3039.58,3041,3038.29,3040.4,3644
2025-03-20T15:30:00.000Z,3040.4,3040.73,3037.64,3039.43,4003
2025-03-20T15:45:00.000Z,3039.25,3041.77,3039.25,3040.66,4128
2025-03-20T16:00:00.000Z,3040.67,3041.94,3038.99,3041.87,4470
2025-03-20T16:15:00.000Z,3041.9,3043.08,3038.39,3038.6,4419
2025-03-20T16:30:00.000Z,3038.65,3039.03,3033.97,3034.79,4141
2025-03-20T16:45:00.000Z,3034.8,3039.21,3034.8,3038.16,2802
2025-03-20T17:00:00.000Z,3038.17,3040.1,3036.04,3037.13,2447
2025-03-20T17:15:00.000Z,3037.14,3039.45,3034.7,3035.63,2708
2025-03-20T17:30:00.000Z,3035.67,3039.53,3035.51,3039.39,2647
2025-03-20T17:45:00.000Z,3039.41,3041.95,3038.6,3041.72,2208
2025-03-20T18:00:00.000Z,3041.73,3045.15,3040.93,3045.02,3253
2025-03-20T18:15:00.000Z,3045.05,3045.22,3042.87,3044.55,2394
2025-03-20T18:30:00.000Z,3044.56,3044.64,3040.83,3042.47,2403
2025-03-20T18:45:00.000Z,3042.48,3045.02,3042.36,3043.21,2564
2025-03-20T19:00:00.000Z,3043.16,3044.5,3043.12,3043.93,2113
2025-03-20T19:15:00.000Z,3043.89,3045.59,3043.43,3044.91,2179
2025-03-20T19:30:00.000Z,3044.89,3045.78,3044.22,3045.41,1762
2025-03-20T19:45:00.000Z,3045.42,3046,3044.62,3044.73,2530
2025-03-20T20:00:00.000Z,3044.8,3045.8,3044.8,3045.42,1277
2025-03-20T20:15:00.000Z,3045.4,3045.4,3044.27,3044.76,1083
2025-03-20T20:30:00.000Z,3044.71,3045.79,3044.58,3045.1,1088
2025-03-20T20:45:00.000Z,3045.01,3045.16,3043.83,3044.21,643
2025-03-20T22:00:00.000Z,3044.2,3045,3044,3044.27,573
2025-03-20T22:15:00.000Z,3044.34,3044.85,3043.58,3044.31,448
2025-03-20T22:30:00.000Z,3044.33,3044.46,3043.86,3043.96,291
2025-03-20T22:45:00.000Z,3043.93,3046.32,3043.42,3045.95,454
2025-03-20T23:00:00.000Z,3045.91,3046.2,3044.92,3045.91,642
2025-03-20T23:15:00.000Z,3045.88,3045.98,3044.65,3044.65,437
2025-03-20T23:30:00.000Z,3044.55,3045.55,3044.41,3045.07,732
2025-03-20T23:45:00.000Z,3045.08,3046.59,3045.08,3046.36,1070
2025-03-21T00:00:00.000Z,3046.46,3047.39,3044.42,3044.53,1457
2025-03-21T00:15:00.000Z,3044.54,3044.54,3042.3,3043.68,1219
2025-03-21T00:30:00.000Z,3043.71,3044.7,3042.72,3043.66,1046
2025-03-21T00:45:00.000Z,3043.67,3043.7,3042.53,3042.74,1169
2025-03-21T01:00:00.000Z,3042.74,3044.5,3041.98,3042.63,3811
2025-03-21T01:15:00.000Z,3042.61,3043.81,3040.67,3042.02,2462
2025-03-21T01:30:00.000Z,3041.99,3043.23,3038.32,3038.33,2396
2025-03-21T01:45:00.000Z,3038.32,3038.6,3035.66,3035.7,3705
2025-03-21T02:00:00.000Z,3035.88,3036.89,3034.61,3035.51,3196
2025-03-21T02:15:00.000Z,3035.5,3035.66,3034.15,3035.02,2332
2025-03-21T02:30:00.000Z,3034.98,3035.33,3033.81,3034.42,2910
2025-03-21T02:45:00.000Z,3034.41,3035.74,3033.7,3034.55,2672
2025-03-21T03:00:00.000Z,3034.52,3034.54,3031.14,3031.44,3225
2025-03-21T03:15:00.000Z,3031.54,3032.22,3030.28,3030.56,2547
2025-03-21T03:30:00.000Z,3030.57,3031.81,3029.81,3030.87,2033
2025-03-21T03:45:00.000Z,3030.81,3032.76,3030.15,3030.46,1908
2025-03-21T04:00:00.000Z,3030.47,3032.07,3029.1,3031.15,1972
2025-03-21T04:15:00.000Z,3031.24,3031.6,3029.85,3030.78,1790
2025-03-21T04:30:00.000Z,3030.75,3031.59,3030.4,3031.51,1286
2025-03-21T04:45:00.000Z,3031.48,3031.82,3027.83,3029.8,2274
2025-03-21T05:00:00.000Z,3029.85,3030.27,3026.92,3027.36,1271
2025-03-21T05:15:00.000Z,3027.36,3028.11,3026.66,3027.04,1824
2025-03-21T05:30:00.000Z,3027.07,3027.69,3021.73,3024.88,3951
2025-03-21T05:45:00.000Z,3024.74,3029.37,3024.04,3028.04,3611
2025-03-21T06:00:00.000Z,3028.08,3032.7,3027.51,3030.98,3676
2025-03-21T06:15:00.000Z,3031.03,3032.04,3030.53,3031.43,2270
2025-03-21T06:30:00.000Z,3031.36,3034.02,3031.13,3032.27,2633
2025-03-21T06:45:00.000Z,3032.28,3032.52,3028.14,3029.72,3046
2025-03-21T07:00:00.000Z,3028.97,3032.57,3028.06,3031.54,2876
2025-03-21T07:15:00.000Z,3031.53,3032.34,3029.57,3032.15,2717
2025-03-21T07:30:00.000Z,3032.13,3033.35,3030.14,3031.32,2397
2025-03-21T07:45:00.000Z,3031.28,3032.11,3029.64,3032.1,2291
2025-03-21T08:00:00.000Z,3032.14,3034.78,3029.54,3030.11,3383
2025-03-21T08:15:00.000Z,3030.1,3030.22,3027.08,3028.81,2987
2025-03-21T08:30:00.000Z,3028.79,3033.72,3028.13,3033.53,3315
2025-03-21T08:45:00.000Z,3033.51,3034.43,3032.35,3032.83,2682
2025-03-21T09:00:00.000Z,3032.7,3033.01,3027.64,3029.94,3349
2025-03-21T09:15:00.000Z,3029.9,3031.56,3029.11,3030.77,2958
2025-03-21T09:30:00.000Z,3030.74,3030.98,3028.54,3029,2638
2025-03-21T09:45:00.000Z,3029,3030.29,3028.36,3029.58,1993
2025-03-21T10:00:00.000Z,3029.56,3033.41,3029.55,3032.58,2984
2025-03-21T10:15:00.000Z,3032.53,3033.24,3031.86,3031.99,1860
2025-03-21T10:30:00.000Z,3031.98,3032.75,3030.42,3032.09,2130
2025-03-21T10:45:00.000Z,3032.04,3033.38,3030.63,3030.67,2232
2025-03-21T11:00:00.000Z,3030.69,3032.15,3028.81,3032.12,2689
2025-03-21T11:15:00.000Z,3032.06,3032.3,3030.04,3031.41,2250
2025-03-21T11:30:00.000Z,3031.43,3034.82,3030.01,3034.81,3137
2025-03-21T11:45:00.000Z,3034.79,3037.59,3032.65,3034.21,4200
2025-03-21T12:00:00.000Z,3034.18,3037.96,3033.76,3035.55,4330
2025-03-21T12:15:00.000Z,3035.55,3036.29,3033.9,3035.22,3373
2025-03-21T12:30:00.000Z,3035.2,3036.08,3033.4,3034.68,3103
2025-03-21T12:45:00.000Z,3034.7,3038.15,3033.72,3034.03,3929
2025-03-21T13:00:00.000Z,3034.09,3036.84,3033.14,3035.86,3862
2025-03-21T13:15:00.000Z,3035.92,3036.51,3029.4,3029.76,5037
2025-03-21T13:30:00.000Z,3029.5,3029.85,3013.55,3014.73,9599
2025-03-21T13:45:00.000Z,3014.79,3016.26,3004.1,3006.7,10034
2025-03-21T14:00:00.000Z,3006.64,3007.43,2999.28,3003.69,9973
2025-03-21T14:15:00.000Z,3003.72,3009.67,3000.52,3008.12,8223
2025-03-21T14:30:00.000Z,3007.97,3010.97,3005.6,3009.54,6476
2025-03-21T14:45:00.000Z,3009.57,3016.68,3009.51,3015.7,6771
2025-03-21T15:00:00.000Z,3015.76,3017.8,3013.4,3013.79,5730
2025-03-21T15:15:00.000Z,3013.76,3017.05,3012.82,3014.01,4294
2025-03-21T15:30:00.000Z,3014.06,3014.44,3010,3013.36,4849
2025-03-21T15:45:00.000Z,3013.3,3013.98,3010.59,3011,4375
2025-03-21T16:00:00.000Z,3010.91,3015.45,3010.56,3014.06,4523
2025-03-21T16:15:00.000Z,3014.03,3016.01,3012.9,3014.79,4167
2025-03-21T16:30:00.000Z,3014.52,3016.89,3013.11,3013.55,3563
2025-03-21T16:45:00.000Z,3013.6,3016.38,3013.33,3015.12,2558
2025-03-21T17:00:00.000Z,3015.15,3017.93,3014.56,3016.97,2627
2025-03-21T17:15:00.000Z,3017.02,3018.14,3014.85,3015.42,3135
2025-03-21T17:30:00.000Z,3015.47,3016.09,3014.93,3015.07,1996
2025-03-21T17:45:00.000Z,3014.97,3015.95,3012.94,3013.77,2854
2025-03-21T18:00:00.000Z,3013.76,3016,3013.45,3015.7,1970
2025-03-21T18:15:00.000Z,3015.71,3019.46,3015.32,3018.83,2552
2025-03-21T18:30:00.000Z,3018.8,3021.43,3018.8,3020.46,2174
2025-03-21T18:45:00.000Z,3020.44,3021.2,3017.27,3017.5,2633
2025-03-21T19:00:00.000Z,3017.46,3021.28,3016.02,3020.91,2777
2025-03-21T19:15:00.000Z,3020.95,3021.97,3019.75,3020.46,2300
2025-03-21T19:30:00.000Z,3020.47,3021.28,3019.58,3020.46,2215
2025-03-21T19:45:00.000Z,3020.45,3020.95,3019.44,3019.77,2321
2025-03-21T20:00:00.000Z,3019.8,3021.36,3019.8,3021.1,1240
2025-03-21T20:15:00.000Z,3021.05,3023.37,3020.85,3023.26,1192
2025-03-21T20:30:00.000Z,3023.28,3024.01,3022.78,3022.94,891
2025-03-21T20:45:00.000Z,3022.79,3023.95,3020.5,3023.11,592
2025-03-23T22:00:00.000Z,3021.45,3024.92,3021.08,3024.45,1860
2025-03-23T22:15:00.000Z,3024.44,3025.82,3023.8,3024.23,1472
2025-03-23T22:30:00.000Z,3024.22,3024.75,3022.39,3024.54,1028
2025-03-23T22:45:00.000Z,3024.52,3025.99,3024.47,3025.44,1074
2025-03-23T23:00:00.000Z,3025.46,3025.46,3023.17,3025.05,1640
2025-03-23T23:15:00.000Z,3025.01,3026.34,3024.69,3024.7,862
2025-03-23T23:30:00.000Z,3024.74,3025.7,3024.23,3025.65,676
2025-03-23T23:45:00.000Z,3025.64,3026.05,3024.62,3024.62,1022
2025-03-24T00:00:00.000Z,3024.35,3025.39,3023.17,3023.92,1556
2025-03-24T00:15:00.000Z,3024.01,3024.17,3022.39,3022.75,1708
2025-03-24T00:30:00.000Z,3022.73,3023.31,3021.17,3021.48,2716
2025-03-24T00:45:00.000Z,3021.42,3021.57,3017.15,3018.35,3599
2025-03-24T01:00:00.000Z,3018.41,3023.34,3018.1,3022.95,4948
2025-03-24T01:15:00.000Z,3023,3023.62,3020.4,3020.73,4339
2025-03-24T01:30:00.000Z,3020.77,3025.6,3020.57,3023.67,3636
2025-03-24T01:45:00.000Z,3023.66,3023.85,3020.53,3020.78,3149
2025-03-24T02:00:00.000Z,3020.98,3024.38,3020.59,3023.04,3338
2025-03-24T02:15:00.000Z,3023.07,3023.57,3022.27,3023.16,1934
2025-03-24T02:30:00.000Z,3023.11,3023.34,3016.86,3017.43,3131
2025-03-24T02:45:00.000Z,3017.42,3018.58,3013.66,3016.33,3867
2025-03-24T03:00:00.000Z,3016.3,3017.96,3016.04,3016.98,2112
2025-03-24T03:15:00.000Z,3016.99,3019.58,3016.66,3017.8,2406
2025-03-24T03:30:00.000Z,3017.76,3018.51,3015.38,3017.95,2489
2025-03-24T03:45:00.000Z,3017.93,3018.43,3016.48,3016.84,1541
2025-03-24T04:00:00.000Z,3016.89,3018.52,3016.53,3017.96,1935
2025-03-24T04:15:00.000Z,3017.94,3019.46,3017.34,3017.98,1186
2025-03-24T04:30:00.000Z,3017.95,3018.39,3017.29,3018.18,727
2025-03-24T04:45:00.000Z,3018.2,3020.01,3017.84,3019.16,1867
2025-03-24T05:00:00.000Z,3019.17,3022.91,3018.74,3022.3,1942
2025-03-24T05:15:00.000Z,3022.33,3023.11,3021.92,3022.65,1396
2025-03-24T05:30:00.000Z,3022.62,3022.95,3020.95,3020.99,2702
2025-03-24T05:45:00.000Z,3020.97,3022.46,3020.01,3021.92,2056
2025-03-24T06:00:00.000Z,3021.88,3022.65,3017.79,3018.29,2466
2025-03-24T06:15:00.000Z,3018.28,3022.49,3017.2,3022.37,2271
2025-03-24T06:30:00.000Z,3022.4,3024.77,3021.69,3024.71,2666
2025-03-24T06:45:00.000Z,3024.75,3025.71,3024.53,3024.99,2021
2025-03-24T07:00:00.000Z,3025.1,3026.2,3023.98,3025.44,2813
2025-03-24T07:15:00.000Z,3025.4,3028.84,3024.29,3024.97,3418
2025-03-24T07:30:00.000Z,3025.1,3025.16,3021.47,3022.64,3243
2025-03-24T07:45:00.000Z,3022.58,3023.46,3021.06,3022.41,3521
2025-03-24T08:00:00.000Z,3022.27,3025.41,3021.79,3024.71,3848
2025-03-24T08:15:00.000Z,3024.92,3024.98,3022.25,3023.35,3471
2025-03-24T08:30:00.000Z,3023.41,3027.74,3022.62,3027.04,4782
2025-03-24T08:45:00.000Z,3027.04,3028.95,3026.85,3028.93,3809
2025-03-24T09:00:00.000Z,3029.03,3030.87,3028.46,3030.28,3853
2025-03-24T09:15:00.000Z,3030.29,3030.73,3028.04,3029.19,3784
2025-03-24T09:30:00.000Z,3029.2,3029.53,3023.91,3024.77,3313
2025-03-24T09:45:00.000Z,3024.76,3024.98,3022.58,3023.54,3489
2025-03-24T10:00:00.000Z,3023.62,3027.75,3023.59,3027.74,3989
2025-03-24T10:15:00.000Z,3027.76,3033.16,3026.82,3032.78,4851
2025-03-24T10:30:00.000Z,3032.72,3033.4,3028.04,3029.64,4157
2025-03-24T10:45:00.000Z,3029.65,3029.91,3027.8,3028.28,2527
2025-03-24T11:00:00.000Z,3028.21,3029.33,3026.62,3027.14,3588
2025-03-24T11:15:00.000Z,3027.13,3027.95,3026.58,3027.23,2608
2025-03-24T11:30:00.000Z,3027.23,3027.43,3024.37,3025.33,2556
2025-03-24T11:45:00.000Z,3025.3,3026.39,3024.54,3024.75,2563
2025-03-24T12:00:00.000Z,3024.73,3026.37,3024.19,3026.33,4135
2025-03-24T12:15:00.000Z,3026.4,3028.57,3026.33,3026.64,3435
2025-03-24T12:30:00.000Z,3026.72,3027.53,3025.07,3026.43,3535
2025-03-24T12:45:00.000Z,3026.43,3026.43,3022.42,3024.19,5284
2025-03-24T13:00:00.000Z,3024.11,3027.68,3023.73,3027.46,5763
2025-03-24T13:15:00.000Z,3027.47,3028.37,3023.28,3024.53,5498
2025-03-24T13:30:00.000Z,3024.56,3026.12,3020.9,3022.06,6307
2025-03-24T13:45:00.000Z,3021.85,3026.2,3019.12,3022.54,7442
2025-03-24T14:00:00.000Z,3022.46,3024.02,3020.05,3023.34,5725
2025-03-24T14:15:00.000Z,3023.39,3023.61,3015.52,3016.55,5515
2025-03-24T14:30:00.000Z,3016.58,3017,3009.1,3010.66,8116
2025-03-24T14:45:00.000Z,3010.62,3014.3,3007.95,3012.09,6158
2025-03-24T15:00:00.000Z,3011.94,3012.34,3005.69,3010.78,6936
2025-03-24T15:15:00.000Z,3010.75,3012.95,3009.18,3009.86,5250
2025-03-24T15:30:00.000Z,3009.87,3015.26,3009.81,3014.72,4587
2025-03-24T15:45:00.000Z,3014.68,3015.14,3012.48,3014.14,3698
2025-03-24T16:00:00.000Z,3014.12,3015.57,3012.47,3012.73,4010
2025-03-24T16:15:00.000Z,3012.74,3013.11,3009.7,3011.59,3832
2025-03-24T16:30:00.000Z,3011.64,3012.09,3008.01,3009.24,3265
2025-03-24T16:45:00.000Z,3009.25,3011.16,3009.03,3009.8,3530
2025-03-24T17:00:00.000Z,3009.79,3009.83,3007.04,3008.71,3742
2025-03-24T17:15:00.000Z,3008.76,3009.92,3006.61,3009.62,4018
2025-03-24T17:30:00.000Z,3009.54,3009.58,3006.59,3007.55,2619
2025-03-24T17:45:00.000Z,3007.59,3008,3005.83,3007.09,2740
2025-03-24T18:00:00.000Z,3007.05,3007.93,3002.43,3003.58,3568
2025-03-24T18:15:00.000Z,3003.59,3005.03,3003.36,3004.38,3274
2025-03-24T18:30:00.000Z,3004.45,3007.63,3003.95,3007.5,3124
2025-03-24T18:45:00.000Z,3007.47,3008.03,3006.27,3006.73,2478
2025-03-24T19:00:00.000Z,3006.77,3008.01,3005.76,3007.13,1867
2025-03-24T19:15:00.000Z,3007.15,3008.16,3005.31,3005.5,1716
2025-03-24T19:30:00.000Z,3005.52,3006.8,3005.11,3006.57,1786
2025-03-24T19:45:00.000Z,3006.58,3006.7,3005.01,3006.08,1943
2025-03-24T20:00:00.000Z,3006.04,3007.66,3005.65,3007.31,941
2025-03-24T20:15:00.000Z,3007.34,3012.46,3007.13,3011.68,1801
2025-03-24T20:30:00.000Z,3011.68,3013.03,3011.45,3012.52,1183
2025-03-24T20:45:00.000Z,3012.51,3014.11,3011.38,3011.58,860
2025-03-24T22:00:00.000Z,3011.62,3012.3,3010.46,3010.94,769
2025-03-24T22:15:00.000Z,3011.1,3012.21,3010.75,3010.75,1106
2025-03-24T22:30:00.000Z,3010.74,3010.74,3009.5,3009.59,736
2025-03-24T22:45:00.000Z,3009.6,3012.28,3008.91,3011.42,1006
2025-03-24T23:00:00.000Z,3011.47,3012.25,3011.36,3011.42,552
2025-03-24T23:15:00.000Z,3011.48,3012.17,3010.44,3011.98,971
2025-03-24T23:30:00.000Z,3011.99,3012.2,3009.42,3009.53,904
2025-03-24T23:45:00.000Z,3009.51,3010.64,3009.39,3009.92,840
2025-03-25T00:00:00.000Z,3010.33,3011.5,3009.11,3011.17,889
2025-03-25T00:15:00.000Z,3011.15,3011.78,3010,3010.35,1266
2025-03-25T00:30:00.000Z,3010.41,3012.12,3010.41,3011.01,1295
2025-03-25T00:45:00.000Z,3010.96,3014.79,3010.96,3013.97,1420
2025-03-25T01:00:00.000Z,3013.98,3014.4,3012.41,3012.64,2928
2025-03-25T01:15:00.000Z,3012.63,3013.44,3010.37,3012.05,2264
2025-03-25T01:30:00.000Z,3012.08,3014.56,3012.08,3014.27,2319
2025-03-25T01:45:00.000Z,3014.3,3014.58,3011.2,3011.77,2041
2025-03-25T02:00:00.000Z,3011.77,3011.78,3008.61,3011.26,2379
2025-03-25T02:15:00.000Z,3011.23,3012.29,3009.71,3010.24,1556
2025-03-25T02:30:00.000Z,3010.25,3011.51,3009.53,3010.44,2232
2025-03-25T02:45:00.000Z,3010.43,3010.84,3007.3,3009.11,2900
2025-03-25T03:00:00.000Z,3009.1,3012.64,3008.62,3012.41,2149
2025-03-25T03:15:00.000Z,3012.38,3014.79,3012.24,3014.2,2832
2025-03-25T03:30:00.000Z,3014.17,3016.2,3013.93,3015.88,1975
2025-03-25T03:45:00.000Z,3015.92,3015.92,3014.67,3015.05,1905
2025-03-25T04:00:00.000Z,3015.07,3016.22,3014.73,3015.29,1906
2025-03-25T04:15:00.000Z,3015.28,3015.54,3014.51,3015.32,1131
2025-03-25T04:30:00.000Z,3015.35,3016.18,3015.01,3015.08,963
2025-03-25T04:45:00.000Z,3015.07,3016.1,3014.97,3015.1,1301
2025-03-25T05:00:00.000Z,3015.07,3018.83,3014.3,3018.42,2002
2025-03-25T05:15:00.000Z,3018.42,3020.97,3017.78,3019.95,2228
2025-03-25T05:30:00.000Z,3019.94,3019.94,3017.81,3018.34,2146
2025-03-25T05:45:00.000Z,3018.33,3019.17,3016.55,3018.25,1848
2025-03-25T06:00:00.000Z,3018.27,3018.62,3015.4,3016.7,1824
2025-03-25T06:15:00.000Z,3016.71,3017.34,3015.55,3016.81,2737
2025-03-25T06:30:00.000Z,3016.8,3017.36,3015.27,3015.55,1757
2025-03-25T06:45:00.000Z,3015.52,3018.57,3014.77,3017.8,2036
2025-03-25T07:00:00.000Z,3017.79,3018.07,3015.43,3017.34,2453
2025-03-25T07:15:00.000Z,3017.35,3017.37,3013.05,3014.75,3319
2025-03-25T07:30:00.000Z,3014.86,3016.46,3012.41,3012.84,2278
2025-03-25T07:45:00.000Z,3012.83,3013.35,3010.46,3011.25,2703
2025-03-25T08:00:00.000Z,3011.27,3015.28,3010.65,3013.49,3076
2025-03-25T08:15:00.000Z,3013.42,3018.03,3012.91,3017.9,2839
2025-03-25T08:30:00.000Z,3017.91,3020.33,3017.54,3019.92,3893
2025-03-25T08:45:00.000Z,3019.89,3021.76,3019.71,3021.21,2961
2025-03-25T09:00:00.000Z,3021.13,3021.36,3019.63,3021.11,2260
2025-03-25T09:15:00.000Z,3021.06,3021.8,3019.97,3021.21,2077
2025-03-25T09:30:00.000Z,3021.26,3021.41,3018.87,3021.18,2214
2025-03-25T09:45:00.000Z,3021.16,3023.47,3021.04,3023.3,2621
2025-03-25T10:00:00.000Z,3023.21,3024.72,3022.84,3023.89,2124
2025-03-25T10:15:00.000Z,3023.78,3024.38,3021.1,3021.19,2396
2025-03-25T10:30:00.000Z,3021.07,3023.93,3020.49,3023.1,2576
2025-03-25T10:45:00.000Z,3023.11,3024.42,3022.55,3023.58,2342
2025-03-25T11:00:00.000Z,3023.55,3024.9,3023.29,3024.27,2052
2025-03-25T11:15:00.000Z,3024.39,3025.51,3023.36,3025.13,2219
2025-03-25T11:30:00.000Z,3025.16,3026.44,3022.75,3023.45,2948
2025-03-25T11:45:00.000Z,3023.42,3023.65,3020.36,3020.7,3258
2025-03-25T12:00:00.000Z,3020.75,3021.86,3015.78,3018.27,5173
2025-03-25T12:15:00.000Z,3018.27,3018.87,3014.09,3016.68,4763
2025-03-25T12:30:00.000Z,3016.74,3020.08,3016.74,3018.72,5134
2025-03-25T12:45:00.000Z,3018.66,3023.17,3018.41,3021.55,3443
2025-03-25T13:00:00.000Z,3021.53,3025.01,3020.74,3024,4519
2025-03-25T13:15:00.000Z,3024.12,3024.5,3021,3023.28,4269
2025-03-25T13:30:00.000Z,3023.22,3030.54,3023.22,3027.58,7731
2025-03-25T13:45:00.000Z,3027.56,3030.16,3026.21,3028.7,6044
2025-03-25T14:00:00.000Z,3028.73,3035.87,3027.53,3032.34,7596
2025-03-25T14:15:00.000Z,3032.27,3033.73,3027.32,3028.19,7219
2025-03-25T14:30:00.000Z,3028.17,3030.85,3025.58,3030.34,5421
2025-03-25T14:45:00.000Z,3030.37,3030.68,3025.03,3025.03,4552
2025-03-25T15:00:00.000Z,3024.92,3028.07,3021.05,3023,6418
2025-03-25T15:15:00.000Z,3022.98,3023.5,3020.73,3022.72,4688
2025-03-25T15:30:00.000Z,3022.85,3025,3017.85,3023.07,5146
2025-03-25T15:45:00.000Z,3023.21,3023.23,3021.02,3021.53,2707
2025-03-25T16:00:00.000Z,3021.57,3024.42,3021.36,3023.98,3360
2025-03-25T16:15:00.000Z,3024.03,3024.36,3022.13,3022.49,3124
2025-03-25T16:30:00.000Z,3022.47,3024.74,3022.19,3023.98,3236
2025-03-25T16:45:00.000Z,3023.97,3025.52,3023.05,3023.1,2297
2025-03-25T17:00:00.000Z,3023.12,3023.38,3021.42,3022.03,2725
2025-03-25T17:15:00.000Z,3022.05,3023.08,3019.78,3021.43,3247
2025-03-25T17:30:00.000Z,3021.62,3022.6,3019.99,3021.98,2568
2025-03-25T17:45:00.000Z,3022.08,3022.84,3020.72,3022.55,1675
2025-03-25T18:00:00.000Z,3022.56,3022.84,3020.88,3022.16,1636
2025-03-25T18:15:00.000Z,3022.14,3022.35,3018.32,3018.67,2572
2025-03-25T18:30:00.000Z,3018.79,3019.35,3017.97,3018.79,2039
2025-03-25T18:45:00.000Z,3018.82,3019.21,3017.75,3018.59,1923
2025-03-25T19:00:00.000Z,3018.57,3019.65,3017.76,3019.6,1254
2025-03-25T19:15:00.000Z,3019.62,3019.68,3018.55,3018.77,1641
2025-03-25T19:30:00.000Z,3018.76,3020.27,3018.72,3020.13,1674
2025-03-25T19:45:00.000Z,3020.14,3020.66,3018.62,3019.51,2205
2025-03-25T20:00:00.000Z,3019.56,3020.2,3018.76,3020.03,959
2025-03-25T20:15:00.000Z,3020.01,3020.66,3019.79,3019.79,787
2025-03-25T20:30:00.000Z,3019.76,3020.39,3019.76,3020.06,620
2025-03-25T20:45:00.000Z,3019.93,3020.57,3019.04,3019.51,670
2025-03-25T22:00:00.000Z,3019.47,3022.33,3019.33,3021.9,720
2025-03-25T22:15:00.000Z,3021.85,3021.85,3020.3,3021.41,637
2025-03-25T22:30:00.000Z,3021.23,3021.5,3020.36,3020.9,387
2025-03-25T22:45:00.000Z,3020.89,3021.45,3020.71,3021.31,442
2025-03-25T23:00:00.000Z,3021.36,3021.54,3020.95,3020.99,593
2025-03-25T23:15:00.000Z,3021.07,3021.66,3020.77,3021.25,447
2025-03-25T23:30:00.000Z,3021.19,3021.82,3020.87,3021.22,453
2025-03-25T23:45:00.000Z,3021.16,3021.61,3020.47,3020.91,648
2025-03-26T00:00:00.000Z,3020.87,3021.69,3020.76,3021.28,929
2025-03-26T00:15:00.000Z,3021.23,3022.17,3020.61,3020.61,1018
2025-03-26T00:30:00.000Z,3020.56,3021.22,3017.91,3017.99,1680
2025-03-26T00:45:00.000Z,3017.98,3019.06,3017.69,3018.16,1662
2025-03-26T01:00:00.000Z,3018.15,3018.8,3016.26,3018.77,3418
2025-03-26T01:15:00.000Z,3018.79,3020.33,3017.59,3018.48,4484
2025-03-26T01:30:00.000Z,3018.52,3022.76,3018.17,3022.75,3303
2025-03-26T01:45:00.000Z,3022.74,3025.49,3021.98,3024.78,2650
2025-03-26T02:00:00.000Z,3024.79,3026.22,3023.6,3025.04,2894
2025-03-26T02:15:00.000Z,3025.03,3026.16,3024.51,3026.02,2012
2025-03-26T02:30:00.000Z,3026.03,3027.06,3023.31,3023.33,3005
2025-03-26T02:45:00.000Z,3023.32,3024.64,3022.71,3024.13,2653
2025-03-26T03:00:00.000Z,3024.04,3024.04,3020.83,3020.84,2031
2025-03-26T03:15:00.000Z,3020.82,3020.99,3018.76,3018.77,2877
2025-03-26T03:30:00.000Z,3018.63,3019.41,3016.66,3018.87,2844
2025-03-26T03:45:00.000Z,3018.88,3019.06,3016.42,3017.54,2274
2025-03-26T04:00:00.000Z,3017.55,3017.57,3015.83,3016.79,1695
2025-03-26T04:15:00.000Z,3016.79,3017.64,3015.35,3015.6,2055
2025-03-26T04:30:00.000Z,3015.62,3015.66,3014.7,3014.85,1177
2025-03-26T04:45:00.000Z,3014.86,3015.61,3014.16,3015.17,1435
2025-03-26T05:00:00.000Z,3015.28,3016.47,3013.1,3015.02,1873
2025-03-26T05:15:00.000Z,3015.07,3015.98,3014.86,3015.92,1424
2025-03-26T05:30:00.000Z,3015.94,3019.4,3015.39,3019.4,2900
2025-03-26T05:45:00.000Z,3019.44,3024.12,3018.78,3022.52,3571
2025-03-26T06:00:00.000Z,3022.5,3025.17,3021.96,3024.54,4372
2025-03-26T06:15:00.000Z,3024.51,3025.66,3023.19,3024.99,3416
2025-03-26T06:30:00.000Z,3024.98,3025.71,3024.09,3024.82,2715
2025-03-26T06:45:00.000Z,3024.78,3026.16,3024.59,3025.97,2981
2025-03-26T07:00:00.000Z,3025.82,3027.38,3024.78,3026.34,2946
2025-03-26T07:15:00.000Z,3026.33,3026.93,3025.12,3026.35,2996
2025-03-26T07:30:00.000Z,3026.34,3029.13,3026.27,3028.96,2632
2025-03-26T07:45:00.000Z,3028.94,3030.72,3028.59,3030.36,3456
2025-03-26T08:00:00.000Z,3030.42,3031.91,3028.81,3028.84,3010
2025-03-26T08:15:00.000Z,3028.83,3028.87,3026.44,3027.87,3832
2025-03-26T08:30:00.000Z,3027.81,3027.97,3026.25,3026.58,1840
2025-03-26T08:45:00.000Z,3026.55,3026.55,3023.55,3023.94,2242
2025-03-26T09:00:00.000Z,3023.98,3024.15,3021.32,3021.61,3324
2025-03-26T09:15:00.000Z,3021.69,3021.7,3019.67,3019.77,2576
2025-03-26T09:30:00.000Z,3019.76,3020.12,3017.54,3019.38,3525
2025-03-26T09:45:00.000Z,3019.39,3020.38,3017.63,3018.62,2643
2025-03-26T10:00:00.000Z,3018.54,3020.26,3017.01,3018.43,2938
2025-03-26T10:15:00.000Z,3018.42,3023.9,3018.42,3022.77,3934
2025-03-26T10:30:00.000Z,3022.69,3024.16,3021.45,3022.61,3087
2025-03-26T10:45:00.000Z,3022.6,3024.84,3020.92,3023.11,2707
2025-03-26T11:00:00.000Z,3023.1,3026.23,3023.08,3026.05,2774
2025-03-26T11:15:00.000Z,3026.04,3028.91,3025.82,3028.24,3345
2025-03-26T11:30:00.000Z,3028.17,3030.28,3027.72,3029.24,3099
2025-03-26T11:45:00.000Z,3029.25,3029.96,3026.49,3027.57,3571
2025-03-26T12:00:00.000Z,3027.56,3028.73,3025.57,3027.38,4920
2025-03-26T12:15:00.000Z,3027.39,3028.01,3025.24,3025.87,3817
2025-03-26T12:30:00.000Z,3026.12,3028.76,3025.16,3028.71,4421
2025-03-26T12:45:00.000Z,3028.82,3030.01,3026.4,3026.98,4148
2025-03-26T13:00:00.000Z,3027.02,3027.38,3023.87,3025.53,4386
2025-03-26T13:15:00.000Z,3025.48,3025.8,3021.48,3024.62,5047
2025-03-26T13:30:00.000Z,3024.65,3025.53,3019.76,3022.13,5958
2025-03-26T13:45:00.000Z,3022.1,3022.6,3015.94,3016.7,6514
2025-03-26T14:00:00.000Z,3016.63,3019.55,3014.73,3018,6368
2025-03-26T14:15:00.000Z,3018.02,3018.43,3015.04,3015.7,5261
2025-03-26T14:30:00.000Z,3015.67,3019.96,3015.13,3019.38,4431
2025-03-26T14:45:00.000Z,3019.33,3021.63,3016.57,3017.41,4355
2025-03-26T15:00:00.000Z,3017.4,3017.61,3012.28,3017.57,5995
2025-03-26T15:15:00.000Z,3017.58,3018.93,3015.12,3016.08,4268
2025-03-26T15:30:00.000Z,3016.07,3018.75,3015.88,3016.63,2900
2025-03-26T15:45:00.000Z,3016.61,3017.81,3014.91,3015.88,3154
2025-03-26T16:00:00.000Z,3015.93,3017.61,3015.48,3017.51,3439
2025-03-26T16:15:00.000Z,3017.45,3020.07,3017,3019.03,3179
2025-03-26T16:30:00.000Z,3018.99,3019.61,3015.42,3015.72,3314
2025-03-26T16:45:00.000Z,3015.69,3017.38,3015.21,3015.66,2839
2025-03-26T17:00:00.000Z,3015.65,3017.02,3015.31,3017.01,2290
2025-03-26T17:15:00.000Z,3017,3018.03,3016.38,3016.65,3316
2025-03-26T17:30:00.000Z,3016.78,3018.92,3015.49,3017.92,3348
2025-03-26T17:45:00.000Z,3017.92,3018.68,3016.51,3018.63,2249
2025-03-26T18:00:00.000Z,3018.74,3020.73,3018.58,3019.74,2927
2025-03-26T18:15:00.000Z,3019.75,3020.71,3019.29,3020.62,2089
2025-03-26T18:30:00.000Z,3020.61,3020.71,3018.96,3019.94,1842
2025-03-26T18:45:00.000Z,3019.96,3020.04,3018.1,3018.27,1931
2025-03-26T19:00:00.000Z,3018.3,3018.98,3015.76,3016.79,2142
2025-03-26T19:15:00.000Z,3016.77,3018.24,3016.3,3017.17,1862
2025-03-26T19:30:00.000Z,3017.23,3017.59,3015.91,3016.66,1594
2025-03-26T19:45:00.000Z,3016.65,3018.11,3016.26,3017.24,1909
2025-03-26T20:00:00.000Z,3017.24,3020.14,3017.08,3019.85,1118
2025-03-26T20:15:00.000Z,3019.89,3020.4,3019.33,3019.62,1035
2025-03-26T20:30:00.000Z,3019.65,3021.63,3019.19,3019.98,1474
2025-03-26T20:45:00.000Z,3019.99,3020.77,3018.86,3019.37,1134
2025-03-26T22:00:00.000Z,3018.82,3021.19,3018.54,3018.6,1614
2025-03-26T22:15:00.000Z,3018.59,3020.96,3017.93,3020.47,1242
2025-03-26T22:30:00.000Z,3020.44,3020.44,3018.75,3019.44,1485
2025-03-26T22:45:00.000Z,3019.44,3020.28,3018.73,3019.34,778
2025-03-26T23:00:00.000Z,3019.39,3020.57,3017.52,3019.33,1320
2025-03-26T23:15:00.000Z,3019.32,3020.8,3018.24,3020.68,1364
2025-03-26T23:30:00.000Z,3020.72,3021.18,3019.59,3020.27,1153
2025-03-26T23:45:00.000Z,3020.29,3021.74,3020.29,3021.59,1272
2025-03-27T00:00:00.000Z,3021.59,3025.09,3021.59,3023.22,2773
2025-03-27T00:15:00.000Z,3023.2,3023.65,3022.26,3023.3,1368
2025-03-27T00:30:00.000Z,3023.31,3023.72,3021.58,3023.1,1367
2025-03-27T00:45:00.000Z,3023.16,3025.53,3022.94,3025.3,1715
2025-03-27T01:00:00.000Z,3025.29,3027.11,3024.9,3025.49,3494
2025-03-27T01:15:00.000Z,3025.48,3028.27,3024.88,3026.77,3196
2025-03-27T01:30:00.000Z,3026.81,3027.36,3024.04,3024.44,3669
2025-03-27T01:45:00.000Z,3024.43,3025.12,3022.84,3023.55,3476
2025-03-27T02:00:00.000Z,3023.56,3026.48,3023.19,3026.03,2890
2025-03-27T02:15:00.000Z,3026.02,3027.52,3025.93,3027.36,1948
2025-03-27T02:30:00.000Z,3027.36,3032.71,3027.22,3031.14,3906
2025-03-27T02:45:00.000Z,3031.13,3032.08,3029.22,3031.64,3808
2025-03-27T03:00:00.000Z,3031.61,3031.86,3029.6,3031.28,2391
2025-03-27T03:15:00.000Z,3031.33,3032.3,3030.75,3031.82,2242
2025-03-27T03:30:00.000Z,3031.83,3033.53,3030.84,3032.52,1782
2025-03-27T03:45:00.000Z,3032.53,3034.13,3032.14,3033.5,1846
2025-03-27T04:00:00.000Z,3033.48,3035.61,3032.99,3034.94,2170
2025-03-27T04:15:00.000Z,3034.96,3037.4,3034.39,3037.16,2082
2025-03-27T04:30:00.000Z,3037.13,3038.42,3034.29,3034.54,2923
2025-03-27T04:45:00.000Z,3034.49,3034.67,3031.63,3034.01,2840
2025-03-27T05:00:00.000Z,3034.07,3034.5,3031.62,3033.91,2242
2025-03-27T05:15:00.000Z,3033.89,3035.92,3032.37,3032.39,2622
2025-03-27T05:30:00.000Z,3032.35,3035.58,3031.48,3032.96,3665
2025-03-27T05:45:00.000Z,3032.95,3033.02,3029.24,3029.54,3222
2025-03-27T06:00:00.000Z,3029.49,3033.38,3027.82,3030.17,3663
2025-03-27T06:15:00.000Z,3030.1,3030.9,3027.42,3027.89,2919
2025-03-27T06:30:00.000Z,3027.92,3028.63,3027.44,3027.72,2279
2025-03-27T06:45:00.000Z,3027.71,3030.17,3026.69,3030.12,3350
2025-03-27T07:00:00.000Z,3030.06,3034.05,3029.22,3031.51,4149
2025-03-27T07:15:00.000Z,3031.5,3032.56,3030.85,3031.09,3904
2025-03-27T07:30:00.000Z,3031.08,3033.79,3029.57,3033.59,3827
2025-03-27T07:45:00.000Z,3033.54,3036.64,3032.49,3035.85,5326
2025-03-27T08:00:00.000Z,3035.88,3037.79,3034.34,3037.35,5194
2025-03-27T08:15:00.000Z,3037.37,3037.92,3035.41,3036.08,3364
2025-03-27T08:30:00.000Z,3036.09,3036.69,3033.83,3033.99,3341
2025-03-27T08:45:00.000Z,3033.93,3037.4,3033.76,3036.08,3749
2025-03-27T09:00:00.000Z,3036.07,3038.43,3035.44,3036.6,3468
2025-03-27T09:15:00.000Z,3036.58,3036.94,3034.54,3035.71,3421
2025-03-27T09:30:00.000Z,3035.7,3036.71,3034.81,3035.74,2722
2025-03-27T09:45:00.000Z,3035.75,3041.07,3034.95,3039.96,3714
2025-03-27T10:00:00.000Z,3039.93,3046.6,3039.77,3046.05,5119
2025-03-27T10:15:00.000Z,3046.04,3053.34,3046.04,3052.09,5853
2025-03-27T10:30:00.000Z,3052.13,3055.79,3050.83,3052.43,5628
2025-03-27T10:45:00.000Z,3052.44,3054.56,3051.22,3051.32,5120
2025-03-27T11:00:00.000Z,3051.33,3054.13,3050.39,3053.19,4866
2025-03-27T11:15:00.000Z,3053.19,3055.58,3048.78,3049.81,4427
2025-03-27T11:30:00.000Z,3049.82,3053.31,3049.8,3052.53,3505
2025-03-27T11:45:00.000Z,3052.54,3055.45,3051.83,3054.66,4377
2025-03-27T12:00:00.000Z,3054.7,3055.85,3051.99,3053.39,5259
2025-03-27T12:15:00.000Z,3053.39,3054.24,3049.24,3050.4,5528
2025-03-27T12:30:00.000Z,3050.38,3051.97,3047.11,3049.7,6026
2025-03-27T12:45:00.000Z,3049.71,3051.71,3048.71,3049.95,5587
2025-03-27T13:00:00.000Z,3050.03,3052.15,3044.88,3045.97,8695
2025-03-27T13:15:00.000Z,3045.99,3046.48,3038.31,3042.41,8511
2025-03-27T13:30:00.000Z,3042.44,3043.19,3033.52,3037.17,9320
2025-03-27T13:45:00.000Z,3037.22,3040.76,3034.12,3040.64,8183
2025-03-27T14:00:00.000Z,3040.61,3047.26,3040.61,3047.16,8805
2025-03-27T14:15:00.000Z,3047.23,3050.92,3046.13,3050.61,7177
2025-03-27T14:30:00.000Z,3050.49,3057.98,3049.77,3055.08,6111
2025-03-27T14:45:00.000Z,3055.07,3059.53,3054.21,3057.57,7499
2025-03-27T15:00:00.000Z,3057.58,3058.47,3053.04,3055.93,5812
2025-03-27T15:15:00.000Z,3055.96,3057.24,3053.37,3054.54,7166
2025-03-27T15:30:00.000Z,3054.55,3059.01,3053.56,3058.26,7123
2025-03-27T15:45:00.000Z,3058.22,3058.79,3051.31,3052.14,7164
2025-03-27T16:00:00.000Z,3052.11,3053.61,3050.52,3052.17,6920
2025-03-27T16:15:00.000Z,3052.16,3054.23,3050.62,3052.88,5790
2025-03-27T16:30:00.000Z,3052.96,3052.96,3049.68,3051.32,5059
2025-03-27T16:45:00.000Z,3051.33,3052.25,3047.86,3048.3,5285
2025-03-27T17:00:00.000Z,3048.27,3052.22,3048.27,3050.95,4967
2025-03-27T17:15:00.000Z,3050.99,3051.95,3048.19,3048.77,4367
2025-03-27T17:30:00.000Z,3048.74,3050.98,3047.75,3049.64,4485
2025-03-27T17:45:00.000Z,3049.66,3053.11,3049.43,3052.83,5451
2025-03-27T18:00:00.000Z,3052.78,3054.94,3052.7,3054.54,4321
2025-03-27T18:15:00.000Z,3054.55,3055.81,3053.8,3054.76,3810
2025-03-27T18:30:00.000Z,3054.79,3057.19,3054.7,3057.19,3722
2025-03-27T18:45:00.000Z,3057.21,3057.48,3055.71,3055.72,4317
2025-03-27T19:00:00.000Z,3055.71,3057.17,3054.78,3056.96,2771
2025-03-27T19:15:00.000Z,3056.97,3057.63,3056.37,3057,2498
2025-03-27T19:30:00.000Z,3056.96,3057.41,3056.17,3057.02,3521
2025-03-27T19:45:00.000Z,3057.07,3057.74,3056.93,3057.41,3845
2025-03-27T20:00:00.000Z,3057.4,3057.53,3055.85,3056.4,1613
2025-03-27T20:15:00.000Z,3056.36,3056.38,3054.95,3056.21,1368
2025-03-27T20:30:00.000Z,3056.22,3056.68,3055.72,3055.98,1029
2025-03-27T20:45:00.000Z,3055.98,3056.65,3055.7,3056.25,1089
2025-03-27T22:00:00.000Z,3056.43,3057.03,3055.18,3055.24,702
2025-03-27T22:15:00.000Z,3055.25,3056.48,3054.68,3056.34,884
2025-03-27T22:30:00.000Z,3056.38,3057.41,3055.4,3055.58,1435
2025-03-27T22:45:00.000Z,3055.62,3056.21,3054.4,3055.03,878
2025-03-27T23:00:00.000Z,3055.11,3055.17,3054.1,3054.45,807
2025-03-27T23:15:00.000Z,3054.46,3055.03,3054.14,3054.48,743
2025-03-27T23:30:00.000Z,3054.5,3055.16,3054.16,3055.16,877
2025-03-27T23:45:00.000Z,3055.17,3056.05,3054.77,3055.64,1085
2025-03-28T00:00:00.000Z,3055.63,3061.82,3054.96,3058.14,2609
2025-03-28T00:15:00.000Z,3058.11,3063.39,3058,3062,2817
2025-03-28T00:30:00.000Z,3061.97,3062.77,3060.68,3061.41,2065
2025-03-28T00:45:00.000Z,3061.42,3062.66,3060.91,3061.75,1766
2025-03-28T01:00:00.000Z,3061.56,3066.12,3061.56,3065.97,4165
2025-03-28T01:15:00.000Z,3065.89,3066.34,3064.23,3065.75,3432
2025-03-28T01:30:00.000Z,3065.69,3069.24,3065.69,3068.65,3324
2025-03-28T01:45:00.000Z,3068.67,3073.95,3068.29,3073.8,4368
2025-03-28T02:00:00.000Z,3073.81,3077.29,3072.66,3073.7,4309
2025-03-28T02:15:00.000Z,3073.69,3077.56,3073.5,3075.52,2754
2025-03-28T02:30:00.000Z,3075.48,3075.61,3070.84,3071.04,3845
2025-03-28T02:45:00.000Z,3071.09,3072.5,3069.99,3071.83,2763
2025-03-28T03:00:00.000Z,3071.87,3072.44,3070.49,3071.12,2815
2025-03-28T03:15:00.000Z,3071.12,3073.98,3069.89,3073.73,2938
2025-03-28T03:30:00.000Z,3073.75,3073.98,3069.58,3072.36,2369
2025-03-28T03:45:00.000Z,3072.49,3076.53,3072.3,3075.12,2340
2025-03-28T04:00:00.000Z,3075.1,3075.19,3072.52,3072.74,1843
2025-03-28T04:15:00.000Z,3072.73,3074.09,3072.64,3073.92,1194
2025-03-28T04:30:00.000Z,3073.91,3075.2,3073,3073.47,1482
2025-03-28T04:45:00.000Z,3073.46,3073.84,3072.75,3073.79,1100
2025-03-28T05:00:00.000Z,3073.88,3074.52,3072.49,3072.87,1541
2025-03-28T05:15:00.000Z,3072.89,3076.7,3072.85,3076.33,2071
2025-03-28T05:30:00.000Z,3076.35,3079.23,3075.9,3077.93,2419
2025-03-28T05:45:00.000Z,3077.97,3082.09,3077.04,3077.69,3533
2025-03-28T06:00:00.000Z,3077.47,3082.82,3076.6,3080.41,3914
2025-03-28T06:15:00.000Z,3080.42,3081.93,3079.25,3081.84,3111
2025-03-28T06:30:00.000Z,3081.8,3083.26,3080.16,3082.23,3369
2025-03-28T06:45:00.000Z,3082.28,3084.92,3082.08,3084.65,3370
2025-03-28T07:00:00.000Z,3084.66,3085.99,3082.53,3083.32,3923
2025-03-28T07:15:00.000Z,3083.33,3085.64,3082.02,3082.96,3512
2025-03-28T07:30:00.000Z,3082.99,3083.12,3080.05,3082.11,4627
2025-03-28T07:45:00.000Z,3082.13,3082.58,3077.68,3079.5,4093
2025-03-28T08:00:00.000Z,3079.44,3081.34,3073.85,3074.97,4717
2025-03-28T08:15:00.000Z,3074.96,3075.09,3065.94,3066.16,5439
2025-03-28T08:30:00.000Z,3066.12,3071.69,3066.07,3071.37,4855
2025-03-28T08:45:00.000Z,3071.36,3074.17,3070.41,3072.9,3687
2025-03-28T09:00:00.000Z,3073.17,3073.66,3069.59,3072.01,3533
2025-03-28T09:15:00.000Z,3072.02,3073.96,3071.14,3073.85,3732
2025-03-28T09:30:00.000Z,3073.87,3076.11,3072,3075.09,3151
2025-03-28T09:45:00.000Z,3075.05,3075.09,3072.09,3072.91,2497
2025-03-28T10:00:00.000Z,3072.92,3074.31,3070.21,3072.08,2881
2025-03-28T10:15:00.000Z,3072.09,3072.45,3067.31,3070.24,4095
2025-03-28T10:30:00.000Z,3070.2,3074.64,3069.66,3073.81,3199
2025-03-28T10:45:00.000Z,3073.83,3074.61,3073.56,3074.26,2819
2025-03-28T11:00:00.000Z,3074.29,3076.82,3074.07,3076.72,3787
2025-03-28T11:15:00.000Z,3076.72,3079.16,3076.33,3078.59,3962
2025-03-28T11:30:00.000Z,3078.57,3079.81,3077.16,3077.7,3393
2025-03-28T11:45:00.000Z,3077.74,3078.62,3076,3076.25,2828
2025-03-28T12:00:00.000Z,3076.26,3076.77,3073.63,3076.36,4645
2025-03-28T12:15:00.000Z,3076.25,3076.63,3072.39,3075.48,5092
2025-03-28T12:30:00.000Z,3075.54,3081.09,3073.86,3080.17,5472
2025-03-28T12:45:00.000Z,3080.19,3081.82,3077.04,3077.39,4515
2025-03-28T13:00:00.000Z,3077.28,3079.81,3071.17,3073.69,7281
2025-03-28T13:15:00.000Z,3073.64,3077.33,3070.74,3076.6,6619
2025-03-28T13:30:00.000Z,3076.61,3079.36,3071.3,3075.68,7318
2025-03-28T13:45:00.000Z,3075.62,3084.08,3074.65,3083.36,7036
2025-03-28T14:00:00.000Z,3083.34,3086.66,3080.01,3080.55,7325
2025-03-28T14:15:00.000Z,3080.47,3084.25,3075.49,3076.25,7826
2025-03-28T14:30:00.000Z,3076.24,3076.38,3068.03,3074.05,8940
2025-03-28T14:45:00.000Z,3074.13,3074.9,3068.16,3070.02,8062
2025-03-28T15:00:00.000Z,3069.96,3075.71,3067.35,3074.8,7348
2025-03-28T15:15:00.000Z,3074.77,3081.24,3074.6,3079.86,6219
2025-03-28T15:30:00.000Z,3079.87,3083.57,3078.8,3083.44,5333
2025-03-28T15:45:00.000Z,3083.42,3085.75,3082.09,3083.7,4839
2025-03-28T16:00:00.000Z,3083.48,3086.51,3081.69,3083.86,4297
2025-03-28T16:15:00.000Z,3083.76,3084.26,3080.34,3081.35,4280
2025-03-28T16:30:00.000Z,3081.36,3084.68,3081.34,3082.7,3963
2025-03-28T16:45:00.000Z,3082.72,3084.76,3081.28,3083.73,4241
2025-03-28T17:00:00.000Z,3083.74,3085.88,3082.82,3083,3382
2025-03-28T17:15:00.000Z,3083.01,3085.63,3080.4,3080.82,4357
2025-03-28T17:30:00.000Z,3080.86,3082.42,3078.38,3078.49,3591
2025-03-28T17:45:00.000Z,3078.49,3078.5,3076.05,3077.33,3965
2025-03-28T18:00:00.000Z,3077.38,3079.96,3077.26,3079.72,3645
2025-03-28T18:15:00.000Z,3079.71,3080.43,3078.39,3078.86,3007
2025-03-28T18:30:00.000Z,3078.96,3079.65,3073.54,3075.57,3542
2025-03-28T18:45:00.000Z,3075.62,3080.34,3075.55,3079.58,3168
2025-03-28T19:00:00.000Z,3079.58,3081.61,3079.39,3079.92,3106
2025-03-28T19:15:00.000Z,3079.9,3080.89,3079.56,3080.72,2045
2025-03-28T19:30:00.000Z,3080.71,3081.79,3079.96,3081.12,2535
2025-03-28T19:45:00.000Z,3081.13,3081.63,3080.14,3080.64,3876
2025-03-28T20:00:00.000Z,3080.6,3083.14,3080.6,3082.84,1679
2025-03-28T20:15:00.000Z,3082.88,3083.4,3081.77,3082.34,1574
2025-03-28T20:30:00.000Z,3082.4,3084.98,3081.62,3083.25,1541
2025-03-28T20:45:00.000Z,3083.24,3085.64,3082.97,3083.75,820
2025-03-30T22:00:00.000Z,3086.07,3097.65,3085.73,3090.74,4657
2025-03-30T22:15:00.000Z,3090.8,3091.63,3088.88,3088.88,2244
2025-03-30T22:30:00.000Z,3088.68,3090.48,3088.32,3089.36,1420
2025-03-30T22:45:00.000Z,3089.31,3090.78,3088.97,3090.08,1307
2025-03-30T23:00:00.000Z,3090.07,3090.86,3087.97,3089.96,2070
2025-03-30T23:15:00.000Z,3090.08,3090.63,3088.9,3089.53,1602
2025-03-30T23:30:00.000Z,3089.51,3089.84,3087.83,3088.84,1367
2025-03-30T23:45:00.000Z,3088.81,3089.62,3088.19,3089.07,1248
2025-03-31T00:00:00.000Z,3089.11,3089.61,3084.59,3087.23,2304
2025-03-31T00:15:00.000Z,3087.17,3088.38,3082.57,3084.17,2421
2025-03-31T00:30:00.000Z,3084.18,3084.4,3082.93,3083.84,2589
2025-03-31T00:45:00.000Z,3083.85,3084.44,3077.35,3079.02,2910
2025-03-31T01:00:00.000Z,3079.01,3083.39,3076.54,3081.07,5212
2025-03-31T01:15:00.000Z,3081.08,3091.72,3078.86,3091.6,4122
2025-03-31T01:30:00.000Z,3091.57,3095.41,3089.94,3091.98,5058
2025-03-31T01:45:00.000Z,3092.01,3094.82,3090.15,3094.7,4085
2025-03-31T02:00:00.000Z,3094.69,3099.52,3093.92,3098.74,4328
2025-03-31T02:15:00.000Z,3098.7,3106.63,3096.11,3098.9,5149
2025-03-31T02:30:00.000Z,3098.85,3107.08,3098.3,3103.86,5615
2025-03-31T02:45:00.000Z,3103.84,3106.91,3099.39,3106.65,4430
2025-03-31T03:00:00.000Z,3106.63,3111.58,3105.86,3108.95,4254
2025-03-31T03:15:00.000Z,3108.78,3111.12,3105.17,3108.13,3698
2025-03-31T03:30:00.000Z,3108.09,3110.81,3105.84,3107.41,2798
2025-03-31T03:45:00.000Z,3107.4,3108.72,3106.65,3107.1,1513
2025-03-31T04:00:00.000Z,3107.06,3109.54,3105.84,3109.38,1708
2025-03-31T04:15:00.000Z,3109.39,3111.02,3108.89,3110.6,1781
2025-03-31T04:30:00.000Z,3110.62,3112.49,3110.34,3111.4,1881
2025-03-31T04:45:00.000Z,3111.41,3115.79,3111.19,3113.22,1998
2025-03-31T05:00:00.000Z,3113.2,3113.32,3107.49,3109.68,2852
2025-03-31T05:15:00.000Z,3109.67,3113.06,3109.49,3112.08,1817
2025-03-31T05:30:00.000Z,3112.09,3114.43,3110.4,3113.39,2923
2025-03-31T05:45:00.000Z,3113.35,3119.79,3111.37,3116.49,3578
2025-03-31T06:00:00.000Z,3116.27,3127.87,3114.19,3124.81,5151
2025-03-31T06:15:00.000Z,3124.79,3125.07,3117.16,3119.59,4297
2025-03-31T06:30:00.000Z,3119.59,3120.96,3114.95,3115.31,4715
2025-03-31T06:45:00.000Z,3115.36,3119.47,3113.32,3119.34,5747
2025-03-31T07:00:00.000Z,3119.43,3124.57,3118.74,3121.75,6253
2025-03-31T07:15:00.000Z,3121.77,3125.24,3121.18,3122.04,5764
2025-03-31T07:30:00.000Z,3121.94,3122.62,3118.56,3119.11,4146
2025-03-31T07:45:00.000Z,3119.1,3124.57,3119.1,3124.38,3766
2025-03-31T08:00:00.000Z,3124.39,3127.12,3123.28,3124.86,5673
2025-03-31T08:15:00.000Z,3124.85,3125.16,3120.95,3122.85,4073
2025-03-31T08:30:00.000Z,3122.86,3123.44,3121.67,3121.84,3123
2025-03-31T08:45:00.000Z,3121.85,3124.34,3121.09,3122.21,3774
2025-03-31T09:00:00.000Z,3122.23,3123.37,3120.99,3122.76,2975
2025-03-31T09:15:00.000Z,3122.87,3123.21,3118.94,3120.15,3527
2025-03-31T09:30:00.000Z,3120.18,3121.23,3114.52,3115.32,4815
2025-03-31T09:45:00.000Z,3115.28,3116.21,3111.85,3114.96,4764
2025-03-31T10:00:00.000Z,3114.97,3115.62,3111.84,3114.99,4682
2025-03-31T10:15:00.000Z,3115.02,3118.86,3113.81,3117.48,3557
2025-03-31T10:30:00.000Z,3117.58,3122.76,3117.15,3119.93,4727
2025-03-31T10:45:00.000Z,3119.92,3123.69,3117.96,3118.45,4498
2025-03-31T11:00:00.000Z,3118.44,3119.27,3116.2,3117.87,3686
2025-03-31T11:15:00.000Z,3117.89,3119.81,3114.73,3116.04,3730
2025-03-31T11:30:00.000Z,3116.09,3118.89,3113.33,3117.91,4249
2025-03-31T11:45:00.000Z,3117.92,3119.49,3116.44,3119.42,2919
2025-03-31T12:00:00.000Z,3119.45,3123.35,3118.05,3122.56,4797
2025-03-31T12:15:00.000Z,3122.57,3125.43,3119.54,3125.05,5891
2025-03-31T12:30:00.000Z,3125.04,3126.26,3121.15,3124.25,6394
2025-03-31T12:45:00.000Z,3124.2,3126.51,3121.72,3124.51,6219
2025-03-31T13:00:00.000Z,3124.27,3124.65,3113.95,3118.84,9142
2025-03-31T13:15:00.000Z,3118.6,3121.78,3117.3,3117.97,7040
2025-03-31T13:30:00.000Z,3118.23,3119.33,3103.73,3104.15,10606
2025-03-31T13:45:00.000Z,3104,3114,3099.89,3113.51,9887
2025-03-31T14:00:00.000Z,3113.46,3116.56,3111.43,3115.03,8829
2025-03-31T14:15:00.000Z,3114.97,3116.38,3110.89,3112.59,8227
2025-03-31T14:30:00.000Z,3112.63,3122.08,3111.1,3119.52,8754
2025-03-31T14:45:00.000Z,3119.53,3123.56,3119.35,3123.18,7372
2025-03-31T15:00:00.000Z,3123.14,3127.16,3119.88,3124.99,7494
2025-03-31T15:15:00.000Z,3124.97,3126.07,3120.26,3121.02,6377
2025-03-31T15:30:00.000Z,3121.03,3121.24,3114.24,3115.52,6126
2025-03-31T15:45:00.000Z,3115.53,3116.88,3112.87,3113.7,4994
2025-03-31T16:00:00.000Z,3113.75,3116.97,3111.54,3113.9,5200
2025-03-31T16:15:00.000Z,3113.75,3116.18,3112.16,3115.75,4479
2025-03-31T16:30:00.000Z,3115.76,3119.72,3114.98,3119.17,4595
2025-03-31T16:45:00.000Z,3119.19,3120.56,3117.53,3117.53,4682
2025-03-31T17:00:00.000Z,3117.51,3120.22,3117.21,3119.23,4155
2025-03-31T17:15:00.000Z,3119.24,3119.86,3116.61,3117.73,4676
2025-03-31T17:30:00.000Z,3117.76,3117.79,3115.88,3117,3934
2025-03-31T17:45:00.000Z,3117.02,3118.62,3116.43,3117.84,3439
2025-03-31T18:00:00.000Z,3117.84,3120.4,3117.29,3119.73,4019
2025-03-31T18:15:00.000Z,3119.7,3123.26,3119.03,3121.96,4094
2025-03-31T18:30:00.000Z,3121.93,3122.65,3121.09,3121.92,2989
2025-03-31T18:45:00.000Z,3121.91,3123.31,3120.4,3121.4,3154
2025-03-31T19:00:00.000Z,3121.4,3123.82,3121.22,3122.83,2235
2025-03-31T19:15:00.000Z,3122.79,3123.98,3121.27,3121.99,2083
2025-03-31T19:30:00.000Z,3121.96,3123.38,3120.93,3120.98,2134
2025-03-31T19:45:00.000Z,3120.94,3124.58,3120.84,3124.37,2319
2025-03-31T20:00:00.000Z,3124.34,3124.65,3123.31,3123.7,1205
2025-03-31T20:15:00.000Z,3123.71,3124.01,3122.85,3123.69,1283
2025-03-31T20:30:00.000Z,3123.7,3124.39,3122.84,3124.39,1262
2025-03-31T20:45:00.000Z,3124.37,3124.4,3123.31,3123.54,924
2025-03-31T22:00:00.000Z,3123,3125.71,3122.96,3124.34,1039
2025-03-31T22:15:00.000Z,3124.33,3124.35,3121.5,3123.15,989
2025-03-31T22:30:00.000Z,3123.18,3123.41,3122.05,3123.09,715
2025-03-31T22:45:00.000Z,3123.09,3123.53,3122.46,3122.75,555
2025-03-31T23:00:00.000Z,3122.74,3125.86,3122.71,3125.46,1435
2025-03-31T23:15:00.000Z,3125.47,3125.81,3124.67,3125.33,1029
2025-03-31T23:30:00.000Z,3125.37,3126.31,3124.99,3125.84,1396
2025-03-31T23:45:00.000Z,3125.83,3126.38,3119.94,3120.36,1926
2025-04-01T00:00:00.000Z,3120.41,3124.4,3120.1,3122.89,2441
2025-04-01T00:15:00.000Z,3122.93,3125.52,3122.57,3124.33,1717
2025-04-01T00:30:00.000Z,3124.23,3126.4,3124.14,3126.39,1324
2025-04-01T00:45:00.000Z,3126.37,3127.9,3125.76,3127.1,1955
2025-04-01T01:00:00.000Z,3126.92,3134.21,3126.47,3132.81,7512
2025-04-01T01:15:00.000Z,3132.79,3134.68,3130.91,3133.39,4256
2025-04-01T01:30:00.000Z,3133.22,3136.15,3129.73,3135.79,3925
2025-04-01T01:45:00.000Z,3135.83,3138.2,3133.66,3135.35,4084
2025-04-01T02:00:00.000Z,3135.34,3139.85,3132.93,3139.26,4834
2025-04-01T02:15:00.000Z,3139.33,3143.43,3137.92,3142.47,3109
2025-04-01T02:30:00.000Z,3142.52,3143.4,3140.64,3142.69,4686
2025-04-01T02:45:00.000Z,3142.72,3145.51,3142.33,3145.02,4119
2025-04-01T03:00:00.000Z,3144.95,3145.15,3142.53,3144.02,3337
2025-04-01T03:15:00.000Z,3144.05,3145.06,3142.92,3144.88,2872
2025-04-01T03:30:00.000Z,3144.86,3146.04,3143.58,3144.12,2475
2025-04-01T03:45:00.000Z,3144.13,3147.28,3144.13,3145.98,2230
2025-04-01T04:00:00.000Z,3145.94,3147.85,3144.44,3146.45,2030
2025-04-01T04:15:00.000Z,3146.44,3146.47,3142.74,3143.66,2369
2025-04-01T04:30:00.000Z,3143.7,3145.67,3143.19,3144.1,2125
2025-04-01T04:45:00.000Z,3144.12,3145.63,3144.01,3144.72,1901
2025-04-01T05:00:00.000Z,3144.71,3145.15,3141.55,3142.65,3087
2025-04-01T05:15:00.000Z,3142.62,3145.71,3142.54,3145.05,2435
2025-04-01T05:30:00.000Z,3145.12,3148.89,3144.15,3145.27,3655
2025-04-01T05:45:00.000Z,3145.28,3146.16,3130.47,3132.01,6344
2025-04-01T06:00:00.000Z,3132.02,3132.77,3126.66,3130.96,9085
2025-04-01T06:15:00.000Z,3130.97,3138.22,3130.08,3136.16,6314
2025-04-01T06:30:00.000Z,3136.15,3137.99,3133.25,3133.45,5817
2025-04-01T06:45:00.000Z,3133.47,3136.7,3131.73,3133.72,6345
2025-04-01T07:00:00.000Z,3133.73,3136.67,3131.25,3136.45,5548
2025-04-01T07:15:00.000Z,3136.56,3137.69,3130.9,3132.61,5508
2025-04-01T07:30:00.000Z,3132.66,3133.16,3125.74,3126.13,5829
2025-04-01T07:45:00.000Z,3126.08,3128.51,3124.08,3127.56,6738
2025-04-01T08:00:00.000Z,3127.34,3135.25,3126.32,3135.11,6103
2025-04-01T08:15:00.000Z,3135.05,3135.6,3131.25,3132.33,4075
2025-04-01T08:30:00.000Z,3132.28,3133.96,3131.11,3132.32,3173
2025-04-01T08:45:00.000Z,3132.31,3133.23,3129.41,3130.88,3106
2025-04-01T09:00:00.000Z,3130.94,3132.78,3130.13,3131.43,3054
2025-04-01T09:15:00.000Z,3131.44,3134.05,3130.78,3132.34,3328
2025-04-01T09:30:00.000Z,3132.33,3133.42,3131.07,3133.04,3026
2025-04-01T09:45:00.000Z,3133.01,3133.49,3130.25,3132.34,3199
2025-04-01T10:00:00.000Z,3132.32,3135.72,3130.72,3135.11,4646
2025-04-01T10:15:00.000Z,3135.12,3138.88,3134.74,3136.1,5545
2025-04-01T10:30:00.000Z,3136.1,3137.71,3131.76,3133.88,4936
2025-04-01T10:45:00.000Z,3133.87,3134.72,3132.21,3132.36,4103
2025-04-01T11:00:00.000Z,3132.37,3133.88,3130.83,3133.72,4232
2025-04-01T11:15:00.000Z,3133.72,3135.9,3129.28,3130.78,4245
2025-04-01T11:30:00.000Z,3130.81,3133.65,3129.9,3132.74,5504
2025-04-01T11:45:00.000Z,3132.59,3133.26,3128.63,3130.36,5392
2025-04-01T12:00:00.000Z,3130.44,3132.98,3127.67,3132.07,5598
2025-04-01T12:15:00.000Z,3132.16,3134.36,3130.73,3133.57,5794
2025-04-01T12:30:00.000Z,3133.5,3134.55,3131,3133.19,5006
2025-04-01T12:45:00.000Z,3133.18,3134.27,3132.09,3133.29,3745
2025-04-01T13:00:00.000Z,3133.24,3137.03,3131.28,3134.64,6592
2025-04-01T13:15:00.000Z,3134.63,3135.29,3128.15,3129.28,6042
2025-04-01T13:30:00.000Z,3129.29,3134.98,3128.21,3132.63,7181
2025-04-01T13:45:00.000Z,3132.62,3134.44,3130.87,3134.06,6986
2025-04-01T14:00:00.000Z,3133.64,3135.26,3124.28,3125.5,8196
2025-04-01T14:15:00.000Z,3125.64,3130.49,3123.81,3126.95,7527
2025-04-01T14:30:00.000Z,3126.82,3130.11,3124.44,3126.97,6868
2025-04-01T14:45:00.000Z,3126.97,3131.62,3125.94,3128.62,6161
2025-04-01T15:00:00.000Z,3128.65,3132.96,3128.13,3130.98,6149
2025-04-01T15:15:00.000Z,3130.97,3131.62,3125.56,3126.54,6306
2025-04-01T15:30:00.000Z,3126.57,3127.32,3119.16,3121.23,6133
2025-04-01T15:45:00.000Z,3121.19,3124.18,3113.42,3113.7,7959
2025-04-01T16:00:00.000Z,3113.55,3116.75,3106.64,3107.11,7675
2025-04-01T16:15:00.000Z,3107.05,3108.79,3100.84,3107.79,8078
2025-04-01T16:30:00.000Z,3107.81,3110.6,3105.19,3107.09,7318
2025-04-01T16:45:00.000Z,3107.08,3110.78,3106.36,3106.61,5744
2025-04-01T17:00:00.000Z,3106.6,3108.7,3105.7,3108.59,4613
2025-04-01T17:15:00.000Z,3108.58,3114.22,3108.58,3113.9,5031
2025-04-01T17:30:00.000Z,3113.91,3114.54,3112.08,3113.03,4491
2025-04-01T17:45:00.000Z,3113.04,3114.4,3112.61,3113.72,3106
2025-04-01T18:00:00.000Z,3113.71,3117.06,3113.34,3116.81,4587
2025-04-01T18:15:00.000Z,3116.8,3117.22,3114.01,3116.34,3541
2025-04-01T18:30:00.000Z,3116.33,3118.58,3113.41,3113.6,3017
2025-04-01T18:45:00.000Z,3113.61,3115.13,3113.43,3114.17,3102
2025-04-01T19:00:00.000Z,3114.16,3115.16,3113.71,3115.08,2356
2025-04-01T19:15:00.000Z,3115.07,3118.29,3114.94,3116.93,1722
2025-04-01T19:30:00.000Z,3116.99,3117.5,3116.26,3116.68,2489
2025-04-01T19:45:00.000Z,3116.67,3118.89,3116.59,3118.63,3102
2025-04-01T20:00:00.000Z,3118.59,3118.88,3117.89,3118.19,951
2025-04-01T20:15:00.000Z,3118.21,3119.76,3117.94,3119.47,721
2025-04-01T20:30:00.000Z,3119.41,3120.6,3118.02,3118.22,934
2025-04-01T20:45:00.000Z,3118.21,3119.21,3112.97,3114.13,1591
2025-04-01T22:00:00.000Z,3113.63,3114.78,3112.13,3112.33,1137
2025-04-01T22:15:00.000Z,3112.22,3112.48,3107.76,3111.35,1896
2025-04-01T22:30:00.000Z,3111.29,3113.59,3111.24,3112.8,989
2025-04-01T22:45:00.000Z,3112.77,3113.32,3110.9,3111.29,1441
2025-04-01T23:00:00.000Z,3111.36,3113.87,3111.23,3112.03,1256
2025-04-01T23:15:00.000Z,3111.95,3113.34,3111.83,3112.51,692
2025-04-01T23:30:00.000Z,3112.52,3113.76,3111.29,3113.74,1270
2025-04-01T23:45:00.000Z,3113.73,3116.16,3113.19,3115.18,1897
2025-04-02T00:00:00.000Z,3115.19,3115.4,3112.95,3113.67,2418
2025-04-02T00:15:00.000Z,3113.66,3121.84,3113.28,3121.53,3000
2025-04-02T00:30:00.000Z,3121.54,3123.05,3120.29,3120.73,2222
2025-04-02T00:45:00.000Z,3120.74,3123.54,3120.44,3122.95,2217
2025-04-02T01:00:00.000Z,3122.93,3132.73,3121.34,3132.44,5537
2025-04-02T01:15:00.000Z,3132.43,3134,3130.45,3133.32,4085
2025-04-02T01:30:00.000Z,3133.29,3135.16,3129.18,3130.1,4008
2025-04-02T01:45:00.000Z,3130.09,3133.86,3129.53,3133.02,3501
2025-04-02T02:00:00.000Z,3133.08,3135.56,3132.05,3132.69,3698
2025-04-02T02:15:00.000Z,3132.68,3133.6,3130.6,3132.1,2990
2025-04-02T02:30:00.000Z,3132.11,3132.65,3130.02,3131.47,2676
2025-04-02T02:45:00.000Z,3131.45,3133.55,3128.37,3128.47,2664
2025-04-02T03:00:00.000Z,3128.52,3132,3127.13,3131.49,2412
2025-04-02T03:15:00.000Z,3131.48,3131.66,3128.71,3129.2,1967
2025-04-02T03:30:00.000Z,3129.12,3129.29,3126.13,3127.88,2114
2025-04-02T03:45:00.000Z,3127.86,3127.88,3124.49,3125.49,1782
2025-04-02T04:00:00.000Z,3125.56,3126.71,3124.85,3125.65,1749
2025-04-02T04:15:00.000Z,3125.72,3126,3124.05,3124.07,1109
2025-04-02T04:30:00.000Z,3124.06,3124.54,3118.14,3119.41,2077
2025-04-02T04:45:00.000Z,3119.4,3120.51,3115.43,3116.03,2836
2025-04-02T05:00:00.000Z,3116.06,3117.42,3114.13,3116.62,2709
2025-04-02T05:15:00.000Z,3116.57,3117.91,3112.22,3112.69,2539
2025-04-02T05:30:00.000Z,3112.8,3117.21,3109.13,3116.29,5370
2025-04-02T05:45:00.000Z,3116.39,3119.07,3115.39,3118,3189
2025-04-02T06:00:00.000Z,3118.05,3119.05,3114.03,3115.55,4218
2025-04-02T06:15:00.000Z,3115.57,3119.63,3115.39,3116.44,3266
2025-04-02T06:30:00.000Z,3116.45,3118.8,3114.72,3118.4,3824
2025-04-02T06:45:00.000Z,3118.33,3118.94,3116.36,3116.49,3784
2025-04-02T07:00:00.000Z,3116.87,3117.19,3112.09,3113.66,4901
2025-04-02T07:15:00.000Z,3113.63,3118.29,3113.5,3116.76,3138
2025-04-02T07:30:00.000Z,3116.78,3119.64,3115.8,3119.63,3314
2025-04-02T07:45:00.000Z,3119.59,3126.05,3119.17,3125.08,4165
2025-04-02T08:00:00.000Z,3125.01,3127.62,3123.32,3125.44,4382
2025-04-02T08:15:00.000Z,3125.42,3130.21,3124.81,3128.51,3473
2025-04-02T08:30:00.000Z,3128.47,3133.63,3128.01,3133.05,5063
2025-04-02T08:45:00.000Z,3133.02,3133.77,3130.91,3131.24,2953
2025-04-02T09:00:00.000Z,3131.29,3131.42,3127.89,3128.74,3619
2025-04-02T09:15:00.000Z,3128.75,3131.03,3127.86,3130.65,2860
2025-04-02T09:30:00.000Z,3130.67,3131.18,3126.9,3129.02,2987
2025-04-02T09:45:00.000Z,3129.04,3131.19,3128.69,3131.04,2012
2025-04-02T10:00:00.000Z,3131.02,3131.32,3128.81,3130.07,2542
2025-04-02T10:15:00.000Z,3130.09,3130.22,3125.62,3126.89,2681
2025-04-02T10:30:00.000Z,3126.92,3127.72,3116.62,3117.18,3478
2025-04-02T10:45:00.000Z,3117.17,3117.27,3110.15,3114.54,5305
2025-04-02T11:00:00.000Z,3114.62,3120.8,3114.41,3119.59,4153
2025-04-02T11:15:00.000Z,3119.61,3123.81,3117.52,3122.79,4039
2025-04-02T11:30:00.000Z,3122.82,3123.45,3118.79,3121.43,3241
2025-04-02T11:45:00.000Z,3121.44,3122.86,3119.69,3121.26,2642
2025-04-02T12:00:00.000Z,3121.29,3121.99,3117.71,3119.88,4670
2025-04-02T12:15:00.000Z,3119.9,3126.16,3117.06,3125.93,4664
2025-04-02T12:30:00.000Z,3125.94,3127.15,3122.23,3124.22,4598
2025-04-02T12:45:00.000Z,3124.18,3124.7,3122.29,3122.41,3451
2025-04-02T13:00:00.000Z,3122.4,3126.85,3120.65,3123.76,6886
2025-04-02T13:15:00.000Z,3123.81,3127.11,3122.64,3125.84,5961
2025-04-02T13:30:00.000Z,3126.03,3132.05,3124.81,3127.42,8886
2025-04-02T13:45:00.000Z,3127.46,3127.54,3116.55,3122.06,7856
2025-04-02T14:00:00.000Z,3122.1,3124.64,3119.28,3124,6329
2025-04-02T14:15:00.000Z,3123.88,3128.39,3123.67,3126.67,5021
2025-04-02T14:30:00.000Z,3126.72,3127.37,3123.92,3125.89,4487
2025-04-02T14:45:00.000Z,3125.9,3129.37,3124.57,3124.96,4468
2025-04-02T15:00:00.000Z,3124.95,3128.1,3124.05,3125.67,4400
2025-04-02T15:15:00.000Z,3125.67,3128.09,3120.87,3124.48,3803
2025-04-02T15:30:00.000Z,3124.47,3127.96,3124.01,3127.31,4641
2025-04-02T15:45:00.000Z,3127.29,3127.78,3125.11,3125.81,2985
2025-04-02T16:00:00.000Z,3125.87,3130.16,3125.87,3129.88,5122
2025-04-02T16:15:00.000Z,3129.89,3134.25,3129.04,3132.39,4519
2025-04-02T16:30:00.000Z,3132.48,3133.96,3130.84,3132.65,3962
2025-04-02T16:45:00.000Z,3132.67,3133.77,3127.17,3131.46,5387
2025-04-02T17:00:00.000Z,3131.45,3131.45,3128.66,3129.56,4042
2025-04-02T17:15:00.000Z,3129.54,3129.56,3123.32,3124.47,4998
2025-04-02T17:30:00.000Z,3124.41,3124.58,3120.74,3123.84,4796
2025-04-02T17:45:00.000Z,3123.86,3124.84,3122.58,3123.55,4878
2025-04-02T18:00:00.000Z,3123.53,3126.15,3122.08,3123.34,3781
2025-04-02T18:15:00.000Z,3123.35,3125.21,3118.79,3119.08,6120
2025-04-02T18:30:00.000Z,3119.1,3123.16,3118.8,3122.8,3842
2025-04-02T18:45:00.000Z,3122.81,3123.53,3121.05,3121.91,2768
2025-04-02T19:00:00.000Z,3121.97,3125.17,3121.61,3123.11,2582
2025-04-02T19:15:00.000Z,3122.79,3126.15,3122.01,3125.65,2232
2025-04-02T19:30:00.000Z,3125.72,3127.16,3125.51,3126.45,2328
2025-04-02T19:45:00.000Z,3126.45,3126.62,3123.91,3124.01,2515
2025-04-02T20:00:00.000Z,3124.04,3124.89,3105.04,3118.12,3401
2025-04-02T20:15:00.000Z,3117.84,3143.5,3107.06,3135.78,9009
2025-04-02T20:30:00.000Z,3136.22,3137.79,3124.02,3129.48,7775
2025-04-02T20:45:00.000Z,3129.45,3136.63,3123.8,3132.58,5637
2025-04-02T22:00:00.000Z,3140.77,3146.48,3124.87,3144.5,6215
2025-04-02T22:15:00.000Z,3144.56,3147.68,3131.79,3136.6,6641
2025-04-02T22:30:00.000Z,3136.55,3144.89,3135.65,3142.73,4789
2025-04-02T22:45:00.000Z,3142.76,3146,3141.08,3145.84,4249
2025-04-02T23:00:00.000Z,3145.94,3157.07,3145.94,3156.92,5631
2025-04-02T23:15:00.000Z,3156.74,3159.95,3155.77,3159.68,5727
2025-04-02T23:30:00.000Z,3159.72,3161.23,3157.01,3161.16,4632
2025-04-02T23:45:00.000Z,3160.91,3167.63,3159.45,3162.53,6281
2025-04-03T00:00:00.000Z,3162.49,3164.78,3149.24,3150.3,7701
2025-04-03T00:15:00.000Z,3150.21,3151.96,3140.55,3148.26,6326
2025-04-03T00:30:00.000Z,3148.23,3155.68,3144.41,3146.73,6477
2025-04-03T00:45:00.000Z,3146.7,3153.04,3146.13,3151.27,5562
2025-04-03T01:00:00.000Z,3151.47,3156.39,3148.3,3151.79,9586
2025-04-03T01:15:00.000Z,3152.06,3154.52,3147.81,3152.3,7133
2025-04-03T01:30:00.000Z,3152.33,3162.96,3152.2,3159.99,6936
2025-04-03T01:45:00.000Z,3159.95,3160.31,3150.54,3153.37,5149
2025-04-03T02:00:00.000Z,3153.19,3155.31,3150.27,3151.98,4648
2025-04-03T02:15:00.000Z,3151.95,3154.59,3148.02,3150.03,3289
2025-04-03T02:30:00.000Z,3150.12,3151.01,3144.65,3148.79,5247
2025-04-03T02:45:00.000Z,3148.8,3149.09,3142.28,3145.08,4644
2025-04-03T03:00:00.000Z,3145.09,3152.12,3144.7,3149.19,5541
2025-04-03T03:15:00.000Z,3149.16,3149.37,3146.34,3148.19,4625
2025-04-03T03:30:00.000Z,3148.24,3149.88,3146.23,3147.78,3332
2025-04-03T03:45:00.000Z,3147.77,3150.14,3147.03,3148,2744
2025-04-03T04:00:00.000Z,3147.94,3149.6,3147.04,3149.09,2676
2025-04-03T04:15:00.000Z,3149.13,3149.58,3147.15,3147.96,1652
2025-04-03T04:30:00.000Z,3147.89,3148.03,3145.68,3145.97,2123
2025-04-03T04:45:00.000Z,3145.98,3146.03,3139.03,3140.34,4285
2025-04-03T05:00:00.000Z,3140.33,3140.9,3135.15,3135.79,4067
2025-04-03T05:15:00.000Z,3135.83,3136.04,3127.52,3130.49,4443
2025-04-03T05:30:00.000Z,3130.48,3133.98,3126.22,3127.73,6880
2025-04-03T05:45:00.000Z,3127.63,3133.16,3124.09,3131.86,5349
2025-04-03T06:00:00.000Z,3132.01,3133.93,3127.83,3130.91,5403
2025-04-03T06:15:00.000Z,3130.92,3131.27,3121.54,3122.34,5574
2025-04-03T06:30:00.000Z,3122.29,3126.15,3116.44,3124.41,7130
2025-04-03T06:45:00.000Z,3124.36,3131.54,3122.21,3127.64,7117
2025-04-03T07:00:00.000Z,3127.63,3128.03,3119.95,3121.09,5935
2025-04-03T07:15:00.000Z,3121.07,3125.86,3120.07,3125.08,5518
2025-04-03T07:30:00.000Z,3125.04,3126.4,3121.13,3122.32,4658
2025-04-03T07:45:00.000Z,3122.27,3130.17,3121.82,3129.14,4048
2025-04-03T08:00:00.000Z,3129.21,3132.04,3127.28,3129.53,4778
2025-04-03T08:15:00.000Z,3129.55,3131.54,3127.88,3128.41,4820
2025-04-03T08:30:00.000Z,3128.35,3130.76,3128,3128.59,4488
2025-04-03T08:45:00.000Z,3128.58,3129.85,3126.01,3129.06,5542
2025-04-03T09:00:00.000Z,3129.18,3129.34,3126.9,3128.49,5209
2025-04-03T09:15:00.000Z,3128.5,3129.54,3124.95,3125.76,6404
2025-04-03T09:30:00.000Z,3125.71,3129.07,3124.34,3127.84,6037
2025-04-03T09:45:00.000Z,3127.83,3128.18,3121.55,3121.6,5705
2025-04-03T10:00:00.000Z,3121.63,3122.95,3112.22,3119.31,9280
2025-04-03T10:15:00.000Z,3119.29,3119.95,3104.66,3107.51,8238
2025-04-03T10:30:00.000Z,3107.43,3108.32,3101.14,3107.17,8486
2025-04-03T10:45:00.000Z,3107.11,3112.92,3089.44,3095.48,8552
2025-04-03T11:00:00.000Z,3095.59,3099.7,3087.81,3098,8246
2025-04-03T11:15:00.000Z,3098.08,3099.99,3091.88,3092.2,6120
2025-04-03T11:30:00.000Z,3092.14,3093.22,3085.16,3090.99,8044
2025-04-03T11:45:00.000Z,3091.19,3097.35,3089.49,3093.03,7308
2025-04-03T12:00:00.000Z,3092.87,3094.66,3087.42,3090.42,7683
2025-04-03T12:15:00.000Z,3090.43,3091.03,3074.92,3078.81,8540
2025-04-03T12:30:00.000Z,3078.58,3079.09,3062.17,3065.82,10083
2025-04-03T12:45:00.000Z,3065.82,3080.23,3065.08,3076.16,10005
2025-04-03T13:00:00.000Z,3076.14,3076.24,3054.14,3059.28,10416
2025-04-03T13:15:00.000Z,3059.25,3069.63,3056.29,3065.41,9827
2025-04-03T13:30:00.000Z,3065.45,3088.77,3064.03,3086.57,12681
2025-04-03T13:45:00.000Z,3086.59,3093.4,3084.13,3085.9,10166
2025-04-03T14:00:00.000Z,3085.87,3116.5,3085.87,3114.34,11322
2025-04-03T14:15:00.000Z,3114.33,3126.56,3110.94,3125.3,11048
2025-04-03T14:30:00.000Z,3125.32,3127.84,3117.67,3123.71,10007
2025-04-03T14:45:00.000Z,3123.8,3135.47,3123.8,3128.82,10071
2025-04-03T15:00:00.000Z,3128.86,3129.44,3110.17,3111.46,9410
2025-04-03T15:15:00.000Z,3111.44,3113.38,3104.04,3106.29,9655
2025-04-03T15:30:00.000Z,3106.36,3113.5,3105.51,3112.86,8322
2025-04-03T15:45:00.000Z,3112.79,3112.94,3105.72,3110.56,6745
2025-04-03T16:00:00.000Z,3110.62,3114.13,3104.15,3108.83,7146
2025-04-03T16:15:00.000Z,3108.8,3109.41,3101.77,3108.49,5884
2025-04-03T16:30:00.000Z,3108.46,3110.79,3106.43,3109.37,4888
2025-04-03T16:45:00.000Z,3109.38,3110.69,3107.23,3107.52,4527
2025-04-03T17:00:00.000Z,3107.46,3107.54,3102,3103.86,5098
2025-04-03T17:15:00.000Z,3103.91,3105.55,3100.66,3100.84,5655
2025-04-03T17:30:00.000Z,3100.82,3107.81,3099.93,3106.61,4540
2025-04-03T17:45:00.000Z,3106.59,3109.8,3106.13,3109.5,3330
2025-04-03T18:00:00.000Z,3109.51,3110.14,3106.94,3107.26,3209
2025-04-03T18:15:00.000Z,3107.27,3108.46,3102.89,3104.85,3663
2025-04-03T18:30:00.000Z,3104.87,3106.79,3102.09,3106.51,3581
2025-04-03T18:45:00.000Z,3106.46,3111.57,3105.42,3111.55,3113
2025-04-03T19:00:00.000Z,3111.53,3112.73,3110.17,3111.67,2450
2025-04-03T19:15:00.000Z,3111.71,3113.21,3106.7,3107.16,2872
2025-04-03T19:30:00.000Z,3107.06,3107.23,3102.41,3104.71,3863
2025-04-03T19:45:00.000Z,3104.65,3108.16,3101.63,3107.53,3413
2025-04-03T20:00:00.000Z,3107.59,3109.3,3107.41,3107.62,1672
2025-04-03T20:15:00.000Z,3107.58,3110.78,3107.58,3109.89,1121
2025-04-03T20:30:00.000Z,3109.86,3117.5,3109.65,3117.04,1988
2025-04-03T20:45:00.000Z,3116.84,3119.65,3112.47,3114.47,1855
2025-04-03T22:00:00.000Z,3115.07,3115.34,3113.17,3114.24,1251
2025-04-03T22:15:00.000Z,3114.21,3114.96,3112.85,3114.47,1126
2025-04-03T22:30:00.000Z,3114.45,3116.66,3114.31,3116.05,1097
2025-04-03T22:45:00.000Z,3115.99,3116.1,3112.38,3115.37,1624
2025-04-03T23:00:00.000Z,3115.38,3115.4,3109.86,3111.2,1797
2025-04-03T23:15:00.000Z,3111.21,3112.93,3110.5,3112.62,1187
2025-04-03T23:30:00.000Z,3112.63,3115.21,3112.49,3114.4,1598
2025-04-03T23:45:00.000Z,3114.4,3116.3,3112.86,3112.95,2360
2025-04-04T00:00:00.000Z,3112.77,3115.05,3111.92,3112.57,3139
2025-04-04T00:15:00.000Z,3112.57,3113.35,3109.06,3109.17,3091
2025-04-04T00:30:00.000Z,3109.14,3110.96,3105.92,3110.86,3314
2025-04-04T00:45:00.000Z,3110.86,3111.55,3108.49,3110.5,2649
2025-04-04T01:00:00.000Z,3110.45,3115.66,3110.28,3114.58,3448
2025-04-04T01:15:00.000Z,3114.57,3114.9,3111.59,3113.81,2571
2025-04-04T01:30:00.000Z,3113.83,3114.3,3109.06,3109.93,3121
2025-04-04T01:45:00.000Z,3109.92,3112.66,3109.37,3109.74,3044
2025-04-04T02:00:00.000Z,3109.85,3112.91,3107.41,3112.67,3074
2025-04-04T02:15:00.000Z,3112.64,3112.78,3104.39,3104.82,4339
2025-04-04T02:30:00.000Z,3104.69,3105.94,3091.12,3098.44,6740
2025-04-04T02:45:00.000Z,3098.38,3099.18,3092.78,3096.76,3731
2025-04-04T03:00:00.000Z,3096.71,3099.05,3087.04,3093.59,5336
2025-04-04T03:15:00.000Z,3093.57,3094.2,3089.67,3093.4,3690
2025-04-04T03:30:00.000Z,3093.37,3095.6,3091.74,3094.85,4952
2025-04-04T03:45:00.000Z,3094.88,3098.32,3092.56,3098.32,3895
2025-04-04T04:00:00.000Z,3098.33,3100.33,3095.99,3099.43,3569
2025-04-04T04:15:00.000Z,3099.38,3101.71,3098.13,3098.79,3129
2025-04-04T04:30:00.000Z,3098.77,3104.46,3097.47,3104.19,2878
2025-04-04T04:45:00.000Z,3104.14,3104.95,3098.12,3100.06,3633
2025-04-04T05:00:00.000Z,3099.98,3104.93,3098.79,3101.9,3257
2025-04-04T05:15:00.000Z,3101.89,3107.51,3101.46,3106.05,3386
2025-04-04T05:30:00.000Z,3106.06,3106.06,3101.66,3102.76,2754
2025-04-04T05:45:00.000Z,3102.71,3108.74,3102.59,3108.74,2431
2025-04-04T06:00:00.000Z,3108.79,3109.91,3106.41,3107.45,4456
2025-04-04T06:15:00.000Z,3107.4,3107.91,3102.52,3102.82,4564
2025-04-04T06:30:00.000Z,3102.93,3104.53,3100.67,3101.21,4875
2025-04-04T06:45:00.000Z,3101.24,3103.43,3100.54,3101.05,4403
2025-04-04T07:00:00.000Z,3100.81,3102.53,3094.96,3100.12,7026
2025-04-04T07:15:00.000Z,3100.13,3103.37,3092.82,3100.22,6826
2025-04-04T07:30:00.000Z,3100.21,3100.23,3093.57,3093.76,6221
2025-04-04T07:45:00.000Z,3093.88,3096.54,3092,3092.74,6259
2025-04-04T08:00:00.000Z,3092.7,3094.15,3088.25,3089.1,7132
2025-04-04T08:15:00.000Z,3089.09,3089.33,3081.85,3084.79,6949
2025-04-04T08:30:00.000Z,3084.72,3084.77,3078.29,3083.17,6534
2025-04-04T08:45:00.000Z,3083.18,3085.83,3081.34,3084.25,5848
2025-04-04T09:00:00.000Z,3084.19,3092.46,3083.89,3090.9,6130
2025-04-04T09:15:00.000Z,3090.88,3095.98,3089.89,3093.68,4049
2025-04-04T09:30:00.000Z,3093.69,3093.69,3088.08,3088.13,4140
2025-04-04T09:45:00.000Z,3088.14,3094.71,3086.56,3090.7,4297
2025-04-04T10:00:00.000Z,3090.73,3100.16,3090.62,3095.28,6274
2025-04-04T10:15:00.000Z,3095.3,3106.89,3093.83,3106.89,7514
2025-04-04T10:30:00.000Z,3106.85,3116.1,3104.3,3111.23,9131
2025-04-04T10:45:00.000Z,3111.19,3115.62,3104.63,3110.35,7854
2025-04-04T11:00:00.000Z,3110.27,3136.44,3109.14,3134.36,8471
2025-04-04T11:15:00.000Z,3134.37,3134.48,3126.13,3127.44,8192
2025-04-04T11:30:00.000Z,3127.48,3129.34,3106.8,3109.41,9855
2025-04-04T11:45:00.000Z,3109.4,3112.16,3095.54,3110.32,9674
2025-04-04T12:00:00.000Z,3110.33,3111.81,3091.59,3092.85,8592
2025-04-04T12:15:00.000Z,3092.63,3104.15,3091.29,3096.28,9506
2025-04-04T12:30:00.000Z,3096.19,3101.25,3070.66,3088.71,11276
2025-04-04T12:45:00.000Z,3088.57,3090.08,3069.66,3071.17,9175
2025-04-04T13:00:00.000Z,3071.2,3082.61,3070.13,3082.26,9130
2025-04-04T13:15:00.000Z,3082.2,3087.31,3075.6,3075.74,7578
2025-04-04T13:30:00.000Z,3075.26,3080.27,3059.71,3074.67,10147
2025-04-04T13:45:00.000Z,3074.69,3076.94,3061.45,3061.92,9187
2025-04-04T14:00:00.000Z,3061.77,3061.77,3047.38,3048.84,10149
2025-04-04T14:15:00.000Z,3048.67,3058.75,3041.83,3047.74,9519
2025-04-04T14:30:00.000Z,3047.69,3051.48,3041.82,3042.71,8934
2025-04-04T14:45:00.000Z,3042.39,3050.69,3027.09,3038.44,9941
2025-04-04T15:00:00.000Z,3038.45,3050.33,3031.38,3044.16,10386
2025-04-04T15:15:00.000Z,3044.06,3044.62,3023.66,3026.21,10024
2025-04-04T15:30:00.000Z,3026.26,3035.5,3017.45,3017.87,9166
2025-04-04T15:45:00.000Z,3017.89,3025.01,3016.96,3021.86,8358
2025-04-04T16:00:00.000Z,3021.93,3026.11,3017.82,3022.36,8533
2025-04-04T16:15:00.000Z,3022.25,3032.39,3020.82,3030.71,6925
2025-04-04T16:30:00.000Z,3030.49,3036.75,3026.73,3032.52,7376
2025-04-04T16:45:00.000Z,3032.53,3032.62,3029.2,3030.91,5749
2025-04-04T17:00:00.000Z,3030.95,3032.86,3024.56,3027.22,6514
2025-04-04T17:15:00.000Z,3027.52,3027.87,3017.24,3018.45,7559
2025-04-04T17:30:00.000Z,3017.9,3028.45,3015.75,3023.87,7433
2025-04-04T17:45:00.000Z,3023.86,3026.46,3022.76,3025.76,5941
2025-04-04T18:00:00.000Z,3025.72,3027.7,3022.24,3024.24,5532
2025-04-04T18:15:00.000Z,3024.3,3025.55,3021.57,3024.54,4441
2025-04-04T18:30:00.000Z,3024.62,3026.12,3021.59,3021.9,5100
2025-04-04T18:45:00.000Z,3021.91,3025.98,3017.94,3025.48,5989
2025-04-04T19:00:00.000Z,3025.47,3027.78,3022.1,3023.62,5218
2025-04-04T19:15:00.000Z,3023.6,3034.64,3022.03,3028.59,5847
2025-04-04T19:30:00.000Z,3028.6,3031.55,3027.77,3030.03,5618
2025-04-04T19:45:00.000Z,3030.13,3040.86,3030.02,3036.43,7137
2025-04-04T20:00:00.000Z,3036.38,3038.51,3033.8,3038.47,3386
2025-04-04T20:15:00.000Z,3038.42,3041.01,3035.93,3038.09,2693
2025-04-04T20:30:00.000Z,3038.1,3038.54,3035.4,3035.58,1607
2025-04-04T20:45:00.000Z,3035.65,3038.5,3035.4,3036.26,900
2025-04-06T22:00:00.000Z,3023.12,3032.21,3008.1,3031.58,2761
2025-04-06T22:15:00.000Z,3031.56,3031.87,3001.39,3015,5039
2025-04-06T22:30:00.000Z,3014.92,3021.63,3007.57,3016.71,5029
2025-04-06T22:45:00.000Z,3016.65,3017.66,3003.59,3009.81,3250
2025-04-06T23:00:00.000Z,3009.79,3017.04,3004.2,3009.04,2462
2025-04-06T23:15:00.000Z,3008.85,3008.89,2983.61,2985.25,5272
2025-04-06T23:30:00.000Z,2985.38,2990.49,2977.22,2987.41,5587
2025-04-06T23:45:00.000Z,2987.4,3001.98,2984.18,2999.64,6072
2025-04-07T00:00:00.000Z,2999.6,3009.43,2969.81,2981.72,7947
2025-04-07T00:15:00.000Z,2981.63,2991.42,2975.97,2985.41,5735
2025-04-07T00:30:00.000Z,2985.42,2992.89,2979.69,2982.77,5496
2025-04-07T00:45:00.000Z,2982.78,2988.64,2972.97,2978.92,6548
2025-04-07T01:00:00.000Z,2978.43,3008.71,2972.18,3006.64,10766
2025-04-07T01:15:00.000Z,3006.57,3020.87,3004.53,3019.13,10928
2025-04-07T01:30:00.000Z,3019.1,3054.74,3016.42,3052.1,11017
2025-04-07T01:45:00.000Z,3052.09,3054.86,3036.24,3038.25,10443
2025-04-07T02:00:00.000Z,3038.3,3055.33,3036.17,3052.81,8328
2025-04-07T02:15:00.000Z,3052.84,3053.56,3039.94,3042.33,4973
2025-04-07T02:30:00.000Z,3042.6,3044.93,3027.28,3032.45,7082
2025-04-07T02:45:00.000Z,3032.46,3035.78,3024.21,3025.81,5395
2025-04-07T03:00:00.000Z,3025.78,3030.09,3021.64,3026.11,5735
2025-04-07T03:15:00.000Z,3026.06,3031.2,3025.51,3029.83,5011
2025-04-07T03:30:00.000Z,3029.51,3033.91,3025.91,3027.11,4023
2025-04-07T03:45:00.000Z,3026.85,3028.91,3017.22,3018.93,4758
2025-04-07T04:00:00.000Z,3018.94,3031.74,3018.92,3027.04,3370
2025-04-07T04:15:00.000Z,3026.93,3030.23,3023.81,3026.39,2792
2025-04-07T04:30:00.000Z,3026.53,3032.77,3025.17,3028.16,2902
2025-04-07T04:45:00.000Z,3027.93,3035.73,3026.05,3035.6,2891
2025-04-07T05:00:00.000Z,3035.34,3037.87,3024.81,3029.5,3668
2025-04-07T05:15:00.000Z,3029.5,3040.06,3029.19,3038.72,3942
2025-04-07T05:30:00.000Z,3038.81,3044.49,3033.92,3039.24,6024
2025-04-07T05:45:00.000Z,3039.2,3043.38,3031.62,3031.71,4490
2025-04-07T06:00:00.000Z,3031.66,3033.5,3022.26,3026.74,7313
2025-04-07T06:15:00.000Z,3026.56,3028.04,3016.67,3018.44,7097
2025-04-07T06:30:00.000Z,3018.52,3031.47,3018.52,3027.81,6361
2025-04-07T06:45:00.000Z,3027.75,3030.7,3018.68,3029.63,7650
2025-04-07T07:00:00.000Z,3029.78,3030.69,3013.25,3014.3,9515
2025-04-07T07:15:00.000Z,3014.32,3027.52,3013.65,3019.07,9673
2025-04-07T07:30:00.000Z,3019.06,3026.49,3019,3019.15,8991
2025-04-07T07:45:00.000Z,3019.17,3029.02,3015.8,3018.59,8201
2025-04-07T08:00:00.000Z,3018.65,3028.18,3017.93,3027.71,7924
2025-04-07T08:15:00.000Z,3027.7,3029.54,3023.01,3023.34,7970
2025-04-07T08:30:00.000Z,3023.32,3028.77,3020.91,3027.45,5993
2025-04-07T08:45:00.000Z,3027.45,3035.42,3026.74,3031.09,5713
2025-04-07T09:00:00.000Z,3031.6,3033.37,3025.63,3027.79,5508
2025-04-07T09:15:00.000Z,3027.8,3027.8,3019.52,3026.65,6279
2025-04-07T09:30:00.000Z,3026.71,3031.62,3023.77,3025.56,6539
2025-04-07T09:45:00.000Z,3025.56,3028.63,3019.64,3025,6708
2025-04-07T10:00:00.000Z,3024.97,3030.76,3024.03,3026.66,6847
2025-04-07T10:15:00.000Z,3026.64,3033.21,3026.3,3032.57,5890
2025-04-07T10:30:00.000Z,3032.51,3036.47,3031.76,3032.31,6900
2025-04-07T10:45:00.000Z,3032.24,3036.41,3030.04,3031.34,5716
2025-04-07T11:00:00.000Z,3031.28,3042.34,3031.04,3040.32,6306
2025-04-07T11:15:00.000Z,3040.33,3043.97,3038.64,3040.3,6581
2025-04-07T11:30:00.000Z,3040.36,3046.04,3038.8,3039.56,7171
2025-04-07T11:45:00.000Z,3039.55,3040.32,3030.18,3031.11,6359
2025-04-07T12:00:00.000Z,3031.19,3031.61,3025.05,3025.7,8018
2025-04-07T12:15:00.000Z,3025.66,3031.42,3024.56,3026.57,9365
2025-04-07T12:30:00.000Z,3026.54,3030.11,3014.83,3020.45,10526
2025-04-07T12:45:00.000Z,3020.36,3032.85,3019.75,3031.2,8446
2025-04-07T13:00:00.000Z,3031.16,3033.97,3024.57,3027.62,8288
2025-04-07T13:15:00.000Z,3027.6,3030.28,3021.53,3024.6,7254
2025-04-07T13:30:00.000Z,3024.52,3026.63,3002.25,3007.02,11910
2025-04-07T13:45:00.000Z,3006.97,3019.09,3004.02,3015.51,9595
2025-04-07T14:00:00.000Z,3015.39,3032.32,3010.88,3027.15,11138
2025-04-07T14:15:00.000Z,3027.03,3037.94,3005.52,3008.79,11536
2025-04-07T14:30:00.000Z,3008.69,3013.85,2997.29,3003.37,11309
2025-04-07T14:45:00.000Z,3003.31,3009.18,2996.49,2999.2,11207
2025-04-07T15:00:00.000Z,2999.26,3004.68,2983.87,2984.67,11354
2025-04-07T15:15:00.000Z,2984.66,2998.82,2984.15,2986.95,10365
2025-04-07T15:30:00.000Z,2986.97,2988.71,2981.27,2984.58,9649
2025-04-07T15:45:00.000Z,2984.6,2988.15,2980.06,2987.54,9088
2025-04-07T16:00:00.000Z,2987.47,2987.86,2977.31,2979.86,8681
2025-04-07T16:15:00.000Z,2979.85,2985.32,2975.23,2977.91,8768
2025-04-07T16:30:00.000Z,2977.76,2984.82,2975.02,2975.13,7970
2025-04-07T16:45:00.000Z,2975.14,2975.63,2970.16,2970.65,8250
2025-04-07T17:00:00.000Z,2970.93,2975.18,2959.62,2966.15,9461
2025-04-07T17:15:00.000Z,2966.11,2970.74,2956.78,2958.94,10259
2025-04-07T17:30:00.000Z,2958.96,2968.94,2956.48,2968.25,8488
2025-04-07T17:45:00.000Z,2968.39,2973.71,2966.12,2970.15,6453
2025-04-07T18:00:00.000Z,2970.13,2973.42,2969.35,2970.91,6357
2025-04-07T18:15:00.000Z,2970.9,2974.05,2969.15,2969.69,4818
2025-04-07T18:30:00.000Z,2969.79,2976.65,2968.54,2971.71,5839
2025-04-07T18:45:00.000Z,2971.7,2972.37,2964.02,2965.81,5396
2025-04-07T19:00:00.000Z,2965.78,2972.79,2965.35,2971.78,5354
2025-04-07T19:15:00.000Z,2971.71,2975.42,2969.49,2974.05,4852
2025-04-07T19:30:00.000Z,2974.04,2982.05,2973.46,2978.3,5286
2025-04-07T19:45:00.000Z,2978.42,2978.73,2974.82,2976.58,4404
2025-04-07T20:00:00.000Z,2976.71,2980.56,2970.02,2979.29,3310
2025-04-07T20:15:00.000Z,2979.27,2985.77,2979.25,2983.87,3442
2025-04-07T20:30:00.000Z,2983.88,2985.94,2983.39,2984.97,2329
2025-04-07T20:45:00.000Z,2984.98,2984.98,2981.48,2982.28,1617
2025-04-07T22:00:00.000Z,2982.29,2987.13,2980.39,2983.57,2095
2025-04-07T22:15:00.000Z,2983.55,2985.62,2982.3,2985.6,2071
2025-04-07T22:30:00.000Z,2985.54,2988.41,2983.62,2983.75,1346
2025-04-07T22:45:00.000Z,2983.7,2988.55,2983.45,2986.72,1329
2025-04-07T23:00:00.000Z,2986.71,2987.37,2984.97,2985.76,1593
2025-04-07T23:15:00.000Z,2985.75,2985.88,2981.6,2981.73,1872
2025-04-07T23:30:00.000Z,2981.74,2983.18,2978.52,2979.91,2071
2025-04-07T23:45:00.000Z,2979.92,2983.21,2979.92,2981.23,2709
2025-04-08T00:00:00.000Z,2981.17,2987.06,2980.39,2985.23,4808
2025-04-08T00:15:00.000Z,2985.32,2989.1,2983.61,2988.99,3852
2025-04-08T00:30:00.000Z,2988.98,2992.6,2988.67,2991.63,3062
2025-04-08T00:45:00.000Z,2991.64,2991.78,2983.05,2985.32,4983
2025-04-08T01:00:00.000Z,2985.33,3000.85,2983.57,2995.26,7181
2025-04-08T01:15:00.000Z,2995.32,2999.73,2989.57,2996.05,6780
2025-04-08T01:30:00.000Z,2995.97,3003.04,2994.91,3000,5486
2025-04-08T01:45:00.000Z,3000.02,3001.14,2996.13,2999.81,3710
2025-04-08T02:00:00.000Z,2999.88,3004.61,2998.88,3002.42,4952
2025-04-08T02:15:00.000Z,3002.47,3003.28,2998.2,2999.61,2635
2025-04-08T02:30:00.000Z,2999.53,3004.84,2998.44,3003.58,3985
2025-04-08T02:45:00.000Z,3003.96,3004.18,2999.43,3000.94,3131
2025-04-08T03:00:00.000Z,3000.9,3001.01,2992.98,2995.36,3551
2025-04-08T03:15:00.000Z,2995.37,3000.69,2993.93,2995.23,3433
2025-04-08T03:30:00.000Z,2995.1,2998.52,2994.77,2998.22,2197
2025-04-08T03:45:00.000Z,2998.25,2998.92,2993.58,2994.63,2170
2025-04-08T04:00:00.000Z,2994.61,2999.66,2994.11,2998.5,2225
2025-04-08T04:15:00.000Z,2998.54,2998.82,2995.21,2995.78,1834
2025-04-08T04:30:00.000Z,2995.77,2997.29,2990.78,2995.43,3181
2025-04-08T04:45:00.000Z,2995.41,3002.94,2994.53,3002.29,2972
2025-04-08T05:00:00.000Z,3002.11,3004.38,3000.12,3004.13,2793
2025-04-08T05:15:00.000Z,3003.93,3005.17,2999.76,2999.92,2869
2025-04-08T05:30:00.000Z,2999.92,3005.04,2999.43,3000.28,4581
2025-04-08T05:45:00.000Z,3000.35,3008.29,3000.28,3005.65,4009
2025-04-08T06:00:00.000Z,3005.6,3006.34,3002.38,3004.51,5574
2025-04-08T06:15:00.000Z,3004.5,3013.42,3004.22,3011.77,7137
2025-04-08T06:30:00.000Z,3011.8,3015.88,3010.48,3013.64,5514
2025-04-08T06:45:00.000Z,3013.78,3014.01,3011.11,3013.31,5258
2025-04-08T07:00:00.000Z,3013.54,3013.54,3008.21,3012.13,8489
2025-04-08T07:15:00.000Z,3012.15,3013.96,3007.55,3010.19,6839
2025-04-08T07:30:00.000Z,3010.18,3011.4,3002.35,3003.12,6607
2025-04-08T07:45:00.000Z,3003.16,3006.61,3001.85,3003.63,5597
2025-04-08T08:00:00.000Z,3003.5,3007.96,3001.27,3007.43,4387
2025-04-08T08:15:00.000Z,3007.4,3009.3,3006.29,3008.86,3410
2025-04-08T08:30:00.000Z,3008.85,3009.05,3003.53,3007.37,3055
2025-04-08T08:45:00.000Z,3007.38,3008.04,3004.25,3007.45,2286
2025-04-08T09:00:00.000Z,3007.43,3007.43,3002.41,3003.06,3255
2025-04-08T09:15:00.000Z,3002.76,3003.16,2994.78,2995.73,4197
2025-04-08T09:30:00.000Z,2995.85,3007.65,2995.8,3006.37,5043
2025-04-08T09:45:00.000Z,3006.27,3007.65,3003.16,3006.84,4637
2025-04-08T10:00:00.000Z,3006.86,3008.53,3004.09,3005.41,4489
2025-04-08T10:15:00.000Z,3005.27,3008.73,3004.51,3008,4036
2025-04-08T10:30:00.000Z,3007.99,3009.87,3005.34,3008.16,3009
2025-04-08T10:45:00.000Z,3008.15,3010.26,3007.08,3008.92,2818
2025-04-08T11:00:00.000Z,3008.82,3011.79,3008.63,3011.37,5473
2025-04-08T11:15:00.000Z,3011.38,3014.15,3010.32,3010.57,3518
2025-04-08T11:30:00.000Z,3010.58,3013.26,3008.85,3009.12,3473
2025-04-08T11:45:00.000Z,3009.19,3019.36,3009.12,3017.43,5925
2025-04-08T12:00:00.000Z,3017.47,3019.5,3014.16,3017.56,7939
2025-04-08T12:15:00.000Z,3017.48,3017.48,3003.22,3009.61,8621
2025-04-08T12:30:00.000Z,3009.06,3012.89,3006.72,3007.02,7497
2025-04-08T12:45:00.000Z,3007.03,3008.43,3002.41,3002.57,7089
2025-04-08T13:00:00.000Z,3002.56,3020.54,3002.54,3018.52,8802
2025-04-08T13:15:00.000Z,3018.69,3022.62,3013.19,3013.74,8982
2025-04-08T13:30:00.000Z,3013.68,3017.19,3006.42,3006.97,10748
2025-04-08T13:45:00.000Z,3006.85,3011.81,3003.94,3010.28,9947
2025-04-08T14:00:00.000Z,3010.25,3017.94,3009.14,3011.48,9801
2025-04-08T14:15:00.000Z,3011.47,3014.73,3008.4,3012.46,8485
2025-04-08T14:30:00.000Z,3012.47,3017.55,3010.09,3014.06,8733
2025-04-08T14:45:00.000Z,3014.14,3018.15,3005.77,3006.16,8502
2025-04-08T15:00:00.000Z,3006.22,3007.97,3002.44,3004.5,9141
2025-04-08T15:15:00.000Z,3004.56,3010.05,3004.38,3007.72,7895
2025-04-08T15:30:00.000Z,3007.8,3012.32,3004.64,3005.01,5594
2025-04-08T15:45:00.000Z,3005.07,3006.38,3001.29,3001.47,5431
2025-04-08T16:00:00.000Z,3001.44,3001.44,2994.48,2999.2,6750
2025-04-08T16:15:00.000Z,2999.25,2999.48,2992.36,2994.63,6519
2025-04-08T16:30:00.000Z,2994.64,2995.94,2985.13,2985.39,8215
2025-04-08T16:45:00.000Z,2985.38,2990.86,2984.26,2986.01,7967
2025-04-08T17:00:00.000Z,2985.99,2986.37,2975.69,2981.05,8401
2025-04-08T17:15:00.000Z,2981.18,2984.2,2974.67,2976.43,8830
2025-04-08T17:30:00.000Z,2976.44,2983.75,2974.66,2983.33,8371
2025-04-08T17:45:00.000Z,2983.32,2987.43,2981.85,2985.17,7401
2025-04-08T18:00:00.000Z,2985.2,2985.58,2979.27,2980.52,7465
2025-04-08T18:15:00.000Z,2980.53,2985.9,2979.9,2985.66,5344
2025-04-08T18:30:00.000Z,2985.69,2992.28,2985.69,2986.68,7844
2025-04-08T18:45:00.000Z,2986.67,2988.12,2981.56,2983.63,5088
2025-04-08T19:00:00.000Z,2983.56,2987.5,2981.53,2982.39,4828
2025-04-08T19:15:00.000Z,2982.35,2982.85,2977.86,2981.2,6741
2025-04-08T19:30:00.000Z,2981.21,2982.82,2976.66,2981.64,5554
2025-04-08T19:45:00.000Z,2981.7,2987.25,2980.73,2984.89,5701
2025-04-08T20:00:00.000Z,2984.77,2986.48,2980.27,2980.27,2850
2025-04-08T20:15:00.000Z,2980.1,2980.67,2976.95,2980.63,3067
2025-04-08T20:30:00.000Z,2980.54,2981.75,2979.13,2980.45,1656
2025-04-08T20:45:00.000Z,2980.46,2982.8,2980.43,2982.16,1397
2025-04-08T22:00:00.000Z,2983.22,2985.55,2981.02,2981.56,1590
2025-04-08T22:15:00.000Z,2981.58,2985.03,2980.88,2984.43,1581
2025-04-08T22:30:00.000Z,2984.4,2985.23,2980.51,2980.68,1874
2025-04-08T22:45:00.000Z,2980.73,2982.95,2980.1,2981.81,2127
2025-04-08T23:00:00.000Z,2982.41,2990.73,2982.37,2984.92,2199
2025-04-08T23:15:00.000Z,2984.86,2985.06,2979.14,2981.02,2744
2025-04-08T23:30:00.000Z,2981.03,2981.2,2969.92,2973.78,3587
2025-04-08T23:45:00.000Z,2973.88,2979.9,2970.37,2978.39,3858
2025-04-09T00:00:00.000Z,2978.42,2984.72,2974.95,2977.89,6470
2025-04-09T00:15:00.000Z,2977.88,2985.5,2975.6,2984.28,5366
2025-04-09T00:30:00.000Z,2984.26,2986.95,2976.68,2984.52,5348
2025-04-09T00:45:00.000Z,2984.49,2986.06,2974.69,2980.3,6115
2025-04-09T01:00:00.000Z,2980.23,2981.2,2972.39,2978.6,7759
2025-04-09T01:15:00.000Z,2978.39,2991.64,2977.07,2990.17,8597
2025-04-09T01:30:00.000Z,2990.02,3002.73,2988.39,3000.13,9535
2025-04-09T01:45:00.000Z,3000.16,3009.72,2999.54,3008.61,6279
2025-04-09T02:00:00.000Z,3008.66,3011.07,3004.2,3007.59,6058
2025-04-09T02:15:00.000Z,3007.46,3009.45,2999.91,3004.53,5783
2025-04-09T02:30:00.000Z,3004.54,3007.77,3002.79,3006.18,5286
2025-04-09T02:45:00.000Z,3006.17,3008.85,2999.97,3003.02,4059
2025-04-09T03:00:00.000Z,3002.94,3007.89,3002.53,3007.55,3943
2025-04-09T03:15:00.000Z,3007.54,3008.81,3004.5,3008.21,4011
2025-04-09T03:30:00.000Z,3008.24,3009.7,3003.02,3006.44,4384
2025-04-09T03:45:00.000Z,3006.43,3008.96,3003.44,3004.41,5151
2025-04-09T04:00:00.000Z,3004.31,3009.25,2999.62,3006.71,6085
2025-04-09T04:15:00.000Z,3006.72,3012.02,3006.19,3008.41,4506
2025-04-09T04:30:00.000Z,3008.42,3011.76,3007.46,3010.32,4640
2025-04-09T04:45:00.000Z,3010.33,3014,3008.41,3012.28,4097
2025-04-09T05:00:00.000Z,3012.24,3018.27,3005.35,3015.63,5505
2025-04-09T05:15:00.000Z,3015.67,3020.39,3013.65,3017.34,6222
2025-04-09T05:30:00.000Z,3017.37,3018.41,3011.92,3015.79,6868
2025-04-09T05:45:00.000Z,3015.72,3018.22,3014.24,3015.39,4741
2025-04-09T06:00:00.000Z,3015.55,3025.22,3014.87,3020.35,8068
2025-04-09T06:15:00.000Z,3020.36,3033.15,3019.82,3029.4,8827
2025-04-09T06:30:00.000Z,3029.35,3035.61,3028.02,3030.39,7865
2025-04-09T06:45:00.000Z,3030.38,3040.74,3029.54,3038.91,7563
2025-04-09T07:00:00.000Z,3038.99,3052.29,3034.26,3045.09,10176
2025-04-09T07:15:00.000Z,3045.23,3046.5,3041.09,3043.04,8769
2025-04-09T07:30:00.000Z,3043.02,3048.37,3041.17,3046.03,6719
2025-04-09T07:45:00.000Z,3046.02,3047.44,3039.57,3040.93,7756
2025-04-09T08:00:00.000Z,3040.87,3047.41,3038.24,3043.8,8075
2025-04-09T08:15:00.000Z,3043.98,3050.99,3043.94,3045.37,6206
2025-04-09T08:30:00.000Z,3045.36,3046.51,3040.35,3044.88,4934
2025-04-09T08:45:00.000Z,3044.93,3046.87,3041.8,3044.02,5161
2025-04-09T09:00:00.000Z,3044,3046.36,3038.72,3042.25,5890
2025-04-09T09:15:00.000Z,3042.24,3048.03,3041.84,3043.77,4924
2025-04-09T09:30:00.000Z,3043.79,3049.77,3043.49,3047.1,5422
2025-04-09T09:45:00.000Z,3047.11,3047.3,3044.57,3044.97,4531
2025-04-09T10:00:00.000Z,3044.99,3047.11,3040.6,3041.18,7112
2025-04-09T10:15:00.000Z,3041.17,3042.55,3038.29,3039.4,5977
2025-04-09T10:30:00.000Z,3039.39,3044.55,3039.35,3043.17,5797
2025-04-09T10:45:00.000Z,3043.15,3045.4,3041.36,3042.77,4907
2025-04-09T11:00:00.000Z,3042.94,3045.74,3035.97,3045.54,9607
2025-04-09T11:15:00.000Z,3045.52,3064.88,3045.29,3060.3,10244
2025-04-09T11:30:00.000Z,3060.27,3067.11,3057.73,3062.97,8720
2025-04-09T11:45:00.000Z,3063.03,3068.01,3058.35,3066.44,7599
2025-04-09T12:00:00.000Z,3066.49,3072.96,3058.53,3062.85,9778
2025-04-09T12:15:00.000Z,3062.75,3067.47,3048.85,3053.92,10158
2025-04-09T12:30:00.000Z,3053.94,3055.11,3043.71,3043.89,7914
2025-04-09T12:45:00.000Z,3043.91,3051.29,3042.58,3047.4,8888
2025-04-09T13:00:00.000Z,3047.44,3060.56,3047.28,3056.99,10333
2025-04-09T13:15:00.000Z,3056.97,3061.44,3056.07,3060.38,8674
2025-04-09T13:30:00.000Z,3060.68,3077.92,3060.16,3072.8,10630
2025-04-09T13:45:00.000Z,3072.76,3076.8,3067.55,3075.09,10850
2025-04-09T14:00:00.000Z,3075,3078.09,3068.4,3074.81,9883
2025-04-09T14:15:00.000Z,3074.89,3084.62,3074.89,3083.4,8606
2025-04-09T14:30:00.000Z,3083.41,3084.03,3075.29,3075.9,8446
2025-04-09T14:45:00.000Z,3075.99,3079.38,3069.18,3070.47,7847
2025-04-09T15:00:00.000Z,3070.5,3075.43,3065.23,3075.04,9286
2025-04-09T15:15:00.000Z,3075.07,3087.72,3075.07,3084.6,7802
2025-04-09T15:30:00.000Z,3084.66,3087.62,3078.82,3079.11,6818
2025-04-09T15:45:00.000Z,3079.13,3086.39,3078.61,3086.31,4821
2025-04-09T16:00:00.000Z,3086.36,3090.27,3082.62,3088.65,5240
2025-04-09T16:15:00.000Z,3088.61,3090.67,3083.75,3086.03,5227
2025-04-09T16:30:00.000Z,3085.96,3090.61,3085.52,3088.21,4818
2025-04-09T16:45:00.000Z,3088.11,3094.77,3087.93,3092.36,5875
2025-04-09T17:00:00.000Z,3092.37,3095.2,3084.36,3089.19,6558
2025-04-09T17:15:00.000Z,3089.2,3098.97,3058.71,3060,11191
2025-04-09T17:30:00.000Z,3060.05,3070.23,3051.25,3063.87,12881
2025-04-09T17:45:00.000Z,3063.83,3075.59,3058.13,3059.81,9202
2025-04-09T18:00:00.000Z,3059.81,3068.87,3051.2,3052.17,9450
2025-04-09T18:15:00.000Z,3052.18,3067.04,3048.56,3064.02,8774
2025-04-09T18:30:00.000Z,3063.99,3073.41,3063.94,3064.23,7424
2025-04-09T18:45:00.000Z,3064.22,3069.57,3063.37,3067.2,6276
2025-04-09T19:00:00.000Z,3067.21,3090.94,3064.27,3086.01,7043
2025-04-09T19:15:00.000Z,3086.06,3095.74,3085.4,3091.73,8302
2025-04-09T19:30:00.000Z,3091.43,3098.9,3087.66,3098.33,6809
2025-04-09T19:45:00.000Z,3098.35,3099.46,3084.48,3093.47,7392
2025-04-09T20:00:00.000Z,3093.45,3095.4,3090.05,3091.75,3955
2025-04-09T20:15:00.000Z,3091.77,3091.91,3086.19,3090.5,2950
2025-04-09T20:30:00.000Z,3090.47,3091.38,3080.1,3082.45,2688
2025-04-09T20:45:00.000Z,3082.45,3082.8,3077.36,3082.49,1727
2025-04-09T22:00:00.000Z,3080.2,3081.54,3071.33,3075.66,2118
2025-04-09T22:15:00.000Z,3075.65,3082.79,3073.7,3078.59,2526
2025-04-09T22:30:00.000Z,3078.6,3090.07,3078.38,3083.66,2115
2025-04-09T22:45:00.000Z,3083.63,3086.54,3079.83,3079.98,1820
2025-04-09T23:00:00.000Z,3080.12,3083.99,3079.58,3083.07,2198
2025-04-09T23:15:00.000Z,3083.02,3086.01,3079.55,3085.49,2460
2025-04-09T23:30:00.000Z,3085.44,3088.28,3083.64,3085.27,1834
2025-04-09T23:45:00.000Z,3085.27,3088.96,3082.36,3086.69,3992
2025-04-10T00:00:00.000Z,3086.68,3088.51,3081.23,3086.84,5410
2025-04-10T00:15:00.000Z,3087,3096.6,3085.97,3096.03,5450
2025-04-10T00:30:00.000Z,3096.22,3101.22,3094.04,3097.13,5421
2025-04-10T00:45:00.000Z,3097.14,3098.18,3092.83,3097.18,4651
2025-04-10T01:00:00.000Z,3097.19,3100.6,3085.07,3086.28,7975
2025-04-10T01:15:00.000Z,3086.35,3089.81,3082.61,3087.72,6434
2025-04-10T01:30:00.000Z,3087.65,3089.1,3078.46,3088.08,6670
2025-04-10T01:45:00.000Z,3088.06,3095.45,3085.2,3094.06,6326
2025-04-10T02:00:00.000Z,3094.1,3112.6,3093.97,3105.36,7916
2025-04-10T02:15:00.000Z,3105.27,3117.16,3105.23,3111.48,6417
2025-04-10T02:30:00.000Z,3111.5,3119.42,3110.51,3114.18,6059
2025-04-10T02:45:00.000Z,3114.16,3120.3,3111.55,3119.24,5282
2025-04-10T03:00:00.000Z,3119.21,3126.16,3115.42,3125.74,5987
2025-04-10T03:15:00.000Z,3125.65,3131.75,3121.26,3123.87,6569
2025-04-10T03:30:00.000Z,3123.76,3130.33,3120.38,3121.95,3969
2025-04-10T03:45:00.000Z,3121.98,3126.68,3121.41,3125.4,2953
2025-04-10T04:00:00.000Z,3125.36,3128.18,3124.9,3125.93,2768
2025-04-10T04:15:00.000Z,3125.91,3129.3,3124.35,3126.9,3242
2025-04-10T04:30:00.000Z,3126.81,3126.83,3120.89,3122.31,3013
2025-04-10T04:45:00.000Z,3122.29,3127.64,3122.15,3125.31,3104
2025-04-10T05:00:00.000Z,3125.32,3132.56,3124.63,3129.69,3783
2025-04-10T05:15:00.000Z,3129.7,3130.57,3124.94,3125.3,2874
2025-04-10T05:30:00.000Z,3125.22,3125.6,3114,3115.51,4471
2025-04-10T05:45:00.000Z,3115.54,3123.71,3112.66,3122.49,4395
2025-04-10T06:00:00.000Z,3122.12,3126.45,3120.29,3125.45,6469
2025-04-10T06:15:00.000Z,3125.38,3125.4,3120.19,3121.58,5205
2025-04-10T06:30:00.000Z,3121.74,3123.32,3118.9,3121.07,5890
2025-04-10T06:45:00.000Z,3121.06,3123.06,3119.4,3122.14,5540
2025-04-10T07:00:00.000Z,3121.99,3122.64,3116.71,3118.69,7281
2025-04-10T07:15:00.000Z,3118.71,3123.49,3116.69,3116.96,7359
2025-04-10T07:30:00.000Z,3116.97,3117.02,3106.58,3111.94,7793
2025-04-10T07:45:00.000Z,3111.93,3115.94,3108.43,3108.74,6753
2025-04-10T08:00:00.000Z,3108.71,3115.76,3108.71,3111.14,6758
2025-04-10T08:15:00.000Z,3111.13,3115.65,3110.35,3114.31,5809
2025-04-10T08:30:00.000Z,3114.28,3114.28,3104.69,3112.06,6685
2025-04-10T08:45:00.000Z,3112.03,3113.52,3104.73,3104.94,5012
2025-04-10T09:00:00.000Z,3104.88,3107.86,3103.43,3107.2,5344
2025-04-10T09:15:00.000Z,3107.21,3111.12,3106.77,3109.82,4834
2025-04-10T09:30:00.000Z,3109.8,3113.3,3105.13,3111.45,6061
2025-04-10T09:45:00.000Z,3111.47,3117.99,3109.36,3116.58,4967
2025-04-10T10:00:00.000Z,3116.63,3118.61,3114.27,3118.54,5781
2025-04-10T10:15:00.000Z,3118.53,3122.51,3116.05,3119.46,6156
2025-04-10T10:30:00.000Z,3119.45,3121.4,3115.53,3116.49,5828
2025-04-10T10:45:00.000Z,3116.38,3120.89,3115.18,3119.72,5474
2025-04-10T11:00:00.000Z,3120.21,3120.82,3113.25,3115.95,6673
2025-04-10T11:15:00.000Z,3115.96,3122.51,3114.56,3122.17,5818
2025-04-10T11:30:00.000Z,3122.21,3124.84,3120.66,3122.19,6676
2025-04-10T11:45:00.000Z,3122.2,3125.64,3118.85,3124.69,5387
2025-04-10T12:00:00.000Z,3124.57,3129,3122.42,3125.94,6245
2025-04-10T12:15:00.000Z,3125.93,3128.7,3123,3125.35,6598
2025-04-10T12:30:00.000Z,3125.43,3134.18,3116.32,3124.76,9252
2025-04-10T12:45:00.000Z,3124.7,3130.94,3120.87,3123.06,7832
2025-04-10T13:00:00.000Z,3123.2,3127.51,3121.02,3125.65,7313
2025-04-10T13:15:00.000Z,3125.83,3136.7,3125.83,3132.79,7654
2025-04-10T13:30:00.000Z,3132.8,3132.94,3119.38,3122.15,9997
2025-04-10T13:45:00.000Z,3121.93,3127.62,3116.11,3116.9,8722
2025-04-10T14:00:00.000Z,3116.98,3144.99,3116.79,3142.81,10326
2025-04-10T14:15:00.000Z,3142.77,3149.26,3141.21,3144.61,7752
2025-04-10T14:30:00.000Z,3144.47,3152.47,3144.15,3151.31,8209
2025-04-10T14:45:00.000Z,3151.27,3154.74,3144.79,3154.52,7661
2025-04-10T15:00:00.000Z,3154.48,3159.71,3154.42,3159.41,7573
2025-04-10T15:15:00.000Z,3159.4,3170.6,3158.67,3170.6,6855
2025-04-10T15:30:00.000Z,3170.62,3175.01,3162.42,3168.16,7777
2025-04-10T15:45:00.000Z,3168.11,3169.11,3154.83,3158.09,7762
2025-04-10T16:00:00.000Z,3158.05,3161.28,3154.12,3159.86,7898
2025-04-10T16:15:00.000Z,3159.81,3165.2,3156.07,3162.48,7505
2025-04-10T16:30:00.000Z,3162.49,3167.17,3160.17,3164.76,6550
2025-04-10T16:45:00.000Z,3164.57,3166.36,3158.31,3158.36,5518
2025-04-10T17:00:00.000Z,3158.35,3158.8,3151.45,3157.69,5681
2025-04-10T17:15:00.000Z,3157.64,3163.57,3156.81,3159.71,6500
2025-04-10T17:30:00.000Z,3160.1,3165.61,3158.14,3163.7,4900
2025-04-10T17:45:00.000Z,3163.41,3164.72,3159.79,3162.74,4164
2025-04-10T18:00:00.000Z,3162.76,3163.95,3158.03,3158.31,4867
2025-04-10T18:15:00.000Z,3158.24,3166.56,3158.24,3164.7,6063
2025-04-10T18:30:00.000Z,3164.79,3173.99,3164.09,3173.85,5833
2025-04-10T18:45:00.000Z,3173.74,3175.53,3171.03,3173.15,6165
2025-04-10T19:00:00.000Z,3173.12,3175.53,3167.9,3170.27,5923
2025-04-10T19:15:00.000Z,3170.26,3173.92,3168.36,3171.41,3776
2025-04-10T19:30:00.000Z,3171.42,3175.93,3169.97,3174.16,4518
2025-04-10T19:45:00.000Z,3174.15,3176.25,3170.25,3170.75,4825
2025-04-10T20:00:00.000Z,3170.7,3176.29,3170.39,3174.28,2090
2025-04-10T20:15:00.000Z,3174.25,3174.36,3170.14,3170.17,1115
2025-04-10T20:30:00.000Z,3170.19,3172.39,3168.36,3172.39,1266
2025-04-10T20:45:00.000Z,3172.34,3175.73,3171.15,3175.32,914
2025-04-10T22:00:00.000Z,3175.67,3179.97,3175.55,3179.67,1502
2025-04-10T22:15:00.000Z,3179.66,3180.87,3177.72,3179.5,1655
2025-04-10T22:30:00.000Z,3179.55,3189.06,3178.04,3186.99,3487
2025-04-10T22:45:00.000Z,3187.01,3190.04,3183.23,3189.21,4243
2025-04-10T23:00:00.000Z,3189.19,3190.65,3183.32,3183.63,2927
2025-04-10T23:15:00.000Z,3183.59,3188.42,3183.06,3188.11,2575
2025-04-10T23:30:00.000Z,3188.2,3189.36,3185.29,3189.29,2805
2025-04-10T23:45:00.000Z,3189.34,3191.31,3187.23,3188.96,3565
2025-04-11T00:00:00.000Z,3188.97,3190.41,3185,3189.95,4880
2025-04-11T00:15:00.000Z,3189.96,3199.88,3188.6,3194.72,6076
2025-04-11T00:30:00.000Z,3194.75,3217.99,3194.53,3212.34,10029
2025-04-11T00:45:00.000Z,3212.31,3215.88,3203.35,3205.69,7733
2025-04-11T01:00:00.000Z,3205.68,3219.54,3205.08,3210.31,9874
2025-04-11T01:15:00.000Z,3210.45,3212.45,3200.91,3210.66,8414
2025-04-11T01:30:00.000Z,3210.52,3215.98,3207.92,3214.73,8259
2025-04-11T01:45:00.000Z,3214.63,3216,3205.5,3207.18,7206
2025-04-11T02:00:00.000Z,3207.19,3217.51,3205.97,3216.45,6441
2025-04-11T02:15:00.000Z,3216.68,3219.54,3213.78,3216.09,5281
2025-04-11T02:30:00.000Z,3216.05,3219.68,3214.7,3216.9,5474
2025-04-11T02:45:00.000Z,3216.91,3219.59,3214.78,3217.39,4589
2025-04-11T03:00:00.000Z,3217.32,3219.54,3214.05,3216.33,4708
2025-04-11T03:15:00.000Z,3216.34,3219.64,3214.81,3219.09,4806
2025-04-11T03:30:00.000Z,3219.06,3220.07,3215.04,3216.05,4045
2025-04-11T03:45:00.000Z,3216.07,3218.84,3214.7,3217.7,2845
2025-04-11T04:00:00.000Z,3217.71,3218.1,3214.58,3216.24,3289
2025-04-11T04:15:00.000Z,3216.26,3216.95,3210.73,3216.16,3799
2025-04-11T04:30:00.000Z,3216.07,3217.15,3212.38,3213.9,2515
2025-04-11T04:45:00.000Z,3213.92,3213.93,3208.36,3208.42,2858
2025-04-11T05:00:00.000Z,3208.41,3209.62,3204,3208.56,4244
2025-04-11T05:15:00.000Z,3208.57,3218.72,3207.99,3216.9,5245
2025-04-11T05:30:00.000Z,3217.1,3219.12,3188.85,3189.13,8412
2025-04-11T05:45:00.000Z,3189.37,3196.2,3187.37,3195.8,8125
2025-04-11T06:00:00.000Z,3195.84,3202.07,3190.25,3194.99,8374
2025-04-11T06:15:00.000Z,3195.01,3203.63,3192.63,3202.76,7039
2025-04-11T06:30:00.000Z,3202.72,3209.65,3199.78,3206.28,7490
2025-04-11T06:45:00.000Z,3206.34,3207.44,3194.66,3197.22,7514
2025-04-11T07:00:00.000Z,3197.36,3212.98,3193.87,3211.56,7783
2025-04-11T07:15:00.000Z,3211.57,3212.76,3202.63,3205.57,5513
2025-04-11T07:30:00.000Z,3205.64,3212.33,3205,3208.89,5877
2025-04-11T07:45:00.000Z,3208.83,3212.62,3204.43,3212.35,5919
2025-04-11T08:00:00.000Z,3212.37,3219.54,3208.41,3218.07,8412
2025-04-11T08:15:00.000Z,3218.08,3227.27,3215.87,3219.26,7280
2025-04-11T08:30:00.000Z,3219.28,3220.04,3213.32,3217.71,5819
2025-04-11T08:45:00.000Z,3217.72,3224.77,3215.68,3215.96,5900
2025-04-11T09:00:00.000Z,3215.92,3219.65,3214.55,3218.49,5102
2025-04-11T09:15:00.000Z,3218.61,3219.89,3213.31,3215.03,5176
2025-04-11T09:30:00.000Z,3215.02,3223.87,3211.8,3222.2,4642
2025-04-11T09:45:00.000Z,3222.25,3230.12,3221.9,3227.73,4938
2025-04-11T10:00:00.000Z,3227.77,3237.7,3225.39,3234.76,6509
2025-04-11T10:15:00.000Z,3234.74,3235.04,3225.17,3227.99,5102
2025-04-11T10:30:00.000Z,3228,3228.11,3214.85,3215.95,4764
2025-04-11T10:45:00.000Z,3215.88,3217.32,3210.09,3212.66,6392
2025-04-11T11:00:00.000Z,3213,3224.72,3212.04,3221.16,5837
2025-04-11T11:15:00.000Z,3221.17,3223.76,3216.96,3220.66,5398
2025-04-11T11:30:00.000Z,3220.69,3220.76,3213.2,3214.1,4862
2025-04-11T11:45:00.000Z,3214.08,3217.79,3211.41,3213.76,5216
2025-04-11T12:00:00.000Z,3213.72,3220.45,3211.1,3218.74,6668
2025-04-11T12:15:00.000Z,3218.77,3226.42,3215.22,3224.31,7509
2025-04-11T12:30:00.000Z,3224.3,3230.21,3224.29,3226.53,6593
2025-04-11T12:45:00.000Z,3226.5,3234.03,3223.16,3233.54,6299
2025-04-11T13:00:00.000Z,3233.59,3236.93,3229.13,3233.26,8093
2025-04-11T13:15:00.000Z,3233.24,3236.07,3227.64,3230.24,7141
2025-04-11T13:30:00.000Z,3230.3,3244.28,3230.3,3240.49,11089
2025-04-11T13:45:00.000Z,3240.4,3240.69,3219.62,3223.75,10248
2025-04-11T14:00:00.000Z,3223.86,3234.83,3222.24,3232.86,10211
2025-04-11T14:15:00.000Z,3232.84,3237.75,3225.2,3227.97,8806
2025-04-11T14:30:00.000Z,3227.99,3233.09,3222.98,3230.55,8924
2025-04-11T14:45:00.000Z,3230.58,3232.79,3227.14,3230.16,7153
2025-04-11T15:00:00.000Z,3230.1,3239.12,3229.43,3236.68,8008
2025-04-11T15:15:00.000Z,3236.65,3240.31,3234.76,3239.25,7245
2025-04-11T15:30:00.000Z,3239.24,3239.51,3235.26,3236.85,5543
2025-04-11T15:45:00.000Z,3236.82,3241.92,3236.75,3240.42,4214
2025-04-11T16:00:00.000Z,3240.45,3245.34,3239.25,3243.48,5056
2025-04-11T16:15:00.000Z,3243.49,3244.1,3233.14,3234.43,6060
2025-04-11T16:30:00.000Z,3234.45,3236.65,3228.96,3231.36,7059
2025-04-11T16:45:00.000Z,3231.37,3233.61,3219.73,3223.21,8403
2025-04-11T17:00:00.000Z,3223.22,3231.51,3223.22,3225.45,7268
2025-04-11T17:15:00.000Z,3225.44,3228.99,3223.71,3227.31,6812
2025-04-11T17:30:00.000Z,3227.35,3235.53,3227,3231.84,6102
2025-04-11T17:45:00.000Z,3231.87,3234.33,3231.42,3233.91,5508
2025-04-11T18:00:00.000Z,3233.94,3237.18,3232.63,3233.34,4526
2025-04-11T18:15:00.000Z,3233.3,3236.55,3231.19,3236.26,4724
2025-04-11T18:30:00.000Z,3236.28,3238.23,3234.9,3235.76,4293
2025-04-11T18:45:00.000Z,3235.74,3236.63,3233.5,3235.71,3300
2025-04-11T19:00:00.000Z,3235.69,3235.69,3229.82,3230.54,5085
2025-04-11T19:15:00.000Z,3230.57,3231.72,3227.37,3231.38,4342
2025-04-11T19:30:00.000Z,3231.34,3231.36,3227.74,3230.05,3781
2025-04-11T19:45:00.000Z,3230.07,3232.01,3228.48,3230.91,3497
2025-04-11T20:00:00.000Z,3230.95,3237.01,3230.7,3235.89,1984
2025-04-11T20:15:00.000Z,3235.9,3236.27,3233.49,3234.58,1243
2025-04-11T20:30:00.000Z,3234.54,3236.81,3234.04,3235.52,1249
2025-04-11T20:45:00.000Z,3235.42,3237.6,3233.33,3237.3,716
2025-04-13T22:00:00.000Z,3226.78,3228.97,3209.21,3220.45,4499
2025-04-13T22:15:00.000Z,3220.31,3223.11,3213.59,3219.03,3532
2025-04-13T22:30:00.000Z,3219,3223.42,3217.29,3220.46,3126
2025-04-13T22:45:00.000Z,3220.35,3223.76,3220.27,3220.97,2724
2025-04-13T23:00:00.000Z,3221.01,3222.26,3216.7,3219.5,3197
2025-04-13T23:15:00.000Z,3219.51,3221.97,3216.97,3218.38,2542
2025-04-13T23:30:00.000Z,3218.37,3221.15,3218,3219.71,1524
2025-04-13T23:45:00.000Z,3219.67,3224.39,3218.46,3223.69,2731
2025-04-14T00:00:00.000Z,3223.75,3224.93,3220.79,3222.91,4251
2025-04-14T00:15:00.000Z,3222.92,3227.27,3221.96,3224.04,3498
2025-04-14T00:30:00.000Z,3224.03,3226.66,3220.26,3220.71,2863
2025-04-14T00:45:00.000Z,3220.66,3223.06,3219.17,3220.8,2862
2025-04-14T01:00:00.000Z,3220.82,3223.19,3215.28,3220.8,8693
2025-04-14T01:15:00.000Z,3220.82,3232.43,3217.7,3228.79,7397
2025-04-14T01:30:00.000Z,3228.77,3241.37,3226.45,3240.59,7405
2025-04-14T01:45:00.000Z,3240.59,3243.41,3237.02,3239.65,6256
2025-04-14T02:00:00.000Z,3239.6,3245.67,3239.05,3243.41,5424
2025-04-14T02:15:00.000Z,3243.65,3243.67,3233.17,3234.55,5100
2025-04-14T02:30:00.000Z,3234.56,3237.4,3229.5,3234.29,6080
2025-04-14T02:45:00.000Z,3234.29,3237.49,3230.35,3231.96,3486
2025-04-14T03:00:00.000Z,3231.97,3233.93,3226.93,3231.28,4817
2025-04-14T03:15:00.000Z,3231.26,3233.76,3229.12,3232.9,3294
2025-04-14T03:30:00.000Z,3232.84,3234.61,3231.09,3232.74,2105
2025-04-14T03:45:00.000Z,3232.77,3233.08,3231.42,3232.31,1958
2025-04-14T04:00:00.000Z,3232.32,3235.64,3232.04,3234.42,2720
2025-04-14T04:15:00.000Z,3234.37,3235.02,3229.08,3232.47,2917
2025-04-14T04:30:00.000Z,3232.62,3232.62,3229.23,3229.94,2077
2025-04-14T04:45:00.000Z,3229.9,3229.94,3226.1,3227.3,2597
2025-04-14T05:00:00.000Z,3227.25,3227.77,3223.95,3226.61,3350
2025-04-14T05:15:00.000Z,3226.58,3227.1,3221.23,3224.87,3274
2025-04-14T05:30:00.000Z,3224.85,3231.55,3223.15,3227.88,5311
2025-04-14T05:45:00.000Z,3227.86,3236,3227.81,3234.36,3945
2025-04-14T06:00:00.000Z,3234.34,3235.57,3229.73,3230.73,5156
2025-04-14T06:15:00.000Z,3230.73,3238.01,3229.25,3235.74,4890
2025-04-14T06:30:00.000Z,3235.73,3236.05,3230.18,3231.24,5516
2025-04-14T06:45:00.000Z,3231.27,3231.84,3228.73,3231.02,5539
2025-04-14T07:00:00.000Z,3231.05,3233.42,3228.7,3229.51,5567
2025-04-14T07:15:00.000Z,3229.52,3232.46,3228.46,3231.17,4065
2025-04-14T07:30:00.000Z,3231.15,3233.67,3228.25,3228.26,4894
2025-04-14T07:45:00.000Z,3228.36,3230.44,3224.68,3227.96,5122
2025-04-14T08:00:00.000Z,3227.95,3229.06,3217.41,3219.25,7180
2025-04-14T08:15:00.000Z,3219.24,3224.64,3216.51,3224.63,5055
2025-04-14T08:30:00.000Z,3224.62,3226.28,3221.58,3222.13,4623
2025-04-14T08:45:00.000Z,3222.14,3230.08,3221.26,3226.9,4786
2025-04-14T09:00:00.000Z,3226.89,3230.79,3225.15,3230.06,4573
2025-04-14T09:15:00.000Z,3230.05,3231.61,3223.58,3224.33,4615
2025-04-14T09:30:00.000Z,3224.26,3224.26,3220.65,3222.98,4658
2025-04-14T09:45:00.000Z,3222.83,3226.39,3221.78,3223.92,3939
2025-04-14T10:00:00.000Z,3223.91,3224.61,3220.1,3220.43,4766
2025-04-14T10:15:00.000Z,3220.45,3220.6,3206.62,3209.4,6424
2025-04-14T10:30:00.000Z,3209.43,3213.65,3206.25,3208.08,7512
2025-04-14T10:45:00.000Z,3208.07,3215.95,3207.38,3215.28,5253
2025-04-14T11:00:00.000Z,3215.25,3223.04,3213.95,3223.03,5857
2025-04-14T11:15:00.000Z,3223.01,3225.23,3220.9,3223.01,5406
2025-04-14T11:30:00.000Z,3222.97,3225.72,3222.3,3225,3801
2025-04-14T11:45:00.000Z,3224.96,3225.79,3221.64,3223.34,3408
2025-04-14T12:00:00.000Z,3223.45,3227.64,3222.55,3226.34,4830
2025-04-14T12:15:00.000Z,3226.37,3226.43,3210.92,3211.81,7779
2025-04-14T12:30:00.000Z,3211.85,3214.11,3200.69,3206.85,8899
2025-04-14T12:45:00.000Z,3206.65,3211.99,3203.57,3206.79,8012
2025-04-14T13:00:00.000Z,3206.85,3210.76,3195.17,3196.31,9723
2025-04-14T13:15:00.000Z,3196.36,3205.37,3193.67,3204.89,9333
2025-04-14T13:30:00.000Z,3204.87,3207.81,3194.7,3207.75,10557
2025-04-14T13:45:00.000Z,3207.61,3209.75,3201.78,3204.63,8815
2025-04-14T14:00:00.000Z,3204.61,3205.53,3195.33,3202.42,7577
2025-04-14T14:15:00.000Z,3202.43,3205.43,3200.06,3204.5,6605
2025-04-14T14:30:00.000Z,3204.48,3209.68,3204.48,3208.56,5124
2025-04-14T14:45:00.000Z,3208.55,3215.55,3207.81,3211.09,6088
2025-04-14T15:00:00.000Z,3211.06,3211.14,3206.84,3209.43,6314
2025-04-14T15:15:00.000Z,3209.53,3209.89,3205.41,3205.7,5399
2025-04-14T15:30:00.000Z,3205.78,3207.43,3197.25,3198.05,6951
2025-04-14T15:45:00.000Z,3198.07,3201.32,3196.35,3198.05,7095
2025-04-14T16:00:00.000Z,3198.13,3203.1,3197.7,3202.46,5919
2025-04-14T16:15:00.000Z,3202.5,3206.29,3201.95,3204.99,4876
2025-04-14T16:30:00.000Z,3205,3207.45,3204.52,3206.34,4009
2025-04-14T16:45:00.000Z,3206.41,3208.22,3204.79,3207.54,4070
2025-04-14T17:00:00.000Z,3207.55,3211.44,3207.03,3210.43,5289
2025-04-14T17:15:00.000Z,3210.55,3210.97,3208.29,3210.42,4424
2025-04-14T17:30:00.000Z,3210.31,3216.38,3210.14,3216.07,4727
2025-04-14T17:45:00.000Z,3215.97,3215.97,3212.17,3214.04,3460
2025-04-14T18:00:00.000Z,3214.03,3214.77,3212.35,3213.28,2654
2025-04-14T18:15:00.000Z,3213.29,3214.39,3209.21,3210.17,3803
2025-04-14T18:30:00.000Z,3210.14,3211.15,3201.32,3204.38,4665
2025-04-14T18:45:00.000Z,3204.37,3208.99,3202.28,3208.05,3272
2025-04-14T19:00:00.000Z,3208.08,3210.2,3207.7,3209.91,2609
2025-04-14T19:15:00.000Z,3209.9,3212.35,3209.52,3211.26,2338
2025-04-14T19:30:00.000Z,3211.25,3211.88,3208.66,3209.62,2723
2025-04-14T19:45:00.000Z,3209.74,3212.99,3209.74,3212.68,3257
2025-04-14T20:00:00.000Z,3212.72,3213.68,3210.25,3212.06,1826
2025-04-14T20:15:00.000Z,3212.06,3212.06,3209.34,3211.83,1399
2025-04-14T20:30:00.000Z,3211.81,3211.89,3207.26,3211.28,920
2025-04-14T20:45:00.000Z,3211.32,3211.47,3209.94,3210.57,584
2025-04-14T22:00:00.000Z,3211.03,3213.49,3210.72,3212.48,1143
2025-04-14T22:15:00.000Z,3212.45,3213.04,3212.11,3212.85,404
2025-04-14T22:30:00.000Z,3212.69,3215.11,3212.34,3214.53,977
2025-04-14T22:45:00.000Z,3214.56,3214.59,3212.09,3212.15,1075
2025-04-14T23:00:00.000Z,3212.13,3212.31,3210.41,3211.53,965
2025-04-14T23:15:00.000Z,3211.43,3213.22,3211.38,3212.98,656
2025-04-14T23:30:00.000Z,3212.86,3213.26,3210.92,3211.93,944
2025-04-14T23:45:00.000Z,3211.94,3214.26,3211.49,3212.5,1675
2025-04-15T00:00:00.000Z,3212.47,3214.12,3210.73,3213.97,1731
2025-04-15T00:15:00.000Z,3213.96,3215.24,3211.2,3212.97,2066
2025-04-15T00:30:00.000Z,3213.03,3214.37,3211.09,3212.01,2129
2025-04-15T00:45:00.000Z,3212.02,3212.77,3211.28,3211.84,1324
2025-04-15T01:00:00.000Z,3211.7,3217.53,3209.93,3217.52,5263
2025-04-15T01:15:00.000Z,3217.53,3225.22,3216.88,3223.25,5203
2025-04-15T01:30:00.000Z,3223.2,3225.85,3217.08,3221.5,5299
2025-04-15T01:45:00.000Z,3221.53,3223.86,3219.81,3223.63,2751
2025-04-15T02:00:00.000Z,3223.63,3224.18,3218.69,3219.09,3481
2025-04-15T02:15:00.000Z,3219.1,3221.57,3219.01,3220.92,1820
2025-04-15T02:30:00.000Z,3220.88,3224.38,3220.35,3222.23,3265
2025-04-15T02:45:00.000Z,3222.24,3224.91,3221.82,3224.34,2426
2025-04-15T03:00:00.000Z,3224.19,3228,3223.88,3225.14,3826
2025-04-15T03:15:00.000Z,3225.09,3225.58,3223.64,3223.89,2503
2025-04-15T03:30:00.000Z,3223.9,3225.87,3223.46,3225.67,2179
2025-04-15T03:45:00.000Z,3225.64,3229.04,3223.08,3228.35,3098
2025-04-15T04:00:00.000Z,3228.38,3230.06,3227.28,3227.91,1987
2025-04-15T04:15:00.000Z,3227.93,3228.95,3226.8,3228.77,1582
2025-04-15T04:30:00.000Z,3228.74,3230.39,3227.17,3228.45,1653
2025-04-15T04:45:00.000Z,3230.49,3232.48,3230.04,3231.81,1349
2025-04-15T05:00:00.000Z,3231.77,3232.03,3227.38,3227.67,2269
2025-04-15T05:15:00.000Z,3227.66,3228.61,3223.7,3223.82,3065
2025-04-15T05:30:00.000Z,3223.81,3227.37,3221.67,3222.24,4082
2025-04-15T05:45:00.000Z,3222.23,3226.25,3220.71,3224.53,3077
2025-04-15T06:00:00.000Z,3224.52,3227.95,3223.16,3226.02,3625
2025-04-15T06:15:00.000Z,3226,3227.6,3224.03,3226.91,2555
2025-04-15T06:30:00.000Z,3226.93,3228.68,3225.44,3227.82,3320
2025-04-15T06:45:00.000Z,3227.81,3228.33,3224.38,3225.2,3653
2025-04-15T07:00:00.000Z,3225.17,3226.52,3221.99,3222.06,3925
2025-04-15T07:15:00.000Z,3222.03,3223.79,3219.78,3220.5,4142
2025-04-15T07:30:00.000Z,3220.51,3220.99,3217.55,3220.34,4305
2025-04-15T07:45:00.000Z,3220.23,3225.58,3217.28,3225.54,4783
2025-04-15T08:00:00.000Z,3225.62,3231.37,3224.37,3231.1,6564
2025-04-15T08:15:00.000Z,3231.19,3232.08,3228.47,3229.28,4236
2025-04-15T08:30:00.000Z,3229.41,3230.33,3225.87,3227.9,3955
2025-04-15T08:45:00.000Z,3227.86,3229.31,3225.42,3227.66,3439
2025-04-15T09:00:00.000Z,3227.72,3230.04,3226.42,3228.61,3013
2025-04-15T09:15:00.000Z,3228.63,3229.61,3226.99,3228.52,2480
2025-04-15T09:30:00.000Z,3228.55,3228.71,3223.39,3223.66,2943
2025-04-15T09:45:00.000Z,3223.64,3224.24,3221.08,3222.53,3359
2025-04-15T10:00:00.000Z,3222.56,3226.9,3221.73,3226.28,2863
2025-04-15T10:15:00.000Z,3226.29,3226.31,3223.34,3224.32,2277
2025-04-15T10:30:00.000Z,3224.31,3225.29,3222.42,3223.57,3035
2025-04-15T10:45:00.000Z,3223.57,3224.24,3219.54,3220.19,3511
2025-04-15T11:00:00.000Z,3220.23,3224.09,3220.16,3221.83,3175
2025-04-15T11:15:00.000Z,3221.78,3222.85,3219.59,3220.27,3238
2025-04-15T11:30:00.000Z,3220.28,3220.94,3218.02,3218.91,3209
2025-04-15T11:45:00.000Z,3218.85,3220.96,3216.76,3220.01,4140
2025-04-15T12:00:00.000Z,3220.17,3224.32,3219.44,3223.5,4863
2025-04-15T12:15:00.000Z,3223.51,3226.14,3214.19,3219.74,6766
2025-04-15T12:30:00.000Z,3219.74,3222.38,3215.37,3220.4,5339
2025-04-15T12:45:00.000Z,3220.31,3223.39,3218.29,3221.45,4627
2025-04-15T13:00:00.000Z,3221.46,3226.26,3219.83,3222.55,6758
2025-04-15T13:15:00.000Z,3222.55,3223.92,3218.95,3220.85,5558
2025-04-15T13:30:00.000Z,3220.81,3224.25,3214.98,3215.04,7352
2025-04-15T13:45:00.000Z,3215.04,3218.52,3211.57,3212.96,7261
2025-04-15T14:00:00.000Z,3212.92,3221.82,3212.92,3220.18,6776
2025-04-15T14:15:00.000Z,3220.27,3226.77,3218.96,3224.48,7232
2025-04-15T14:30:00.000Z,3224.41,3225.69,3219.96,3222.2,4947
2025-04-15T14:45:00.000Z,3222.17,3224.41,3219.41,3222.57,5121
2025-04-15T15:00:00.000Z,3222.57,3222.83,3216.9,3219.08,6188
2025-04-15T15:15:00.000Z,3219.09,3221.93,3217.69,3221.62,3072
2025-04-15T15:30:00.000Z,3221.7,3223.99,3219.1,3219.15,1178
2025-04-15T15:45:00.000Z,3219.12,3221.89,3218.57,3221.23,1241
2025-04-15T16:00:00.000Z,3221.26,3223.37,3220.79,3222.94,2133
2025-04-15T16:15:00.000Z,3222.93,3223.31,3219.81,3221.5,2803
2025-04-15T16:30:00.000Z,3221.49,3222.45,3219.47,3221.76,2377
2025-04-15T16:45:00.000Z,3221.84,3222.27,3220.56,3221.36,2729
2025-04-15T17:00:00.000Z,3221.39,3223.19,3220.29,3221.41,1833
2025-04-15T17:15:00.000Z,3221.3,3224.03,3220.49,3223.63,2772
2025-04-15T17:30:00.000Z,3223.61,3229.53,3223.53,3228.72,3338
2025-04-15T17:45:00.000Z,3228.73,3230.62,3227.53,3227.89,3328
2025-04-15T18:00:00.000Z,3227.92,3228.75,3225.58,3226.73,2408
2025-04-15T18:15:00.000Z,3226.76,3228.59,3226.1,3228.4,2817
2025-04-15T18:30:00.000Z,3228.37,3229.48,3226.61,3227.92,2853
2025-04-15T18:45:00.000Z,3227.91,3229.63,3227.3,3229.1,2149
2025-04-15T19:00:00.000Z,3229.07,3231.74,3228.77,3231.71,1880
2025-04-15T19:15:00.000Z,3231.71,3231.84,3226.61,3226.76,2328
2025-04-15T19:30:00.000Z,3226.75,3228,3226.15,3227.86,1745
2025-04-15T19:45:00.000Z,3227.85,3229.79,3226.86,3229.78,2345
2025-04-15T20:00:00.000Z,3229.81,3233.54,3229.8,3231.08,2077
2025-04-15T20:15:00.000Z,3231.06,3231.06,3226.61,3228.57,1455
2025-04-15T20:30:00.000Z,3228.56,3230.29,3227.72,3228.11,994
2025-04-15T20:45:00.000Z,3228.11,3231.17,3226.3,3229.39,947
2025-04-15T22:00:00.000Z,3231.06,3233.28,3229.74,3232.17,1013
2025-04-15T22:15:00.000Z,3232.19,3235.19,3231.4,3234.97,613
2025-04-15T22:30:00.000Z,3234.96,3238.86,3234.19,3238.77,2317
2025-04-15T22:45:00.000Z,3238.78,3242.18,3237.48,3241.31,1907
2025-04-15T23:00:00.000Z,3241.41,3241.69,3238.27,3241.69,1972
2025-04-15T23:15:00.000Z,3241.73,3243.61,3240.03,3242.61,2087
2025-04-15T23:30:00.000Z,3242.57,3248.37,3242.19,3243.84,2937
2025-04-15T23:45:00.000Z,3243.78,3251.74,3240.54,3251.74,3849
2025-04-16T00:00:00.000Z,3251.66,3261.88,3251.59,3255.82,6890
2025-04-16T00:15:00.000Z,3255.97,3262.22,3255.81,3261.52,4761
2025-04-16T00:30:00.000Z,3261.52,3266.65,3261.15,3263.73,4798
2025-04-16T00:45:00.000Z,3263.74,3267.86,3263.48,3264.49,4103
2025-04-16T01:00:00.000Z,3264.5,3274.9,3264.21,3269.54,8993
2025-04-16T01:15:00.000Z,3269.64,3273.43,3264.52,3264.79,6115
2025-04-16T01:30:00.000Z,3264.8,3266.89,3255.88,3265.79,7673
2025-04-16T01:45:00.000Z,3265.64,3271.26,3265.52,3270.01,4491
2025-04-16T02:00:00.000Z,3270.02,3275.3,3268.66,3271.36,5411
2025-04-16T02:15:00.000Z,3271.42,3273.25,3269.86,3271.72,2948
2025-04-16T02:30:00.000Z,3271.66,3274.19,3268.7,3269.39,3776
2025-04-16T02:45:00.000Z,3269.42,3270.36,3266.82,3267.66,3461
2025-04-16T03:00:00.000Z,3267.67,3273.42,3266.21,3271.92,3689
2025-04-16T03:15:00.000Z,3271.85,3276.26,3267.07,3275.78,3744
2025-04-16T03:30:00.000Z,3276.26,3276.96,3274.91,3276.2,2834
2025-04-16T03:45:00.000Z,3276.17,3281.69,3275.17,3281.43,4139
2025-04-16T04:00:00.000Z,3281.5,3283.65,3279.35,3279.62,2498
2025-04-16T04:15:00.000Z,3279.61,3279.61,3270.84,3271.45,3530
2025-04-16T04:30:00.000Z,3271.47,3280.04,3269.17,3279.14,5710
2025-04-16T04:45:00.000Z,3279.15,3287.52,3276.82,3283.68,4398
2025-04-16T05:00:00.000Z,3283.66,3288.94,3283.63,3287.29,3688
2025-04-16T05:15:00.000Z,3287.31,3290.56,3286.2,3289.06,2962
2025-04-16T05:30:00.000Z,3288.91,3291.7,3287.71,3288.92,5044
2025-04-16T05:45:00.000Z,3288.93,3291.24,3286.52,3289.74,4855
2025-04-16T06:00:00.000Z,3289.82,3290.06,3286,3289.67,5095
2025-04-16T06:15:00.000Z,3289.71,3292.65,3289.43,3290.2,3313
2025-04-16T06:30:00.000Z,3290.29,3295.03,3286.72,3288.87,6587
2025-04-16T06:45:00.000Z,3288.9,3291.93,3287.5,3291.75,5543
2025-04-16T07:00:00.000Z,3291.77,3298.06,3291.37,3297.06,7910
2025-04-16T07:15:00.000Z,3297.09,3297.95,3292.21,3297.2,5131
2025-04-16T07:30:00.000Z,3297.26,3297.57,3294.42,3294.85,5214
2025-04-16T07:45:00.000Z,3294.86,3300.87,3294.77,3300.38,5341
2025-04-16T08:00:00.000Z,3300.37,3309.81,3299.45,3309.8,7046
2025-04-16T08:15:00.000Z,3309.79,3317.77,3299.71,3299.8,9124
2025-04-16T08:30:00.000Z,3299.78,3301.35,3288.75,3292.25,9550
2025-04-16T08:45:00.000Z,3292.18,3309.93,3291.08,3306.94,7166
2025-04-16T09:00:00.000Z,3306.97,3307.69,3299.99,3306.98,6023
2025-04-16T09:15:00.000Z,3306.98,3310.89,3305.37,3305.44,5219
2025-04-16T09:30:00.000Z,3305.35,3307.35,3302.04,3302.07,3612
2025-04-16T09:45:00.000Z,3302.09,3305.23,3301.68,3303.5,3294
2025-04-16T10:00:00.000Z,3303.55,3306.05,3299.65,3299.91,3337
2025-04-16T10:15:00.000Z,3299.87,3304.52,3299.7,3304.01,3852
2025-04-16T10:30:00.000Z,3304,3305.24,3302.18,3304.82,3002
2025-04-16T10:45:00.000Z,3304.67,3306.84,3302.22,3304.1,3259
2025-04-16T11:00:00.000Z,3304.09,3305.31,3296.27,3297.68,4755
2025-04-16T11:15:00.000Z,3297.68,3300.48,3292.86,3295.07,4624
2025-04-16T11:30:00.000Z,3295.06,3303.63,3295.05,3303.02,4542
2025-04-16T11:45:00.000Z,3303.01,3313.56,3302.99,3306.79,7742
2025-04-16T12:00:00.000Z,3306.72,3309.63,3304.84,3307.14,5669
2025-04-16T12:15:00.000Z,3307.12,3308.92,3304.87,3306.96,4925
2025-04-16T12:30:00.000Z,3306.94,3312.61,3302.47,3312.57,6935
2025-04-16T12:45:00.000Z,3312.72,3313.4,3305.78,3307.22,6132
2025-04-16T13:00:00.000Z,3307.34,3311.24,3304.8,3306.42,7056
2025-04-16T13:15:00.000Z,3306.3,3308.9,3299.01,3304.97,7977
2025-04-16T13:30:00.000Z,3304.91,3306.44,3296.81,3298.7,8530
2025-04-16T13:45:00.000Z,3298.71,3316.4,3298.42,3311.54,9364
2025-04-16T14:00:00.000Z,3311.55,3319.41,3307.32,3309.05,9611
2025-04-16T14:15:00.000Z,3309.12,3314.71,3307.42,3313.1,7250
2025-04-16T14:30:00.000Z,3313.05,3314.93,3309.37,3309.72,6937
2025-04-16T14:45:00.000Z,3309.63,3312.58,3306.16,3308.51,6901
2025-04-16T15:00:00.000Z,3308.49,3314.3,3305.18,3309.29,7189
2025-04-16T15:15:00.000Z,3309.27,3314.05,3308.62,3314.01,5867
2025-04-16T15:30:00.000Z,3314.02,3324.99,3313.81,3321.88,6723
2025-04-16T15:45:00.000Z,3321.86,3328.14,3320.97,3325.34,6775
2025-04-16T16:00:00.000Z,3325.21,3328.43,3324.21,3326.3,5564
2025-04-16T16:15:00.000Z,3326.25,3332.89,3325.95,3332.08,5144
2025-04-16T16:30:00.000Z,3332.09,3332.23,3321.36,3322.46,6083
2025-04-16T16:45:00.000Z,3322.42,3327.21,3322.19,3327.21,6010
2025-04-16T17:00:00.000Z,3327.24,3328.76,3325.4,3326.71,5271
2025-04-16T17:15:00.000Z,3326.71,3330.37,3326.56,3329.93,5539
2025-04-16T17:30:00.000Z,3329.89,3332.72,3324.33,3330.12,7244
2025-04-16T17:45:00.000Z,3328.43,3329.7,3325.97,3327.59,4612
2025-04-16T18:00:00.000Z,3328.07,3332.88,3326.34,3332.12,6309
2025-04-16T18:15:00.000Z,3332.28,3338.79,3331.53,3338.32,5384
2025-04-16T18:30:00.000Z,3338.16,3339.44,3336.32,3338.05,4483
2025-04-16T18:45:00.000Z,3338.07,3340.74,3337.07,3338.24,5297
2025-04-16T19:00:00.000Z,3338.27,3342.39,3337.31,3338.89,4873
2025-04-16T19:15:00.000Z,3338.9,3341.21,3338.01,3339.43,3382
2025-04-16T19:30:00.000Z,3339.49,3340.22,3336.5,3338.08,3655
2025-04-16T19:45:00.000Z,3338.07,3339.85,3335.85,3336.59,4731
2025-04-16T20:00:00.000Z,3336.66,3339.96,3334.34,3334.35,2969
2025-04-16T20:15:00.000Z,3334.36,3338.98,3334.36,3338.71,2050
2025-04-16T20:30:00.000Z,3338.84,3339.15,3337.55,3339.04,2157
2025-04-16T20:45:00.000Z,3339.05,3342.81,3338.41,3342.52,2249
2025-04-16T22:00:00.000Z,3343.05,3355.73,3342.74,3354.12,3650
2025-04-16T22:15:00.000Z,3354.24,3357.64,3352.22,3352.84,1838
2025-04-16T22:30:00.000Z,3352.83,3354.7,3351.69,3352.85,2012
2025-04-16T22:45:00.000Z,3352.86,3353.1,3350.33,3350.92,1636
2025-04-16T23:00:00.000Z,3351.11,3353.32,3348.95,3349.92,2478
2025-04-16T23:15:00.000Z,3349.93,3351.98,3349.46,3351.05,1681
2025-04-16T23:30:00.000Z,3351.04,3352,3349.5,3351.42,2380
2025-04-16T23:45:00.000Z,3351.44,3352.6,3346.97,3350.02,3110
2025-04-17T00:00:00.000Z,3350.13,3350.61,3343.6,3345.31,5199
2025-04-17T00:15:00.000Z,3345.25,3349.49,3344.42,3348.68,3563
2025-04-17T00:30:00.000Z,3348.85,3351.17,3341.98,3342.67,4092
2025-04-17T00:45:00.000Z,3342.58,3348.38,3341.96,3345.27,3892
2025-04-17T01:00:00.000Z,3345.17,3353.29,3343.15,3352.8,6473
2025-04-17T01:15:00.000Z,3352.86,3356.16,3347.67,3348.1,5936
2025-04-17T01:30:00.000Z,3348.15,3348.28,3329.56,3342.79,10570
2025-04-17T01:45:00.000Z,3342.72,3342.72,3320.66,3323.94,11008
2025-04-17T02:00:00.000Z,3323.9,3335.38,3320.99,3335.19,7760
2025-04-17T02:15:00.000Z,3335.24,3338.52,3332.11,3337.16,4583
2025-04-17T02:30:00.000Z,3337.12,3339.91,3329.78,3331.63,5896
2025-04-17T02:45:00.000Z,3331.61,3340.47,3329.42,3340.29,5560
2025-04-17T03:00:00.000Z,3340.32,3341.66,3337.47,3340.78,4543
2025-04-17T03:15:00.000Z,3340.77,3343.07,3339.03,3342.71,3139
2025-04-17T03:30:00.000Z,3342.69,3343.1,3339.12,3341.82,3593
2025-04-17T03:45:00.000Z,3341.83,3344.49,3340.28,3344.43,3212
2025-04-17T04:00:00.000Z,3344.16,3344.18,3338.69,3343.62,3297
2025-04-17T04:15:00.000Z,3343.63,3343.63,3340.32,3341.78,2582
2025-04-17T04:30:00.000Z,3341.77,3341.83,3338.45,3338.51,2837
2025-04-17T04:45:00.000Z,3338.52,3341.65,3337.86,3341.52,2385
2025-04-17T05:00:00.000Z,3341.55,3345.35,3336.68,3336.82,4322
2025-04-17T05:15:00.000Z,3336.78,3341.08,3336.7,3336.8,2259
2025-04-17T05:30:00.000Z,3336.85,3337.34,3333.2,3333.27,4894
2025-04-17T05:45:00.000Z,3333.22,3336.03,3328.47,3329.34,4815
2025-04-17T06:00:00.000Z,3329.48,3330.98,3325.2,3330.78,7618
2025-04-17T06:15:00.000Z,3330.82,3333.01,3325.37,3327.97,5674
2025-04-17T06:30:00.000Z,3327.91,3332.98,3327.07,3329.1,4932
2025-04-17T06:45:00.000Z,3329.03,3332.6,3328.2,3328.99,4812
2025-04-17T07:00:00.000Z,3328.95,3330.17,3319.89,3322.01,6541
2025-04-17T07:15:00.000Z,3322.01,3323.09,3314.18,3316.79,7799
2025-04-17T07:30:00.000Z,3316.81,3325.2,3316.54,3323.15,5628
2025-04-17T07:45:00.000Z,3323.17,3324.31,3320.37,3323.41,4077
2025-04-17T08:00:00.000Z,3323.39,3324.98,3319.78,3322.37,3840
2025-04-17T08:15:00.000Z,3322.32,3323.44,3316.4,3316.55,4567
2025-04-17T08:30:00.000Z,3316.59,3321.22,3312.71,3318.23,5350
2025-04-17T08:45:00.000Z,3318.34,3324.2,3318.08,3324.16,3180
2025-04-17T09:00:00.000Z,3324.14,3324.6,3320.67,3322.58,3171
2025-04-17T09:15:00.000Z,3322.57,3326.88,3321.59,3323.88,4232
2025-04-17T09:30:00.000Z,3323.83,3324.87,3322.03,3322.03,3611
2025-04-17T09:45:00.000Z,3322.04,3323.62,3321.35,3321.58,2883
2025-04-17T10:00:00.000Z,3321.59,3324.6,3321.13,3324.24,3507
2025-04-17T10:15:00.000Z,3324.25,3333.97,3322.47,3325.55,4741
2025-04-17T10:30:00.000Z,3325.57,3329.98,3325.01,3328.48,4117
2025-04-17T10:45:00.000Z,3328.11,3329.17,3326.1,3327.6,2852
2025-04-17T11:00:00.000Z,3327.65,3330.99,3326.92,3329.68,2802
2025-04-17T11:15:00.000Z,3329.58,3332.42,3323.12,3326.88,4484
2025-04-17T11:30:00.000Z,3326.91,3329.79,3322.52,3323.16,4501
2025-04-17T11:45:00.000Z,3323.37,3327.54,3322.47,3327.32,4488
2025-04-17T12:00:00.000Z,3327.35,3338.62,3327.28,3336.47,5547
2025-04-17T12:15:00.000Z,3336.51,3341.96,3325.18,3325.93,7603
2025-04-17T12:30:00.000Z,3326.05,3329.29,3322.8,3324.1,7208
2025-04-17T12:45:00.000Z,3324.16,3328.38,3322.2,3328.15,6357
2025-04-17T13:00:00.000Z,3328.33,3331.49,3325.04,3326.36,8413
2025-04-17T13:15:00.000Z,3326.39,3329.18,3321.57,3322.98,7774
2025-04-17T13:30:00.000Z,3323.04,3332.02,3320.04,3329.46,9596
2025-04-17T13:45:00.000Z,3329.7,3329.7,3311.97,3315.23,10532
2025-04-17T14:00:00.000Z,3315.24,3315.24,3305.3,3312.59,10805
2025-04-17T14:15:00.000Z,3312.58,3313.49,3301.75,3303.4,9594
2025-04-17T14:30:00.000Z,3303.41,3304.47,3283.96,3294.52,11821
2025-04-17T14:45:00.000Z,3294.53,3296.85,3286.07,3291.35,9365
2025-04-17T15:00:00.000Z,3291.36,3303.84,3290.65,3303.46,9035
2025-04-17T15:15:00.000Z,3303.45,3304.84,3296.97,3298.04,7022
2025-04-17T15:30:00.000Z,3298.05,3299.82,3293.47,3297.25,5570
2025-04-17T15:45:00.000Z,3297.34,3299.44,3294.75,3296.33,5367
2025-04-17T16:00:00.000Z,3296.51,3299.93,3294.86,3299.71,5892
2025-04-17T16:15:00.000Z,3299.8,3310.07,3299.74,3309.95,6808
2025-04-17T16:30:00.000Z,3309.97,3313.71,3309.7,3310.37,6445
2025-04-17T16:45:00.000Z,3310.32,3318.73,3308.59,3316.12,6186
2025-04-17T17:00:00.000Z,3316.19,3322.54,3315.86,3319.37,6287
2025-04-17T17:15:00.000Z,3319.38,3320.42,3314.64,3315,5500
2025-04-17T17:30:00.000Z,3315.01,3318.53,3314.18,3318.49,3723
2025-04-17T17:45:00.000Z,3318.53,3322.17,3317.71,3318.89,4452
2025-04-17T18:00:00.000Z,3318.92,3320.8,3317.55,3319.15,3673
2025-04-17T18:15:00.000Z,3319.13,3320.3,3317.85,3319.03,2908
2025-04-17T18:30:00.000Z,3319.01,3319.04,3314.92,3316.62,2400
2025-04-17T18:45:00.000Z,3316.6,3317.48,3314.15,3316.22,2844
2025-04-17T19:00:00.000Z,3316.15,3317.86,3315.42,3315.51,2457
2025-04-17T19:15:00.000Z,3315.46,3315.62,3310.93,3312.66,2700
2025-04-17T19:30:00.000Z,3312.68,3320.2,3312.09,3320.16,2401
2025-04-17T19:45:00.000Z,3320.22,3321.89,3318.85,3320.64,2842
2025-04-17T20:00:00.000Z,3320.61,3322.44,3317.88,3321.88,1928
2025-04-17T20:15:00.000Z,3321.89,3325.09,3320.55,3324.81,1307
2025-04-17T20:30:00.000Z,3324.89,3327.09,3324,3326.51,1185
2025-04-17T20:45:00.000Z,3326.48,3328.13,3325.21,3325.39,1671
2025-04-20T22:00:00.000Z,3331.05,3338.39,3328.24,3338.21,3822
2025-04-20T22:15:00.000Z,3338.06,3352.7,3338.06,3343.41,5040
2025-04-20T22:30:00.000Z,3343.43,3347.9,3340.67,3346.47,2482
2025-04-20T22:45:00.000Z,3346.53,3348.24,3342.42,3345.8,2182
2025-04-20T23:00:00.000Z,3346.06,3351.76,3343.31,3347.72,3541
2025-04-20T23:15:00.000Z,3347.7,3349.26,3343.94,3348.92,2358
2025-04-20T23:30:00.000Z,3348.91,3350.67,3343.91,3346.56,2255
2025-04-20T23:45:00.000Z,3346.56,3349.75,3344.51,3348.07,2609
2025-04-21T00:00:00.000Z,3348.06,3356.08,3347.46,3354.09,5436
2025-04-21T00:15:00.000Z,3354.08,3355.99,3352.32,3355.5,3560
2025-04-21T00:30:00.000Z,3355.47,3370.67,3355.31,3369.74,6666
2025-04-21T00:45:00.000Z,3369.76,3369.76,3364.78,3368.69,4674
2025-04-21T01:00:00.000Z,3368.77,3376.49,3368.33,3373.71,8767
2025-04-21T01:15:00.000Z,3373.88,3375.7,3367.35,3371.27,6097
2025-04-21T01:30:00.000Z,3371.28,3377,3370.43,3376.3,4802
2025-04-21T01:45:00.000Z,3376.35,3378.52,3371.61,3377.44,5062
2025-04-21T02:00:00.000Z,3377.47,3382.59,3374.04,3377.48,6026
2025-04-21T02:15:00.000Z,3377.67,3382.05,3376.5,3381.48,4737
2025-04-21T02:30:00.000Z,3381.58,3384.61,3379.46,3382.65,4786
2025-04-21T02:45:00.000Z,3382.66,3384.94,3381.93,3384.73,3908
2025-04-21T03:00:00.000Z,3384.76,3385.22,3380.22,3380.91,4518
2025-04-21T03:15:00.000Z,3380.92,3383.24,3378.18,3382.3,4154
2025-04-21T03:30:00.000Z,3382.31,3384.98,3382.22,3382.93,2883
2025-04-21T03:45:00.000Z,3382.94,3384.46,3381.91,3382.31,2800
2025-04-21T04:00:00.000Z,3382.33,3382.33,3373.6,3373.68,4682
2025-04-21T04:15:00.000Z,3373.71,3376.78,3369.24,3374.38,4071
2025-04-21T04:30:00.000Z,3374.37,3377.17,3373.41,3377.16,2103
2025-04-21T04:45:00.000Z,3377.19,3377.19,3374.15,3376.4,1916
2025-04-21T05:00:00.000Z,3376.36,3385.7,3375.62,3382.78,4732
2025-04-21T05:15:00.000Z,3382.74,3383.19,3378.85,3381.73,2312
2025-04-21T05:30:00.000Z,3381.76,3384.33,3379.6,3382.67,3653
2025-04-21T05:45:00.000Z,3382.63,3385.85,3381.66,3385.38,2871
2025-04-21T06:00:00.000Z,3385.41,3389.59,3382.38,3388.03,6358
2025-04-21T06:15:00.000Z,3387.89,3391.06,3387.17,3389.5,5043
2025-04-21T06:30:00.000Z,3389.31,3391.68,3387.73,3391,5161
2025-04-21T06:45:00.000Z,3390.99,3393.32,3389.5,3392.29,4825
2025-04-21T07:00:00.000Z,3392.2,3394.76,3390.94,3393.76,4889
2025-04-21T07:15:00.000Z,3393.8,3395.97,3392.52,3394.32,4636
2025-04-21T07:30:00.000Z,3394.33,3395.62,3390.93,3391.57,4921
2025-04-21T07:45:00.000Z,3391.62,3391.68,3381.79,3384.89,7274
2025-04-21T08:00:00.000Z,3384.83,3387.56,3383.66,3385.33,4818
2025-04-21T08:15:00.000Z,3385.32,3389.97,3383.99,3389.29,4612
2025-04-21T08:30:00.000Z,3389.28,3390.21,3387.04,3390.01,3678
2025-04-21T08:45:00.000Z,3390.02,3394.13,3389.96,3392.74,4140
2025-04-21T09:00:00.000Z,3392.77,3396.49,3392.08,3394.35,3864
2025-04-21T09:15:00.000Z,3394.34,3397.06,3391.73,3395.8,4768
2025-04-21T09:30:00.000Z,3395.81,3396.3,3393.44,3395.5,3917
2025-04-21T09:45:00.000Z,3395.49,3395.55,3390.8,3394.87,4705
2025-04-21T10:00:00.000Z,3394.88,3396.88,3392.82,3396.86,3631
2025-04-21T10:15:00.000Z,3396.87,3397.73,3394.62,3395.75,4348
2025-04-21T10:30:00.000Z,3395.74,3396.56,3392.15,3392.66,4723
2025-04-21T10:45:00.000Z,3392.62,3396.88,3391.99,3394.93,4684
2025-04-21T11:00:00.000Z,3394.59,3394.87,3386.49,3388.84,4665
2025-04-21T11:15:00.000Z,3388.76,3392.72,3386.58,3392.6,6153
2025-04-21T11:30:00.000Z,3392.74,3403.89,3392.63,3403.43,7031
2025-04-21T11:45:00.000Z,3403.41,3405.87,3401.66,3404.37,4994
2025-04-21T12:00:00.000Z,3404.47,3406.65,3401.59,3402.58,6006
2025-04-21T12:15:00.000Z,3402.6,3407.83,3398.07,3398.45,8024
2025-04-21T12:30:00.000Z,3398.47,3407.34,3398.12,3407.3,6103
2025-04-21T12:45:00.000Z,3407.29,3415.71,3406.73,3414.85,7075
2025-04-21T13:00:00.000Z,3414.84,3424.52,3414.69,3420.59,9862
2025-04-21T13:15:00.000Z,3420.7,3421.63,3412.72,3416.63,8529
2025-04-21T13:30:00.000Z,3416.65,3420.5,3405.06,3416.84,11360
2025-04-21T13:45:00.000Z,3416.9,3426.69,3414.7,3420.41,8200
2025-04-21T14:00:00.000Z,3420.35,3430.25,3419.14,3426.44,7236
2025-04-21T14:15:00.000Z,3426.42,3429.4,3421.38,3426.37,7611
2025-04-21T14:30:00.000Z,3426.38,3427.74,3415.16,3418.16,8264
2025-04-21T14:45:00.000Z,3418.17,3418.84,3408.77,3416.79,7947
2025-04-21T15:00:00.000Z,3416.79,3418.57,3407.72,3411.73,7136
2025-04-21T15:15:00.000Z,3411.85,3421.03,3411.14,3420.62,6673
2025-04-21T15:30:00.000Z,3420.63,3426.05,3414.69,3423.38,6652
2025-04-21T15:45:00.000Z,3423.39,3424.19,3418.92,3422.91,5581
2025-04-21T16:00:00.000Z,3422.95,3423.99,3415.66,3416.49,5248
2025-04-21T16:15:00.000Z,3416.51,3417.04,3413.52,3414.44,5146
2025-04-21T16:30:00.000Z,3414.38,3415.63,3410.08,3413.09,4978
2025-04-21T16:45:00.000Z,3413.14,3416.07,3412.77,3414.5,4342
2025-04-21T17:00:00.000Z,3414.55,3414.99,3405.91,3409.02,7327
2025-04-21T17:15:00.000Z,3408.83,3415.31,3408.2,3414.06,6574
2025-04-21T17:30:00.000Z,3414.11,3421.34,3414.11,3417.85,4857
2025-04-21T17:45:00.000Z,3417.81,3422.79,3417.24,3422.46,4639
2025-04-21T18:00:00.000Z,3422.42,3424.58,3418.9,3419.72,5849
2025-04-21T18:15:00.000Z,3419.68,3425,3417.65,3424.75,5324
2025-04-21T18:30:00.000Z,3424.78,3426.6,3424.4,3425.61,3903
2025-04-21T18:45:00.000Z,3425.6,3426.61,3424.87,3426.3,4339
2025-04-21T19:00:00.000Z,3426.31,3430.47,3425.5,3427.75,3210
2025-04-21T19:15:00.000Z,3427.72,3429.23,3421.88,3422.11,4292
2025-04-21T19:30:00.000Z,3422.1,3424.22,3418.24,3418.29,3772
2025-04-21T19:45:00.000Z,3418.3,3424.02,3417.39,3423.44,4653
2025-04-21T20:00:00.000Z,3423.41,3424.24,3419.69,3421.11,2201
2025-04-21T20:15:00.000Z,3421.11,3423.62,3421.02,3422.27,2228
2025-04-21T20:30:00.000Z,3422.23,3425.17,3421.5,3424.03,1355
2025-04-21T20:45:00.000Z,3424.01,3426.95,3423.31,3423.73,1565
2025-04-21T22:00:00.000Z,3424.13,3433.51,3423.45,3432.04,2378
2025-04-21T22:15:00.000Z,3432.17,3435.92,3430.69,3433.74,2832
2025-04-21T22:30:00.000Z,3433.72,3433.72,3428.79,3430.16,2034
2025-04-21T22:45:00.000Z,3430.21,3433.53,3428.04,3431,2775
2025-04-21T23:00:00.000Z,3431.1,3434.63,3429.28,3433.68,2772
2025-04-21T23:15:00.000Z,3433.69,3441.66,3433.69,3441.39,4074
2025-04-21T23:30:00.000Z,3441.41,3444.47,3439.71,3441.69,3263
2025-04-21T23:45:00.000Z,3441.65,3441.65,3431.7,3434.44,4722
2025-04-22T00:00:00.000Z,3434.37,3435.3,3412.35,3417.27,7112
2025-04-22T00:15:00.000Z,3416.9,3431.67,3415.31,3427.61,6927
2025-04-22T00:30:00.000Z,3427.55,3429.81,3418.44,3424.72,4720
2025-04-22T00:45:00.000Z,3424.76,3427.2,3421.81,3425.42,3906
2025-04-22T01:00:00.000Z,3425.39,3434.35,3421.75,3433.85,7585
2025-04-22T01:15:00.000Z,3433.86,3441.34,3432.04,3439.88,6727
2025-04-22T01:30:00.000Z,3440.02,3453.16,3437.57,3450.43,8294
2025-04-22T01:45:00.000Z,3450.42,3454.96,3448.32,3452.99,6819
2025-04-22T02:00:00.000Z,3452.98,3453.56,3442.32,3449.72,7468
2025-04-22T02:15:00.000Z,3449.7,3457.75,3449.68,3455.91,4496
2025-04-22T02:30:00.000Z,3455.85,3468.74,3453.4,3468.17,6807
2025-04-22T02:45:00.000Z,3468.19,3475.92,3466.21,3472.94,7516
2025-04-22T03:00:00.000Z,3472.9,3477.67,3471.97,3476.38,5601
2025-04-22T03:15:00.000Z,3476.48,3489.09,3476.32,3488.51,7126
2025-04-22T03:30:00.000Z,3488.5,3494.62,3483.58,3490.23,5200
2025-04-22T03:45:00.000Z,3490.21,3491.77,3487.14,3487.83,3724
2025-04-22T04:00:00.000Z,3487.92,3488.39,3479.6,3481.58,4850
2025-04-22T04:15:00.000Z,3481.59,3485.73,3480,3483.17,3652
2025-04-22T04:30:00.000Z,3483.26,3484.36,3480.47,3481.61,3105
2025-04-22T04:45:00.000Z,3481.53,3487.1,3479.59,3484.34,2564
2025-04-22T05:00:00.000Z,3484.35,3486.83,3477.42,3479.47,3801
2025-04-22T05:15:00.000Z,3479.48,3482.23,3477.14,3480.46,3612
2025-04-22T05:30:00.000Z,3480.44,3488.11,3473.48,3487.89,6746
2025-04-22T05:45:00.000Z,3487.97,3495.44,3487.65,3494.17,6579
2025-04-22T06:00:00.000Z,3494.39,3498.35,3488.99,3497.39,6588
2025-04-22T06:15:00.000Z,3497.33,3500.05,3482.49,3488.46,8324
2025-04-22T06:30:00.000Z,3488.39,3488.39,3476.77,3485.76,9954
2025-04-22T06:45:00.000Z,3485.74,3490.96,3475.15,3479.72,9622
2025-04-22T07:00:00.000Z,3479.23,3480.61,3460.93,3462.09,9645
2025-04-22T07:15:00.000Z,3462.11,3471.54,3461.14,3465.32,8221
2025-04-22T07:30:00.000Z,3465.3,3479.88,3465.1,3473.75,7806
2025-04-22T07:45:00.000Z,3473.31,3474.03,3467.88,3468.59,6784
2025-04-22T08:00:00.000Z,3468.62,3472.65,3465.88,3469.14,5574
2025-04-22T08:15:00.000Z,3469.16,3469.34,3463.16,3464.31,6089
2025-04-22T08:30:00.000Z,3464.28,3464.66,3450.97,3451.02,9091
2025-04-22T08:45:00.000Z,3451.06,3454.32,3443.18,3443.93,8985
2025-04-22T09:00:00.000Z,3443.92,3457.06,3443.84,3454.52,8410
2025-04-22T09:15:00.000Z,3454.51,3458.77,3453.85,3456.49,5042
2025-04-22T09:30:00.000Z,3456.5,3457.57,3451.26,3456.67,5631
2025-04-22T09:45:00.000Z,3456.66,3457.7,3450.97,3454.45,6285
2025-04-22T10:00:00.000Z,3454.43,3468.25,3454.43,3465.48,7085
2025-04-22T10:15:00.000Z,3465.46,3465.46,3455.28,3457.9,5602
2025-04-22T10:30:00.000Z,3457.88,3463.25,3454.46,3458.09,5059
2025-04-22T10:45:00.000Z,3458.08,3458.2,3451.36,3452.41,5041
2025-04-22T11:00:00.000Z,3452.4,3457.23,3448.24,3456.08,4556
2025-04-22T11:15:00.000Z,3456.09,3458.88,3450.27,3452.94,4213
2025-04-22T11:30:00.000Z,3452.91,3454.51,3448.2,3453.1,5322
2025-04-22T11:45:00.000Z,3453.14,3461.27,3452.79,3456.73,4492
2025-04-22T12:00:00.000Z,3456.74,3459.94,3452.6,3456.32,6496
2025-04-22T12:15:00.000Z,3456.35,3464.73,3451.34,3454.48,8962
2025-04-22T12:30:00.000Z,3454.48,3454.94,3441.65,3445.47,8628
2025-04-22T12:45:00.000Z,3445.43,3445.69,3424.22,3431.52,10025
2025-04-22T13:00:00.000Z,3431.5,3444.5,3420.46,3443.36,11155
2025-04-22T13:15:00.000Z,3443.35,3449.68,3435.59,3443.8,9323
2025-04-22T13:30:00.000Z,3443.67,3445.24,3411.07,3411.65,12694
2025-04-22T13:45:00.000Z,3411.75,3430.7,3408.64,3418.66,11449
2025-04-22T14:00:00.000Z,3418.64,3435.13,3418.11,3430.69,9173
2025-04-22T14:15:00.000Z,3430.69,3433.7,3423.43,3432.12,7757
2025-04-22T14:30:00.000Z,3432.2,3438.89,3431.43,3431.43,8601
2025-04-22T14:45:00.000Z,3431.39,3431.51,3424.59,3429.95,6716
2025-04-22T15:00:00.000Z,3429.97,3433.2,3419.25,3426.07,7801
2025-04-22T15:15:00.000Z,3426.08,3427.55,3412.12,3412.51,7560
2025-04-22T15:30:00.000Z,3412.54,3429.49,3410.29,3429.09,8246
2025-04-22T15:45:00.000Z,3429.06,3430.03,3414.7,3417.59,6871
2025-04-22T16:00:00.000Z,3417.61,3420.97,3405.04,3413.87,9840
2025-04-22T16:15:00.000Z,3414.11,3414.28,3385.07,3386.65,12014
2025-04-22T16:30:00.000Z,3386.63,3392.29,3372.1,3383.86,12313
2025-04-22T16:45:00.000Z,3383.85,3394.47,3381.56,3392.92,9367
2025-04-22T17:00:00.000Z,3393.02,3398.37,3386.06,3396.61,8551
2025-04-22T17:15:00.000Z,3396.59,3410.24,3395.75,3407.44,8913
2025-04-22T17:30:00.000Z,3407.36,3407.81,3395.99,3396.31,7847
2025-04-22T17:45:00.000Z,3396.32,3404.72,3395.74,3401.8,6319
2025-04-22T18:00:00.000Z,3401.85,3402.49,3392.73,3397.45,5829
2025-04-22T18:15:00.000Z,3397.29,3397.69,3386.07,3388.64,5937
2025-04-22T18:30:00.000Z,3388.66,3391.79,3381.17,3382.52,5624
2025-04-22T18:45:00.000Z,3382.53,3382.53,3373.31,3381.39,7004
2025-04-22T19:00:00.000Z,3381.4,3385.95,3380.75,3381.59,5468
2025-04-22T19:15:00.000Z,3381.61,3384.2,3375.58,3375.58,5558
2025-04-22T19:30:00.000Z,3375.54,3377.09,3366.82,3374.79,7108
2025-04-22T19:45:00.000Z,3374.75,3377.87,3369.84,3374.76,6259
2025-04-22T20:00:00.000Z,3374.77,3382.51,3373.44,3382.3,3541
2025-04-22T20:15:00.000Z,3382.17,3382.9,3379.72,3381.39,1873
2025-04-22T20:30:00.000Z,3381.42,3381.85,3376.9,3379.91,1922
2025-04-22T20:45:00.000Z,3380.02,3382.72,3377.3,3380.45,1549
2025-04-22T22:00:00.000Z,3340.67,3347.06,3312.48,3335.41,6197
2025-04-22T22:15:00.000Z,3335.51,3336.35,3319.22,3319.34,4568
2025-04-22T22:30:00.000Z,3318.87,3333.31,3315.89,3332.16,4694
2025-04-22T22:45:00.000Z,3332.18,3334,3323.16,3327.76,5859
2025-04-22T23:00:00.000Z,3327.85,3341.5,3326.79,3340.88,3512
2025-04-22T23:15:00.000Z,3341.03,3349.89,3338.03,3339.73,3855
2025-04-22T23:30:00.000Z,3339.97,3341.53,3332.69,3337.99,3210
2025-04-22T23:45:00.000Z,3338.07,3340.99,3331.95,3336.61,5417
2025-04-23T00:00:00.000Z,3336.52,3342.93,3334.64,3342.93,4870
2025-04-23T00:15:00.000Z,3342.98,3352.74,3338.6,3350.97,4713
2025-04-23T00:30:00.000Z,3350.95,3358.11,3350.75,3357.03,5128
2025-04-23T00:45:00.000Z,3356.93,3371.22,3356.23,3367.75,6704
2025-04-23T01:00:00.000Z,3367.8,3380.64,3360.46,3371.46,11058
2025-04-23T01:15:00.000Z,3371.61,3377.32,3366.48,3368.27,7655
2025-04-23T01:30:00.000Z,3368.25,3386.44,3358.89,3385.7,8742
2025-04-23T01:45:00.000Z,3385.74,3386.58,3377.65,3379.13,7359
2025-04-23T02:00:00.000Z,3379.14,3379.81,3371.02,3372.06,5666
2025-04-23T02:15:00.000Z,3372.11,3373.52,3368.51,3373.14,2911
2025-04-23T02:30:00.000Z,3373.15,3375.11,3357.82,3362.43,7002
2025-04-23T02:45:00.000Z,3362.42,3363.74,3348.63,3354.14,8856
2025-04-23T03:00:00.000Z,3354.19,3355.56,3329.16,3336.34,9088
2025-04-23T03:15:00.000Z,3336.18,3341.18,3331.04,3335.15,8346
2025-04-23T03:30:00.000Z,3335.15,3344.74,3335.15,3344.7,3809
2025-04-23T03:45:00.000Z,3344.77,3346.97,3335.85,3338.89,4042
2025-04-23T04:00:00.000Z,3338.94,3343.13,3337.37,3340.07,2323
2025-04-23T04:15:00.000Z,3340.02,3342.95,3335.6,3339.37,2335
2025-04-23T04:30:00.000Z,3339.21,3345.68,3337.99,3345.18,2544
2025-04-23T04:45:00.000Z,3345.22,3347.17,3342.69,3346.72,2979
2025-04-23T05:00:00.000Z,3346.73,3347.75,3342.19,3346.7,3521
2025-04-23T05:15:00.000Z,3346.85,3349.38,3336.15,3338.85,4475
2025-04-23T05:30:00.000Z,3338.84,3342.8,3319.38,3325.74,9899
2025-04-23T05:45:00.000Z,3325.75,3326.28,3315.86,3319.19,7999
2025-04-23T06:00:00.000Z,3319.23,3321.18,3308.01,3316.49,9839
2025-04-23T06:15:00.000Z,3316.58,3326.04,3314.28,3322.39,9245
2025-04-23T06:30:00.000Z,3322.4,3322.94,3312.59,3312.76,9174
2025-04-23T06:45:00.000Z,3312.61,3317.91,3291.67,3300.82,9972
2025-04-23T07:00:00.000Z,3300.94,3312.75,3300.94,3307.73,7026
2025-04-23T07:15:00.000Z,3307.76,3310.73,3303.24,3309.03,6476
2025-04-23T07:30:00.000Z,3308.93,3318.58,3307.59,3318.24,5702
2025-04-23T07:45:00.000Z,3318.22,3320.47,3313.26,3319.18,4684
2025-04-23T08:00:00.000Z,3319.22,3319.48,3305.75,3306.38,6432
2025-04-23T08:15:00.000Z,3306.61,3317,3306.11,3315.93,5715
2025-04-23T08:30:00.000Z,3315.92,3318.97,3314.35,3317.34,4537
2025-04-23T08:45:00.000Z,3317.36,3321.56,3317.05,3321.56,3008
2025-04-23T09:00:00.000Z,3321.55,3332.74,3320.24,3331.75,5988
2025-04-23T09:15:00.000Z,3331.8,3340.56,3329.49,3335.47,5044
2025-04-23T09:30:00.000Z,3335.58,3337.81,3328.78,3331.41,5001
2025-04-23T09:45:00.000Z,3331.45,3331.45,3317.31,3317.67,4957
2025-04-23T10:00:00.000Z,3317.54,3330.51,3316.71,3328.66,4150
2025-04-23T10:15:00.000Z,3328.43,3334.69,3325.68,3334.28,4042
2025-04-23T10:30:00.000Z,3334.3,3336.25,3327.49,3330.1,4469
2025-04-23T10:45:00.000Z,3330.05,3332.27,3325.39,3330.02,4715
2025-04-23T11:00:00.000Z,3329.82,3332.18,3321.77,3331.39,4279
2025-04-23T11:15:00.000Z,3331.6,3338.98,3330.68,3336.09,5553
2025-04-23T11:30:00.000Z,3336.05,3337.33,3332.38,3334.35,4204
2025-04-23T11:45:00.000Z,3334.39,3334.61,3322.1,3324.58,5378
2025-04-23T12:00:00.000Z,3324.64,3325.71,3313.76,3317.8,7879
2025-04-23T12:15:00.000Z,3317.87,3333.4,3315.44,3329.53,7837
2025-04-23T12:30:00.000Z,3329.56,3329.56,3317.78,3319.92,7646
2025-04-23T12:45:00.000Z,3319.89,3320.51,3310.54,3310.75,6999
2025-04-23T13:00:00.000Z,3310.77,3313.63,3304.6,3305.87,10269
2025-04-23T13:15:00.000Z,3305.86,3309.55,3298.23,3299.79,8943
2025-04-23T13:30:00.000Z,3299.7,3304.47,3281.15,3292.38,11605
2025-04-23T13:45:00.000Z,3292.4,3294.58,3271.27,3277.22,11672
2025-04-23T14:00:00.000Z,3277.13,3278.36,3260.18,3269.66,11895
2025-04-23T14:15:00.000Z,3269.7,3284.77,3268.82,3275.29,10382
2025-04-23T14:30:00.000Z,3275.36,3288.88,3271.45,3288.87,9652
2025-04-23T14:45:00.000Z,3288.83,3296.22,3285.62,3287.42,10097
2025-04-23T15:00:00.000Z,3287.46,3294.37,3277.16,3277.57,9613
2025-04-23T15:15:00.000Z,3277.56,3283.64,3269.1,3276.8,10578
2025-04-23T15:30:00.000Z,3277,3281.75,3269.54,3281.29,8050
2025-04-23T15:45:00.000Z,3281.32,3287.94,3275.8,3280.28,7487
2025-04-23T16:00:00.000Z,3280.81,3289.53,3279.11,3288.21,7158
2025-04-23T16:15:00.000Z,3288.24,3294.73,3288.01,3291.87,6513
2025-04-23T16:30:00.000Z,3292,3299.83,3289.12,3298.24,7108
2025-04-23T16:45:00.000Z,3298.23,3305.61,3294.84,3295.03,6877
2025-04-23T17:00:00.000Z,3295.01,3301.45,3289.25,3289.43,7373
2025-04-23T17:15:00.000Z,3289.44,3289.79,3281.6,3282.36,7537
2025-04-23T17:30:00.000Z,3282.37,3284.52,3277.75,3283,5333
2025-04-23T17:45:00.000Z,3282.9,3284.54,3280.16,3281.29,3817
2025-04-23T18:00:00.000Z,3281.38,3286.42,3277.91,3285.75,3745
2025-04-23T18:15:00.000Z,3285.85,3286.92,3279.23,3280.21,4195
2025-04-23T18:30:00.000Z,3280.19,3281.88,3277.8,3280.31,3195
2025-04-23T18:45:00.000Z,3280.32,3283.81,3280.12,3282.75,2928
2025-04-23T19:00:00.000Z,3282.77,3292.53,3282.59,3289.56,2974
2025-04-23T19:15:00.000Z,3289.5,3296.44,3288.71,3295.84,3841
2025-04-23T19:30:00.000Z,3295.68,3296.13,3290.79,3295.4,3594
2025-04-23T19:45:00.000Z,3295.32,3297.1,3290.59,3293.95,4092
2025-04-23T20:00:00.000Z,3293.98,3295.7,3291.68,3293.45,2016
2025-04-23T20:15:00.000Z,3293.44,3294.81,3289.72,3290.28,1863
2025-04-23T20:30:00.000Z,3290.31,3290.34,3283.91,3288.69,2471
2025-04-23T20:45:00.000Z,3288.92,3289.64,3286.46,3287.98,1221
2025-04-23T22:00:00.000Z,3288.44,3311.6,3288.38,3310.09,4065
2025-04-23T22:15:00.000Z,3310.39,3311.12,3305.23,3310.88,2239
2025-04-23T22:30:00.000Z,3310.89,3315.79,3308.68,3314.09,2679
2025-04-23T22:45:00.000Z,3314.14,3314.84,3307.83,3309.15,2288
2025-04-23T23:00:00.000Z,3309.17,3311.67,3308.25,3310.5,1672
2025-04-23T23:15:00.000Z,3310.42,3312.08,3309.17,3311.07,1590
2025-04-23T23:30:00.000Z,3311.31,3314.04,3310.43,3311.91,1376
2025-04-23T23:45:00.000Z,3312,3316.83,3311.49,3316.24,2418
2025-04-24T00:00:00.000Z,3316.24,3321.53,3313.35,3321.4,3965
2025-04-24T00:15:00.000Z,3321.42,3335.05,3319.32,3334.56,5655
2025-04-24T00:30:00.000Z,3334.76,3338.96,3329.7,3332.96,5684
2025-04-24T00:45:00.000Z,3332.95,3335.02,3329.08,3331.66,3887
2025-04-24T01:00:00.000Z,3331.61,3348.79,3330.74,3348.15,9583
2025-04-24T01:15:00.000Z,3347.99,3360.94,3346.82,3359.3,8528
2025-04-24T01:30:00.000Z,3359.18,3367.47,3354.89,3361.82,8678
2025-04-24T01:45:00.000Z,3361.76,3364.91,3348.46,3357.26,8662
2025-04-24T02:00:00.000Z,3357.14,3363.26,3352.91,3356.4,7288
2025-04-24T02:15:00.000Z,3356.29,3359.1,3349.45,3353.93,4553
2025-04-24T02:30:00.000Z,3353.92,3355.43,3335.77,3341.54,7421
2025-04-24T02:45:00.000Z,3341.46,3345.03,3337.6,3342.07,5857
2025-04-24T03:00:00.000Z,3342.11,3342.64,3331.9,3333.87,5197
2025-04-24T03:15:00.000Z,3333.86,3337.83,3326.38,3330.19,6743
2025-04-24T03:30:00.000Z,3330.11,3330.56,3320.54,3326.71,4273
2025-04-24T03:45:00.000Z,3326.61,3329.65,3326.07,3326.9,2108
2025-04-24T04:00:00.000Z,3326.8,3331.63,3326.17,3330.74,2230
2025-04-24T04:15:00.000Z,3330.49,3330.6,3325.77,3328.72,2329
2025-04-24T04:30:00.000Z,3328.72,3330.99,3326.64,3327.7,1603
2025-04-24T04:45:00.000Z,3328.05,3329.84,3325.88,3326.11,2612
2025-04-24T05:00:00.000Z,3326.15,3328.58,3323.72,3325.89,2417
2025-04-24T05:15:00.000Z,3325.9,3328.05,3322.21,3324.77,2135
2025-04-24T05:30:00.000Z,3324.79,3335.39,3320.45,3331.03,6125
2025-04-24T05:45:00.000Z,3331.22,3333.88,3321.65,3323.73,4562
2025-04-24T06:00:00.000Z,3323.69,3327.89,3319.02,3323.39,7599
2025-04-24T06:15:00.000Z,3323.37,3325.1,3314.61,3319.9,9035
2025-04-24T06:30:00.000Z,3319.86,3321.28,3315.11,3320.14,6483
2025-04-24T06:45:00.000Z,3320.11,3328.07,3319.93,3324.66,6993
2025-04-24T07:00:00.000Z,3324.62,3339.74,3323.97,3337.69,6507
2025-04-24T07:15:00.000Z,3337.64,3338.34,3326.32,3330.26,5984
2025-04-24T07:30:00.000Z,3329.94,3330.46,3323.16,3329.8,4974
2025-04-24T07:45:00.000Z,3329.76,3336.33,3328.69,3333.86,3889
2025-04-24T08:00:00.000Z,3333.77,3334.23,3329.93,3332.36,4113
2025-04-24T08:15:00.000Z,3332.39,3335.28,3327.28,3333.04,4369
2025-04-24T08:30:00.000Z,3333.06,3338.83,3331.86,3337.16,4239
2025-04-24T08:45:00.000Z,3337.15,3341.59,3335.34,3336.11,4531
2025-04-24T09:00:00.000Z,3336.16,3342.81,3335.51,3337.8,4682
2025-04-24T09:15:00.000Z,3337.81,3339.16,3334.77,3335.19,3200
2025-04-24T09:30:00.000Z,3335.19,3335.94,3328.07,3330.3,3838
2025-04-24T09:45:00.000Z,3330.31,3336.36,3325.46,3335.7,4540
2025-04-24T10:00:00.000Z,3335.71,3336.65,3331.87,3333.16,3281
2025-04-24T10:15:00.000Z,3333.2,3333.45,3326.21,3330.57,3294
2025-04-24T10:30:00.000Z,3330.25,3331.97,3327.28,3330.38,2613
2025-04-24T10:45:00.000Z,3330.39,3333.75,3325.5,3329.87,4065
2025-04-24T11:00:00.000Z,3329.88,3335.59,3329.6,3334.35,3338
2025-04-24T11:15:00.000Z,3334.4,3342.3,3334.4,3341.5,3379
2025-04-24T11:30:00.000Z,3341.53,3343.82,3336.26,3337.59,4763
2025-04-24T11:45:00.000Z,3337.63,3340.04,3335.02,3336.95,3788
2025-04-24T12:00:00.000Z,3336.92,3341.27,3335.93,3336.94,4790
2025-04-24T12:15:00.000Z,3337.03,3340.38,3335.89,3337.16,4726
2025-04-24T12:30:00.000Z,3337.2,3344.6,3335.96,3338.31,5953
2025-04-24T12:45:00.000Z,3338.22,3341.48,3335.5,3335.95,5689
2025-04-24T13:00:00.000Z,3335.93,3336.17,3328.1,3328.83,7869
2025-04-24T13:15:00.000Z,3328.86,3332.96,3325.02,3330.53,6623
2025-04-24T13:30:00.000Z,3330.44,3333.24,3316.13,3316.4,10293
2025-04-24T13:45:00.000Z,3316.49,3320.69,3312.57,3315.42,8817
2025-04-24T14:00:00.000Z,3315.11,3318.39,3306.6,3313.66,9465
2025-04-24T14:15:00.000Z,3313.77,3319.97,3308.7,3318.29,8470
2025-04-24T14:30:00.000Z,3318.25,3327.13,3316.9,3326.5,8474
2025-04-24T14:45:00.000Z,3326.34,3330.29,3324.47,3327.5,8347
2025-04-24T15:00:00.000Z,3327.57,3327.58,3322.19,3325.52,6933
2025-04-24T15:15:00.000Z,3325.51,3327.66,3319.54,3324.05,6487
2025-04-24T15:30:00.000Z,3323.99,3329.74,3323.58,3324.28,5102
2025-04-24T15:45:00.000Z,3324.35,3330.4,3320.8,3329.38,5301
2025-04-24T16:00:00.000Z,3329.5,3335.35,3328.06,3335.18,4595
2025-04-24T16:15:00.000Z,3335.14,3335.14,3327.9,3328.55,4904
2025-04-24T16:30:00.000Z,3328.59,3329.52,3322.37,3327.48,4569
2025-04-24T16:45:00.000Z,3327.46,3331.73,3327.13,3331.57,3786
2025-04-24T17:00:00.000Z,3331.61,3334.74,3329.99,3334.11,3968
2025-04-24T17:15:00.000Z,3334.13,3337.77,3332.91,3336.72,5882
2025-04-24T17:30:00.000Z,3336.69,3338.57,3332.85,3333.39,4400
2025-04-24T17:45:00.000Z,3333.38,3337.33,3333.38,3336.75,2811
2025-04-24T18:00:00.000Z,3336.71,3339.19,3335.03,3338.4,2822
2025-04-24T18:15:00.000Z,3338.38,3340.23,3337.39,3337.92,2816
2025-04-24T18:30:00.000Z,3338.07,3338.15,3333.92,3335.11,2634
2025-04-24T18:45:00.000Z,3335.21,3336.18,3333.59,3334.72,2796
2025-04-24T19:00:00.000Z,3334.74,3336.28,3333.38,3336.23,2448
2025-04-24T19:15:00.000Z,3336.23,3337.34,3335.34,3336.82,2187
2025-04-24T19:30:00.000Z,3336.82,3341.75,3336.82,3341.71,2138
2025-04-24T19:45:00.000Z,3341.77,3346.94,3341.58,3342.29,3621
2025-04-24T20:00:00.000Z,3342.3,3342.86,3338.11,3339.44,2105
2025-04-24T20:15:00.000Z,3339.35,3341.76,3338.77,3341.52,1125
2025-04-24T20:30:00.000Z,3341.58,3346.34,3341.58,3344.85,1434
2025-04-24T20:45:00.000Z,3344.89,3349.6,3344.88,3348.89,1214
2025-04-24T22:00:00.000Z,3350.36,3356.79,3349.95,3355.8,957
2025-04-24T22:15:00.000Z,3356.18,3363.35,3353.24,3363.32,1037
2025-04-24T22:30:00.000Z,3363.14,3370.66,3361.94,3365.68,3726
2025-04-24T22:45:00.000Z,3365.7,3367.61,3361.78,3366.94,2147
2025-04-24T23:00:00.000Z,3366.86,3368.06,3358.12,3361.68,3151
2025-04-24T23:15:00.000Z,3361.64,3361.66,3352.32,3354.65,2451
2025-04-24T23:30:00.000Z,3354.64,3355.47,3347.22,3351.21,2517
2025-04-24T23:45:00.000Z,3350.89,3354.73,3346.83,3348.66,3385
2025-04-25T00:00:00.000Z,3348.64,3358.16,3347.06,3355.76,4270
2025-04-25T00:15:00.000Z,3355.95,3361.33,3355.14,3357.43,3791
2025-04-25T00:30:00.000Z,3357.45,3361.2,3347.86,3351.48,5094
2025-04-25T00:45:00.000Z,3351.47,3358.24,3349.52,3357.69,3876
2025-04-25T01:00:00.000Z,3357.58,3362.93,3353.25,3355.31,6624
2025-04-25T01:15:00.000Z,3355.35,3356.41,3348.61,3352.72,5040
2025-04-25T01:30:00.000Z,3352.8,3354.65,3348.03,3349.17,4262
2025-04-25T01:45:00.000Z,3349.25,3351.38,3342.78,3345.54,5619
2025-04-25T02:00:00.000Z,3345.51,3353.28,3344.86,3352.46,4169
2025-04-25T02:15:00.000Z,3352.52,3352.96,3346.03,3348.54,3530
2025-04-25T02:30:00.000Z,3348.53,3350.92,3344.49,3346.53,4794
2025-04-25T02:45:00.000Z,3346.45,3348.78,3344.53,3348.78,3930
2025-04-25T03:00:00.000Z,3348.74,3351.21,3347.47,3349.41,3232
2025-04-25T03:15:00.000Z,3349.42,3354.27,3348.59,3348.8,4175
2025-04-25T03:30:00.000Z,3348.79,3349.52,3341.35,3342.09,3955
2025-04-25T03:45:00.000Z,3342.1,3342.58,3322.56,3323.61,5778
2025-04-25T04:00:00.000Z,3323.56,3327.67,3317.21,3321.58,6120
2025-04-25T04:15:00.000Z,3321.75,3326.45,3320.93,3323.84,3973
2025-04-25T04:30:00.000Z,3323.73,3323.73,3316.37,3322.95,4802
2025-04-25T04:45:00.000Z,3322.93,3326.13,3321.96,3324.74,3322
2025-04-25T05:00:00.000Z,3324.92,3327.03,3319.03,3321.17,3199
2025-04-25T05:15:00.000Z,3321.18,3321.18,3316,3319.06,3544
2025-04-25T05:30:00.000Z,3319.03,3319.28,3306.7,3309.41,8064
2025-04-25T05:45:00.000Z,3309.39,3309.41,3287.01,3294.38,9805
2025-04-25T06:00:00.000Z,3294.12,3297.44,3287.56,3288.68,8884
2025-04-25T06:15:00.000Z,3288.66,3298.42,3287.65,3297.73,8331
2025-04-25T06:30:00.000Z,3297.59,3306.42,3295.32,3305.16,8002
2025-04-25T06:45:00.000Z,3305.18,3305.89,3299.23,3304.48,6897
2025-04-25T07:00:00.000Z,3304.51,3310.1,3303.1,3309.03,6121
2025-04-25T07:15:00.000Z,3308.78,3314.47,3306.19,3306.67,5082
2025-04-25T07:30:00.000Z,3306.68,3310.07,3304.63,3304.88,3652
2025-04-25T07:45:00.000Z,3304.82,3308.46,3304.04,3307.41,2746
2025-04-25T08:00:00.000Z,3307.34,3307.91,3295.27,3295.59,5066
2025-04-25T08:15:00.000Z,3295.48,3301.58,3291.94,3301.52,6895
2025-04-25T08:30:00.000Z,3301.52,3303.51,3297.9,3300.45,4727
2025-04-25T08:45:00.000Z,3300.46,3305.42,3300.33,3303.65,3956
2025-04-25T09:00:00.000Z,3303.9,3308.83,3303.59,3304.53,5037
2025-04-25T09:15:00.000Z,3304.54,3307.08,3301.01,3303.84,5296
2025-04-25T09:30:00.000Z,3303.87,3303.87,3298.15,3299.09,4788
2025-04-25T09:45:00.000Z,3299.06,3299.66,3292,3292.04,4686
2025-04-25T10:00:00.000Z,3291.95,3299.48,3291.92,3297.83,3808
2025-04-25T10:15:00.000Z,3297.84,3304.85,3295.66,3304.85,4901
2025-04-25T10:30:00.000Z,3304.88,3306.35,3301.13,3303.62,5976
2025-04-25T10:45:00.000Z,3303.56,3303.64,3297.86,3298,5165
2025-04-25T11:00:00.000Z,3297.98,3300.92,3296.95,3298.42,3587
2025-04-25T11:15:00.000Z,3298.43,3299.2,3294.39,3298.61,4292
2025-04-25T11:30:00.000Z,3298.63,3299.61,3288.12,3289.24,4396
2025-04-25T11:45:00.000Z,3289.14,3295.47,3287.9,3293.48,5044
2025-04-25T12:00:00.000Z,3293.48,3300.11,3292.78,3293.07,5881
2025-04-25T12:15:00.000Z,3293.02,3303.19,3291.15,3298.41,6430
2025-04-25T12:30:00.000Z,3298.18,3298.52,3291.7,3295.38,6195
2025-04-25T12:45:00.000Z,3295.37,3298.12,3292.48,3292.66,4043
2025-04-25T13:00:00.000Z,3292.67,3292.95,3276.76,3284.36,10225
2025-04-25T13:15:00.000Z,3284.36,3284.49,3268.26,3273.39,9592
2025-04-25T13:30:00.000Z,3273.43,3280.03,3265.05,3279.09,10676
2025-04-25T13:45:00.000Z,3278.99,3284.51,3277.6,3280.69,9157
2025-04-25T14:00:00.000Z,3280.64,3286.11,3275.33,3282.73,10663
2025-04-25T14:15:00.000Z,3282.74,3287.1,3277.63,3285.93,7789
2025-04-25T14:30:00.000Z,3285.92,3286.49,3280.06,3282.19,7220
2025-04-25T14:45:00.000Z,3282.24,3282.62,3274.69,3277.97,7812
2025-04-25T15:00:00.000Z,3277.98,3280.83,3271.15,3272.46,6784
2025-04-25T15:15:00.000Z,3272.52,3275.33,3270.08,3272.35,6125
2025-04-25T15:30:00.000Z,3272.43,3280.25,3271.98,3280.12,5501
2025-04-25T15:45:00.000Z,3280.11,3285.59,3278.41,3282.92,4929
2025-04-25T16:00:00.000Z,3283.11,3285.68,3281.24,3283.85,4374
2025-04-25T16:15:00.000Z,3283.86,3284.18,3281.34,3283.22,3419
2025-04-25T16:30:00.000Z,3283.17,3285.57,3280.32,3280.75,3953
2025-04-25T16:45:00.000Z,3280.76,3287.44,3280.28,3285.22,3826
2025-04-25T17:00:00.000Z,3285.32,3288.37,3281.78,3287.66,5051
2025-04-25T17:15:00.000Z,3287.58,3291.18,3286.38,3286.96,5702
2025-04-25T17:30:00.000Z,3287.08,3294.6,3286.13,3291.97,4974
2025-04-25T17:45:00.000Z,3291.9,3295.06,3289.81,3293.22,3661
2025-04-25T18:00:00.000Z,3293.36,3297.01,3291.48,3293.62,3055
2025-04-25T18:15:00.000Z,3293.53,3294.76,3292.16,3293.37,2267
2025-04-25T18:30:00.000Z,3293.34,3294.47,3290.45,3291.26,2210
2025-04-25T18:45:00.000Z,3291.22,3291.96,3288.32,3288.34,2213
2025-04-25T19:00:00.000Z,3288.32,3290.09,3287.76,3289.73,2388
2025-04-25T19:15:00.000Z,3289.73,3295.17,3289.6,3294.65,2174
2025-04-25T19:30:00.000Z,3294.95,3308.72,3294.95,3308.46,3437
2025-04-25T19:45:00.000Z,3308.52,3312.41,3304.11,3304.77,4493
2025-04-25T20:00:00.000Z,3304.88,3306.9,3304.72,3305.48,1854
2025-04-25T20:15:00.000Z,3305.56,3311.33,3305.44,3308.49,1539
2025-04-25T20:30:00.000Z,3308.49,3314.01,3306.97,3314.01,1336
2025-04-25T20:45:00.000Z,3313.95,3315.74,3312.99,3315.68,938
2025-04-27T22:00:00.000Z,3324.24,3336.7,3320.2,3326.61,3713
2025-04-27T22:15:00.000Z,3326.59,3327.22,3316.31,3317.28,2896
2025-04-27T22:30:00.000Z,3317.34,3317.36,3309.06,3309.23,2282
2025-04-27T22:45:00.000Z,3309.61,3314.48,3309.61,3310.54,1034
2025-04-27T23:00:00.000Z,3310.58,3318.06,3308.18,3308.67,3214
2025-04-27T23:15:00.000Z,3308.69,3311.41,3300.29,3307.83,4260
2025-04-27T23:30:00.000Z,3307.72,3308.71,3304.98,3306.03,1780
2025-04-27T23:45:00.000Z,3305.99,3306.36,3298.51,3302.55,3421
2025-04-28T00:00:00.000Z,3302.64,3313.57,3301.45,3307.26,4817
2025-04-28T00:15:00.000Z,3307.33,3311.5,3305.56,3311.18,2578
2025-04-28T00:30:00.000Z,3311.11,3313.28,3307.62,3308.56,2287
2025-04-28T00:45:00.000Z,3308.59,3315.85,3308.58,3314.06,3273
2025-04-28T01:00:00.000Z,3313.96,3314.94,3305.51,3306.97,6172
2025-04-28T01:15:00.000Z,3307.04,3307.9,3290.04,3291.02,6384
2025-04-28T01:30:00.000Z,3290.51,3291.02,3279.08,3286,7094
2025-04-28T01:45:00.000Z,3286.03,3291.34,3279.36,3280.8,4909
2025-04-28T02:00:00.000Z,3281.14,3283.32,3267.89,3271.25,6928
2025-04-28T02:15:00.000Z,3271.3,3276.42,3269.16,3274.73,3133
2025-04-28T02:30:00.000Z,3275.23,3283.25,3272.15,3280.14,4949
2025-04-28T02:45:00.000Z,3280.29,3286.3,3279.81,3280.65,3264
2025-04-28T03:00:00.000Z,3280.71,3286.04,3280.23,3283.04,2487
2025-04-28T03:15:00.000Z,3283.42,3295.38,3282.4,3292.71,3343
2025-04-28T03:30:00.000Z,3292.74,3294.05,3289.69,3293.27,2249
2025-04-28T03:45:00.000Z,3293.28,3294.4,3290.21,3290.8,1623
2025-04-28T04:00:00.000Z,3290.63,3293.39,3289.09,3290.29,1653
2025-04-28T04:15:00.000Z,3290.35,3294.13,3288.57,3293.81,1457
2025-04-28T04:30:00.000Z,3293.45,3294.26,3291.2,3291.65,1138
2025-04-28T04:45:00.000Z,3291.72,3298.97,3289.78,3298.86,2347
2025-04-28T05:00:00.000Z,3299.05,3299.64,3295.82,3296.51,1599
2025-04-28T05:15:00.000Z,3296.54,3298.83,3294.81,3297.37,1822
2025-04-28T05:30:00.000Z,3297.4,3300.85,3287.69,3288.21,4405
2025-04-28T05:45:00.000Z,3288.19,3295.81,3287.82,3294.88,3094
2025-04-28T06:00:00.000Z,3295.04,3296.43,3292.06,3292.35,5266
2025-04-28T06:15:00.000Z,3292.34,3295.33,3288.12,3292.63,5996
2025-04-28T06:30:00.000Z,3292.61,3292.78,3284.15,3287.2,6389
2025-04-28T06:45:00.000Z,3287.19,3288.88,3281.86,3283.1,5935
2025-04-28T07:00:00.000Z,3283.53,3288.43,3277.75,3286.07,7191
2025-04-28T07:15:00.000Z,3286.06,3286.36,3278.55,3279.97,5089
2025-04-28T07:30:00.000Z,3279.9,3291.55,3278.81,3289.3,6450
2025-04-28T07:45:00.000Z,3289.41,3292.36,3286.84,3287.34,5151
2025-04-28T08:00:00.000Z,3287.01,3288.46,3283.77,3284.21,4942
2025-04-28T08:15:00.000Z,3284.2,3287.12,3283.77,3284.17,3144
2025-04-28T08:30:00.000Z,3284.19,3284.86,3281.51,3282.57,4282
2025-04-28T08:45:00.000Z,3282.45,3283.17,3279.22,3282.65,3971
2025-04-28T09:00:00.000Z,3282.7,3287.4,3282.48,3283.96,4163
2025-04-28T09:15:00.000Z,3283.95,3284.01,3277.82,3278.42,3972
2025-04-28T09:30:00.000Z,3278.33,3281.68,3276.59,3279.79,4540
2025-04-28T09:45:00.000Z,3279.62,3279.94,3274.48,3274.48,3593
2025-04-28T10:00:00.000Z,3274.49,3280.76,3273.09,3278.66,5003
2025-04-28T10:15:00.000Z,3278.67,3283.92,3278.66,3283.89,3127
2025-04-28T10:30:00.000Z,3283.92,3289.91,3283.46,3289.16,4148
2025-04-28T10:45:00.000Z,3289.2,3291.81,3287.63,3289.57,4417
2025-04-28T11:00:00.000Z,3289.6,3294.32,3287.06,3287.69,4680
2025-04-28T11:15:00.000Z,3287.96,3291.07,3284.92,3290.18,4455
2025-04-28T11:30:00.000Z,3290.19,3293.88,3288.47,3293.1,4514
2025-04-28T11:45:00.000Z,3293.08,3297.12,3291.59,3294.16,3111
2025-04-28T12:00:00.000Z,3294.29,3297.91,3294.29,3295.71,5246
2025-04-28T12:15:00.000Z,3295.72,3302.05,3292.79,3302,6551
2025-04-28T12:30:00.000Z,3302.02,3302.28,3295.72,3298.33,5498
2025-04-28T12:45:00.000Z,3298.32,3299.96,3294.96,3296,5169
2025-04-28T13:00:00.000Z,3296.1,3296.77,3290.4,3295.22,7522
2025-04-28T13:15:00.000Z,3295.24,3300.97,3295.1,3300.03,6334
2025-04-28T13:30:00.000Z,3300.01,3301.07,3290.02,3291.59,9420
2025-04-28T13:45:00.000Z,3291.74,3293.46,3286.92,3293.14,9396
2025-04-28T14:00:00.000Z,3293.37,3300.51,3293.37,3299.03,7178
2025-04-28T14:15:00.000Z,3299.2,3315.72,3299.2,3311.18,9380
2025-04-28T14:30:00.000Z,3311.25,3330.58,3310.8,3330,9285
2025-04-28T14:45:00.000Z,3330.06,3332.94,3327.15,3328.56,8484
2025-04-28T15:00:00.000Z,3328.48,3329.86,3323.58,3329.74,6594
2025-04-28T15:15:00.000Z,3329.61,3335.91,3327.74,3328.57,6676
2025-04-28T15:30:00.000Z,3328.59,3329.04,3319.02,3324.13,6084
2025-04-28T15:45:00.000Z,3324.21,3327.31,3321.85,3325,5331
2025-04-28T16:00:00.000Z,3325.01,3337.85,3324.48,3334.74,5209
2025-04-28T16:15:00.000Z,3334.8,3338.01,3331.98,3334.38,5377
2025-04-28T16:30:00.000Z,3334.37,3339.19,3331.42,3338.07,4129
2025-04-28T16:45:00.000Z,3338.05,3338.06,3332.62,3336.61,4306
2025-04-28T17:00:00.000Z,3336.72,3338.89,3336.56,3337.07,3764
2025-04-28T17:15:00.000Z,3337.08,3338.33,3333.17,3336.91,4699
2025-04-28T17:30:00.000Z,3336.77,3340.01,3336.77,3337.43,3714
2025-04-28T17:45:00.000Z,3337.4,3338.88,3334.55,3335.33,3245
2025-04-28T18:00:00.000Z,3335.34,3339.48,3333.96,3338.03,3142
2025-04-28T18:15:00.000Z,3338.02,3349.96,3337.39,3348.23,5167
2025-04-28T18:30:00.000Z,3348.25,3349.61,3346.13,3347.31,4506
2025-04-28T18:45:00.000Z,3347.34,3349.77,3346.76,3348.95,3957
2025-04-28T19:00:00.000Z,3348.96,3352.12,3348.32,3349.52,3892
2025-04-28T19:15:00.000Z,3349.53,3350.54,3345.52,3349.86,3110
2025-04-28T19:30:00.000Z,3349.8,3351.54,3346.52,3349.81,2663
2025-04-28T19:45:00.000Z,3349.9,3352.99,3349.53,3352.1,2909
2025-04-28T20:00:00.000Z,3352.12,3352.36,3349.62,3350.27,1589
2025-04-28T20:15:00.000Z,3350.25,3350.25,3347.66,3349.55,1353
2025-04-28T20:30:00.000Z,3349.56,3350.74,3344.82,3345.44,1139
2025-04-28T20:45:00.000Z,3345.29,3346.58,3342.06,3343.15,1252
2025-04-28T22:00:00.000Z,3344.62,3348.56,3337.44,3339.24,2308
2025-04-28T22:15:00.000Z,3339.24,3339.24,3332.24,3335.13,2263
2025-04-28T22:30:00.000Z,3335.83,3339.91,3335.76,3336.95,1348
2025-04-28T22:45:00.000Z,3336.94,3339.2,3334.25,3337.89,1284
2025-04-28T23:00:00.000Z,3337.74,3342.7,3334.58,3337.08,3391
2025-04-28T23:15:00.000Z,3337.13,3338.6,3336.8,3338.01,1074
2025-04-28T23:30:00.000Z,3338.01,3338.94,3333.65,3337.35,2501
2025-04-28T23:45:00.000Z,3337.28,3340.31,3337.21,3337.63,1557
2025-04-29T00:00:00.000Z,3337.87,3338.1,3333.24,3337.66,2727
2025-04-29T00:15:00.000Z,3337.73,3339.06,3330.51,3331.78,2901
2025-04-29T00:30:00.000Z,3331.8,3334.9,3331.27,3332.58,2687
2025-04-29T00:45:00.000Z,3332.59,3333.71,3327.63,3329.81,3544
2025-04-29T01:00:00.000Z,3329.52,3333.2,3323.84,3328.79,5631
2025-04-29T01:15:00.000Z,3328.91,3333.37,3327.44,3331.23,3267
2025-04-29T01:30:00.000Z,3331.14,3339.94,3327.41,3329.96,5763
2025-04-29T01:45:00.000Z,3329.87,3331.27,3322.74,3326.43,3914
2025-04-29T02:00:00.000Z,3326.2,3332.27,3325.09,3331.23,3541
2025-04-29T02:15:00.000Z,3331.22,3333.91,3325.93,3329.59,3877
2025-04-29T02:30:00.000Z,3329.47,3332.77,3327.9,3330.37,3723
2025-04-29T02:45:00.000Z,3330.35,3330.55,3319.2,3320.57,3673
2025-04-29T03:00:00.000Z,3320.56,3321.57,3312.95,3313.44,5615
2025-04-29T03:15:00.000Z,3313.49,3317.81,3308.86,3312.43,4403
2025-04-29T03:30:00.000Z,3312.46,3316.85,3312.39,3314.34,2293
2025-04-29T03:45:00.000Z,3314.33,3315.87,3307.84,3315.87,3942
2025-04-29T04:00:00.000Z,3315.86,3317.48,3314.19,3314.49,1798
2025-04-29T04:15:00.000Z,3314.83,3316.17,3313.32,3316.02,1696
2025-04-29T04:30:00.000Z,3316.04,3317.98,3312.94,3313.9,2200
2025-04-29T04:45:00.000Z,3313.86,3313.93,3306.64,3309.24,2802
2025-04-29T05:00:00.000Z,3309.22,3312.55,3307.66,3307.69,2456
2025-04-29T05:15:00.000Z,3307.66,3309.33,3305.08,3309.15,3219
2025-04-29T05:30:00.000Z,3309.16,3316.49,3307.83,3316.08,4250
2025-04-29T05:45:00.000Z,3315.97,3316.46,3310.1,3310.25,2466
2025-04-29T06:00:00.000Z,3310.26,3315.37,3308.85,3312.89,4637
2025-04-29T06:15:00.000Z,3312.88,3321.83,3312.84,3321.25,4602
2025-04-29T06:30:00.000Z,3321.24,3323.94,3318.6,3322.8,4918
2025-04-29T06:45:00.000Z,3322.79,3323.33,3315.17,3318.71,4435
2025-04-29T07:00:00.000Z,3318.71,3318.98,3312.3,3315.97,3984
2025-04-29T07:15:00.000Z,3315.98,3320.74,3314.93,3317.19,3509
2025-04-29T07:30:00.000Z,3317.17,3319.97,3314.87,3318.42,3465
2025-04-29T07:45:00.000Z,3318.41,3323.12,3318.03,3322.98,3355
2025-04-29T08:00:00.000Z,3323.13,3324.8,3319.19,3320.47,4205
2025-04-29T08:15:00.000Z,3320.47,3322.71,3318.3,3320.32,3380
2025-04-29T08:30:00.000Z,3320.3,3320.3,3315.2,3316.08,2871
2025-04-29T08:45:00.000Z,3316.05,3316.52,3311.68,3311.84,2974
2025-04-29T09:00:00.000Z,3311.65,3314.83,3311.65,3312.62,3183
2025-04-29T09:15:00.000Z,3312.67,3315.2,3308.66,3315.17,4124
2025-04-29T09:30:00.000Z,3315.2,3315.97,3310.51,3311.53,3859
2025-04-29T09:45:00.000Z,3311.58,3312.37,3308.76,3309.03,3558
2025-04-29T10:00:00.000Z,3309,3315.37,3308.95,3312.09,3457
2025-04-29T10:15:00.000Z,3312.1,3312.15,3306.15,3307.34,4358
2025-04-29T10:30:00.000Z,3307.35,3313.61,3307.03,3313.61,3666
2025-04-29T10:45:00.000Z,3313.61,3315.59,3311.93,3312.82,3621
2025-04-29T11:00:00.000Z,3312.84,3315.91,3310.46,3310.82,3748
2025-04-29T11:15:00.000Z,3310.83,3315.89,3310.52,3313.39,3440
2025-04-29T11:30:00.000Z,3313.4,3315.47,3312.57,3312.61,2670
2025-04-29T11:45:00.000Z,3312.62,3313.45,3307.85,3309.32,4191
2025-04-29T12:00:00.000Z,3309.21,3310.06,3305.98,3310,4592
2025-04-29T12:15:00.000Z,3310.03,3311.34,3300.43,3311.32,6021
2025-04-29T12:30:00.000Z,3311.31,3312.13,3303.73,3309.23,6538
2025-04-29T12:45:00.000Z,3309.23,3314.64,3307,3312.86,6835
2025-04-29T13:00:00.000Z,3312.7,3317.15,3309.33,3316.25,8711
2025-04-29T13:15:00.000Z,3316.24,3317.7,3311.88,3317.32,6351
2025-04-29T13:30:00.000Z,3317.29,3321.24,3310.65,3312.05,9636
2025-04-29T13:45:00.000Z,3312.04,3312.07,3299.7,3307.06,9750
2025-04-29T14:00:00.000Z,3307.04,3310.82,3299.59,3309.15,9147
2025-04-29T14:15:00.000Z,3309,3317.02,3306.78,3315.16,6746
2025-04-29T14:30:00.000Z,3315.09,3317.77,3311.33,3314.49,5863
2025-04-29T14:45:00.000Z,3314.52,3317.71,3311.43,3314.51,5655
2025-04-29T15:00:00.000Z,3314.54,3315.58,3308.9,3311.23,5833
2025-04-29T15:15:00.000Z,3311.22,3312.77,3308.39,3312.48,5606
2025-04-29T15:30:00.000Z,3312.47,3313.91,3305.23,3306.23,4803
2025-04-29T15:45:00.000Z,3306.15,3314.11,3305.66,3312.39,4180
2025-04-29T16:00:00.000Z,3312.39,3316.63,3312.32,3315.34,3824
2025-04-29T16:15:00.000Z,3315.35,3320.01,3314,3319.4,4148
2025-04-29T16:30:00.000Z,3319.43,3326.84,3317.92,3325.68,4908
2025-04-29T16:45:00.000Z,3325.59,3330.03,3324.69,3328.73,4831
2025-04-29T17:00:00.000Z,3328.84,3329.69,3325.43,3325.5,3874
2025-04-29T17:15:00.000Z,3325.52,3326.08,3321.97,3323.46,4091
2025-04-29T17:30:00.000Z,3323.53,3325.02,3322.25,3324.05,2892
2025-04-29T17:45:00.000Z,3324.21,3324.55,3314.11,3314.31,4669
2025-04-29T18:00:00.000Z,3314,3319.36,3313.19,3318.07,4633
2025-04-29T18:15:00.000Z,3317.99,3319.43,3314.31,3318.4,3675
2025-04-29T18:30:00.000Z,3318.42,3319.51,3317.26,3318.23,2215
2025-04-29T18:45:00.000Z,3318.05,3320.02,3316.9,3319.86,2697
2025-04-29T19:00:00.000Z,3319.87,3324.92,3319.84,3322.82,2812
2025-04-29T19:15:00.000Z,3322.82,3324.66,3319.48,3322.29,2580
2025-04-29T19:30:00.000Z,3322.21,3324.16,3320.88,3321.48,2738
2025-04-29T19:45:00.000Z,3321.46,3321.6,3317.94,3320.44,3397
2025-04-29T20:00:00.000Z,3319.94,3323.5,3319.8,3321.88,1607
2025-04-29T20:15:00.000Z,3321.82,3322.71,3319.99,3320.43,1559
2025-04-29T20:30:00.000Z,3320.42,3321.83,3318.49,3318.64,1177
2025-04-29T20:45:00.000Z,3318.61,3319.4,3316.31,3316.68,1423
2025-04-29T22:00:00.000Z,3313.69,3322.83,3313.35,3320.11,1650
2025-04-29T22:15:00.000Z,3320.22,3321.46,3318.15,3318.15,579
2025-04-29T22:30:00.000Z,3318.13,3318.9,3316.12,3316.59,1152
2025-04-29T22:45:00.000Z,3316.7,3320.38,3315.88,3318.93,841
2025-04-29T23:00:00.000Z,3318.91,3319.32,3312.11,3313.25,1442
2025-04-29T23:15:00.000Z,3313.26,3317.74,3311.01,3316.35,1152
2025-04-29T23:30:00.000Z,3316.27,3317.52,3312.68,3315.19,1849
2025-04-29T23:45:00.000Z,3315.2,3317.3,3314.58,3317.04,939
2025-04-30T00:00:00.000Z,3317.11,3328.01,3316.21,3324.12,3484
2025-04-30T00:15:00.000Z,3324.1,3324.28,3318.37,3319.28,2666
2025-04-30T00:30:00.000Z,3319.27,3319.88,3313.97,3314.22,2783
2025-04-30T00:45:00.000Z,3314.23,3315.22,3311.38,3313.21,3282
2025-04-30T01:00:00.000Z,3313.2,3316.22,3308.27,3315.77,4748
2025-04-30T01:15:00.000Z,3315.77,3322.74,3314.14,3318.9,5106
2025-04-30T01:30:00.000Z,3318.98,3322.11,3316.18,3317.22,3742
2025-04-30T01:45:00.000Z,3317.18,3318.74,3307.68,3307.98,4146
2025-04-30T02:00:00.000Z,3307.77,3312.72,3305.82,3312.15,4603
2025-04-30T02:15:00.000Z,3312.14,3313.07,3310.22,3311.74,2007
2025-04-30T02:30:00.000Z,3311.8,3312.07,3307.04,3308.61,3428
2025-04-30T02:45:00.000Z,3308.63,3311.43,3305.07,3306.58,3652
2025-04-30T03:00:00.000Z,3306.6,3310.36,3304.83,3310.21,3915
2025-04-30T03:15:00.000Z,3310.01,3311.22,3307.68,3308.74,2361
2025-04-30T03:30:00.000Z,3308.73,3308.97,3303.65,3307.05,2376
2025-04-30T03:45:00.000Z,3307.05,3308.91,3304.28,3304.49,1877
2025-04-30T04:00:00.000Z,3304.5,3306.01,3302.41,3305.48,2677
2025-04-30T04:15:00.000Z,3305.56,3306.19,3301.25,3302.55,2735
2025-04-30T04:30:00.000Z,3302.52,3306.2,3301.19,3305.74,2297
2025-04-30T04:45:00.000Z,3305.72,3308.85,3305.62,3307.89,2499
2025-04-30T05:00:00.000Z,3307.91,3313.06,3307.57,3312.23,2737
2025-04-30T05:15:00.000Z,3312.21,3314.19,3310.14,3313.85,2773
2025-04-30T05:30:00.000Z,3313.91,3314.64,3308.36,3308.87,3871
2025-04-30T05:45:00.000Z,3308.86,3310.25,3307.56,3309.54,3160
2025-04-30T06:00:00.000Z,3309.55,3311.24,3305.9,3308.33,4181
2025-04-30T06:15:00.000Z,3308.34,3310.04,3305.42,3305.5,4707
2025-04-30T06:30:00.000Z,3305.53,3309.46,3304.99,3308.88,4078
2025-04-30T06:45:00.000Z,3308.89,3309.56,3305.18,3305.89,3937
2025-04-30T07:00:00.000Z,3305.82,3308.33,3303.07,3308.18,4320
2025-04-30T07:15:00.000Z,3308.18,3312.36,3307.41,3310.94,4035
2025-04-30T07:30:00.000Z,3310.93,3314.61,3308.88,3314.13,4355
2025-04-30T07:45:00.000Z,3314.13,3314.15,3307.14,3307.15,3876
2025-04-30T08:00:00.000Z,3307.04,3307.65,3285.03,3285.03,7232
2025-04-30T08:15:00.000Z,3285.14,3290.59,3280.29,3285.63,6783
2025-04-30T08:30:00.000Z,3285.52,3288.98,3282.91,3285.93,4264
2025-04-30T08:45:00.000Z,3285.9,3287.58,3282.85,3284.44,4354
2025-04-30T09:00:00.000Z,3284.43,3286.76,3280.7,3284.77,4215
2025-04-30T09:15:00.000Z,3284.76,3284.88,3278.26,3282.98,4332
2025-04-30T09:30:00.000Z,3282.74,3286.85,3282.57,3284.55,3515
2025-04-30T09:45:00.000Z,3284.54,3284.59,3275.04,3275.9,4946
2025-04-30T10:00:00.000Z,3275.97,3276.79,3272.01,3273.87,4055
2025-04-30T10:15:00.000Z,3273.86,3279.17,3271.8,3277.47,4007
2025-04-30T10:30:00.000Z,3277.45,3280.8,3275.13,3276.7,3647
2025-04-30T10:45:00.000Z,3276.66,3277.91,3272.48,3272.54,2933
2025-04-30T11:00:00.000Z,3272.59,3278.11,3268.25,3276.01,5638
2025-04-30T11:15:00.000Z,3276.15,3281.61,3274.49,3280.46,3077
2025-04-30T11:30:00.000Z,3280.43,3281.46,3279.14,3279.5,2360
2025-04-30T11:45:00.000Z,3279.71,3279.98,3269.35,3272.24,4487
2025-04-30T12:00:00.000Z,3272.29,3277.77,3266.81,3275.59,5749
2025-04-30T12:15:00.000Z,3275.17,3292.28,3275.11,3289.67,7561
2025-04-30T12:30:00.000Z,3289.68,3295.52,3283.6,3295.33,8832
2025-04-30T12:45:00.000Z,3295.4,3304.77,3293.88,3298.66,9332
2025-04-30T13:00:00.000Z,3298.62,3308.38,3296.23,3308.16,7725
2025-04-30T13:15:00.000Z,3307.52,3309.7,3300.45,3304.46,7025
2025-04-30T13:30:00.000Z,3304.45,3319.77,3303.97,3318.58,9453
2025-04-30T13:45:00.000Z,3318.62,3319.02,3305.09,3309.31,8463
2025-04-30T14:00:00.000Z,3309.02,3310.72,3298.63,3308.09,9964
2025-04-30T14:15:00.000Z,3308.13,3313.75,3304.55,3304.6,8157
2025-04-30T14:30:00.000Z,3304.58,3305.35,3292.9,3294.34,8976
2025-04-30T14:45:00.000Z,3294.41,3312.85,3292.99,3309.89,8773
2025-04-30T15:00:00.000Z,3309.8,3314.57,3303.2,3308.07,7588
2025-04-30T15:15:00.000Z,3307.99,3311.24,3305.55,3306.48,6793
2025-04-30T15:30:00.000Z,3306.5,3310.14,3301.4,3302.04,5833
2025-04-30T15:45:00.000Z,3302.06,3308.87,3298.98,3307.98,5846
2025-04-30T16:00:00.000Z,3308,3312.2,3307.09,3309.75,4680
2025-04-30T16:15:00.000Z,3309.76,3313.01,3307.71,3308.91,4412
2025-04-30T16:30:00.000Z,3308.83,3314.21,3307.71,3312.44,4787
2025-04-30T16:45:00.000Z,3312.45,3313.13,3309.77,3310.78,4250
2025-04-30T17:00:00.000Z,3310.69,3313.53,3305.89,3306.94,4608
2025-04-30T17:15:00.000Z,3306.67,3309.55,3304.96,3308.74,5063
2025-04-30T17:30:00.000Z,3309.1,3311.05,3306.65,3309.69,3317
2025-04-30T17:45:00.000Z,3309.64,3310.7,3304.84,3305.13,2493
2025-04-30T18:00:00.000Z,3305.17,3307.36,3302.47,3306.94,4911
2025-04-30T18:15:00.000Z,3306.91,3307.68,3300.77,3301.3,3632
2025-04-30T18:30:00.000Z,3301.29,3303.58,3300.34,3301.89,3088
2025-04-30T18:45:00.000Z,3301.93,3303.35,3300.46,3301.68,2426
2025-04-30T19:00:00.000Z,3301.8,3305.64,3301.72,3304.98,1828
2025-04-30T19:15:00.000Z,3305.06,3305.2,3297.97,3299.22,2535
2025-04-30T19:30:00.000Z,3299.2,3301,3292.81,3293.18,3934
2025-04-30T19:45:00.000Z,3293.25,3296.06,3292.06,3295.82,4031
2025-04-30T20:00:00.000Z,3295.75,3297.89,3291.91,3294.44,3037
2025-04-30T20:15:00.000Z,3294.46,3295.03,3289.41,3290.78,2171
2025-04-30T20:30:00.000Z,3290.58,3290.77,3283.05,3289.62,3091
2025-04-30T20:45:00.000Z,3289.62,3290.75,3286.77,3287.71,1797
2025-04-30T22:00:00.000Z,3289.15,3290.11,3274.33,3276.49,2702
2025-04-30T22:15:00.000Z,3276.5,3279.45,3272.03,3276.1,3057
2025-04-30T22:30:00.000Z,3277.12,3281.02,3271.27,3276,3442
2025-04-30T22:45:00.000Z,3276.02,3279.92,3273.52,3273.92,2213
2025-04-30T23:00:00.000Z,3274.19,3285.05,3273.35,3280.53,2912
2025-04-30T23:15:00.000Z,3280.32,3280.56,3273.9,3278.09,2876
2025-04-30T23:30:00.000Z,3278.08,3278.08,3269.7,3274.28,2944
2025-04-30T23:45:00.000Z,3274.4,3276.55,3271.77,3272.59,2495
2025-05-01T00:00:00.000Z,3272.86,3276.17,3269.41,3275.17,3897
2025-05-01T00:15:00.000Z,3275.18,3276.22,3243.22,3258.86,5512
2025-05-01T00:30:00.000Z,3258.96,3259.11,3245.35,3247.96,5622
2025-05-01T00:45:00.000Z,3247.99,3252.97,3241.1,3246.4,5055
2025-05-01T01:00:00.000Z,3246.34,3248.48,3235.5,3243.85,4082
2025-05-01T01:15:00.000Z,3243.84,3249.55,3239.22,3248.94,3016
2025-05-01T01:30:00.000Z,3248.78,3251.3,3243.78,3244.12,3694
2025-05-01T01:45:00.000Z,3244.16,3245.09,3234.27,3238.85,4605
2025-05-01T02:00:00.000Z,3238.93,3242.62,3235.07,3240.35,2434
2025-05-01T02:15:00.000Z,3240.36,3251.64,3240.26,3246.4,3855
2025-05-01T02:30:00.000Z,3246.21,3248.36,3242.88,3244.1,2481
2025-05-01T02:45:00.000Z,3244.09,3245.15,3239.63,3241.48,2973
2025-05-01T03:00:00.000Z,3241.43,3242.54,3231.01,3231.94,3551
2025-05-01T03:15:00.000Z,3231.96,3237.93,3231.18,3233.2,3666
2025-05-01T03:30:00.000Z,3233.2,3237.14,3229.3,3235.05,3959
2025-05-01T03:45:00.000Z,3235.06,3236.93,3228.82,3229.41,3767
2025-05-01T04:00:00.000Z,3229.46,3231.24,3225.23,3228.41,3625
2025-05-01T04:15:00.000Z,3228.41,3228.41,3223.47,3226.34,2832
2025-05-01T04:30:00.000Z,3226.21,3226.94,3221.21,3226.55,3520
2025-05-01T04:45:00.000Z,3226.56,3231.88,3225.62,3226.53,3030
2025-05-01T05:00:00.000Z,3226.52,3229.86,3223.33,3229.17,3049
2025-05-01T05:15:00.000Z,3229.15,3233.11,3227.3,3230.46,4154
2025-05-01T05:30:00.000Z,3230.48,3236.41,3228.53,3233.55,4662
2025-05-01T05:45:00.000Z,3233.56,3238.75,3233.26,3236.54,3167
2025-05-01T06:00:00.000Z,3236.6,3243.12,3235.98,3238.06,4681
2025-05-01T06:15:00.000Z,3238.29,3239.98,3233.8,3235.88,5372
2025-05-01T06:30:00.000Z,3235.9,3240.27,3235.34,3237.35,4485
2025-05-01T06:45:00.000Z,3237.38,3237.81,3234.7,3235.68,3660
2025-05-01T07:00:00.000Z,3235.71,3236.88,3228.08,3231.13,4939
2025-05-01T07:15:00.000Z,3231.14,3232.35,3226.01,3230.53,3939
2025-05-01T07:30:00.000Z,3230.45,3235.32,3229.57,3234.59,3849
2025-05-01T07:45:00.000Z,3234.6,3234.73,3228.44,3230.05,3603
2025-05-01T08:00:00.000Z,3230.07,3235.34,3229.89,3232.84,3897
2025-05-01T08:15:00.000Z,3232.85,3236.66,3232.68,3234.52,2987
2025-05-01T08:30:00.000Z,3234.53,3234.86,3231.9,3232.35,2403
2025-05-01T08:45:00.000Z,3232.28,3235.28,3232.28,3235.17,2056
2025-05-01T09:00:00.000Z,3235.17,3236.16,3228.17,3230.25,4637
2025-05-01T09:15:00.000Z,3230.21,3230.35,3225.5,3225.76,2339
2025-05-01T09:30:00.000Z,3225.78,3226.58,3219.71,3222.97,3540
2025-05-01T09:45:00.000Z,3222.98,3224.27,3215.54,3218.43,4787
2025-05-01T10:00:00.000Z,3218.41,3220.38,3214.54,3214.95,4583
2025-05-01T10:15:00.000Z,3214.96,3219.23,3213.5,3218.37,4314
2025-05-01T10:30:00.000Z,3218.35,3225.26,3217.84,3224,4110
2025-05-01T10:45:00.000Z,3223.96,3224.29,3221.52,3222.88,3867
2025-05-01T11:00:00.000Z,3222.85,3226.76,3222.2,3223.56,3509
2025-05-01T11:15:00.000Z,3223.69,3227.03,3222.77,3223.11,3616
2025-05-01T11:30:00.000Z,3223.08,3225.19,3214.26,3214.31,4734
2025-05-01T11:45:00.000Z,3214.22,3214.91,3203.41,3205.47,6398
2025-05-01T12:00:00.000Z,3205.36,3209.92,3201.94,3206.8,6229
2025-05-01T12:15:00.000Z,3206.79,3219.94,3203.71,3219.17,7528
2025-05-01T12:30:00.000Z,3219.99,3228.5,3218.47,3226.51,8545
2025-05-01T12:45:00.000Z,3226.52,3232.6,3223.91,3226.7,6634
2025-05-01T13:00:00.000Z,3226.72,3229.88,3221.09,3229.06,6101
2025-05-01T13:15:00.000Z,3229.04,3230.25,3221.02,3227.07,5513
2025-05-01T13:30:00.000Z,3227.17,3233.27,3220.29,3227.73,9394
2025-05-01T13:45:00.000Z,3227.36,3227.52,3218.82,3224.93,6872
2025-05-01T14:00:00.000Z,3222.91,3228.27,3214.34,3224.44,9700
2025-05-01T14:15:00.000Z,3224.51,3224.58,3214.33,3222.79,8486
2025-05-01T14:30:00.000Z,3222.78,3231.08,3220.84,3230.15,7449
2025-05-01T14:45:00.000Z,3230.16,3231.47,3218.47,3219.09,6114
2025-05-01T15:00:00.000Z,3219.25,3221.86,3217.37,3217.99,5542
2025-05-01T15:15:00.000Z,3217.98,3218.16,3213.65,3215.33,5726
2025-05-01T15:30:00.000Z,3215.34,3215.71,3205.98,3207,5834
2025-05-01T15:45:00.000Z,3207,3218.02,3204.95,3216.38,6079
2025-05-01T16:00:00.000Z,3216.36,3217.31,3208.94,3210.14,5354
2025-05-01T16:15:00.000Z,3210.17,3214.71,3209.44,3209.6,4739
2025-05-01T16:30:00.000Z,3209.63,3216.49,3209.62,3213.92,4482
2025-05-01T16:45:00.000Z,3213.99,3220.67,3213.98,3219.56,4368
2025-05-01T17:00:00.000Z,3219.61,3220.59,3216.47,3219.38,3851
2025-05-01T17:15:00.000Z,3219.54,3220.9,3214.06,3216.02,4562
2025-05-01T17:30:00.000Z,3216.08,3216.41,3209.77,3211.17,3760
2025-05-01T17:45:00.000Z,3211.19,3215.83,3210.06,3214.52,3348
2025-05-01T18:00:00.000Z,3214.5,3217.83,3212.88,3217.39,2624
2025-05-01T18:15:00.000Z,3217.35,3218.89,3214.73,3216.89,3360
2025-05-01T18:30:00.000Z,3216.91,3226.67,3216.22,3225.58,4625
2025-05-01T18:45:00.000Z,3225.57,3226.84,3223.64,3223.83,2675
2025-05-01T19:00:00.000Z,3223.94,3226.84,3223.86,3225.73,2585
2025-05-01T19:15:00.000Z,3225.74,3226.82,3224.29,3225.79,2097
2025-05-01T19:30:00.000Z,3226.09,3229.74,3224.77,3228.74,2954
2025-05-01T19:45:00.000Z,3228.76,3229.61,3225.48,3228.13,3665
2025-05-01T20:00:00.000Z,3228.26,3235.56,3228.02,3235.55,2752
2025-05-01T20:15:00.000Z,3235.62,3236.75,3230.19,3230.68,2036
2025-05-01T20:30:00.000Z,3230.58,3239.35,3230.1,3238.88,2089
2025-05-01T20:45:00.000Z,3238.87,3239.43,3234.58,3238.41,2214
2025-05-01T22:00:00.000Z,3238.64,3243.17,3235.28,3236.29,2105
2025-05-01T22:15:00.000Z,3236.14,3240.23,3235.57,3237.4,1128
2025-05-01T22:30:00.000Z,3237.44,3237.53,3232.56,3235.79,2289
2025-05-01T22:45:00.000Z,3235.65,3238.98,3235.65,3237.89,1365
2025-05-01T23:00:00.000Z,3237.93,3241.46,3236.79,3237.44,1984
2025-05-01T23:15:00.000Z,3237.38,3238.27,3235.83,3236.56,1030
2025-05-01T23:30:00.000Z,3236.57,3238.75,3235.6,3238.65,1015
2025-05-01T23:45:00.000Z,3238.64,3239.48,3234.68,3237.25,2135
2025-05-02T00:00:00.000Z,3237.44,3241.11,3237.06,3238.36,2721
2025-05-02T00:15:00.000Z,3238.41,3244.16,3238.33,3243.37,3535
2025-05-02T00:30:00.000Z,3243.4,3244.25,3238.87,3240.1,2993
2025-05-02T00:45:00.000Z,3240.05,3240.05,3227.35,3231.22,5720
2025-05-02T01:00:00.000Z,3231.18,3236.31,3231.18,3235.66,3728
2025-05-02T01:15:00.000Z,3235.64,3237.32,3231.81,3233.12,3304
2025-05-02T01:30:00.000Z,3233.45,3235.16,3231.26,3233.71,4453
2025-05-02T01:45:00.000Z,3233.72,3237.41,3233.07,3236.32,3230
2025-05-02T02:00:00.000Z,3236.4,3243.82,3235.8,3243.08,3652
2025-05-02T02:15:00.000Z,3243.04,3247.4,3241.66,3246.14,4412
2025-05-02T02:30:00.000Z,3246.09,3248.02,3243.31,3245.68,2421
2025-05-02T02:45:00.000Z,3245.55,3249.2,3245.29,3248.05,2798
2025-05-02T03:00:00.000Z,3248.05,3251.07,3245.81,3250.4,3789
2025-05-02T03:15:00.000Z,3250.41,3254.2,3248.94,3254.2,3453
2025-05-02T03:30:00.000Z,3254.15,3257.34,3253.4,3256.81,2803
2025-05-02T03:45:00.000Z,3256.83,3258.54,3254.67,3254.88,2717
2025-05-02T04:00:00.000Z,3254.89,3256.58,3253.19,3255.34,2956
2025-05-02T04:15:00.000Z,3255.42,3257.42,3254.23,3255.87,2368
2025-05-02T04:30:00.000Z,3255.75,3255.8,3252.71,3253.5,2337
2025-05-02T04:45:00.000Z,3253.49,3254.67,3250.44,3251.77,2017
2025-05-02T05:00:00.000Z,3251.63,3254.37,3249.56,3252.59,2619
2025-05-02T05:15:00.000Z,3252.61,3253.21,3250.67,3252.43,1916
2025-05-02T05:30:00.000Z,3252.41,3256.75,3251.86,3254.08,2915
2025-05-02T05:45:00.000Z,3254.1,3255.24,3250.57,3251.71,2910
2025-05-02T06:00:00.000Z,3251.83,3255.72,3249.92,3254.79,3770
2025-05-02T06:15:00.000Z,3254.79,3262.31,3251.66,3258.09,4280
2025-05-02T06:30:00.000Z,3258.07,3260.17,3251.36,3251.58,3756
2025-05-02T06:45:00.000Z,3251.58,3253,3246.23,3252.81,4064
2025-05-02T07:00:00.000Z,3252.91,3255.92,3251.68,3253.01,4181
2025-05-02T07:15:00.000Z,3252.98,3258.14,3251.47,3256.03,3361
2025-05-02T07:30:00.000Z,3256.02,3263.23,3255.58,3258.61,3881
2025-05-02T07:45:00.000Z,3258.71,3261.66,3257.7,3258.9,3162
2025-05-02T08:00:00.000Z,3259.1,3261.52,3256.18,3256.46,3184
2025-05-02T08:15:00.000Z,3256.43,3260.97,3255.31,3257.58,3673
2025-05-02T08:30:00.000Z,3257.59,3260.88,3256.98,3260.46,2889
2025-05-02T08:45:00.000Z,3260.46,3261.19,3257.9,3258.11,2909
2025-05-02T09:00:00.000Z,3258.1,3263.11,3255.12,3261.96,4136
2025-05-02T09:15:00.000Z,3262.01,3262.73,3260.1,3260.24,2848
2025-05-02T09:30:00.000Z,3260.24,3266.32,3260.24,3265.88,3556
2025-05-02T09:45:00.000Z,3265.88,3267,3263.62,3265.22,4032
2025-05-02T10:00:00.000Z,3265.21,3265.68,3259.57,3259.75,2974
2025-05-02T10:15:00.000Z,3259.68,3263.04,3258.34,3262.93,3843
2025-05-02T10:30:00.000Z,3262.95,3263.1,3257.36,3258.22,3941
2025-05-02T10:45:00.000Z,3258.2,3260.4,3257.29,3259.45,3289
2025-05-02T11:00:00.000Z,3259.46,3260.64,3258.11,3258.84,2777
2025-05-02T11:15:00.000Z,3258.96,3266.17,3258.96,3265.65,3740
2025-05-02T11:30:00.000Z,3265.71,3267.98,3264.55,3265.45,4028
2025-05-02T11:45:00.000Z,3265.5,3269.21,3262.56,3262.67,4235
2025-05-02T12:00:00.000Z,3262.72,3264.85,3260.44,3262.67,4974
2025-05-02T12:15:00.000Z,3262.68,3263.79,3257.85,3258.91,4997
2025-05-02T12:30:00.000Z,3259.27,3263.01,3250.3,3256.06,10143
2025-05-02T12:45:00.000Z,3255.96,3260.47,3250.24,3250.37,8192
2025-05-02T13:00:00.000Z,3250.28,3250.89,3239.44,3243.6,9194
2025-05-02T13:15:00.000Z,3243.21,3259.45,3243.06,3257.38,8105
2025-05-02T13:30:00.000Z,3257.09,3259.54,3248.26,3253.11,9796
2025-05-02T13:45:00.000Z,3253.1,3253.1,3243.79,3250.42,8292
2025-05-02T14:00:00.000Z,3250.37,3252.23,3242.18,3252.07,8982
2025-05-02T14:15:00.000Z,3252.08,3257.92,3250.35,3253.28,8311
2025-05-02T14:30:00.000Z,3253.16,3260.63,3253.09,3253.64,7510
2025-05-02T14:45:00.000Z,3253.48,3264.56,3250.9,3262.83,6685
2025-05-02T15:00:00.000Z,3263.02,3264.19,3259.49,3263.28,5729
2025-05-02T15:15:00.000Z,3263.29,3264.13,3248.36,3251.03,6899
2025-05-02T15:30:00.000Z,3251.07,3251.36,3234.55,3237.07,8143
2025-05-02T15:45:00.000Z,3237.11,3238.11,3230.19,3231.53,6944
2025-05-02T16:00:00.000Z,3231.58,3233.24,3224.71,3228.86,8699
2025-05-02T16:15:00.000Z,3228.81,3236.28,3226.14,3233.77,7532
2025-05-02T16:30:00.000Z,3233.94,3235.53,3228.41,3233.68,7073
2025-05-02T16:45:00.000Z,3233.68,3233.85,3222.81,3224.89,6787
2025-05-02T17:00:00.000Z,3224.92,3232.01,3223.58,3231.74,6468
2025-05-02T17:15:00.000Z,3231.75,3239.75,3231.07,3235.13,5731
2025-05-02T17:30:00.000Z,3235.18,3236.01,3227.1,3229.3,5088
2025-05-02T17:45:00.000Z,3229.21,3233.56,3226.57,3231.33,4063
2025-05-02T18:00:00.000Z,3231.4,3232.38,3226.13,3226.63,3498
2025-05-02T18:15:00.000Z,3226.64,3230.07,3225.93,3228.83,3658
2025-05-02T18:30:00.000Z,3229,3229.26,3224.3,3225.1,4288
2025-05-02T18:45:00.000Z,3225.1,3228.79,3224.36,3226.34,3564
2025-05-02T19:00:00.000Z,3226.34,3232.66,3226.32,3228.88,3579
2025-05-02T19:15:00.000Z,3228.73,3230.64,3227.4,3228.29,2652
2025-05-02T19:30:00.000Z,3228.31,3233.28,3227.45,3233.03,2965
2025-05-02T19:45:00.000Z,3233.09,3234.47,3231.27,3233.47,3446
2025-05-02T20:00:00.000Z,3233.66,3235.73,3232.53,3235.73,1614
2025-05-02T20:15:00.000Z,3235.81,3241.14,3235.68,3237.91,1948
2025-05-02T20:30:00.000Z,3237.82,3240.12,3237.82,3239.36,1198
2025-05-02T20:45:00.000Z,3239.35,3240.79,3237.97,3240.69,763
2025-05-04T22:00:00.000Z,3238.34,3244.45,3237.36,3239.68,3375
2025-05-04T22:15:00.000Z,3239.63,3242.84,3239.41,3240.18,1239
2025-05-04T22:30:00.000Z,3240,3244.11,3239.7,3242.18,2377
2025-05-04T22:45:00.000Z,3242.15,3243.88,3238.78,3239.41,2388
2025-05-04T23:00:00.000Z,3239.76,3242.54,3238.88,3242.46,1919
2025-05-04T23:15:00.000Z,3242.46,3244.39,3241.46,3244.18,1607
2025-05-04T23:30:00.000Z,3244.13,3249.88,3243.46,3249.47,2983
2025-05-04T23:45:00.000Z,3249.65,3252.24,3247,3248.02,3972
2025-05-05T00:00:00.000Z,3247.95,3248.71,3244.15,3245.94,2745
2025-05-05T00:15:00.000Z,3245.96,3246.54,3244.06,3245.47,1788
2025-05-05T00:30:00.000Z,3245.46,3246.76,3241.56,3242.24,2564
2025-05-05T00:45:00.000Z,3242.57,3248.04,3241,3246.66,3178
2025-05-05T01:00:00.000Z,3246.65,3259.06,3246.47,3259.05,4826
2025-05-05T01:15:00.000Z,3259.03,3266.3,3256.46,3265.06,5059
2025-05-05T01:30:00.000Z,3265.16,3271.01,3262.84,3263.77,5465
2025-05-05T01:45:00.000Z,3263.81,3266.54,3262.77,3264.64,3106
2025-05-05T02:00:00.000Z,3264.63,3270.88,3260.4,3261.09,4899
2025-05-05T02:15:00.000Z,3261.1,3266.27,3259.61,3265.99,4067
2025-05-05T02:30:00.000Z,3266.02,3270.15,3265.51,3268.1,3266
2025-05-05T02:45:00.000Z,3268.09,3272.24,3266.94,3270.1,3876
2025-05-05T03:00:00.000Z,3269.92,3271.32,3260.06,3260.15,4606
2025-05-05T03:15:00.000Z,3260.16,3261.83,3257.32,3259.47,3373
2025-05-05T03:30:00.000Z,3259.53,3259.56,3252.99,3255.29,3073
2025-05-05T03:45:00.000Z,3255.4,3256.55,3253.85,3254.47,2436
2025-05-05T04:00:00.000Z,3254.48,3258.12,3253.84,3257.13,2559
2025-05-05T04:15:00.000Z,3257.12,3259.46,3255.5,3256.31,2026
2025-05-05T04:30:00.000Z,3256.52,3257.35,3253.6,3255.89,1938
2025-05-05T04:45:00.000Z,3255.9,3258.79,3253.58,3256.5,2207
2025-05-05T05:00:00.000Z,3256.45,3260.87,3256.02,3258.88,2567
2025-05-05T05:15:00.000Z,3258.89,3259.82,3256.8,3257.86,2150
2025-05-05T05:30:00.000Z,3258.17,3261.89,3256.65,3257.96,2825
2025-05-05T05:45:00.000Z,3257.93,3261.01,3254.02,3259.61,3362
2025-05-05T06:00:00.000Z,3259.98,3262.03,3256.78,3259.75,4645
2025-05-05T06:15:00.000Z,3259.84,3260.47,3256.77,3259.29,4011
2025-05-05T06:30:00.000Z,3258.72,3264.44,3256.96,3262.61,4192
2025-05-05T06:45:00.000Z,3262.6,3265.68,3261.59,3262.01,3558
2025-05-05T07:00:00.000Z,3262.04,3263.87,3258.74,3261.88,4787
2025-05-05T07:15:00.000Z,3261.93,3264.52,3260.57,3261.12,4016
2025-05-05T07:30:00.000Z,3261.15,3266.02,3260.38,3264.23,3778
2025-05-05T07:45:00.000Z,3264.23,3267.78,3263.37,3264.75,3736
2025-05-05T08:00:00.000Z,3264.87,3267.49,3263.29,3263.48,3855
2025-05-05T08:15:00.000Z,3263.39,3273.57,3263.14,3272,4925
2025-05-05T08:30:00.000Z,3271.97,3278.51,3270.09,3277.18,5696
2025-05-05T08:45:00.000Z,3277.23,3282.94,3276.57,3282.68,5695
2025-05-05T09:00:00.000Z,3282.69,3289.79,3282.24,3289.74,7127
2025-05-05T09:15:00.000Z,3289.73,3302.15,3289.64,3302.15,7653
2025-05-05T09:30:00.000Z,3302.17,3305.11,3299.84,3302.77,6353
2025-05-05T09:45:00.000Z,3302.77,3308.95,3299.75,3308.75,4832
2025-05-05T10:00:00.000Z,3308.79,3315.44,3308.49,3310.53,7168
2025-05-05T10:15:00.000Z,3310.51,3318.61,3308.76,3314.33,7000
2025-05-05T10:30:00.000Z,3314.32,3316.59,3312.1,3313.91,4772
2025-05-05T10:45:00.000Z,3313.92,3315.64,3311.47,3313.23,5178
2025-05-05T11:00:00.000Z,3312.81,3317.9,3311.95,3316.53,4835
2025-05-05T11:15:00.000Z,3316.51,3318.95,3313.01,3314.1,4953
2025-05-05T11:30:00.000Z,3314.05,3315.18,3311.94,3312.17,4278
2025-05-05T11:45:00.000Z,3312.16,3314.76,3311.37,3312.95,3767
2025-05-05T12:00:00.000Z,3312.88,3318.28,3312.83,3315.99,5898
2025-05-05T12:15:00.000Z,3315.91,3320.67,3314.03,3318.82,7325
2025-05-05T12:30:00.000Z,3318.71,3320.9,3315.8,3319.78,5800
2025-05-05T12:45:00.000Z,3319.77,3322.54,3318.56,3319.61,5486
2025-05-05T13:00:00.000Z,3319.63,3320.53,3315.79,3318.15,4653
2025-05-05T13:15:00.000Z,3318.13,3320.95,3316.92,3318.8,3820
2025-05-05T13:30:00.000Z,3318.76,3319.05,3311.86,3315.66,6831
2025-05-05T13:45:00.000Z,3315.5,3319.67,3313.77,3315.55,6353
2025-05-05T14:00:00.000Z,3313.33,3328.76,3309.83,3316.05,10076
2025-05-05T14:15:00.000Z,3316.15,3320.69,3311.47,3318.67,7712
2025-05-05T14:30:00.000Z,3318.63,3318.67,3312.2,3316.34,6546
2025-05-05T14:45:00.000Z,3316.37,3318.23,3311.11,3312.7,5128
2025-05-05T15:00:00.000Z,3312.67,3314.97,3309.06,3311.88,6612
2025-05-05T15:15:00.000Z,3311.72,3314.63,3309.91,3310.9,5444
2025-05-05T15:30:00.000Z,3310.52,3317.83,3310.52,3315.78,4853
2025-05-05T15:45:00.000Z,3315.74,3317.73,3311.72,3312.02,4928
2025-05-05T16:00:00.000Z,3311.99,3312.36,3305.6,3307.32,6075
2025-05-05T16:15:00.000Z,3307.69,3309.71,3306.87,3307.54,4824
2025-05-05T16:30:00.000Z,3307.55,3312.84,3307.53,3312.09,5065
2025-05-05T16:45:00.000Z,3312.1,3313.55,3309.08,3309.75,4635
2025-05-05T17:00:00.000Z,3309.81,3312.64,3309.16,3311.67,4279
2025-05-05T17:15:00.000Z,3311.73,3315.76,3309.98,3313.31,4537
2025-05-05T17:30:00.000Z,3313.3,3316.37,3311.77,3314.43,3925
2025-05-05T17:45:00.000Z,3314.4,3318.17,3312.64,3317.09,3731
2025-05-05T18:00:00.000Z,3317.05,3317.89,3313.88,3316.32,3862
2025-05-05T18:15:00.000Z,3316.36,3320.36,3315.88,3319.88,3183
2025-05-05T18:30:00.000Z,3319.91,3322.01,3317.77,3321.33,3899
2025-05-05T18:45:00.000Z,3321.35,3323.57,3320.65,3323.16,3470
2025-05-05T19:00:00.000Z,3323.17,3326.96,3322.8,3326.15,3730
2025-05-05T19:15:00.000Z,3326.19,3336.4,3325.73,3336.27,5597
2025-05-05T19:30:00.000Z,3336.26,3337.57,3334.1,3334.49,4493
2025-05-05T19:45:00.000Z,3334.52,3337.1,3327.26,3328.77,5229
2025-05-05T20:00:00.000Z,3328.74,3333.84,3328.74,3330.7,2703
2025-05-05T20:15:00.000Z,3330.65,3331.95,3329.2,3331.4,1831
2025-05-05T20:30:00.000Z,3331.23,3333.49,3330.58,3332.32,1895
2025-05-05T20:45:00.000Z,3332.32,3334.27,3331.13,3333.93,1563
2025-05-05T22:00:00.000Z,3336.16,3337.91,3328.09,3329.98,2478
2025-05-05T22:15:00.000Z,3330.14,3332.18,3327.45,3328.71,1488
2025-05-05T22:30:00.000Z,3328.72,3333,3328.72,3331.66,1572
2025-05-05T22:45:00.000Z,3331.63,3332.76,3330.36,3330.65,2013
2025-05-05T23:00:00.000Z,3330.68,3334.79,3329.54,3331.77,2052
2025-05-05T23:15:00.000Z,3331.91,3334.32,3328.88,3332.37,2008
2025-05-05T23:30:00.000Z,3332.35,3334.04,3331.39,3333.32,1061
2025-05-05T23:45:00.000Z,3333.34,3334.89,3330.34,3334.02,1964
2025-05-06T00:00:00.000Z,3334.05,3334.27,3332.04,3333.02,2953
2025-05-06T00:15:00.000Z,3333.03,3333.09,3323.68,3324.78,4258
2025-05-06T00:30:00.000Z,3324.73,3328.86,3324.69,3326.71,3358
2025-05-06T00:45:00.000Z,3326.81,3330.12,3323.13,3329.57,4368
2025-05-06T01:00:00.000Z,3330.13,3364.72,3329.95,3362.13,11235
2025-05-06T01:15:00.000Z,3362.17,3363.06,3355.07,3357.17,7788
2025-05-06T01:30:00.000Z,3357.16,3381.67,3355.65,3378.34,9212
2025-05-06T01:45:00.000Z,3378.59,3381.31,3372.3,3379.56,7085
2025-05-06T02:00:00.000Z,3380.02,3383.74,3375.33,3382.13,7117
2025-05-06T02:15:00.000Z,3382.12,3386.87,3378.12,3381.91,6021
2025-05-06T02:30:00.000Z,3381.92,3382.49,3364.55,3367.06,7667
2025-05-06T02:45:00.000Z,3366.93,3367.52,3356.45,3358.33,6642
2025-05-06T03:00:00.000Z,3358.41,3361.54,3352.52,3356.81,7038
2025-05-06T03:15:00.000Z,3356.88,3372.3,3355.85,3362.62,6157
2025-05-06T03:30:00.000Z,3362.5,3363.54,3359.27,3360.1,3215
2025-05-06T03:45:00.000Z,3359.82,3364.12,3356.08,3360.25,4287
2025-05-06T04:00:00.000Z,3360.41,3361.28,3356.94,3360.31,3166
2025-05-06T04:15:00.000Z,3360.22,3361.5,3356.18,3356.83,2877
2025-05-06T04:30:00.000Z,3356.81,3361.62,3356.03,3360.51,3913
2025-05-06T04:45:00.000Z,3360.49,3366,3359.72,3363.03,3938
2025-05-06T05:00:00.000Z,3363.04,3363.81,3357.98,3358.6,2737
2025-05-06T05:15:00.000Z,3358.59,3359.91,3354.21,3356.03,3355
2025-05-06T05:30:00.000Z,3356.02,3359.85,3351.45,3352.07,5554
2025-05-06T05:45:00.000Z,3352.11,3362.04,3350.25,3361.97,5292
2025-05-06T06:00:00.000Z,3362,3364.58,3358.7,3362.13,5508
2025-05-06T06:15:00.000Z,3362.13,3367.84,3360.92,3363.32,6084
2025-05-06T06:30:00.000Z,3363.43,3367.36,3361.94,3366.94,4673
2025-05-06T06:45:00.000Z,3366.95,3367.15,3363.24,3364.71,4248
2025-05-06T07:00:00.000Z,3365.15,3370.67,3365.06,3367.85,4885
2025-05-06T07:15:00.000Z,3367.84,3375.94,3365.09,3374.31,4618
2025-05-06T07:30:00.000Z,3374.3,3379.5,3372.98,3373.21,5407
2025-05-06T07:45:00.000Z,3373.3,3376.13,3369.81,3371.18,5269
2025-05-06T08:00:00.000Z,3371.48,3377.99,3368.54,3377.87,5627
2025-05-06T08:15:00.000Z,3377.91,3383.11,3377.35,3380.74,5449
2025-05-06T08:30:00.000Z,3380.7,3381.21,3376.07,3377.6,3839
2025-05-06T08:45:00.000Z,3377.57,3379.7,3376,3377.12,3150
2025-05-06T09:00:00.000Z,3377.31,3380.51,3375.29,3376.09,4089
2025-05-06T09:15:00.000Z,3376.06,3376.85,3371.38,3373.81,3781
2025-05-06T09:30:00.000Z,3373.8,3380,3373.48,3378.6,4039
2025-05-06T09:45:00.000Z,3378.61,3383.21,3377.14,3383.16,4042
2025-05-06T10:00:00.000Z,3383.16,3383.77,3380.51,3383.09,4082
2025-05-06T10:15:00.000Z,3383.14,3383.33,3378.08,3379.57,4148
2025-05-06T10:30:00.000Z,3379.52,3380.32,3376.68,3379.33,3771
2025-05-06T10:45:00.000Z,3379.32,3383.78,3378.22,3383.65,3994
2025-05-06T11:00:00.000Z,3383.58,3384.2,3381.13,3381.28,3828
2025-05-06T11:15:00.000Z,3381.29,3384.93,3379.65,3380.66,5006
2025-05-06T11:30:00.000Z,3380.69,3381.76,3373.81,3374.61,6026
2025-05-06T11:45:00.000Z,3374.44,3380.59,3374.22,3379.09,3984
2025-05-06T12:00:00.000Z,3379.14,3379.52,3373.56,3377.64,5509
2025-05-06T12:15:00.000Z,3377.6,3378.69,3373.23,3376.3,5618
2025-05-06T12:30:00.000Z,3376.27,3392.34,3375.29,3389.76,7155
2025-05-06T12:45:00.000Z,3389.78,3391.34,3385.3,3391.04,6599
2025-05-06T13:00:00.000Z,3391.31,3396.65,3389.38,3394.56,8702
2025-05-06T13:15:00.000Z,3394.46,3397.51,3393.24,3396.87,6744
2025-05-06T13:30:00.000Z,3397.04,3397.23,3387.79,3392.17,9859
2025-05-06T13:45:00.000Z,3392.28,3397.66,3390.6,3391.72,8414
2025-05-06T14:00:00.000Z,3391.7,3398.02,3391.19,3394.38,8467
2025-05-06T14:15:00.000Z,3394.38,3395.87,3383.79,3383.86,8621
2025-05-06T14:30:00.000Z,3383.9,3388.9,3378.17,3379.73,8265
2025-05-06T14:45:00.000Z,3379.76,3386.61,3379.15,3386.33,7408
2025-05-06T15:00:00.000Z,3386.31,3395.29,3385.32,3395.16,5752
2025-05-06T15:15:00.000Z,3395.09,3397.96,3393.69,3396.6,5594
2025-05-06T15:30:00.000Z,3396.69,3399.77,3395.17,3396.39,5245
2025-05-06T15:45:00.000Z,3396.43,3397.22,3393.1,3395.12,4108
2025-05-06T16:00:00.000Z,3395.24,3399.17,3394.7,3396.74,5721
2025-05-06T16:15:00.000Z,3396.74,3404.71,3395.39,3404.14,7093
2025-05-06T16:30:00.000Z,3404.1,3407.95,3402.2,3407.95,6604
2025-05-06T16:45:00.000Z,3408,3411.56,3406.44,3408.87,6033
2025-05-06T17:00:00.000Z,3408.86,3413.12,3407.5,3410.63,6184
2025-05-06T17:15:00.000Z,3410.84,3417.27,3409.99,3414.76,6565
2025-05-06T17:30:00.000Z,3414.87,3417.76,3412.61,3416.8,5179
2025-05-06T17:45:00.000Z,3416.81,3416.81,3412.16,3413.99,5059
2025-05-06T18:00:00.000Z,3414.02,3414.67,3410.2,3411.99,4381
2025-05-06T18:15:00.000Z,3411.99,3417.21,3411.54,3416.66,3985
2025-05-06T18:30:00.000Z,3416.65,3417.11,3414.51,3416.14,3933
2025-05-06T18:45:00.000Z,3416.11,3417.43,3414.48,3415.61,4254
2025-05-06T19:00:00.000Z,3415.62,3415.7,3412.61,3413.73,3382
2025-05-06T19:15:00.000Z,3413.79,3416.82,3413.2,3415.54,3184
2025-05-06T19:30:00.000Z,3415.57,3418.57,3414.69,3418.34,3816
2025-05-06T19:45:00.000Z,3418.43,3424.13,3418,3423.12,5512
2025-05-06T20:00:00.000Z,3423.11,3424.45,3421.68,3421.91,3433
2025-05-06T20:15:00.000Z,3421.78,3424.31,3419.24,3424.28,3345
2025-05-06T20:30:00.000Z,3424.23,3430.11,3423.44,3427.65,3880
2025-05-06T20:45:00.000Z,3427.71,3434.58,3427.53,3431.33,3462
2025-05-06T22:00:00.000Z,3437.04,3438.08,3396.81,3412.71,8008
2025-05-06T22:15:00.000Z,3412.61,3415.2,3384.95,3388.51,5911
2025-05-06T22:30:00.000Z,3388.14,3404.15,3384.58,3391.74,6670
2025-05-06T22:45:00.000Z,3391.61,3396.36,3380.65,3381.82,5357
2025-05-06T23:00:00.000Z,3381.91,3395.26,3377.07,3395.26,6185
2025-05-06T23:15:00.000Z,3395.41,3397.47,3390,3392.91,3373
2025-05-06T23:30:00.000Z,3393.18,3394.46,3388.7,3392.45,2532
2025-05-06T23:45:00.000Z,3392.59,3404.44,3392.34,3400.7,5226
2025-05-07T00:00:00.000Z,3400.75,3401.37,3391.46,3392.12,6403
2025-05-07T00:15:00.000Z,3392.25,3395.08,3382.74,3385.76,6594
2025-05-07T00:30:00.000Z,3385.72,3387.99,3364.94,3365.26,7602
2025-05-07T00:45:00.000Z,3365.22,3380.95,3360.91,3379.66,9516
2025-05-07T01:00:00.000Z,3379.31,3384.98,3367.86,3380.25,9900
2025-05-07T01:15:00.000Z,3380.21,3380.52,3362.49,3365.41,7121
2025-05-07T01:30:00.000Z,3365.42,3374.11,3360.12,3374,6599
2025-05-07T01:45:00.000Z,3373.94,3377.29,3367.28,3374.66,4902
2025-05-07T02:00:00.000Z,3374.65,3376.97,3372.01,3375.62,4476
2025-05-07T02:15:00.000Z,3375.63,3393.61,3375.16,3385.72,6542
2025-05-07T02:30:00.000Z,3385.67,3391.34,3385.21,3388.59,5592
2025-05-07T02:45:00.000Z,3388.52,3392.18,3386.92,3390.52,4538
2025-05-07T03:00:00.000Z,3390.49,3392.45,3386.9,3388.56,3770
2025-05-07T03:15:00.000Z,3388.64,3390.44,3373.33,3374.48,4143
2025-05-07T03:30:00.000Z,3374.4,3378.25,3370,3374.69,3963
2025-05-07T03:45:00.000Z,3374.4,3379.99,3374.19,3375.49,2521
2025-05-07T04:00:00.000Z,3375.53,3385.24,3375.17,3383.77,3411
2025-05-07T04:15:00.000Z,3383.79,3387.37,3383.67,3384.55,2759
2025-05-07T04:30:00.000Z,3384.65,3385.4,3381.35,3383.72,2481
2025-05-07T04:45:00.000Z,3383.71,3385.82,3380.12,3382.03,2865
2025-05-07T05:00:00.000Z,3382.1,3387.31,3378.57,3384.41,3559
2025-05-07T05:15:00.000Z,3384.43,3387.56,3383.95,3384.12,2630
2025-05-07T05:30:00.000Z,3384.11,3388.27,3381.22,3386.88,4113
2025-05-07T05:45:00.000Z,3386.83,3389.35,3384.87,3387.81,3339
2025-05-07T06:00:00.000Z,3388.03,3395.84,3388.03,3392.95,4821
2025-05-07T06:15:00.000Z,3392.99,3394.57,3389.28,3390.69,3379
2025-05-07T06:30:00.000Z,3390.46,3392.53,3387.36,3389.21,4260
2025-05-07T06:45:00.000Z,3389.2,3393.06,3387.87,3392.45,2999
2025-05-07T07:00:00.000Z,3392.43,3396.28,3387.61,3395.95,4144
2025-05-07T07:15:00.000Z,3395.94,3397.43,3389.61,3391.04,3859
2025-05-07T07:30:00.000Z,3391.08,3391.6,3385.84,3386.47,4221
2025-05-07T07:45:00.000Z,3386.47,3388.19,3383.75,3387.86,3807
2025-05-07T08:00:00.000Z,3387.9,3387.9,3382.4,3386.63,4037
2025-05-07T08:15:00.000Z,3386.7,3388.59,3384,3386.82,3096
2025-05-07T08:30:00.000Z,3386.82,3387.33,3382.07,3384.68,4012
2025-05-07T08:45:00.000Z,3384.66,3385.87,3378.19,3382.75,4964
2025-05-07T09:00:00.000Z,3382.76,3385.11,3379.1,3383.37,4276
2025-05-07T09:15:00.000Z,3383.38,3383.63,3371.49,3374.19,4711
2025-05-07T09:30:00.000Z,3374.13,3378.38,3373.56,3378.24,2940
2025-05-07T09:45:00.000Z,3378.17,3378.61,3369.79,3370.02,3527
2025-05-07T10:00:00.000Z,3369.91,3387.26,3369.23,3383.82,5240
2025-05-07T10:15:00.000Z,3383.89,3390.89,3383.88,3390.5,5852
2025-05-07T10:30:00.000Z,3390.5,3392.84,3388.37,3390.04,3719
2025-05-07T10:45:00.000Z,3390.02,3393.41,3388.46,3391.36,4215
2025-05-07T11:00:00.000Z,3391.41,3391.54,3385.67,3387.49,3652
2025-05-07T11:15:00.000Z,3387.48,3389.68,3384.48,3386.68,3864
2025-05-07T11:30:00.000Z,3386.78,3390,3383.68,3388.17,3295
2025-05-07T11:45:00.000Z,3388.07,3389.42,3384.44,3387.02,3787
2025-05-07T12:00:00.000Z,3386.79,3393.82,3384.02,3393.26,5487
2025-05-07T12:15:00.000Z,3393.27,3393.63,3384.49,3386.18,6395
2025-05-07T12:30:00.000Z,3386.21,3391.72,3386.06,3387.96,5678
2025-05-07T12:45:00.000Z,3387.95,3391.4,3386.98,3390.83,4756
2025-05-07T13:00:00.000Z,3390.84,3391.89,3385.27,3388.86,7136
2025-05-07T13:15:00.000Z,3388.87,3390.05,3381.52,3386.3,6658
2025-05-07T13:30:00.000Z,3385.75,3393.08,3382.84,3393.08,8441
2025-05-07T13:45:00.000Z,3393.15,3397.91,3392.81,3394.37,8305
2025-05-07T14:00:00.000Z,3393.97,3394.76,3384.79,3385.87,7949
2025-05-07T14:15:00.000Z,3386.15,3386.35,3375.78,3382.9,6984
2025-05-07T14:30:00.000Z,3382.97,3389.04,3381.91,3383.3,6088
2025-05-07T14:45:00.000Z,3383.61,3387.47,3379.35,3385.85,7393
2025-05-07T15:00:00.000Z,3386.3,3389.49,3383.9,3387.09,6757
2025-05-07T15:15:00.000Z,3387.12,3387.38,3381.95,3384.21,5346
2025-05-07T15:30:00.000Z,3384.25,3387.63,3383.85,3385.18,4373
2025-05-07T15:45:00.000Z,3385.23,3387.65,3383.47,3385.14,3632
2025-05-07T16:00:00.000Z,3384.74,3386.68,3382.89,3383.28,3885
2025-05-07T16:15:00.000Z,3383.27,3383.71,3378.71,3382.32,4347
2025-05-07T16:30:00.000Z,3382.29,3386.28,3381.8,3384.73,3101
2025-05-07T16:45:00.000Z,3384.87,3389.74,3384.87,3386.84,3644
2025-05-07T17:00:00.000Z,3386.85,3387.52,3384,3384.14,3292
2025-05-07T17:15:00.000Z,3384.16,3386.46,3383.74,3384.37,3768
2025-05-07T17:30:00.000Z,3384.4,3388.13,3384.02,3385.14,3117
2025-05-07T17:45:00.000Z,3385.16,3389.67,3383.97,3383.98,3569
2025-05-07T18:00:00.000Z,3383.98,3397.91,3383.98,3395.19,8153
2025-05-07T18:15:00.000Z,3395.18,3397.24,3386.02,3387.35,6556
2025-05-07T18:30:00.000Z,3387.44,3390.82,3379.24,3380.1,6942
2025-05-07T18:45:00.000Z,3380.12,3386.16,3375.96,3384.54,7441
2025-05-07T19:00:00.000Z,3384.57,3386.86,3372.16,3372.75,6525
2025-05-07T19:15:00.000Z,3373.1,3374.89,3363.75,3373.12,7200
2025-05-07T19:30:00.000Z,3373.1,3376.35,3366.98,3372.14,6483
2025-05-07T19:45:00.000Z,3372.15,3375.52,3369.39,3371.94,6347
2025-05-07T20:00:00.000Z,3371.95,3374.55,3369.85,3371.37,2877
2025-05-07T20:15:00.000Z,3371.31,3371.31,3364.68,3368.04,2528
2025-05-07T20:30:00.000Z,3368.07,3370.39,3366.61,3368.38,2178
2025-05-07T20:45:00.000Z,3368.38,3369.08,3363.43,3364.09,1651
2025-05-07T22:00:00.000Z,3366.21,3373.68,3364.79,3367.14,2598
2025-05-07T22:15:00.000Z,3367.39,3370.38,3367.13,3369.5,1552
2025-05-07T22:30:00.000Z,3369.45,3372.14,3368.33,3370.84,1980
2025-05-07T22:45:00.000Z,3370.9,3371.37,3368.49,3369.95,1759
2025-05-07T23:00:00.000Z,3370.03,3372.12,3369.61,3371.8,1173
2025-05-07T23:15:00.000Z,3371.76,3374.29,3371.41,3373.9,1132
2025-05-07T23:30:00.000Z,3373.93,3376.68,3372.77,3375.82,2117
2025-05-07T23:45:00.000Z,3375.81,3377.11,3373.85,3376.41,1479
2025-05-08T00:00:00.000Z,3376.41,3378.58,3373.83,3378.47,3041
2025-05-08T00:15:00.000Z,3378.6,3386.93,3378.17,3385.3,3638
2025-05-08T00:30:00.000Z,3385.31,3385.41,3380.21,3382.33,3125
2025-05-08T00:45:00.000Z,3382.52,3385.93,3377.8,3380.39,3877
2025-05-08T01:00:00.000Z,3380.48,3397.4,3379.03,3392.18,7452
2025-05-08T01:15:00.000Z,3392,3396.08,3384.33,3388.08,5335
2025-05-08T01:30:00.000Z,3388.24,3395.42,3386.59,3393.45,5567
2025-05-08T01:45:00.000Z,3393.35,3409.67,3393.34,3408.64,6549
2025-05-08T02:00:00.000Z,3408.65,3414.7,3407.84,3409.61,6953
2025-05-08T02:15:00.000Z,3409.64,3413.37,3405.89,3407.54,4699
2025-05-08T02:30:00.000Z,3407.68,3411.75,3405.36,3406.44,5154
2025-05-08T02:45:00.000Z,3406.4,3407.12,3402,3402,4411
2025-05-08T03:00:00.000Z,3401.98,3407.95,3399.43,3404.75,4283
2025-05-08T03:15:00.000Z,3404.71,3408.37,3395.75,3398.71,4234
2025-05-08T03:30:00.000Z,3398.72,3400.31,3395.67,3396.88,3364
2025-05-08T03:45:00.000Z,3396.84,3401.29,3396.77,3396.82,3782
2025-05-08T04:00:00.000Z,3396.78,3399.21,3389.08,3393.44,4847
2025-05-08T04:15:00.000Z,3393.43,3393.66,3389.72,3389.97,2685
2025-05-08T04:30:00.000Z,3390,3392.76,3387.79,3389.46,3462
2025-05-08T04:45:00.000Z,3389.49,3389.63,3381.94,3382,3360
2025-05-08T05:00:00.000Z,3382.02,3384.12,3374.2,3374.85,4074
2025-05-08T05:15:00.000Z,3374.95,3377.47,3370.74,3373.77,5698
2025-05-08T05:30:00.000Z,3373.76,3378.53,3372.53,3374.34,5891
2025-05-08T05:45:00.000Z,3374.35,3375.85,3354.65,3355.12,8161
2025-05-08T06:00:00.000Z,3355.24,3361.83,3342.59,3345.04,8096
2025-05-08T06:15:00.000Z,3345.03,3346.26,3335.43,3339.58,9425
2025-05-08T06:30:00.000Z,3339.59,3341.72,3326.25,3330.4,8813
2025-05-08T06:45:00.000Z,3330.39,3331.67,3320.29,3329.9,7223
2025-05-08T07:00:00.000Z,3329.69,3339.51,3327.29,3338.37,6456
2025-05-08T07:15:00.000Z,3338.39,3340.06,3332.96,3338.34,5029
2025-05-08T07:30:00.000Z,3338.3,3348.81,3336.11,3346.75,6356
2025-05-08T07:45:00.000Z,3346.74,3349.23,3340.31,3342.92,5324
2025-05-08T08:00:00.000Z,3342.91,3344.16,3337.91,3339.13,4283
2025-05-08T08:15:00.000Z,3339.11,3343.61,3337.13,3340.79,4153
2025-05-08T08:30:00.000Z,3340.7,3342.56,3337.84,3341.32,3058
2025-05-08T08:45:00.000Z,3341.32,3341.96,3337.57,3339.3,3885
2025-05-08T09:00:00.000Z,3339.26,3344.32,3337.9,3341.86,4293
2025-05-08T09:15:00.000Z,3341.81,3343.2,3337.65,3338.48,4201
2025-05-08T09:30:00.000Z,3338.51,3340.97,3335.93,3340.32,4903
2025-05-08T09:45:00.000Z,3340.28,3342.04,3331.28,3331.93,4949
2025-05-08T10:00:00.000Z,3331.94,3339.41,3330.36,3338.78,4915
2025-05-08T10:15:00.000Z,3338.75,3346.65,3338.08,3345.61,4720
2025-05-08T10:30:00.000Z,3345.49,3345.61,3340.34,3342.55,4525
2025-05-08T10:45:00.000Z,3342.56,3344.13,3338.29,3342.39,4458
2025-05-08T11:00:00.000Z,3342.32,3342.32,3339.17,3341.71,4145
2025-05-08T11:15:00.000Z,3341.7,3344.22,3340.67,3343.92,2915
2025-05-08T11:30:00.000Z,3343.91,3345.47,3341.31,3343.38,3423
2025-05-08T11:45:00.000Z,3343.38,3344.54,3341.53,3344.37,3230
2025-05-08T12:00:00.000Z,3344.34,3347.71,3343.03,3347.31,4007
2025-05-08T12:15:00.000Z,3347.3,3354.77,3347.3,3353.49,6746
2025-05-08T12:30:00.000Z,3353.43,3358.52,3349.54,3352.53,7400
2025-05-08T12:45:00.000Z,3352.52,3356.64,3347.23,3356.11,6680
2025-05-08T13:00:00.000Z,3356.13,3363.3,3354.65,3362.48,7285
2025-05-08T13:15:00.000Z,3362.4,3364.64,3356.37,3360.85,6013
2025-05-08T13:30:00.000Z,3360.89,3369.49,3359.11,3365.25,8529
2025-05-08T13:45:00.000Z,3365.26,3365.26,3355.64,3356.03,7675
2025-05-08T14:00:00.000Z,3356,3362.84,3351.65,3360.09,7339
2025-05-08T14:15:00.000Z,3359.88,3360.8,3350.74,3354.21,7191
2025-05-08T14:30:00.000Z,3354.22,3361.91,3353.38,3361.25,6984
2025-05-08T14:45:00.000Z,3361.26,3362.13,3354.09,3356.45,6994
2025-05-08T15:00:00.000Z,3356.44,3359.41,3353.01,3358.53,6535
2025-05-08T15:15:00.000Z,3358.52,3360,3340.59,3346.84,7013
2025-05-08T15:30:00.000Z,3346.85,3352.92,3335.11,3336.01,8366
2025-05-08T15:45:00.000Z,3336.14,3337.86,3326.56,3330.39,8886
2025-05-08T16:00:00.000Z,3330.21,3330.27,3310.27,3311.38,8353
2025-05-08T16:15:00.000Z,3311.4,3317.32,3304.36,3311.55,9489
2025-05-08T16:30:00.000Z,3311.39,3314.24,3306.89,3308.66,6290
2025-05-08T16:45:00.000Z,3308.67,3315.71,3308.49,3310.35,6263
2025-05-08T17:00:00.000Z,3310.35,3311.18,3298.33,3303.26,7470
2025-05-08T17:15:00.000Z,3303.28,3306.39,3299.52,3301.99,6704
2025-05-08T17:30:00.000Z,3301.95,3306.05,3297.8,3302.97,5676
2025-05-08T17:45:00.000Z,3302.94,3309.32,3301.96,3308.27,4558
2025-05-08T18:00:00.000Z,3308.3,3310.94,3307.39,3308.71,4357
2025-05-08T18:15:00.000Z,3308.71,3310.07,3306.62,3308.29,3786
2025-05-08T18:30:00.000Z,3308.3,3309.25,3306.58,3306.6,3166
2025-05-08T18:45:00.000Z,3306.6,3309.03,3305.64,3308.4,3319
2025-05-08T19:00:00.000Z,3308.41,3309.9,3301.94,3303.62,3716
2025-05-08T19:15:00.000Z,3303.63,3303.63,3288.64,3292.1,6283
2025-05-08T19:30:00.000Z,3291.96,3302.37,3291.72,3302.22,3823
2025-05-08T19:45:00.000Z,3302.31,3309.87,3302.31,3306.34,5532
2025-05-08T20:00:00.000Z,3306.36,3308.88,3305.38,3306.95,2407
2025-05-08T20:15:00.000Z,3306.89,3310.8,3306.63,3309.95,2499
2025-05-08T20:30:00.000Z,3309.94,3309.94,3303.58,3304.97,2012
2025-05-08T20:45:00.000Z,3305.03,3307.96,3304.76,3305.59,1569
2025-05-08T22:00:00.000Z,3304.65,3315.09,3304.45,3313.45,3082
2025-05-08T22:15:00.000Z,3313.49,3315.92,3312.91,3315.66,2221
2025-05-08T22:30:00.000Z,3315.54,3321.75,3314.91,3318.44,3644
2025-05-08T22:45:00.000Z,3318.45,3323.91,3317.53,3323.71,2291
2025-05-08T23:00:00.000Z,3323.62,3323.92,3315.64,3316.73,3030
2025-05-08T23:15:00.000Z,3316.85,3317.82,3315.01,3317.65,1983
2025-05-08T23:30:00.000Z,3317.61,3317.65,3313.88,3317.3,1388
2025-05-08T23:45:00.000Z,3316.92,3317.04,3312.19,3316.29,2213
2025-05-09T00:00:00.000Z,3316.38,3319.6,3312.32,3312.58,2825
2025-05-09T00:15:00.000Z,3312.57,3314.31,3308.73,3310.41,4297
2025-05-09T00:30:00.000Z,3310.44,3317.08,3310.07,3316.74,4195
2025-05-09T00:45:00.000Z,3316.66,3322.93,3316.18,3322.15,4211
2025-05-09T01:00:00.000Z,3322.1,3322.3,3313.31,3315.64,6183
2025-05-09T01:15:00.000Z,3315.63,3317,3298.22,3302.33,7032
2025-05-09T01:30:00.000Z,3302.3,3303.92,3286.69,3292.64,7731
2025-05-09T01:45:00.000Z,3293.02,3294.65,3286.76,3291.27,6577
2025-05-09T02:00:00.000Z,3291.22,3291.22,3274.67,3277.12,7353
2025-05-09T02:15:00.000Z,3277.08,3285,3276.81,3280.07,6451
2025-05-09T02:30:00.000Z,3280.08,3296.71,3279.97,3296.71,7042
2025-05-09T02:45:00.000Z,3296.8,3308.49,3295.28,3308.33,6936
2025-05-09T03:00:00.000Z,3308.23,3313.39,3301.48,3305.73,7319
2025-05-09T03:15:00.000Z,3305.8,3306.81,3299.61,3304.54,4255
2025-05-09T03:30:00.000Z,3304.24,3309.42,3303.59,3308.95,3179
2025-05-09T03:45:00.000Z,3308.77,3312.72,3307.24,3308.09,3461
2025-05-09T04:00:00.000Z,3308.13,3314.99,3308.12,3314.85,3288
2025-05-09T04:15:00.000Z,3314.84,3317.04,3312.97,3314.54,2882
2025-05-09T04:30:00.000Z,3314.57,3316.81,3313.12,3315.72,2462
2025-05-09T04:45:00.000Z,3315.69,3327.33,3315.04,3324.55,4328
2025-05-09T05:00:00.000Z,3324.54,3330.25,3324.23,3328.02,3711
2025-05-09T05:15:00.000Z,3327.99,3328.4,3320.3,3321.45,3080
2025-05-09T05:30:00.000Z,3321.34,3321.64,3312.88,3319.05,6286
2025-05-09T05:45:00.000Z,3319.04,3322.91,3313.98,3321.47,4855
2025-05-09T06:00:00.000Z,3321.48,3324.64,3318.44,3319.67,4785
2025-05-09T06:15:00.000Z,3319.77,3322.19,3315.35,3320.87,5085
2025-05-09T06:30:00.000Z,3320.99,3324.27,3318.82,3323.12,4858
2025-05-09T06:45:00.000Z,3323.08,3326.76,3320.09,3325.43,5071
2025-05-09T07:00:00.000Z,3325.31,3332.21,3324.05,3327.29,6033
2025-05-09T07:15:00.000Z,3327.31,3328.46,3322.82,3323.1,5454
2025-05-09T07:30:00.000Z,3323.11,3330.41,3322.43,3330.03,5831
2025-05-09T07:45:00.000Z,3330.04,3330.23,3326.03,3327.25,4175
2025-05-09T08:00:00.000Z,3327.33,3328.2,3320.28,3323.12,5233
2025-05-09T08:15:00.000Z,3322.84,3324.87,3320.25,3322.03,4239
2025-05-09T08:30:00.000Z,3321.85,3325.61,3321.64,3324.77,3873
2025-05-09T08:45:00.000Z,3324.76,3328.96,3324.57,3328.51,4849
2025-05-09T09:00:00.000Z,3328.53,3328.67,3324.65,3327,3833
2025-05-09T09:15:00.000Z,3327,3329.29,3324.53,3325.35,3461
2025-05-09T09:30:00.000Z,3325.45,3327.45,3323.4,3325.81,3248
2025-05-09T09:45:00.000Z,3325.82,3326.27,3323.72,3325.03,3162
2025-05-09T10:00:00.000Z,3325.02,3326.76,3322.13,3326.4,3190
2025-05-09T10:15:00.000Z,3326.38,3329.75,3324.14,3324.22,3078
2025-05-09T10:30:00.000Z,3324.25,3325.08,3321.95,3324.87,2841
2025-05-09T10:45:00.000Z,3324.86,3326.52,3322.7,3323.3,2926
2025-05-09T11:00:00.000Z,3323.21,3331.23,3323.19,3331.14,3820
2025-05-09T11:15:00.000Z,3331.19,3338.23,3326.68,3334.09,4340
2025-05-09T11:30:00.000Z,3334.18,3335.11,3324.53,3332.57,6426
2025-05-09T11:45:00.000Z,3332.59,3333.36,3329.24,3333.04,4667
2025-05-09T12:00:00.000Z,3333.09,3335.36,3330.95,3334.48,4354
2025-05-09T12:15:00.000Z,3334.49,3335.59,3331.75,3333.73,5183
2025-05-09T12:30:00.000Z,3334.14,3334.14,3329.03,3330.51,6274
2025-05-09T12:45:00.000Z,3330.5,3334.02,3330.17,3333.53,4859
2025-05-09T13:00:00.000Z,3333.52,3336.5,3328.68,3331.39,7536
2025-05-09T13:15:00.000Z,3331.4,3340.34,3330.32,3339.93,6883
2025-05-09T13:30:00.000Z,3339.75,3339.92,3332.7,3334.88,8082
2025-05-09T13:45:00.000Z,3334.9,3336.59,3330.38,3330.7,7096
2025-05-09T14:00:00.000Z,3330.82,3330.97,3320.86,3321.75,8473
2025-05-09T14:15:00.000Z,3321.74,3339.16,3320.29,3338.1,7537
2025-05-09T14:30:00.000Z,3337.8,3340.99,3333.72,3337.68,7626
2025-05-09T14:45:00.000Z,3337.66,3340.08,3334.31,3337.13,6505
2025-05-09T15:00:00.000Z,3337.07,3342.9,3336.12,3340.66,5810
2025-05-09T15:15:00.000Z,3340.68,3343.16,3337.81,3339.64,6164
2025-05-09T15:30:00.000Z,3339.49,3346.15,3339.36,3343.01,5282
2025-05-09T15:45:00.000Z,3343,3345.21,3340.38,3345,4999
2025-05-09T16:00:00.000Z,3345.02,3347.35,3343.53,3346.73,5160
2025-05-09T16:15:00.000Z,3346.68,3347.48,3338.73,3339.64,5013
2025-05-09T16:30:00.000Z,3339.73,3342.18,3337.77,3338.94,4514
2025-05-09T16:45:00.000Z,3338.95,3341.48,3336.31,3336.79,4419
2025-05-09T17:00:00.000Z,3336.78,3340.39,3336.05,3337.08,3959
2025-05-09T17:15:00.000Z,3337.07,3341.81,3336.21,3338.93,4358
2025-05-09T17:30:00.000Z,3338.91,3342.36,3338.32,3341.42,3305
2025-05-09T17:45:00.000Z,3341.44,3342.58,3339.82,3340.91,2756
2025-05-09T18:00:00.000Z,3340.94,3342.9,3336.19,3338.93,3785
2025-05-09T18:15:00.000Z,3338.94,3340.12,3337.71,3339.44,2822
2025-05-09T18:30:00.000Z,3339.43,3339.48,3337.1,3337.13,2011
2025-05-09T18:45:00.000Z,3337.2,3339.04,3336.87,3338.6,2519
2025-05-09T19:00:00.000Z,3338.65,3339.77,3333.5,3335.1,2829
2025-05-09T19:15:00.000Z,3335.1,3336.22,3329.61,3329.61,2921
2025-05-09T19:30:00.000Z,3329.66,3329.85,3326.57,3327.18,4297
2025-05-09T19:45:00.000Z,3327.09,3329.29,3325.57,3328.91,3957
2025-05-09T20:00:00.000Z,3328.77,3330.19,3326.85,3329.51,2027
2025-05-09T20:15:00.000Z,3329.55,3330.35,3327.63,3330.14,1287
2025-05-09T20:30:00.000Z,3330.13,3330.24,3328.2,3328.92,1294
2025-05-09T20:45:00.000Z,3328.91,3328.91,3324.49,3324.79,1034
2025-05-11T22:00:00.000Z,3285.76,3292.33,3277.74,3281.93,2557
2025-05-11T22:15:00.000Z,3281.91,3283.01,3271.02,3277.66,3549
2025-05-11T22:30:00.000Z,3277.61,3280.76,3271.17,3271.63,3932
2025-05-11T22:45:00.000Z,3271.58,3278.41,3266.69,3272.55,3762
2025-05-11T23:00:00.000Z,3272.5,3276.83,3265.87,3276.3,4309
2025-05-11T23:15:00.000Z,3276.37,3286.13,3275.48,3285.61,4787
2025-05-11T23:30:00.000Z,3285.5,3287.1,3278.18,3280.27,4246
2025-05-11T23:45:00.000Z,3279.95,3288.9,3277.81,3287.54,4020
2025-05-12T00:00:00.000Z,3287.46,3289.89,3281.78,3287.37,4904
2025-05-12T00:15:00.000Z,3287.44,3287.66,3280.03,3284.84,4039
2025-05-12T00:30:00.000Z,3284.81,3285.91,3273.39,3274.43,4602
2025-05-12T00:45:00.000Z,3274.42,3281.89,3271.97,3279.11,4518
2025-05-12T01:00:00.000Z,3278.79,3282.11,3260,3261.68,10054
2025-05-12T01:15:00.000Z,3261.74,3268.7,3258.84,3264.58,6859
2025-05-12T01:30:00.000Z,3264.57,3274.8,3263.52,3273.69,6957
2025-05-12T01:45:00.000Z,3273.97,3275.97,3268.74,3271.81,5568
2025-05-12T02:00:00.000Z,3271.79,3279.67,3271.49,3276.94,6471
2025-05-12T02:15:00.000Z,3276.9,3278.09,3269.9,3275.94,5250
2025-05-12T02:30:00.000Z,3276.14,3277.74,3269.48,3272.85,5126
2025-05-12T02:45:00.000Z,3272.86,3275.86,3270.61,3272.02,3510
2025-05-12T03:00:00.000Z,3271.99,3277.12,3270.42,3277.01,3496
2025-05-12T03:15:00.000Z,3276.99,3281.24,3272.87,3281.24,4386
2025-05-12T03:30:00.000Z,3281.19,3284.6,3280.71,3282.49,4032
2025-05-12T03:45:00.000Z,3282.42,3283.75,3280.11,3283.27,3311
2025-05-12T04:00:00.000Z,3283.39,3283.58,3279.76,3282.24,2599
2025-05-12T04:15:00.000Z,3282.37,3282.54,3278.1,3278.69,2382
2025-05-12T04:30:00.000Z,3278.71,3279.21,3275.58,3277.88,3010
2025-05-12T04:45:00.000Z,3277.86,3279.5,3277.2,3278.7,2505
2025-05-12T05:00:00.000Z,3278.79,3279.5,3275.02,3276.91,2510
2025-05-12T05:15:00.000Z,3276.92,3277,3272.03,3274.35,3341
2025-05-12T05:30:00.000Z,3274.39,3277.03,3268.45,3270.99,5267
2025-05-12T05:45:00.000Z,3270.97,3276.33,3269.83,3275.98,4435
2025-05-12T06:00:00.000Z,3276.21,3279.99,3275.87,3279.63,6060
2025-05-12T06:15:00.000Z,3279.73,3281.57,3272.99,3277.21,6349
2025-05-12T06:30:00.000Z,3277.24,3280.49,3273.75,3274.53,5634
2025-05-12T06:45:00.000Z,3274.46,3279.56,3273.61,3277.61,5082
2025-05-12T07:00:00.000Z,3277.48,3277.84,3245.77,3246.5,10930
2025-05-12T07:15:00.000Z,3246.49,3251.07,3219.28,3231.08,11015
2025-05-12T07:30:00.000Z,3231.02,3237.06,3220.35,3221.26,9778
2025-05-12T07:45:00.000Z,3221.32,3226.7,3216.12,3222.7,10883
2025-05-12T08:00:00.000Z,3222.72,3231.96,3220.64,3224.44,9322
2025-05-12T08:15:00.000Z,3224.39,3228.08,3221.38,3225.37,8045
2025-05-12T08:30:00.000Z,3225.09,3234.38,3224.1,3233.76,6650
2025-05-12T08:45:00.000Z,3233.77,3234.27,3230.12,3231.44,6095
2025-05-12T09:00:00.000Z,3231.45,3231.45,3224.86,3226.08,5109
2025-05-12T09:15:00.000Z,3225.92,3231.21,3224.19,3226.42,4403
2025-05-12T09:30:00.000Z,3226.36,3226.69,3218.27,3221.96,5026
2025-05-12T09:45:00.000Z,3222,3224.1,3212.98,3215.16,5678
2025-05-12T10:00:00.000Z,3215.12,3219.41,3214.31,3214.74,5719
2025-05-12T10:15:00.000Z,3214.72,3217.12,3210.88,3213.74,5990
2025-05-12T10:30:00.000Z,3213.72,3217.55,3208.49,3211.43,5247
2025-05-12T10:45:00.000Z,3211.49,3214.89,3207.76,3208.1,5935
2025-05-12T11:00:00.000Z,3208.09,3224.18,3207.89,3222.35,6806
2025-05-12T11:15:00.000Z,3222.36,3223.5,3219.09,3220.94,5017
2025-05-12T11:30:00.000Z,3220.96,3221.21,3213.74,3219.5,5593
2025-05-12T11:45:00.000Z,3219.46,3229.24,3217.56,3224.79,6101
2025-05-12T12:00:00.000Z,3224.74,3225.46,3220.28,3221.25,6323
2025-05-12T12:15:00.000Z,3221.22,3234.25,3220.96,3228.2,7012
2025-05-12T12:30:00.000Z,3228.1,3231.93,3224.22,3231.32,6379
2025-05-12T12:45:00.000Z,3231.3,3233.75,3227.12,3233.6,6713
2025-05-12T13:00:00.000Z,3233.51,3247.31,3232.61,3241.54,10325
2025-05-12T13:15:00.000Z,3241.77,3243.71,3237.18,3238.15,8320
2025-05-12T13:30:00.000Z,3237.77,3244.44,3231.74,3242.79,10821
2025-05-12T13:45:00.000Z,3242.81,3248.65,3238.15,3240.5,9897
2025-05-12T14:00:00.000Z,3240.38,3240.95,3233.42,3235.03,9452
2025-05-12T14:15:00.000Z,3234.96,3243.76,3234.39,3243.05,9458
2025-05-12T14:30:00.000Z,3242.96,3247.74,3239.92,3243.16,8770
2025-05-12T14:45:00.000Z,3243.01,3243.75,3235.01,3237.55,8377
2025-05-12T15:00:00.000Z,3237.59,3241.11,3235.96,3236.54,7254
2025-05-12T15:15:00.000Z,3236.55,3242.47,3232.66,3239.1,7117
2025-05-12T15:30:00.000Z,3239.11,3240.78,3235.74,3239.15,5027
2025-05-12T15:45:00.000Z,3239.27,3243.91,3237.52,3239.16,4551
2025-05-12T16:00:00.000Z,3239.16,3240,3231.25,3231.48,5548
2025-05-12T16:15:00.000Z,3231.47,3232.45,3225.74,3227.36,5620
2025-05-12T16:30:00.000Z,3227.41,3230.38,3226.26,3228.08,5092
2025-05-12T16:45:00.000Z,3228.07,3228.75,3223.15,3224.15,4985
2025-05-12T17:00:00.000Z,3224.16,3225.1,3221.14,3222.76,4796
2025-05-12T17:15:00.000Z,3222.77,3227.48,3222.67,3223.99,5460
2025-05-12T17:30:00.000Z,3224,3227.2,3224,3225.62,4238
2025-05-12T17:45:00.000Z,3225.61,3226.05,3222.55,3223.18,3752
2025-05-12T18:00:00.000Z,3223.19,3225.3,3222.61,3222.71,2855
2025-05-12T18:15:00.000Z,3222.7,3223.87,3220.35,3223.74,3770
2025-05-12T18:30:00.000Z,3223.57,3224.25,3220.92,3223.27,3168
2025-05-12T18:45:00.000Z,3223.31,3229.96,3223.3,3229.61,4010
2025-05-12T19:00:00.000Z,3229.6,3234.22,3228.87,3232.53,4381
2025-05-12T19:15:00.000Z,3232.7,3238.68,3232.3,3237.81,3971
2025-05-12T19:30:00.000Z,3237.79,3238.72,3234.75,3234.84,3561
2025-05-12T19:45:00.000Z,3234.88,3236.44,3234.13,3235.3,4413
2025-05-12T20:00:00.000Z,3235.23,3237.03,3232.49,3236.56,1935
2025-05-12T20:15:00.000Z,3236.53,3238.36,3235.16,3235.16,1419
2025-05-12T20:30:00.000Z,3235.07,3236.41,3234.99,3235.23,1021
2025-05-12T20:45:00.000Z,3235.23,3236.25,3233.75,3234.72,1111
2025-05-12T22:00:00.000Z,3236.51,3241.73,3232.84,3235.81,1910
2025-05-12T22:15:00.000Z,3235.85,3237.86,3234.71,3237.03,1170
2025-05-12T22:30:00.000Z,3237.04,3237.43,3234.64,3235.69,2458
2025-05-12T22:45:00.000Z,3235.7,3235.8,3229.8,3233.72,2010
2025-05-12T23:00:00.000Z,3233.67,3237.12,3233.28,3234.49,2104
2025-05-12T23:15:00.000Z,3234.47,3236.22,3233.93,3235.72,1086
2025-05-12T23:30:00.000Z,3235.59,3240.04,3234.75,3238.15,1966
2025-05-12T23:45:00.000Z,3238.18,3239.88,3235.39,3236.77,1823
2025-05-13T00:00:00.000Z,3236.8,3243.2,3235.75,3241.46,3787
2025-05-13T00:15:00.000Z,3241.35,3241.67,3235.53,3237.2,3167
2025-05-13T00:30:00.000Z,3237.16,3240.08,3233.77,3235.25,3969
2025-05-13T00:45:00.000Z,3235.22,3240.48,3234.75,3239.82,3612
2025-05-13T01:00:00.000Z,3239.79,3243.24,3234.9,3235.82,5385
2025-05-13T01:15:00.000Z,3235.74,3238.92,3229.85,3229.85,5470
2025-05-13T01:30:00.000Z,3230.14,3230.14,3216.62,3217.17,7505
2025-05-13T01:45:00.000Z,3217.15,3227.21,3215.82,3225.05,6141
2025-05-13T02:00:00.000Z,3225.2,3229.04,3223.12,3228.31,5095
2025-05-13T02:15:00.000Z,3228.33,3228.96,3225.82,3226.1,3219
2025-05-13T02:30:00.000Z,3226.07,3238.89,3224.92,3238.34,5042
2025-05-13T02:45:00.000Z,3238.32,3241.15,3227.97,3228.84,5580
2025-05-13T03:00:00.000Z,3228.85,3233.69,3228.19,3233.39,4411
2025-05-13T03:15:00.000Z,3233.4,3235,3232.38,3234.18,3553
2025-05-13T03:30:00.000Z,3234.19,3236.36,3233.48,3234.53,2566
2025-05-13T03:45:00.000Z,3234.79,3238.28,3234.38,3236.65,2834
2025-05-13T04:00:00.000Z,3236.55,3237.51,3235.12,3235.23,2484
2025-05-13T04:15:00.000Z,3235.13,3238.56,3234.86,3238.5,2168
2025-05-13T04:30:00.000Z,3238.5,3247.67,3238.23,3246.84,2961
2025-05-13T04:45:00.000Z,3246.77,3253.43,3246.1,3252.55,3805
2025-05-13T05:00:00.000Z,3252.52,3260.57,3251.16,3260.15,3966
2025-05-13T05:15:00.000Z,3260.18,3260.18,3255.5,3257.79,3499
2025-05-13T05:30:00.000Z,3257.63,3258.24,3252.6,3253.02,4797
2025-05-13T05:45:00.000Z,3253.03,3257.01,3251.51,3256.42,3903
2025-05-13T06:00:00.000Z,3256.59,3258.27,3247.32,3251.17,5410
2025-05-13T06:15:00.000Z,3251.15,3255.81,3248.6,3253.96,4800
2025-05-13T06:30:00.000Z,3253.98,3257.74,3251.58,3257.73,4779
2025-05-13T06:45:00.000Z,3257.57,3265.63,3257.45,3262.16,5705
2025-05-13T07:00:00.000Z,3262.16,3264.91,3259.23,3259.23,4986
2025-05-13T07:15:00.000Z,3259.21,3260.89,3256.03,3256.66,5054
2025-05-13T07:30:00.000Z,3256.67,3257.86,3254.25,3256.08,4526
2025-05-13T07:45:00.000Z,3256.07,3259.98,3255.74,3259.07,4237
2025-05-13T08:00:00.000Z,3259.14,3261,3257.47,3258.37,4226
2025-05-13T08:15:00.000Z,3258.36,3259.61,3253.43,3254.05,4243
2025-05-13T08:30:00.000Z,3254.05,3255.09,3252.13,3254.37,3714
2025-05-13T08:45:00.000Z,3254.33,3256.22,3250.36,3255.5,4397
2025-05-13T09:00:00.000Z,3255.48,3255.85,3253.22,3253.74,3608
2025-05-13T09:15:00.000Z,3254.44,3256.54,3252.36,3252.58,3845
2025-05-13T09:30:00.000Z,3252.65,3254.98,3250.51,3251.71,3578
2025-05-13T09:45:00.000Z,3251.7,3255.71,3251.41,3253.32,3652
2025-05-13T10:00:00.000Z,3253.32,3255,3251.12,3251.71,3452
2025-05-13T10:15:00.000Z,3251.61,3256.19,3251.4,3254.76,3021
2025-05-13T10:30:00.000Z,3254.77,3255.47,3252.5,3253.85,3253
2025-05-13T10:45:00.000Z,3253.85,3254.52,3251.85,3252.88,2914
2025-05-13T11:00:00.000Z,3252.88,3254.24,3251.58,3252.83,3181
2025-05-13T11:15:00.000Z,3252.84,3258.56,3250.32,3255.74,4653
2025-05-13T11:30:00.000Z,3255.75,3258.53,3253.86,3254.93,3857
2025-05-13T11:45:00.000Z,3254.8,3255.59,3248.74,3249.14,4659
2025-05-13T12:00:00.000Z,3249.25,3249.81,3240.47,3241.49,6826
2025-05-13T12:15:00.000Z,3241.79,3242.5,3237.29,3240.48,6330
2025-05-13T12:30:00.000Z,3242.52,3247.77,3238.03,3247.29,8610
2025-05-13T12:45:00.000Z,3247.3,3248.86,3240.16,3241.76,7075
2025-05-13T13:00:00.000Z,3241.4,3246.88,3240.87,3243.35,6517
2025-05-13T13:15:00.000Z,3243.19,3246.35,3236.25,3244.44,7029
2025-05-13T13:30:00.000Z,3244.5,3245.48,3231.95,3238.05,10131
2025-05-13T13:45:00.000Z,3237.4,3239.01,3227.18,3227.46,8510
2025-05-13T14:00:00.000Z,3227.5,3234.94,3225.4,3232.27,8286
2025-05-13T14:15:00.000Z,3232.3,3241.12,3231.53,3240.57,7095
2025-05-13T14:30:00.000Z,3240.54,3248.11,3239.27,3247.74,7177
2025-05-13T14:45:00.000Z,3247.78,3248.67,3242.34,3242.69,7252
2025-05-13T15:00:00.000Z,3242.72,3248,3242.01,3245.43,5953
2025-05-13T15:15:00.000Z,3245.38,3248.56,3243.41,3247.87,5437
2025-05-13T15:30:00.000Z,3247.89,3251.76,3245.58,3250.67,5505
2025-05-13T15:45:00.000Z,3250.65,3255.86,3250.01,3253.37,5415
2025-05-13T16:00:00.000Z,3253.38,3257.75,3252.71,3256.86,4714
2025-05-13T16:15:00.000Z,3256.83,3256.99,3252.62,3253.68,4192
2025-05-13T16:30:00.000Z,3253.71,3255.55,3249.96,3250.27,3802
2025-05-13T16:45:00.000Z,3250.32,3251.32,3248.65,3251.04,3759
2025-05-13T17:00:00.000Z,3250.96,3252.69,3247.05,3247.16,3671
2025-05-13T17:15:00.000Z,3247.19,3247.82,3242.05,3243.59,4229
2025-05-13T17:30:00.000Z,3244.01,3245.32,3242.15,3243.86,3494
2025-05-13T17:45:00.000Z,3243.88,3247.73,3243.87,3247.05,3277
2025-05-13T18:00:00.000Z,3247.02,3249.78,3246.16,3246.43,3035
2025-05-13T18:15:00.000Z,3246.41,3248.41,3245.8,3247.44,3077
2025-05-13T18:30:00.000Z,3247.47,3250.38,3247.42,3249.68,2416
2025-05-13T18:45:00.000Z,3249.71,3250.83,3248.17,3248.67,2506
2025-05-13T19:00:00.000Z,3248.78,3249.74,3247.24,3247.42,2144
2025-05-13T19:15:00.000Z,3247.43,3250.07,3246.31,3249.29,2389
2025-05-13T19:30:00.000Z,3249.14,3249.86,3247.71,3249.31,2161
2025-05-13T19:45:00.000Z,3249.42,3251.1,3247.77,3249.41,2983
2025-05-13T20:00:00.000Z,3249.33,3249.88,3248.02,3249.47,1165
2025-05-13T20:15:00.000Z,3249.49,3254.28,3248.66,3253.99,1279
2025-05-13T20:30:00.000Z,3254.05,3254.68,3251.98,3253.35,1220
2025-05-13T20:45:00.000Z,3253.31,3253.85,3249.48,3249.79,816
2025-05-13T22:00:00.000Z,3249.73,3253.29,3249.24,3250.26,1126
2025-05-13T22:15:00.000Z,3250.3,3251.73,3249.97,3251.34,639
2025-05-13T22:30:00.000Z,3251.39,3253.4,3249.59,3251.97,1361
2025-05-13T22:45:00.000Z,3252.02,3254.53,3251.56,3254.49,1166
2025-05-13T23:00:00.000Z,3254.44,3256.99,3254.19,3255.2,1317
2025-05-13T23:15:00.000Z,3255.15,3255.56,3253.48,3255.11,941
2025-05-13T23:30:00.000Z,3255.17,3255.58,3252.05,3255.38,1125
2025-05-13T23:45:00.000Z,3255.49,3255.84,3253.28,3254.22,1436
2025-05-14T00:00:00.000Z,3254.21,3254.45,3244.33,3245.59,3761
2025-05-14T00:15:00.000Z,3245.6,3247.23,3241.63,3246.78,3474
2025-05-14T00:30:00.000Z,3247.04,3249.67,3244.57,3244.68,3313
2025-05-14T00:45:00.000Z,3244.64,3246.13,3240.5,3243.76,4522
2025-05-14T01:00:00.000Z,3243.78,3246.02,3238.7,3243.13,6643
2025-05-14T01:15:00.000Z,3243.11,3250.46,3240.27,3250.44,4916
2025-05-14T01:30:00.000Z,3250.45,3251.88,3242.56,3244.63,6394
2025-05-14T01:45:00.000Z,3244.69,3246.66,3237.31,3238.91,4793
2025-05-14T02:00:00.000Z,3238.87,3241.45,3235.45,3238.72,5035
2025-05-14T02:15:00.000Z,3238.73,3238.73,3233.82,3235.2,4279
2025-05-14T02:30:00.000Z,3235.31,3238.74,3229.06,3232.76,5949
2025-05-14T02:45:00.000Z,3233.35,3236.13,3231.86,3232.67,4204
2025-05-14T03:00:00.000Z,3232.66,3233.54,3228.23,3229.18,4451
2025-05-14T03:15:00.000Z,3229.28,3231.57,3226.55,3228.96,4312
2025-05-14T03:30:00.000Z,3229.13,3232.01,3226.64,3229.55,4421
2025-05-14T03:45:00.000Z,3229.62,3229.85,3226.15,3228.4,3630
2025-05-14T04:00:00.000Z,3228.39,3229.83,3224.39,3224.49,4022
2025-05-14T04:15:00.000Z,3224.44,3226.99,3222.51,3226.16,4379
2025-05-14T04:30:00.000Z,3226.14,3230.25,3225.92,3226.81,3593
2025-05-14T04:45:00.000Z,3226.84,3229.31,3222.7,3223.87,2692
2025-05-14T05:00:00.000Z,3223.94,3227.71,3221.53,3224.88,3261
2025-05-14T05:15:00.000Z,3224.84,3227.07,3223.91,3224.15,2263
2025-05-14T05:30:00.000Z,3224.12,3229.95,3221.89,3228.58,4348
2025-05-14T05:45:00.000Z,3228.4,3234.26,3228.15,3233.68,4867
2025-05-14T06:00:00.000Z,3233.74,3236.68,3232.51,3233.36,5105
2025-05-14T06:15:00.000Z,3233.3,3234.86,3230.4,3230.78,4691
2025-05-14T06:30:00.000Z,3230.77,3232.94,3228.64,3232.66,5234
2025-05-14T06:45:00.000Z,3232.66,3234.21,3227.7,3228.64,4180
2025-05-14T07:00:00.000Z,3228.63,3231.74,3224.24,3226.79,6061
2025-05-14T07:15:00.000Z,3226.78,3233.26,3225.8,3232.9,5077
2025-05-14T07:30:00.000Z,3232.93,3238.61,3229.32,3235.73,5725
2025-05-14T07:45:00.000Z,3235.64,3238.75,3234.12,3238.02,4843
2025-05-14T08:00:00.000Z,3237.85,3243.78,3235.37,3235.52,6788
2025-05-14T08:15:00.000Z,3235.51,3239.39,3233.04,3234.37,6339
2025-05-14T08:30:00.000Z,3234.36,3235.41,3230.51,3231.25,5462
2025-05-14T08:45:00.000Z,3231.29,3235.62,3231.19,3232.55,5022
2025-05-14T09:00:00.000Z,3232.48,3234.83,3229.71,3232.5,6217
2025-05-14T09:15:00.000Z,3232.42,3233.53,3229.31,3231.53,5003
2025-05-14T09:30:00.000Z,3231.34,3235.8,3229.08,3234.67,4756
2025-05-14T09:45:00.000Z,3234.66,3236.48,3232.27,3232.33,4844
2025-05-14T10:00:00.000Z,3232.32,3234.16,3229.95,3234.14,4225
2025-05-14T10:15:00.000Z,3234.15,3235.18,3231.95,3233.02,3538
2025-05-14T10:30:00.000Z,3233.02,3234.28,3230.4,3231.42,4481
2025-05-14T10:45:00.000Z,3231.43,3236.45,3229.59,3235.6,4141
2025-05-14T11:00:00.000Z,3235.59,3237.75,3234.27,3237.51,3856
2025-05-14T11:15:00.000Z,3237.45,3239.16,3235.37,3237.18,3885
2025-05-14T11:30:00.000Z,3237.19,3238,3230.64,3231.2,4192
2025-05-14T11:45:00.000Z,3231.18,3231.29,3219.47,3220.06,6836
2025-05-14T12:00:00.000Z,3220.53,3222.53,3212.74,3213.56,7261
2025-05-14T12:15:00.000Z,3213.52,3217.05,3208.55,3212.97,9450
2025-05-14T12:30:00.000Z,3212.96,3216.57,3199.99,3200.8,9258
2025-05-14T12:45:00.000Z,3200.84,3201.71,3184,3184.85,10411
2025-05-14T13:00:00.000Z,3185.18,3188.66,3175.32,3179.39,11537
2025-05-14T13:15:00.000Z,3179.55,3190.72,3175.01,3186.69,10081
2025-05-14T13:30:00.000Z,3186.45,3193.77,3183.5,3189.19,10794
2025-05-14T13:45:00.000Z,3189.15,3198.25,3189.12,3191.39,9323
2025-05-14T14:00:00.000Z,3191.37,3194.2,3185.36,3186.37,8995
2025-05-14T14:15:00.000Z,3186.32,3189.27,3179.3,3185.62,7588
2025-05-14T14:30:00.000Z,3185.23,3186.08,3180.37,3186.04,7960
2025-05-14T14:45:00.000Z,3185.96,3191.92,3180.94,3181.8,8744
2025-05-14T15:00:00.000Z,3181.77,3183.67,3179.07,3180.47,8208
2025-05-14T15:15:00.000Z,3180.55,3186.56,3179.55,3185.59,6582
2025-05-14T15:30:00.000Z,3185.51,3186.66,3180.29,3181.36,5797
2025-05-14T15:45:00.000Z,3181.36,3182.71,3179.44,3182.59,5032
2025-05-14T16:00:00.000Z,3182.6,3183.56,3179.11,3180.04,4894
2025-05-14T16:15:00.000Z,3180.05,3185.59,3179.36,3183.45,5212
2025-05-14T16:30:00.000Z,3183.43,3183.91,3173.79,3179.4,6628
2025-05-14T16:45:00.000Z,3179.48,3190.87,3179.48,3188.5,6603
2025-05-14T17:00:00.000Z,3188.47,3190.43,3185.44,3186.55,5130
2025-05-14T17:15:00.000Z,3186.56,3188.25,3184,3184.2,5722
2025-05-14T17:30:00.000Z,3184.21,3185.08,3180.98,3181.92,4535
2025-05-14T17:45:00.000Z,3181.91,3182.98,3180.97,3181.85,3626
2025-05-14T18:00:00.000Z,3181.86,3182.96,3175.25,3176.1,4717
2025-05-14T18:15:00.000Z,3175.9,3178.77,3175.76,3177.36,4244
2025-05-14T18:30:00.000Z,3177.33,3178.76,3174.97,3174.99,3784
2025-05-14T18:45:00.000Z,3174.98,3176.96,3171.65,3171.81,3857
2025-05-14T19:00:00.000Z,3171.77,3172.78,3167.97,3171.17,5704
2025-05-14T19:15:00.000Z,3171.18,3175.11,3169.59,3173.86,4224
2025-05-14T19:30:00.000Z,3173.84,3179.2,3172.61,3178.58,4299
2025-05-14T19:45:00.000Z,3178.65,3181.49,3176.93,3180.51,5456
2025-05-14T20:00:00.000Z,3180.59,3181.48,3179.23,3180.6,2334
2025-05-14T20:15:00.000Z,3180.58,3180.74,3178.39,3180.01,1799
2025-05-14T20:30:00.000Z,3180.05,3183.15,3179.81,3180.46,2177
2025-05-14T20:45:00.000Z,3180.46,3181.91,3176.74,3177.35,1962
2025-05-14T22:00:00.000Z,3177.43,3183.71,3176.9,3180.52,1551
2025-05-14T22:15:00.000Z,3180.68,3183.87,3180.45,3183.3,1037
2025-05-14T22:30:00.000Z,3183.31,3183.62,3180.05,3182.04,1596
2025-05-14T22:45:00.000Z,3181.98,3182.71,3180.83,3182.58,1485
2025-05-14T23:00:00.000Z,3182.56,3185.69,3181.12,3184.95,1322
2025-05-14T23:15:00.000Z,3184.94,3185.11,3182.11,3183.96,1402
2025-05-14T23:30:00.000Z,3183.93,3186.7,3182.68,3186.68,1015
2025-05-14T23:45:00.000Z,3186.56,3187.18,3185.27,3185.96,2013
2025-05-15T00:00:00.000Z,3185.94,3186.05,3180.1,3184.73,3283
2025-05-15T00:15:00.000Z,3184.75,3186.14,3180.78,3181,2368
2025-05-15T00:30:00.000Z,3181.11,3184.05,3180.45,3182.43,2942
2025-05-15T00:45:00.000Z,3182.34,3187.81,3180.78,3187.68,3561
2025-05-15T01:00:00.000Z,3187.65,3192.49,3184.98,3186.53,6027
2025-05-15T01:15:00.000Z,3186.59,3189.21,3182.28,3186.49,4722
2025-05-15T01:30:00.000Z,3186.55,3189.21,3177.95,3177.95,4512
2025-05-15T01:45:00.000Z,3177.99,3179.97,3171.27,3172.32,6141
2025-05-15T02:00:00.000Z,3172.32,3175.48,3169.6,3174.54,5264
2025-05-15T02:15:00.000Z,3174.53,3174.85,3163.68,3163.78,4429
2025-05-15T02:30:00.000Z,3163.92,3165.86,3154.22,3157.98,7605
2025-05-15T02:45:00.000Z,3158,3158,3150.13,3154.2,5926
2025-05-15T03:00:00.000Z,3153.99,3156.99,3149.34,3149.81,5136
2025-05-15T03:15:00.000Z,3149.77,3154.01,3148.29,3153.6,5055
2025-05-15T03:30:00.000Z,3153.71,3156.33,3152.15,3153.33,3087
2025-05-15T03:45:00.000Z,3153.29,3154.77,3150.41,3150.57,2397
2025-05-15T04:00:00.000Z,3150.43,3152.56,3146.17,3149.61,2912
2025-05-15T04:15:00.000Z,3149.85,3150.33,3146.71,3147.03,2937
2025-05-15T04:30:00.000Z,3146.99,3149.05,3143.11,3144.2,4071
2025-05-15T04:45:00.000Z,3144.43,3144.52,3135.5,3138.42,4680
2025-05-15T05:00:00.000Z,3138.52,3142.42,3137.39,3139.62,3461
2025-05-15T05:15:00.000Z,3139.18,3142.96,3138.84,3141.79,2914
2025-05-15T05:30:00.000Z,3141.79,3141.8,3132.71,3132.79,6276
2025-05-15T05:45:00.000Z,3132.76,3136.11,3123.36,3128.93,6672
2025-05-15T06:00:00.000Z,3128.99,3132.37,3120.73,3126.94,8128
2025-05-15T06:15:00.000Z,3126.96,3140.51,3125.12,3140.51,7550
2025-05-15T06:30:00.000Z,3140.4,3151.35,3137.77,3147.88,8409
2025-05-15T06:45:00.000Z,3147.86,3153.87,3145.72,3149.78,7045
2025-05-15T07:00:00.000Z,3149.76,3151.97,3144.05,3150.15,6717
2025-05-15T07:15:00.000Z,3150.06,3150.99,3141.59,3145.16,6179
2025-05-15T07:30:00.000Z,3145.17,3145.83,3131.64,3132.22,7142
2025-05-15T07:45:00.000Z,3132.22,3144.76,3130.66,3142.26,7117
2025-05-15T08:00:00.000Z,3142.17,3151.39,3139.07,3150.45,6788
2025-05-15T08:15:00.000Z,3150.41,3152.25,3147.68,3151.45,4829
2025-05-15T08:30:00.000Z,3151.49,3159.68,3149.38,3158.55,5922
2025-05-15T08:45:00.000Z,3158.51,3164.21,3158.32,3162.53,5304
2025-05-15T09:00:00.000Z,3162.52,3168.05,3159.27,3165.77,5783
2025-05-15T09:15:00.000Z,3165.76,3170.7,3165.26,3165.84,5541
2025-05-15T09:30:00.000Z,3165.81,3171.64,3165.6,3168.35,5604
2025-05-15T09:45:00.000Z,3168.36,3168.88,3164.52,3165.26,4309
2025-05-15T10:00:00.000Z,3165.26,3175.07,3164.09,3174.04,5381
2025-05-15T10:15:00.000Z,3174.06,3177.79,3173.2,3176.42,5280
2025-05-15T10:30:00.000Z,3176.42,3178.78,3175.18,3177.2,4058
2025-05-15T10:45:00.000Z,3177.2,3179.04,3175.96,3178.27,3980
2025-05-15T11:00:00.000Z,3178.27,3180.14,3175.17,3177.77,4756
2025-05-15T11:15:00.000Z,3177.76,3179.78,3173.95,3175.94,3772
2025-05-15T11:30:00.000Z,3175.65,3178.12,3172.48,3175.96,4456
2025-05-15T11:45:00.000Z,3175.95,3179.67,3175.57,3179.08,5000
2025-05-15T12:00:00.000Z,3178.98,3182.67,3177.44,3180.31,5625
2025-05-15T12:15:00.000Z,3180.3,3186.06,3177.76,3182.61,6177
2025-05-15T12:30:00.000Z,3182.62,3187.19,3181.32,3182.2,6910
2025-05-15T12:45:00.000Z,3182.28,3189.78,3180.05,3188.8,8193
2025-05-15T13:00:00.000Z,3188.79,3195.88,3185.11,3195.22,9091
2025-05-15T13:15:00.000Z,3195.25,3199.67,3191.84,3192.08,7669
2025-05-15T13:30:00.000Z,3191.76,3196.85,3189.3,3190.76,9912
2025-05-15T13:45:00.000Z,3190.75,3195.92,3187.82,3192.1,9034
2025-05-15T14:00:00.000Z,3192.16,3206.44,3190.46,3203.22,9093
2025-05-15T14:15:00.000Z,3202.92,3207.06,3201.31,3205.97,8621
2025-05-15T14:30:00.000Z,3205.88,3206.03,3197.78,3200.49,7502
2025-05-15T14:45:00.000Z,3201.41,3205.42,3200.13,3205.3,7556
2025-05-15T15:00:00.000Z,3205.32,3211.64,3204.64,3209.3,6848
2025-05-15T15:15:00.000Z,3209.31,3216.71,3208.57,3216.08,6558
2025-05-15T15:30:00.000Z,3216.04,3217.56,3212.38,3213.75,5656
2025-05-15T15:45:00.000Z,3213.68,3220.09,3213.62,3219.77,5335
2025-05-15T16:00:00.000Z,3219.8,3219.84,3215.85,3217.07,4475
2025-05-15T16:15:00.000Z,3217.34,3221.18,3217.1,3218.95,3879
2025-05-15T16:30:00.000Z,3219.02,3222.63,3218.66,3221.61,3813
2025-05-15T16:45:00.000Z,3221.66,3222.57,3219.6,3222.4,3355
2025-05-15T17:00:00.000Z,3222.39,3229.06,3222.34,3225.32,4235
2025-05-15T17:15:00.000Z,3225.31,3226.29,3222.76,3223.13,3125
2025-05-15T17:30:00.000Z,3223.2,3223.79,3216.4,3217.24,5044
2025-05-15T17:45:00.000Z,3217.23,3222.73,3216.6,3221.14,4462
2025-05-15T18:00:00.000Z,3221.22,3224.61,3219.77,3224.61,3814
2025-05-15T18:15:00.000Z,3224.6,3225.9,3221.86,3223.92,4020
2025-05-15T18:30:00.000Z,3223.83,3225.73,3223.34,3225.58,2611
2025-05-15T18:45:00.000Z,3225.43,3225.59,3221.67,3223.24,2755
2025-05-15T19:00:00.000Z,3223.33,3224.94,3222.29,3224.42,2472
2025-05-15T19:15:00.000Z,3224.45,3230.18,3224.17,3230.02,4196
2025-05-15T19:30:00.000Z,3230.05,3230.75,3227.08,3230.53,4319
2025-05-15T19:45:00.000Z,3230.56,3232.68,3229.42,3231.94,3383
2025-05-15T20:00:00.000Z,3231.83,3235.11,3231.03,3234.75,2568
2025-05-15T20:15:00.000Z,3234.77,3239.52,3233.65,3238.37,2227
2025-05-15T20:30:00.000Z,3238.42,3238.89,3235.34,3236.57,1625
2025-05-15T20:45:00.000Z,3236.53,3240.25,3236.27,3239.57,1521
2025-05-15T22:00:00.000Z,3240.2,3246.64,3236.88,3245.18,2345
2025-05-15T22:15:00.000Z,3245.14,3247.75,3244.16,3246.67,1986
2025-05-15T22:30:00.000Z,3245.91,3250.26,3244.27,3249.73,2916
2025-05-15T22:45:00.000Z,3249.75,3252.12,3247.83,3251.13,2843
2025-05-15T23:00:00.000Z,3251.16,3251.19,3242.1,3248.09,4349
2025-05-15T23:15:00.000Z,3248.11,3248.15,3242.47,3243.03,2056
2025-05-15T23:30:00.000Z,3243.11,3246.92,3237.32,3238.93,3772
2025-05-15T23:45:00.000Z,3238.99,3239.03,3236.47,3237.06,2709
2025-05-16T00:00:00.000Z,3237.09,3242.25,3233.38,3238.88,5680
2025-05-16T00:15:00.000Z,3238.74,3239.98,3233.38,3234.49,4295
2025-05-16T00:30:00.000Z,3234.52,3237.46,3231.96,3236.16,3889
2025-05-16T00:45:00.000Z,3236.44,3243.92,3235.03,3243.08,4068
2025-05-16T01:00:00.000Z,3243.13,3244.41,3228.65,3230.98,6715
2025-05-16T01:15:00.000Z,3230.92,3230.92,3221.58,3223.37,5917
2025-05-16T01:30:00.000Z,3223.39,3228.37,3220.18,3221.34,5846
2025-05-16T01:45:00.000Z,3221.36,3222.46,3215.03,3222.22,5971
2025-05-16T02:00:00.000Z,3222.11,3225.91,3220.09,3223.21,5219
2025-05-16T02:15:00.000Z,3223.2,3224.79,3220.54,3223.06,2806
2025-05-16T02:30:00.000Z,3223.04,3227.45,3219.56,3219.97,4784
2025-05-16T02:45:00.000Z,3219.96,3220.85,3212.83,3215.41,5015
2025-05-16T03:00:00.000Z,3215.19,3217.36,3206.42,3207.91,5653
2025-05-16T03:15:00.000Z,3207.86,3212.96,3206.84,3210.49,5260
2025-05-16T03:30:00.000Z,3210.56,3215.3,3208.4,3208.6,3724
2025-05-16T03:45:00.000Z,3208.72,3213.12,3208,3211.83,3262
2025-05-16T04:00:00.000Z,3211.78,3215.02,3211.67,3214.91,2535
2025-05-16T04:15:00.000Z,3214.85,3219.32,3212.86,3214.55,3896
2025-05-16T04:30:00.000Z,3214.58,3218.33,3214.46,3217.31,2119
2025-05-16T04:45:00.000Z,3217.36,3222.44,3216.41,3219.52,3320
2025-05-16T05:00:00.000Z,3219.46,3222.18,3218.1,3220.32,3500
2025-05-16T05:15:00.000Z,3220.33,3220.47,3212.69,3214.17,4203
2025-05-16T05:30:00.000Z,3214.2,3220.16,3211.86,3219.09,4223
2025-05-16T05:45:00.000Z,3219.08,3221.58,3216.21,3218.54,2759
2025-05-16T06:00:00.000Z,3218.49,3231.27,3217.87,3228.53,6372
2025-05-16T06:15:00.000Z,3228.52,3228.52,3217.8,3220.01,5313
2025-05-16T06:30:00.000Z,3220,3222.08,3215.32,3215.42,5146
2025-05-16T06:45:00.000Z,3215.43,3216.94,3212.8,3214.82,5399
2025-05-16T07:00:00.000Z,3214.8,3217.95,3209.87,3214.28,6382
2025-05-16T07:15:00.000Z,3214.5,3214.6,3205.25,3209.43,6675
2025-05-16T07:30:00.000Z,3209.41,3215.25,3207.37,3214.97,4280
2025-05-16T07:45:00.000Z,3214.98,3214.98,3207,3207.6,4564
2025-05-16T08:00:00.000Z,3207.52,3208.55,3196.94,3197.52,6220
2025-05-16T08:15:00.000Z,3197.6,3205.73,3195.53,3205.67,5889
2025-05-16T08:30:00.000Z,3205.77,3209.04,3204.97,3208.33,4035
2025-05-16T08:45:00.000Z,3208.3,3209.21,3204.49,3207.36,3756
2025-05-16T09:00:00.000Z,3207.33,3207.33,3203.67,3206.59,3926
2025-05-16T09:15:00.000Z,3206.6,3211.31,3205.14,3210.29,5051
2025-05-16T09:30:00.000Z,3210.06,3212.86,3207.61,3208.98,4610
2025-05-16T09:45:00.000Z,3208.73,3211.26,3208.31,3209.19,3737
2025-05-16T10:00:00.000Z,3209.22,3211,3201.46,3204.7,4914
2025-05-16T10:15:00.000Z,3204.76,3207.76,3200.34,3201.68,4917
2025-05-16T10:30:00.000Z,3201.78,3204.28,3195.45,3196.15,5176
2025-05-16T10:45:00.000Z,3196.18,3196.85,3168.94,3175.99,10011
2025-05-16T11:00:00.000Z,3176,3179.07,3169.97,3171.27,6520
2025-05-16T11:15:00.000Z,3171.08,3177.28,3170.77,3172.12,5350
2025-05-16T11:30:00.000Z,3171.98,3179.18,3170.79,3173.87,5592
2025-05-16T11:45:00.000Z,3173.87,3176.31,3154.2,3163.09,7592
2025-05-16T12:00:00.000Z,3163.16,3167.08,3154.87,3164.84,8050
2025-05-16T12:15:00.000Z,3164.71,3175.88,3164.71,3174.14,7642
2025-05-16T12:30:00.000Z,3174.1,3182.09,3170.28,3178.03,7409
2025-05-16T12:45:00.000Z,3177.95,3181.33,3175.52,3177.42,6214
2025-05-16T13:00:00.000Z,3177.43,3185.72,3176.87,3176.87,8495
2025-05-16T13:15:00.000Z,3176.91,3178.82,3169.48,3174.64,7975
2025-05-16T13:30:00.000Z,3174.71,3186.63,3170.1,3185.79,9126
2025-05-16T13:45:00.000Z,3185.81,3186.19,3178.64,3180.89,6892
2025-05-16T14:00:00.000Z,3180.91,3188.37,3180.57,3184.71,8203
2025-05-16T14:15:00.000Z,3184.79,3185.09,3173.72,3175.19,7059
2025-05-16T14:30:00.000Z,3175.29,3177.62,3165.94,3169.66,7641
2025-05-16T14:45:00.000Z,3169.64,3177.2,3169.13,3173.27,7103
2025-05-16T15:00:00.000Z,3173.28,3178.92,3172.74,3177.31,5237
2025-05-16T15:15:00.000Z,3177.38,3180.46,3175.37,3178.14,5017
2025-05-16T15:30:00.000Z,3177.72,3182.03,3177.72,3180.92,4527
2025-05-16T15:45:00.000Z,3180.68,3185.1,3178.87,3183.51,5100
2025-05-16T16:00:00.000Z,3183.5,3187.4,3180.49,3184.95,5635
2025-05-16T16:15:00.000Z,3184.84,3185.64,3181.73,3183.06,3529
2025-05-16T16:30:00.000Z,3183.1,3185.18,3181.82,3185.11,3101
2025-05-16T16:45:00.000Z,3185.06,3189.71,3184.5,3189.3,3690
2025-05-16T17:00:00.000Z,3189.57,3192.13,3185.9,3186.7,3928
2025-05-16T17:15:00.000Z,3187.28,3188.06,3183.82,3184.52,3705
2025-05-16T17:30:00.000Z,3184.51,3188.02,3183.38,3187.4,3523
2025-05-16T17:45:00.000Z,3187.48,3189.94,3187.48,3189.39,2716
2025-05-16T18:00:00.000Z,3189.51,3191.1,3186.01,3186.06,2444
2025-05-16T18:15:00.000Z,3186.12,3190.26,3185.98,3189.87,2580
2025-05-16T18:30:00.000Z,3189.98,3190.47,3184.8,3185.29,2652
2025-05-16T18:45:00.000Z,3185.28,3188.01,3185.28,3187.48,2279
2025-05-16T19:00:00.000Z,3187.5,3192.46,3187.48,3191.69,2971
2025-05-16T19:15:00.000Z,3191.7,3195.26,3191.46,3193.46,2528
2025-05-16T19:30:00.000Z,3193.39,3195.63,3193.37,3195.45,1989
2025-05-16T19:45:00.000Z,3195.54,3195.71,3190.95,3192.53,3410
2025-05-16T20:00:00.000Z,3192.56,3202.66,3192.14,3199.44,3098
2025-05-16T20:15:00.000Z,3199.48,3200.9,3194.86,3195.09,1878
2025-05-16T20:30:00.000Z,3195.13,3198.8,3194.64,3198.51,1774
2025-05-16T20:45:00.000Z,3198.5,3202.77,3198.42,3200.71,1779
2025-05-18T22:00:00.000Z,3217.26,3222.54,3205.39,3217.77,4294
2025-05-18T22:15:00.000Z,3217.72,3236.45,3217.72,3235.62,4893
2025-05-18T22:30:00.000Z,3234.85,3236.86,3229.65,3233.98,3809
2025-05-18T22:45:00.000Z,3233.97,3240.61,3233.34,3238.94,3388
2025-05-18T23:00:00.000Z,3238.88,3244.82,3237.14,3244.28,3399
2025-05-18T23:15:00.000Z,3244.34,3245.19,3242.16,3243.3,2191
2025-05-18T23:30:00.000Z,3243.32,3244.49,3228.89,3232.31,3161
2025-05-18T23:45:00.000Z,3232.32,3237.42,3226.61,3234.87,4268
2025-05-19T00:00:00.000Z,3234.88,3247.92,3233.48,3245.56,4555
2025-05-19T00:15:00.000Z,3245.32,3249.69,3244.9,3247.67,3670
2025-05-19T00:30:00.000Z,3247.57,3249.27,3243.58,3245.49,3455
2025-05-19T00:45:00.000Z,3245.42,3248.44,3240.92,3246.39,4420
2025-05-19T01:00:00.000Z,3246.29,3246.72,3231.04,3233.48,7425
2025-05-19T01:15:00.000Z,3233.41,3235.04,3224.51,3226.53,6268
2025-05-19T01:30:00.000Z,3226.54,3229.63,3220.62,3224.94,5731
2025-05-19T01:45:00.000Z,3224.91,3225.9,3214.52,3218.4,5368
2025-05-19T02:00:00.000Z,3218.26,3225.07,3217.2,3224.77,4330
2025-05-19T02:15:00.000Z,3224.79,3227.54,3222.41,3225.44,3922
2025-05-19T02:30:00.000Z,3225.47,3225.79,3217.77,3221.28,4057
2025-05-19T02:45:00.000Z,3221.12,3230.01,3221.05,3228.57,3873
2025-05-19T03:00:00.000Z,3228.4,3230.47,3224.96,3225.53,2802
2025-05-19T03:15:00.000Z,3225.27,3228.47,3224.86,3225.65,2261
2025-05-19T03:30:00.000Z,3225.66,3227.71,3217.03,3218.18,3135
2025-05-19T03:45:00.000Z,3218.2,3218.92,3208.04,3212.12,4240
2025-05-19T04:00:00.000Z,3212.03,3213.32,3206.6,3211.15,3000
2025-05-19T04:15:00.000Z,3211.25,3216.29,3210.87,3215.4,2614
2025-05-19T04:30:00.000Z,3215.25,3218.07,3215.25,3216.67,1741
2025-05-19T04:45:00.000Z,3216.32,3217.53,3213.7,3215.8,2018
2025-05-19T05:00:00.000Z,3215.85,3222.94,3215.85,3218.3,3436
2025-05-19T05:15:00.000Z,3218.34,3218.99,3215.99,3217.97,2078
2025-05-19T05:30:00.000Z,3218.4,3220.47,3216.73,3217.74,3116
2025-05-19T05:45:00.000Z,3217.77,3224.26,3214.93,3223.92,3359
2025-05-19T06:00:00.000Z,3224.03,3227.94,3222.29,3226.79,4743
2025-05-19T06:15:00.000Z,3226.75,3231.59,3225.64,3226.62,5932
2025-05-19T06:30:00.000Z,3226.63,3229.4,3220.2,3222.65,5610
2025-05-19T06:45:00.000Z,3222.68,3226.28,3221.16,3224.21,4901
2025-05-19T07:00:00.000Z,3224.22,3230.78,3224.05,3229.12,5104
2025-05-19T07:15:00.000Z,3229.15,3231.24,3228.01,3229.43,4231
2025-05-19T07:30:00.000Z,3229.48,3233.87,3226.36,3232.13,5897
2025-05-19T07:45:00.000Z,3232.12,3234.5,3230.96,3232.35,5134
2025-05-19T08:00:00.000Z,3232.32,3235.89,3229.96,3235.49,3981
2025-05-19T08:15:00.000Z,3235.63,3238.85,3233.71,3235.98,5027
2025-05-19T08:30:00.000Z,3235.97,3238.2,3233.6,3238.17,3868
2025-05-19T08:45:00.000Z,3238.2,3244.84,3238.07,3244.43,4007
2025-05-19T09:00:00.000Z,3244.67,3247.56,3237.98,3240.56,5408
2025-05-19T09:15:00.000Z,3240.69,3241.49,3233.61,3240,5348
2025-05-19T09:30:00.000Z,3239.94,3241.81,3237.95,3239.06,3299
2025-05-19T09:45:00.000Z,3239.07,3242.36,3237.73,3241.96,2648
2025-05-19T10:00:00.000Z,3241.97,3242.14,3234.03,3239.13,3274
2025-05-19T10:15:00.000Z,3239.19,3241.75,3236.97,3240.92,3252
2025-05-19T10:30:00.000Z,3240.92,3241.58,3238.62,3239.73,2357
2025-05-19T10:45:00.000Z,3239.85,3245.24,3239.79,3241.74,3432
2025-05-19T11:00:00.000Z,3241.68,3243.71,3239.09,3243.45,3330
2025-05-19T11:15:00.000Z,3243.43,3244.36,3241.47,3241.54,2424
2025-05-19T11:30:00.000Z,3241.55,3246.62,3241.23,3245.95,3387
2025-05-19T11:45:00.000Z,3246.01,3248.43,3243.48,3243.75,3595
2025-05-19T12:00:00.000Z,3243.74,3244.39,3240.21,3242.74,4063
2025-05-19T12:15:00.000Z,3242.75,3244.3,3237.82,3241.34,5689
2025-05-19T12:30:00.000Z,3241.09,3243.02,3237.85,3241.47,5031
2025-05-19T12:45:00.000Z,3241.46,3241.47,3228.9,3229.35,6337
2025-05-19T13:00:00.000Z,3229.42,3237.86,3227.62,3237.73,7396
2025-05-19T13:15:00.000Z,3237.89,3241.5,3230.07,3231.98,6918
2025-05-19T13:30:00.000Z,3232.02,3233.16,3224.59,3232.56,8712
2025-05-19T13:45:00.000Z,3232.55,3234.62,3225.85,3230.03,7586
2025-05-19T14:00:00.000Z,3229.94,3231.31,3217.08,3222.87,9034
2025-05-19T14:15:00.000Z,3222.88,3233.29,3222.42,3231.29,7223
2025-05-19T14:30:00.000Z,3231.35,3236.05,3227.88,3229.8,6430
2025-05-19T14:45:00.000Z,3229.95,3235.95,3229.79,3233.89,5714
2025-05-19T15:00:00.000Z,3233.91,3236.11,3232.3,3235.11,5111
2025-05-19T15:15:00.000Z,3235.09,3235.62,3231.83,3234.44,4120
2025-05-19T15:30:00.000Z,3234.52,3235.17,3230.42,3232.43,3967
2025-05-19T15:45:00.000Z,3232.35,3239.79,3229.5,3231.63,5821
2025-05-19T16:00:00.000Z,3231.64,3232.11,3228.69,3230.55,4068
2025-05-19T16:15:00.000Z,3230.73,3231.45,3228.11,3228.91,3143
2025-05-19T16:30:00.000Z,3228.88,3234.05,3228.61,3231.91,3757
2025-05-19T16:45:00.000Z,3231.91,3234.14,3231.28,3231.71,3417
2025-05-19T17:00:00.000Z,3231.74,3232.41,3227.57,3229.91,3216
2025-05-19T17:15:00.000Z,3229.98,3231.56,3227.86,3230.6,3848
2025-05-19T17:30:00.000Z,3230.62,3233.18,3225.51,3225.56,4134
2025-05-19T17:45:00.000Z,3225.69,3229.29,3225.68,3226.39,3232
2025-05-19T18:00:00.000Z,3226.38,3229.54,3225.28,3228.12,2888
2025-05-19T18:15:00.000Z,3228.08,3233.97,3227.97,3233.94,3140
2025-05-19T18:30:00.000Z,3233.95,3235.1,3232.8,3234.16,2464
2025-05-19T18:45:00.000Z,3233.77,3234.63,3232.97,3233.44,2642
2025-05-19T19:00:00.000Z,3233.47,3235.48,3233.19,3235.24,1605
2025-05-19T19:15:00.000Z,3235.33,3235.8,3232.41,3234.16,1397
2025-05-19T19:30:00.000Z,3234.09,3234.16,3231.57,3232.71,2066
2025-05-19T19:45:00.000Z,3232.83,3233.77,3231.6,3233.02,2935
2025-05-19T20:00:00.000Z,3233.11,3233.66,3231.58,3231.98,1137
2025-05-19T20:15:00.000Z,3232.07,3232.16,3229.35,3229.53,1210
2025-05-19T20:30:00.000Z,3229.52,3230.73,3227.96,3230.73,1010
2025-05-19T20:45:00.000Z,3230.84,3231.66,3229.36,3229.43,1136
2025-05-19T22:00:00.000Z,3230.37,3231.07,3226.75,3226.75,1403
2025-05-19T22:15:00.000Z,3226.71,3227.48,3225.01,3227.01,1474
2025-05-19T22:30:00.000Z,3227.12,3227.75,3225.38,3226.48,1182
2025-05-19T22:45:00.000Z,3226.5,3226.9,3224.64,3226.76,1108
2025-05-19T23:00:00.000Z,3226.93,3227.37,3221.01,3221.02,1677
2025-05-19T23:15:00.000Z,3221.08,3223.98,3220.83,3222.35,1215
2025-05-19T23:30:00.000Z,3222.34,3222.63,3218.96,3222.49,2413
2025-05-19T23:45:00.000Z,3222.48,3223.92,3222,3222.46,1575
2025-05-20T00:00:00.000Z,3222.48,3224.11,3220.35,3220.35,2686
2025-05-20T00:15:00.000Z,3220.55,3220.85,3217.05,3219.16,3135
2025-05-20T00:30:00.000Z,3219.12,3220.96,3214.1,3220.81,4147
2025-05-20T00:45:00.000Z,3220.82,3223.15,3219.05,3222.7,3265
2025-05-20T01:00:00.000Z,3222.76,3229.44,3222.76,3228.26,6321
2025-05-20T01:15:00.000Z,3228.25,3230.48,3222.98,3225.58,5612
2025-05-20T01:30:00.000Z,3225.67,3232.71,3225.22,3227.31,5108
2025-05-20T01:45:00.000Z,3227.22,3227.48,3220.51,3221.1,4387
2025-05-20T02:00:00.000Z,3221.14,3222.92,3213.5,3215.99,5035
2025-05-20T02:15:00.000Z,3215.93,3217.07,3210.74,3210.97,4620
2025-05-20T02:30:00.000Z,3211.02,3213.87,3208.01,3210.25,4050
2025-05-20T02:45:00.000Z,3210.17,3212.79,3206.48,3206.72,5605
2025-05-20T03:00:00.000Z,3206.75,3212.51,3204.74,3211.3,5295
2025-05-20T03:15:00.000Z,3211.32,3214.14,3210.15,3212.61,2724
2025-05-20T03:30:00.000Z,3212.68,3213.62,3207.09,3211.8,4238
2025-05-20T03:45:00.000Z,3211.79,3213.71,3210.64,3211.38,2020
2025-05-20T04:00:00.000Z,3211.37,3214.08,3211.3,3213.21,2142
2025-05-20T04:15:00.000Z,3213.18,3214.98,3211.31,3212.96,2828
2025-05-20T04:30:00.000Z,3212.95,3213.76,3211.2,3212.68,2681
2025-05-20T04:45:00.000Z,3212.71,3217.94,3212.63,3217.18,2607
2025-05-20T05:00:00.000Z,3217.15,3219.72,3214.3,3215.23,3203
2025-05-20T05:15:00.000Z,3215.18,3216.83,3213.89,3215.41,2288
2025-05-20T05:30:00.000Z,3215.57,3218.47,3210.3,3211.56,3855
2025-05-20T05:45:00.000Z,3211.47,3214.24,3209.86,3213.79,3930
2025-05-20T06:00:00.000Z,3213.29,3218.18,3209.38,3216.76,4846
2025-05-20T06:15:00.000Z,3216.66,3219.19,3213.33,3215.21,4394
2025-05-20T06:30:00.000Z,3215.14,3215.43,3208.93,3210.06,4763
2025-05-20T06:45:00.000Z,3210.05,3211.04,3208.66,3209.89,4095
2025-05-20T07:00:00.000Z,3209.84,3213.01,3207.97,3210.48,4733
2025-05-20T07:15:00.000Z,3210.5,3217.29,3210.33,3215.99,4261
2025-05-20T07:30:00.000Z,3216,3223.67,3214.72,3222.35,4728
2025-05-20T07:45:00.000Z,3222.28,3225.36,3220.21,3222.85,4407
2025-05-20T08:00:00.000Z,3222.86,3224.28,3219.2,3220.3,4219
2025-05-20T08:15:00.000Z,3220.29,3222.58,3218.26,3222.18,4038
2025-05-20T08:30:00.000Z,3222.12,3228.51,3222.09,3227.67,5091
2025-05-20T08:45:00.000Z,3227.73,3235.95,3227.73,3235.84,4728
2025-05-20T09:00:00.000Z,3235.91,3237.67,3230.46,3233.34,6443
2025-05-20T09:15:00.000Z,3233.34,3239.35,3233.34,3236.01,4546
2025-05-20T09:30:00.000Z,3236,3238.68,3233.01,3235.04,4891
2025-05-20T09:45:00.000Z,3235.03,3236.98,3233.63,3236.37,3053
2025-05-20T10:00:00.000Z,3236.35,3236.84,3232.22,3234.14,3284
2025-05-20T10:15:00.000Z,3234.16,3234.75,3231.9,3233.4,2527
2025-05-20T10:30:00.000Z,3233.42,3236.53,3232.92,3236.07,2743
2025-05-20T10:45:00.000Z,3236.06,3238.39,3235.03,3235.24,3534
2025-05-20T11:00:00.000Z,3235.31,3238.63,3235.14,3237.99,3134
2025-05-20T11:15:00.000Z,3238.04,3240.75,3237.5,3239.92,2974
2025-05-20T11:30:00.000Z,3239.84,3241.21,3237.11,3238.89,3605
2025-05-20T11:45:00.000Z,3238.9,3241.56,3238.22,3241.26,3510
2025-05-20T12:00:00.000Z,3241.14,3241.97,3236.01,3236.47,4086
2025-05-20T12:15:00.000Z,3236.4,3241.49,3234.34,3241.3,4608
2025-05-20T12:30:00.000Z,3241.44,3250.92,3241.24,3246.02,7645
2025-05-20T12:45:00.000Z,3246.07,3247.62,3240.76,3242.79,6051
2025-05-20T13:00:00.000Z,3242.5,3242.5,3232.93,3236.51,8498
2025-05-20T13:15:00.000Z,3236.5,3238.96,3234.9,3237.1,5401
2025-05-20T13:30:00.000Z,3237.09,3245.49,3236.6,3241.51,8238
2025-05-20T13:45:00.000Z,3241.5,3261.72,3241.41,3261.14,8944
2025-05-20T14:00:00.000Z,3261.29,3281.31,3260.69,3278.55,11761
2025-05-20T14:15:00.000Z,3278.57,3285.75,3276.26,3279.95,11311
2025-05-20T14:30:00.000Z,3279.91,3285.28,3274.41,3281.8,10106
2025-05-20T14:45:00.000Z,3281.71,3284.05,3279.34,3282.46,6519
2025-05-20T15:00:00.000Z,3282.72,3283.55,3273.4,3279.04,8578
2025-05-20T15:15:00.000Z,3278.99,3282.49,3276.56,3277.91,7104
2025-05-20T15:30:00.000Z,3277.98,3281.09,3276.3,3280.48,4555
2025-05-20T15:45:00.000Z,3280.38,3281.56,3276.2,3277.27,4206
2025-05-20T16:00:00.000Z,3277.21,3282.44,3277.14,3280.91,4273
2025-05-20T16:15:00.000Z,3280.92,3282.49,3278.28,3278.28,3769
2025-05-20T16:30:00.000Z,3278.41,3279.82,3275.18,3279.74,4065
2025-05-20T16:45:00.000Z,3279.71,3280.28,3276.71,3278.82,3491
2025-05-20T17:00:00.000Z,3278.81,3283.35,3278.34,3281.03,3502
2025-05-20T17:15:00.000Z,3280.93,3285.19,3280.31,3282.22,4512
2025-05-20T17:30:00.000Z,3282.26,3286.6,3282.06,3284.84,4126
2025-05-20T17:45:00.000Z,3284.71,3287.78,3284.08,3286.4,3836
2025-05-20T18:00:00.000Z,3286.45,3287.42,3285.18,3286.12,3450
2025-05-20T18:15:00.000Z,3286.11,3289.62,3284.17,3288.33,4569
2025-05-20T18:30:00.000Z,3288.27,3288.63,3286.23,3287.48,3470
2025-05-20T18:45:00.000Z,3287.61,3288.96,3287.38,3287.71,3558
2025-05-20T19:00:00.000Z,3287.67,3288.91,3287.26,3288.24,3309
2025-05-20T19:15:00.000Z,3288.31,3290.89,3287.91,3289.64,3036
2025-05-20T19:30:00.000Z,3289.67,3291.9,3289.13,3291.05,2391
2025-05-20T19:45:00.000Z,3291.08,3295.08,3290.95,3294.06,4153
2025-05-20T20:00:00.000Z,3294.08,3295.72,3293.49,3295.27,2341
2025-05-20T20:15:00.000Z,3295.34,3295.35,3290.02,3290.34,2117
2025-05-20T20:30:00.000Z,3290.38,3291.56,3289.21,3290.18,1524
2025-05-20T20:45:00.000Z,3290.11,3290.93,3289.04,3289.39,1157
2025-05-20T22:00:00.000Z,3288.65,3304.16,3288.65,3299.79,3498
2025-05-20T22:15:00.000Z,3299.69,3301.04,3295.44,3296.1,3517
2025-05-20T22:30:00.000Z,3295.74,3297.51,3292.81,3293,2785
2025-05-20T22:45:00.000Z,3292.99,3298.06,3292.99,3296.75,1804
2025-05-20T23:00:00.000Z,3296.6,3296.77,3289.08,3292.48,2870
2025-05-20T23:15:00.000Z,3292.49,3293.37,3290.3,3292.06,1694
2025-05-20T23:30:00.000Z,3292.38,3292.93,3288.56,3292.05,2442
2025-05-20T23:45:00.000Z,3292.06,3292.34,3290.45,3290.62,2142
2025-05-21T00:00:00.000Z,3290.64,3296.25,3288.88,3294.51,3081
2025-05-21T00:15:00.000Z,3294.6,3297.16,3292.35,3295.78,3009
2025-05-21T00:30:00.000Z,3295.81,3304.07,3295.81,3302.07,3834
2025-05-21T00:45:00.000Z,3302.06,3303.75,3300.47,3303.39,3889
2025-05-21T01:00:00.000Z,3303.36,3314.5,3297.39,3297.67,8615
2025-05-21T01:15:00.000Z,3297.61,3298.94,3285.31,3289.39,7148
2025-05-21T01:30:00.000Z,3289.32,3295.7,3286.61,3293.96,5287
2025-05-21T01:45:00.000Z,3294.02,3299.34,3292.31,3294.55,5273
2025-05-21T02:00:00.000Z,3294.51,3298.24,3289.32,3297.56,5696
2025-05-21T02:15:00.000Z,3297.47,3297.47,3291.82,3294.52,3555
2025-05-21T02:30:00.000Z,3294.65,3304.85,3293.44,3303.67,4726
2025-05-21T02:45:00.000Z,3303.81,3305.24,3300.16,3301.74,4526
2025-05-21T03:00:00.000Z,3301.77,3303.79,3299.14,3303.15,3395
2025-05-21T03:15:00.000Z,3303.2,3308.1,3302.2,3307.75,3910
2025-05-21T03:30:00.000Z,3307.75,3308.43,3305.7,3307.13,3435
2025-05-21T03:45:00.000Z,3307.13,3309.61,3305.61,3307.45,2882
2025-05-21T04:00:00.000Z,3307.4,3308.17,3304.1,3305.06,2648
2025-05-21T04:15:00.000Z,3305.06,3306.88,3302.58,3304.07,2679
2025-05-21T04:30:00.000Z,3304.14,3306.35,3302.05,3304.69,2751
2025-05-21T04:45:00.000Z,3304.7,3306.04,3301.15,3302.04,2241
2025-05-21T05:00:00.000Z,3301.97,3302.04,3298.37,3299.87,2768
2025-05-21T05:15:00.000Z,3299.86,3302.96,3299.01,3302.6,2373
2025-05-21T05:30:00.000Z,3302.78,3313.11,3300.41,3312.49,5186
2025-05-21T05:45:00.000Z,3312.55,3319.56,3311.03,3316.28,5953
2025-05-21T06:00:00.000Z,3316.28,3317.31,3310.84,3314.51,5523
2025-05-21T06:15:00.000Z,3314.76,3318.68,3312.47,3318.68,4982
2025-05-21T06:30:00.000Z,3318.69,3320.22,3315.26,3319.25,5699
2025-05-21T06:45:00.000Z,3319.16,3320.73,3316.4,3320.01,4871
2025-05-21T07:00:00.000Z,3320.03,3320.03,3311.29,3311.5,5437
2025-05-21T07:15:00.000Z,3311.52,3313.75,3308.08,3312.6,5659
2025-05-21T07:30:00.000Z,3312.59,3315.3,3311.26,3314.61,3610
2025-05-21T07:45:00.000Z,3314.44,3314.44,3307.75,3309.74,4789
2025-05-21T08:00:00.000Z,3310.07,3310.91,3303.95,3305.25,4728
2025-05-21T08:15:00.000Z,3305.33,3309.85,3304.48,3307.14,4148
2025-05-21T08:30:00.000Z,3307.15,3312.25,3305.6,3309.14,4341
2025-05-21T08:45:00.000Z,3308.83,3310.46,3307.82,3308.39,3734
2025-05-21T09:00:00.000Z,3308.51,3311.35,3307.05,3307.61,3612
2025-05-21T09:15:00.000Z,3307.54,3311.99,3307.32,3310.68,3044
2025-05-21T09:30:00.000Z,3310.82,3312.2,3307.52,3307.56,4181
2025-05-21T09:45:00.000Z,3307.55,3313.56,3307.11,3313.53,3583
2025-05-21T10:00:00.000Z,3313.6,3314.07,3310.7,3311.38,3206
2025-05-21T10:15:00.000Z,3311.49,3317.74,3311.06,3316.38,4208
2025-05-21T10:30:00.000Z,3316.39,3318.26,3311.09,3311.18,4652
2025-05-21T10:45:00.000Z,3311.09,3312.32,3308.58,3311.78,4369
2025-05-21T11:00:00.000Z,3311.99,3316.31,3308.52,3309.79,4177
2025-05-21T11:15:00.000Z,3309.78,3312.55,3309.36,3312.51,3491
2025-05-21T11:30:00.000Z,3312.51,3313.03,3306.62,3307.81,4138
2025-05-21T11:45:00.000Z,3307.76,3312.34,3306.47,3311.18,4604
2025-05-21T12:00:00.000Z,3311.19,3312.64,3307.8,3309.57,6065
2025-05-21T12:15:00.000Z,3309.8,3311.49,3290.71,3295.81,7740
2025-05-21T12:30:00.000Z,3295.74,3299.43,3290.91,3298.88,9473
2025-05-21T12:45:00.000Z,3298.95,3304.08,3297.17,3302.59,6152
2025-05-21T13:00:00.000Z,3302.7,3306.21,3299.91,3305.61,7801
2025-05-21T13:15:00.000Z,3305.63,3307.39,3300.48,3304.38,6811
2025-05-21T13:30:00.000Z,3304.47,3309.52,3301.19,3305.07,8567
2025-05-21T13:45:00.000Z,3305.08,3306.35,3295.35,3303.57,9038
2025-05-21T14:00:00.000Z,3303.18,3303.91,3295.26,3298.73,9127
2025-05-21T14:15:00.000Z,3298.74,3307.49,3298.25,3306.27,6963
2025-05-21T14:30:00.000Z,3305.94,3306.16,3301.88,3303.43,6176
2025-05-21T14:45:00.000Z,3303.48,3307.64,3301.77,3304.38,6672
2025-05-21T15:00:00.000Z,3304.37,3313.28,3303.6,3312.15,7483
2025-05-21T15:15:00.000Z,3312.18,3315.22,3310.78,3311.72,6335
2025-05-21T15:30:00.000Z,3311.78,3313.39,3309.04,3312.1,4790
2025-05-21T15:45:00.000Z,3312.13,3313.82,3310.88,3311.9,3795
2025-05-21T16:00:00.000Z,3311.95,3314.56,3310.19,3312.52,4078
2025-05-21T16:15:00.000Z,3312.6,3313.61,3309.52,3309.93,3848
2025-05-21T16:30:00.000Z,3310.03,3310.7,3304.07,3305.8,4699
2025-05-21T16:45:00.000Z,3305.89,3307.83,3302.72,3303.08,4251
2025-05-21T17:00:00.000Z,3303.06,3311.2,3302.74,3311.2,4149
2025-05-21T17:15:00.000Z,3311.22,3315.37,3309.36,3310.85,6884
2025-05-21T17:30:00.000Z,3310.89,3314.28,3306.7,3313.33,6860
2025-05-21T17:45:00.000Z,3313.37,3316.32,3312.19,3316.32,4973
2025-05-21T18:00:00.000Z,3316.31,3316.37,3311.96,3313.04,4002
2025-05-21T18:15:00.000Z,3312.97,3314.87,3312.04,3313.89,4035
2025-05-21T18:30:00.000Z,3314.04,3316.19,3313.51,3315.28,3652
2025-05-21T18:45:00.000Z,3315.14,3315.91,3312.17,3314.35,3410
2025-05-21T19:00:00.000Z,3314.32,3324.13,3314.32,3322.68,4805
2025-05-21T19:15:00.000Z,3322.71,3324.79,3320.86,3324.58,3916
2025-05-21T19:30:00.000Z,3324.55,3324.73,3320.12,3322.28,3770
2025-05-21T19:45:00.000Z,3322.33,3323.71,3317.05,3318.27,4611
2025-05-21T20:00:00.000Z,3318.33,3319.8,3315.99,3316.05,2300
2025-05-21T20:15:00.000Z,3316.11,3317.73,3313.14,3317.4,2307
2025-05-21T20:30:00.000Z,3317.41,3317.88,3314.08,3315.38,1407
2025-05-21T20:45:00.000Z,3315.41,3316.81,3313.33,3314.63,1390
2025-05-21T22:00:00.000Z,3314.64,3320.1,3314.2,3317.19,1959
2025-05-21T22:15:00.000Z,3317.11,3321.09,3315.52,3319.6,2195
2025-05-21T22:30:00.000Z,3319.59,3319.7,3315.57,3318.13,1915
2025-05-21T22:45:00.000Z,3317.91,3319.19,3316.77,3317.95,1258
2025-05-21T23:00:00.000Z,3317.94,3321.43,3317.77,3320.92,2540
2025-05-21T23:15:00.000Z,3320.79,3323.55,3319.75,3322.54,1739
2025-05-21T23:30:00.000Z,3322.51,3324.14,3320.59,3322.3,2048
2025-05-21T23:45:00.000Z,3322.33,3322.64,3317.3,3320.01,2562
2025-05-22T00:00:00.000Z,3320.28,3326.13,3320.1,3323.64,3538
2025-05-22T00:15:00.000Z,3323.63,3323.99,3319.37,3320.33,3236
2025-05-22T00:30:00.000Z,3320.52,3323.74,3319.72,3323.55,2750
2025-05-22T00:45:00.000Z,3323.52,3325.51,3320.99,3323.73,3349
2025-05-22T01:00:00.000Z,3323.7,3329.77,3320.26,3327.24,7402
2025-05-22T01:15:00.000Z,3327.23,3339.03,3325.56,3338.27,6828
2025-05-22T01:30:00.000Z,3338.33,3342.79,3336.23,3342.69,6575
2025-05-22T01:45:00.000Z,3342.67,3342.83,3337.3,3338.06,5840
2025-05-22T02:00:00.000Z,3338.04,3341.17,3336.48,3340.35,4713
2025-05-22T02:15:00.000Z,3340.42,3340.62,3336.54,3337.06,4072
2025-05-22T02:30:00.000Z,3337.07,3343.65,3336.89,3343.49,4252
2025-05-22T02:45:00.000Z,3343.48,3344.63,3339.44,3341.08,4595
2025-05-22T03:00:00.000Z,3341.06,3343.73,3338.39,3342.45,4438
2025-05-22T03:15:00.000Z,3342.4,3345.38,3340.21,3340.22,3536
2025-05-22T03:30:00.000Z,3340.39,3340.67,3337.57,3339.46,2921
2025-05-22T03:45:00.000Z,3339.51,3339.55,3334.87,3335.33,3093
2025-05-22T04:00:00.000Z,3335.29,3336.42,3332.67,3335.12,3304
2025-05-22T04:15:00.000Z,3335.13,3337.32,3334.93,3337,2277
2025-05-22T04:30:00.000Z,3337.17,3338.02,3334.98,3336.38,2593
2025-05-22T04:45:00.000Z,3336.41,3339.04,3336.2,3338.41,2441
2025-05-22T05:00:00.000Z,3338.5,3339.44,3336.24,3336.6,2138
2025-05-22T05:15:00.000Z,3336.54,3338.82,3335.98,3337.73,1829
2025-05-22T05:30:00.000Z,3337.76,3339.13,3335.39,3335.98,3287
2025-05-22T05:45:00.000Z,3335.93,3335.93,3326.26,3332.27,5706
2025-05-22T06:00:00.000Z,3332.74,3335.65,3332.5,3333.28,5429
2025-05-22T06:15:00.000Z,3333.36,3333.92,3327.64,3331.75,5648
2025-05-22T06:30:00.000Z,3331.71,3333.31,3329.01,3330.78,5265
2025-05-22T06:45:00.000Z,3330.79,3331.92,3325.28,3326.41,5100
2025-05-22T07:00:00.000Z,3326.42,3327.58,3323.9,3325.63,4945
2025-05-22T07:15:00.000Z,3325.59,3331.11,3322.56,3329.86,5541
2025-05-22T07:30:00.000Z,3329.89,3330.35,3325.75,3328.03,6930
2025-05-22T07:45:00.000Z,3328,3330.64,3327.27,3327.59,3701
2025-05-22T08:00:00.000Z,3327.59,3329.85,3325.51,3326.9,6407
2025-05-22T08:15:00.000Z,3326.91,3326.91,3317.72,3318.62,6168
2025-05-22T08:30:00.000Z,3318.63,3318.71,3311.07,3314.93,7221
2025-05-22T08:45:00.000Z,3314.91,3315.41,3310.18,3311.18,5833
2025-05-22T09:00:00.000Z,3311.15,3313.86,3306.74,3311.19,6730
2025-05-22T09:15:00.000Z,3310.99,3311.09,3304.2,3306.55,5849
2025-05-22T09:30:00.000Z,3306.68,3309.8,3306.12,3308.48,4618
2025-05-22T09:45:00.000Z,3308.36,3309.89,3304.17,3304.76,4240
2025-05-22T10:00:00.000Z,3304.76,3307.42,3301.56,3304.89,5321
2025-05-22T10:15:00.000Z,3304.44,3305.33,3298.55,3299.26,4799
2025-05-22T10:30:00.000Z,3298.83,3299.82,3290.6,3299.31,6995
2025-05-22T10:45:00.000Z,3299.3,3300.6,3288.47,3289.61,7362
2025-05-22T11:00:00.000Z,3289.54,3293.78,3282.95,3293.22,8326
2025-05-22T11:15:00.000Z,3293.14,3296.77,3291.65,3294.76,5965
2025-05-22T11:30:00.000Z,3294.64,3300.61,3291.34,3300.03,6323
2025-05-22T11:45:00.000Z,3299.95,3314.68,3298.8,3314.48,7994
2025-05-22T12:00:00.000Z,3314.17,3314.49,3305.83,3307.05,8511
2025-05-22T12:15:00.000Z,3307.09,3312.57,3305.54,3310.85,7105
2025-05-22T12:30:00.000Z,3310.84,3311.49,3302.7,3306.73,7671
2025-05-22T12:45:00.000Z,3306.92,3308.04,3300.9,3304.07,7599
2025-05-22T13:00:00.000Z,3304.26,3314.91,3304.26,3314.76,9005
2025-05-22T13:15:00.000Z,3314.79,3315.74,3309.44,3311.07,7657
2025-05-22T13:30:00.000Z,3310.97,3313.28,3305.44,3309.98,9283
2025-05-22T13:45:00.000Z,3309.96,3309.96,3286.9,3287.71,10672
2025-05-22T14:00:00.000Z,3287.67,3295.42,3279.07,3290.06,10487
2025-05-22T14:15:00.000Z,3290.05,3298.64,3287.33,3297.49,8010
2025-05-22T14:30:00.000Z,3297.47,3302.97,3295.39,3302.57,7106
2025-05-22T14:45:00.000Z,3302.58,3304.48,3296.61,3297.02,7351
2025-05-22T15:00:00.000Z,3297.03,3298.7,3281.41,3289.52,9392
2025-05-22T15:15:00.000Z,3289.56,3294.5,3289.56,3294.29,6761
2025-05-22T15:30:00.000Z,3294.34,3295.64,3288.58,3292.33,6033
2025-05-22T15:45:00.000Z,3292.56,3295.43,3291.78,3294.66,5475
2025-05-22T16:00:00.000Z,3294.64,3296.59,3291.1,3293.81,5998
2025-05-22T16:15:00.000Z,3293.82,3299.82,3293.67,3299.65,5088
2025-05-22T16:30:00.000Z,3299.67,3304.94,3298.19,3302.63,4580
2025-05-22T16:45:00.000Z,3302.64,3304.76,3300.71,3301.5,4602
2025-05-22T17:00:00.000Z,3301.49,3301.73,3297.27,3298.33,5331
2025-05-22T17:15:00.000Z,3298.32,3300.57,3293.02,3295.72,5945
2025-05-22T17:30:00.000Z,3295.79,3297.35,3290.03,3295.23,4835
2025-05-22T17:45:00.000Z,3295.24,3298.83,3293.6,3296.54,4670
2025-05-22T18:00:00.000Z,3296.55,3298.88,3295.68,3297.75,3716
2025-05-22T18:15:00.000Z,3297.7,3297.7,3292.88,3294.68,3573
2025-05-22T18:30:00.000Z,3294.6,3295.4,3292.4,3293.92,3940
2025-05-22T18:45:00.000Z,3293.93,3295.99,3293.47,3293.8,3460
2025-05-22T19:00:00.000Z,3293.88,3297.12,3293.88,3295.65,2908
2025-05-22T19:15:00.000Z,3295.71,3296.39,3289,3290.09,3902
2025-05-22T19:30:00.000Z,3289.94,3294.17,3289.38,3293.21,4019
2025-05-22T19:45:00.000Z,3293.24,3293.45,3290.03,3290.18,4539
2025-05-22T20:00:00.000Z,3290.27,3291.95,3289.54,3291,2019
2025-05-22T20:15:00.000Z,3291.08,3293.43,3290.94,3292.98,1561
2025-05-22T20:30:00.000Z,3292.99,3294.79,3292.38,3293.12,2216
2025-05-22T20:45:00.000Z,3293.13,3295.44,3293.02,3294.68,1172
2025-05-22T22:00:00.000Z,3295.05,3298.32,3294.04,3296.55,1766
2025-05-22T22:15:00.000Z,3296.54,3298.57,3295.1,3298.37,1109
2025-05-22T22:30:00.000Z,3298.44,3298.49,3295.17,3297.83,1121
2025-05-22T22:45:00.000Z,3297.75,3299.27,3296.24,3297.63,1184
2025-05-22T23:00:00.000Z,3297.62,3301.65,3297.58,3299.25,1765
2025-05-22T23:15:00.000Z,3299.29,3299.41,3297.36,3299.2,1194
2025-05-22T23:30:00.000Z,3299.27,3300.07,3298.12,3298.68,1253
2025-05-22T23:45:00.000Z,3298.71,3302,3298.71,3299.97,1653
2025-05-23T00:00:00.000Z,3300.03,3300.87,3293.41,3299.96,4174
2025-05-23T00:15:00.000Z,3300.17,3305.8,3300.08,3303.21,3531
2025-05-23T00:30:00.000Z,3303.32,3308.88,3302.78,3302.85,4795
2025-05-23T00:45:00.000Z,3302.94,3303.85,3287.09,3300.97,7465
2025-05-23T01:00:00.000Z,3300.83,3306.39,3297.9,3303.26,6789
2025-05-23T01:15:00.000Z,3303.28,3305.18,3299.47,3303.88,4836
2025-05-23T01:30:00.000Z,3304.03,3304.85,3295.85,3304.28,5406
2025-05-23T01:45:00.000Z,3304.3,3305.42,3301.16,3305.13,3896
2025-05-23T02:00:00.000Z,3305.15,3305.25,3297.17,3299.21,4304
2025-05-23T02:15:00.000Z,3299.18,3300.41,3293.86,3294.11,2670
2025-05-23T02:30:00.000Z,3294.12,3297.95,3290.99,3293.96,4477
2025-05-23T02:45:00.000Z,3293.9,3298.18,3290.92,3296.8,3197
2025-05-23T03:00:00.000Z,3296.78,3300.12,3296.43,3298.91,3284
2025-05-23T03:15:00.000Z,3298.86,3300.1,3297.05,3298.27,2635
2025-05-23T03:30:00.000Z,3298.17,3301.59,3297.93,3301.15,2166
2025-05-23T03:45:00.000Z,3301.16,3303.34,3299.38,3302.02,2217
2025-05-23T04:00:00.000Z,3301.98,3306.4,3301.92,3305.89,2437
2025-05-23T04:15:00.000Z,3305.87,3313.52,3305.86,3311.84,3597
2025-05-23T04:30:00.000Z,3311.85,3314.59,3311.85,3313.74,2726
2025-05-23T04:45:00.000Z,3313.6,3316.07,3312.84,3313.56,3087
2025-05-23T05:00:00.000Z,3313.56,3317.96,3312.47,3317.87,2580
2025-05-23T05:15:00.000Z,3317.9,3321.88,3316.64,3320.2,4421
2025-05-23T05:30:00.000Z,3320.17,3321.03,3316.4,3317.34,4325
2025-05-23T05:45:00.000Z,3317.71,3325.54,3317.71,3323.74,4646
2025-05-23T06:00:00.000Z,3323.54,3330.2,3323,3328.45,6744
2025-05-23T06:15:00.000Z,3328.33,3330.23,3324.43,3325.89,5438
2025-05-23T06:30:00.000Z,3325.89,3328.59,3325.31,3328.49,4387
2025-05-23T06:45:00.000Z,3328.5,3331.96,3328.43,3331.05,5430
2025-05-23T07:00:00.000Z,3331.14,3332.8,3326.71,3330.05,5342
2025-05-23T07:15:00.000Z,3330.03,3332.14,3329.12,3330.83,3891
2025-05-23T07:30:00.000Z,3330.89,3331.67,3328.67,3331.18,3388
2025-05-23T07:45:00.000Z,3331.16,3334.34,3329.12,3329.13,5027
2025-05-23T08:00:00.000Z,3329.09,3329.36,3325.52,3329.07,4517
2025-05-23T08:15:00.000Z,3329.08,3329.38,3322.63,3322.96,4404
2025-05-23T08:30:00.000Z,3322.94,3327.59,3322.6,3325.73,3711
2025-05-23T08:45:00.000Z,3325.6,3327.45,3323.8,3326.35,3682
2025-05-23T09:00:00.000Z,3326.52,3329.31,3324.83,3328.12,4185
2025-05-23T09:15:00.000Z,3328.13,3333.96,3327.72,3332.07,4630
2025-05-23T09:30:00.000Z,3331.99,3333.78,3329.05,3329.57,4228
2025-05-23T09:45:00.000Z,3329.74,3331.2,3327.53,3328.73,4091
2025-05-23T10:00:00.000Z,3328.71,3329.26,3323.49,3326.58,4158
2025-05-23T10:15:00.000Z,3326.43,3328.58,3325.89,3327.98,3562
2025-05-23T10:30:00.000Z,3328.04,3331.59,3326.22,3331.32,3743
2025-05-23T10:45:00.000Z,3331.31,3331.88,3328.3,3328.61,3360
2025-05-23T11:00:00.000Z,3328.6,3329.98,3326.6,3326.81,2978
2025-05-23T11:15:00.000Z,3326.81,3333.59,3325.43,3331.25,6884
2025-05-23T11:30:00.000Z,3331.26,3335.77,3324.37,3334.55,5958
2025-05-23T11:45:00.000Z,3333.87,3349.69,3330.42,3348.01,11625
2025-05-23T12:00:00.000Z,3348.09,3355.38,3344.79,3349.73,11383
2025-05-23T12:15:00.000Z,3349.83,3353.05,3345.94,3347.63,9926
2025-05-23T12:30:00.000Z,3347.67,3360.19,3346.03,3358.09,9404
2025-05-23T12:45:00.000Z,3358.18,3360.22,3350.12,3356.93,9401
2025-05-23T13:00:00.000Z,3357.2,3364.73,3353.7,3355.31,9796
2025-05-23T13:15:00.000Z,3355.39,3358.35,3345.64,3350.99,8807
2025-05-23T13:30:00.000Z,3351.27,3352.46,3337.2,3345.34,11279
2025-05-23T13:45:00.000Z,3345.51,3349.01,3339.78,3339.96,9623
2025-05-23T14:00:00.000Z,3339.94,3348.44,3336.41,3343.97,9261
2025-05-23T14:15:00.000Z,3343.96,3354.21,3343.88,3351.41,9326
2025-05-23T14:30:00.000Z,3351.4,3354.62,3348.42,3353,7937
2025-05-23T14:45:00.000Z,3352.97,3359.62,3350.68,3359.25,7296
2025-05-23T15:00:00.000Z,3359.35,3359.97,3354.37,3357.08,7732
2025-05-23T15:15:00.000Z,3356.97,3359.16,3352.08,3358.07,6313
2025-05-23T15:30:00.000Z,3358.19,3359.48,3355.65,3357.27,5434
2025-05-23T15:45:00.000Z,3357.45,3362.43,3357.31,3361.65,5730
2025-05-23T16:00:00.000Z,3361.86,3362.61,3357.16,3360.46,5967
2025-05-23T16:15:00.000Z,3360.45,3361.54,3358.52,3360.36,4297
2025-05-23T16:30:00.000Z,3360.38,3363.22,3360.33,3363.22,5087
2025-05-23T16:45:00.000Z,3363.54,3364.6,3357.48,3358.93,5581
2025-05-23T17:00:00.000Z,3358.94,3360.17,3357.73,3360.03,3880
2025-05-23T17:15:00.000Z,3360.04,3365.73,3356.41,3365.51,5478
2025-05-23T17:30:00.000Z,3365.52,3365.73,3362.82,3363.74,4377
2025-05-23T17:45:00.000Z,3363.76,3364.66,3362.03,3362.7,4341
2025-05-23T18:00:00.000Z,3362.69,3365.72,3361.22,3365.17,3854
2025-05-23T18:15:00.000Z,3365.14,3365.47,3363.85,3365.31,4320
2025-05-23T18:30:00.000Z,3365.29,3365.89,3363.58,3365.01,3693
2025-05-23T18:45:00.000Z,3364.97,3365.08,3361.12,3361.98,3376
2025-05-23T19:00:00.000Z,3361.97,3365.69,3360.35,3364.31,3357
2025-05-23T19:15:00.000Z,3364.32,3365.59,3362.9,3364.17,2990
2025-05-23T19:30:00.000Z,3364.2,3364.23,3359.55,3361.29,3886
2025-05-23T19:45:00.000Z,3361.3,3361.66,3358.23,3360.71,4945
2025-05-23T20:00:00.000Z,3360.84,3361.72,3360.09,3361.44,1890
2025-05-23T20:15:00.000Z,3361.45,3361.46,3359.32,3361.03,1727
2025-05-23T20:30:00.000Z,3360.97,3361.47,3356.58,3357.51,1711
2025-05-23T20:45:00.000Z,3357.51,3359.96,3356.92,3359.73,1256
2025-05-25T22:00:00.000Z,3354.3,3356.25,3344.96,3351.34,4253
2025-05-25T22:15:00.000Z,3351.41,3352.03,3341.28,3343.34,3239
2025-05-25T22:30:00.000Z,3343.87,3350.87,3342.83,3349.56,2764
2025-05-25T22:45:00.000Z,3349.39,3351.07,3343.98,3344.19,2430
2025-05-25T23:00:00.000Z,3344.37,3350.63,3344.37,3348.59,1330
2025-05-25T23:15:00.000Z,3348.57,3348.95,3345.28,3348.69,1532
2025-05-25T23:30:00.000Z,3348.68,3349.12,3344.96,3345.85,1300
2025-05-25T23:45:00.000Z,3345.89,3345.91,3341.33,3342.59,2883
2025-05-26T00:00:00.000Z,3342.75,3346.18,3335.29,3336.94,4245
2025-05-26T00:15:00.000Z,3336.88,3338.4,3331.43,3335.5,3404
2025-05-26T00:30:00.000Z,3335.37,3338.69,3333.54,3333.73,2915
2025-05-26T00:45:00.000Z,3333.81,3342.26,3332.7,3341.91,2992
2025-05-26T01:00:00.000Z,3341.99,3344.45,3335.52,3338.34,5531
2025-05-26T01:15:00.000Z,3338.21,3342.63,3336.58,3341.38,4639
2025-05-26T01:30:00.000Z,3341.48,3345.74,3339.43,3345.06,4565
2025-05-26T01:45:00.000Z,3345.07,3347.51,3342.55,3344.94,4092
2025-05-26T02:00:00.000Z,3344.97,3350.5,3343.23,3347.27,3792
2025-05-26T02:15:00.000Z,3347.52,3349.7,3345.88,3348.02,2752
2025-05-26T02:30:00.000Z,3348.01,3355.31,3346.9,3352.8,4261
2025-05-26T02:45:00.000Z,3352.8,3356.68,3347.35,3348.03,4238
2025-05-26T03:00:00.000Z,3347.96,3349.88,3346.07,3348.08,3146
2025-05-26T03:15:00.000Z,3348.08,3348.24,3344.25,3344.87,3201
2025-05-26T03:30:00.000Z,3344.88,3348.74,3344.88,3347.91,2301
2025-05-26T03:45:00.000Z,3347.99,3349.18,3347.35,3347.56,1632
2025-05-26T04:00:00.000Z,3347.53,3350.85,3347.22,3348.65,2172
2025-05-26T04:15:00.000Z,3348.57,3349.21,3347.23,3347.95,1662
2025-05-26T04:30:00.000Z,3347.94,3350.04,3346.25,3349.26,1869
2025-05-26T04:45:00.000Z,3349.34,3351.06,3348.77,3349.79,1687
2025-05-26T05:00:00.000Z,3349.85,3351.79,3347.6,3348.88,2618
2025-05-26T05:15:00.000Z,3348.89,3349.37,3345.27,3345.85,2203
2025-05-26T05:30:00.000Z,3345.58,3348.55,3344.27,3348.55,2946
2025-05-26T05:45:00.000Z,3348.64,3350.13,3346.51,3347.35,2725
2025-05-26T06:00:00.000Z,3347.33,3347.52,3344.91,3346.09,3607
2025-05-26T06:15:00.000Z,3346.08,3346.08,3338.75,3340.05,4874
2025-05-26T06:30:00.000Z,3340.04,3343.88,3338.63,3342.72,3352
2025-05-26T06:45:00.000Z,3342.87,3343.03,3337.11,3337.28,4018
2025-05-26T07:00:00.000Z,3337.26,3338.69,3334,3334.54,4714
2025-05-26T07:15:00.000Z,3334.53,3336.03,3332.46,3334.49,3849
2025-05-26T07:30:00.000Z,3334.48,3335.17,3332.05,3334.19,3917
2025-05-26T07:45:00.000Z,3334.03,3337.88,3333.37,3337.41,4107
2025-05-26T08:00:00.000Z,3337.42,3339.68,3333.44,3334.33,4023
2025-05-26T08:15:00.000Z,3334.34,3337.25,3333.47,3336.35,3393
2025-05-26T08:30:00.000Z,3336.44,3336.58,3331.04,3334.34,3393
2025-05-26T08:45:00.000Z,3334.32,3336.24,3332.4,3334.64,3929
2025-05-26T09:00:00.000Z,3334.69,3335.62,3333.54,3333.75,3471
2025-05-26T09:15:00.000Z,3333.76,3336.26,3323.67,3327.07,5645
2025-05-26T09:30:00.000Z,3327.04,3329.54,3324.85,3328.74,3608
2025-05-26T09:45:00.000Z,3328.71,3329.64,3326.79,3328.71,2220
2025-05-26T10:00:00.000Z,3328.73,3333.1,3328.71,3332.06,2528
2025-05-26T10:15:00.000Z,3332.02,3333.64,3331.06,3331.22,2138
2025-05-26T10:30:00.000Z,3331.23,3331.67,3329.3,3329.52,1790
2025-05-26T10:45:00.000Z,3329.51,3331.88,3329.22,3331.51,1254
2025-05-26T11:00:00.000Z,3331.5,3332.83,3330.52,3331.51,1673
2025-05-26T11:15:00.000Z,3331.7,3332.2,3330.77,3331.56,1415
2025-05-26T11:30:00.000Z,3331.57,3331.57,3329.14,3330.69,1716
2025-05-26T11:45:00.000Z,3330.67,3334.39,3330.5,3333.17,1751
2025-05-26T12:00:00.000Z,3333.11,3334.99,3332.64,3334.01,2355
2025-05-26T12:15:00.000Z,3334,3334.28,3326.44,3326.87,3593
2025-05-26T12:30:00.000Z,3326.86,3334.16,3326.36,3333.96,3446
2025-05-26T12:45:00.000Z,3334,3334.9,3331.89,3334.29,2607
2025-05-26T13:00:00.000Z,3334.55,3336.8,3331.43,3334.15,4090
2025-05-26T13:15:00.000Z,3334.09,3338.5,3333.63,3338.01,3365
2025-05-26T13:30:00.000Z,3338.09,3338.52,3334.61,3335.11,4121
2025-05-26T13:45:00.000Z,3335.22,3338.95,3334.66,3338.35,3402
2025-05-26T14:00:00.000Z,3338.36,3341.69,3336.99,3338.77,4998
2025-05-26T14:15:00.000Z,3338.76,3340.68,3336.15,3336.84,3523
2025-05-26T14:30:00.000Z,3336.93,3339.6,3335.76,3338.56,3413
2025-05-26T14:45:00.000Z,3338.54,3338.62,3335.57,3337.29,3425
2025-05-26T15:00:00.000Z,3337.29,3338.98,3336.87,3338.37,2873
2025-05-26T15:15:00.000Z,3338.44,3339.36,3337.47,3338.83,1761
2025-05-26T15:30:00.000Z,3338.9,3339.62,3337.16,3338.22,1970
2025-05-26T15:45:00.000Z,3338.23,3339.33,3337.48,3337.93,1504
2025-05-26T16:00:00.000Z,3337.89,3339.43,3337.51,3338.69,2042
2025-05-26T16:15:00.000Z,3338.61,3340.93,3338.12,3340.52,1399
2025-05-26T16:30:00.000Z,3340.47,3343.56,3339.58,3342.91,1759
2025-05-26T16:45:00.000Z,3342.92,3343.3,3341.42,3342.02,1266
2025-05-26T17:00:00.000Z,3342.26,3343.09,3340.66,3341.87,1707
2025-05-26T17:15:00.000Z,3341.85,3341.91,3340.65,3340.79,1038
2025-05-26T17:30:00.000Z,3340.82,3341.71,3340.48,3341.23,1256
2025-05-26T17:45:00.000Z,3341.16,3341.77,3340.88,3341.19,1310
2025-05-26T18:00:00.000Z,3341.22,3341.92,3340.97,3341.45,1248
2025-05-26T18:15:00.000Z,3341.52,3343.12,3341.15,3342.23,1504
2025-05-26T18:30:00.000Z,3342.18,3342.43,3342.18,3342.43,6
2025-05-26T22:00:00.000Z,3342.79,3347.58,3342.79,3343.76,2137
2025-05-26T22:15:00.000Z,3343.85,3347.05,3343.12,3346.86,1430
2025-05-26T22:30:00.000Z,3346.76,3348.75,3346.18,3347.74,1494
2025-05-26T22:45:00.000Z,3347.72,3348.21,3346.85,3347.66,1005
2025-05-26T23:00:00.000Z,3347.73,3348.5,3346.39,3346.55,1413
2025-05-26T23:15:00.000Z,3346.56,3347.62,3345.59,3347.29,1225
2025-05-26T23:30:00.000Z,3347.3,3348.14,3346.56,3346.66,1147
2025-05-26T23:45:00.000Z,3346.63,3347.52,3344.41,3346.09,1936
2025-05-27T00:00:00.000Z,3346.29,3349.43,3344.18,3349.39,2568
2025-05-27T00:15:00.000Z,3349.41,3349.89,3343.74,3344.24,2495
2025-05-27T00:30:00.000Z,3344.23,3346.61,3342.39,3345.11,2716
2025-05-27T00:45:00.000Z,3345.18,3345.39,3342.39,3345.01,2363
2025-05-27T01:00:00.000Z,3345.01,3347.23,3340.56,3343.6,4606
2025-05-27T01:15:00.000Z,3343.59,3343.59,3337.63,3339.21,3539
2025-05-27T01:30:00.000Z,3339.39,3341.23,3332.21,3332.21,4744
2025-05-27T01:45:00.000Z,3332.22,3335.95,3331.74,3335.9,3981
2025-05-27T02:00:00.000Z,3335.92,3339.98,3335.08,3339.57,3891
2025-05-27T02:15:00.000Z,3339.56,3341.92,3338.8,3341.1,3436
2025-05-27T02:30:00.000Z,3341.09,3342.27,3339,3341.41,3242
2025-05-27T02:45:00.000Z,3341.2,3344.35,3340.53,3342.97,2706
2025-05-27T03:00:00.000Z,3342.85,3344.16,3341.62,3344.08,2736
2025-05-27T03:15:00.000Z,3344.07,3347.2,3343.64,3346.75,2852
2025-05-27T03:30:00.000Z,3346.7,3347.17,3343.71,3344.2,2374
2025-05-27T03:45:00.000Z,3344.23,3344.69,3340.89,3341.21,2569
2025-05-27T04:00:00.000Z,3341.43,3341.48,3339.19,3340.77,2436
2025-05-27T04:15:00.000Z,3340.76,3341.1,3339.06,3339.91,1979
2025-05-27T04:30:00.000Z,3339.9,3340.12,3335.53,3336.44,3255
2025-05-27T04:45:00.000Z,3336.43,3336.94,3330.67,3330.83,3683
2025-05-27T05:00:00.000Z,3330.85,3332.62,3327.58,3328.57,4770
2025-05-27T05:15:00.000Z,3328.54,3330.28,3326.25,3326.84,3551
2025-05-27T05:30:00.000Z,3326.93,3328.03,3323.88,3324.64,6269
2025-05-27T05:45:00.000Z,3324.62,3328.55,3316.01,3323.42,6489
2025-05-27T06:00:00.000Z,3323.47,3328.28,3321.2,3324.14,5513
2025-05-27T06:15:00.000Z,3324.01,3327.03,3319.45,3320.22,5911
2025-05-27T06:30:00.000Z,3320.26,3322.1,3315.85,3316.15,5874
2025-05-27T06:45:00.000Z,3316.24,3316.52,3305.12,3308.57,7993
2025-05-27T07:00:00.000Z,3308.41,3312.47,3302.25,3308.87,7557
2025-05-27T07:15:00.000Z,3308.91,3310.53,3304.69,3304.93,5552
2025-05-27T07:30:00.000Z,3304.84,3310.72,3303.82,3309.89,4522
2025-05-27T07:45:00.000Z,3309.96,3311.36,3292.58,3296.29,7664
2025-05-27T08:00:00.000Z,3296.27,3310.41,3296.16,3305.71,7848
2025-05-27T08:15:00.000Z,3305.7,3308.36,3304.03,3307.03,3915
2025-05-27T08:30:00.000Z,3306.88,3307.38,3297.32,3299.7,6092
2025-05-27T08:45:00.000Z,3299.66,3302.19,3297.58,3298.52,4699
2025-05-27T09:00:00.000Z,3298.51,3309.57,3298,3306.14,6041
2025-05-27T09:15:00.000Z,3306.09,3306.09,3300.62,3301.38,4406
2025-05-27T09:30:00.000Z,3301.25,3301.29,3294.55,3296.28,5656
2025-05-27T09:45:00.000Z,3296.31,3298.74,3295.12,3296.19,4981
2025-05-27T10:00:00.000Z,3296.18,3299.56,3296,3296.88,3905
2025-05-27T10:15:00.000Z,3296.85,3298.94,3290.78,3294.72,5909
2025-05-27T10:30:00.000Z,3294.66,3297.84,3292.33,3296.03,4800
2025-05-27T10:45:00.000Z,3296.04,3297.1,3291.27,3293.18,4335
2025-05-27T11:00:00.000Z,3293.37,3298.01,3292.83,3293.4,4520
2025-05-27T11:15:00.000Z,3293.46,3293.88,3288.05,3290.14,4843
2025-05-27T11:30:00.000Z,3290.23,3293.61,3290.23,3291.78,4376
2025-05-27T11:45:00.000Z,3291.74,3293.64,3287.72,3288.33,4702
2025-05-27T12:00:00.000Z,3288.34,3294.26,3288.01,3294.15,6038
2025-05-27T12:15:00.000Z,3294.14,3297.84,3293.47,3295.17,4949
2025-05-27T12:30:00.000Z,3295.2,3297.09,3292.22,3294.46,6289
2025-05-27T12:45:00.000Z,3294.43,3296.21,3291.33,3293.68,5908
2025-05-27T13:00:00.000Z,3293.78,3299.38,3293.04,3298.19,7124
2025-05-27T13:15:00.000Z,3297.98,3298.78,3294.62,3296.44,5863
2025-05-27T13:30:00.000Z,3296.45,3304.84,3294.62,3300.83,8640
2025-05-27T13:45:00.000Z,3300.88,3302.82,3292.29,3295.3,7920
2025-05-27T14:00:00.000Z,3295.18,3298.41,3285.35,3297.95,9340
2025-05-27T14:15:00.000Z,3297.86,3298.65,3295.29,3296.21,6913
2025-05-27T14:30:00.000Z,3296.13,3300.45,3295.55,3298.55,7261
2025-05-27T14:45:00.000Z,3298.58,3303.22,3297.85,3299.85,6526
2025-05-27T15:00:00.000Z,3299.87,3303.02,3297.63,3297.95,5727
2025-05-27T15:15:00.000Z,3297.96,3298.23,3294.45,3296.19,6118
2025-05-27T15:30:00.000Z,3296.16,3296.23,3289.66,3291.57,4821
2025-05-27T15:45:00.000Z,3291.51,3295.4,3291.12,3293.52,4378
2025-05-27T16:00:00.000Z,3293.65,3296.28,3293.04,3295.48,3569
2025-05-27T16:15:00.000Z,3295.46,3298.7,3295.34,3297.73,3769
2025-05-27T16:30:00.000Z,3297.75,3298.06,3295.72,3296.14,3711
2025-05-27T16:45:00.000Z,3296.16,3297.72,3294.83,3297.71,3125
2025-05-27T17:00:00.000Z,3297.72,3299.25,3296.69,3299.25,2888
2025-05-27T17:15:00.000Z,3299.26,3302.96,3299.21,3301.85,3695
2025-05-27T17:30:00.000Z,3301.84,3303.51,3300.28,3303.49,3218
2025-05-27T17:45:00.000Z,3303.5,3304.29,3301.16,3301.3,2841
2025-05-27T18:00:00.000Z,3301.29,3303.39,3301.19,3302.27,2345
2025-05-27T18:15:00.000Z,3302.19,3302.3,3299.04,3301.11,2752
2025-05-27T18:30:00.000Z,3301.13,3303.18,3301.08,3301.3,2386
2025-05-27T18:45:00.000Z,3301.25,3303.93,3301.17,3303.11,2284
2025-05-27T19:00:00.000Z,3302.97,3305.14,3302.97,3304.34,2127
2025-05-27T19:15:00.000Z,3304.34,3305.28,3304.01,3304.81,1690
2025-05-27T19:30:00.000Z,3304.83,3307.97,3304.76,3307.06,1952
2025-05-27T19:45:00.000Z,3307.13,3307.72,3304.03,3304.32,3117
2025-05-27T20:00:00.000Z,3304.4,3304.95,3302.81,3303.57,1307
2025-05-27T20:15:00.000Z,3303.53,3305.07,3303.3,3303.84,786
2025-05-27T20:30:00.000Z,3303.81,3304.85,3303.6,3303.61,1091
2025-05-27T20:45:00.000Z,3303.61,3303.88,3299.46,3300.43,1213
2025-05-27T22:00:00.000Z,3300.95,3305.25,3299.82,3303.39,1914
2025-05-27T22:15:00.000Z,3303.64,3305.64,3302.37,3304.59,1269
2025-05-27T22:30:00.000Z,3304.58,3305.44,3303.63,3304.41,1010
2025-05-27T22:45:00.000Z,3304.32,3305.49,3302.61,3303.28,2101
2025-05-27T23:00:00.000Z,3303.48,3307.62,3297.21,3306.92,2814
2025-05-27T23:15:00.000Z,3306.89,3310.01,3306.63,3308.48,2347
2025-05-27T23:30:00.000Z,3308.47,3310.57,3307.85,3310.29,1697
2025-05-27T23:45:00.000Z,3310.29,3310.84,3308.56,3309.31,1792
2025-05-28T00:00:00.000Z,3309.43,3311.63,3309.24,3311.18,2099
2025-05-28T00:15:00.000Z,3311.11,3312.5,3310.38,3312.05,1727
2025-05-28T00:30:00.000Z,3311.98,3315.75,3311.95,3314.42,2527
2025-05-28T00:45:00.000Z,3314.31,3314.76,3308.2,3308.56,3234
2025-05-28T01:00:00.000Z,3308.47,3310.7,3303.07,3306.16,5210
2025-05-28T01:15:00.000Z,3306.18,3308.04,3305.27,3307.11,3235
2025-05-28T01:30:00.000Z,3307.13,3309.17,3300.48,3301.49,4430
2025-05-28T01:45:00.000Z,3301.44,3304.18,3298.5,3301.7,3886
2025-05-28T02:00:00.000Z,3301.66,3313.46,3300.27,3306.48,5495
2025-05-28T02:15:00.000Z,3306.33,3310.42,3305.62,3309.83,4034
2025-05-28T02:30:00.000Z,3309.76,3311.9,3305.09,3305.64,4481
2025-05-28T02:45:00.000Z,3305.62,3306.24,3301.75,3302.45,4251
2025-05-28T03:00:00.000Z,3302.38,3304.08,3301.21,3301.68,3440
2025-05-28T03:15:00.000Z,3301.68,3303.2,3291.52,3293.86,6458
2025-05-28T03:30:00.000Z,3293.84,3298.65,3292.39,3297.91,4076
2025-05-28T03:45:00.000Z,3298.02,3300.53,3296.14,3297.7,2931
2025-05-28T04:00:00.000Z,3297.72,3298.8,3295.9,3297.09,2647
2025-05-28T04:15:00.000Z,3297.05,3297.36,3294.32,3294.94,2670
2025-05-28T04:30:00.000Z,3294.99,3299.04,3294.55,3296.43,2401
2025-05-28T04:45:00.000Z,3296.45,3297.89,3295.42,3296.34,1785
2025-05-28T05:00:00.000Z,3296.28,3303.09,3295.94,3303.04,3251
2025-05-28T05:15:00.000Z,3303.02,3310.28,3303.02,3308.69,5212
2025-05-28T05:30:00.000Z,3308.68,3309.43,3305.13,3309.23,3484
2025-05-28T05:45:00.000Z,3309.24,3309.24,3305.32,3307.25,3104
2025-05-28T06:00:00.000Z,3307.26,3307.96,3298.55,3300.14,4600
2025-05-28T06:15:00.000Z,3299.61,3305.66,3298.89,3304.16,4293
2025-05-28T06:30:00.000Z,3304.28,3306.67,3303.33,3306.61,3339
2025-05-28T06:45:00.000Z,3306.6,3308.67,3305.94,3308.23,3305
2025-05-28T07:00:00.000Z,3308.22,3313.39,3307.2,3313.03,5340
2025-05-28T07:15:00.000Z,3313.02,3313.18,3310.43,3310.65,4017
2025-05-28T07:30:00.000Z,3310.66,3317.54,3308.79,3317.45,6657
2025-05-28T07:45:00.000Z,3317.47,3322.45,3317.41,3319.13,5825
2025-05-28T08:00:00.000Z,3319.24,3323.66,3317.41,3323.66,4844
2025-05-28T08:15:00.000Z,3323.65,3323.77,3316.47,3318.43,4721
2025-05-28T08:30:00.000Z,3318.47,3318.87,3315.88,3317.52,3723
2025-05-28T08:45:00.000Z,3317.34,3323.59,3315.17,3321.65,5907
2025-05-28T09:00:00.000Z,3321.67,3323.43,3320.93,3321.78,3083
2025-05-28T09:15:00.000Z,3321.74,3323.57,3320.15,3323.47,2709
2025-05-28T09:30:00.000Z,3323.3,3323.47,3321.05,3322.6,3140
2025-05-28T09:45:00.000Z,3322.63,3325.46,3322.58,3324.14,3060
2025-05-28T10:00:00.000Z,3324.17,3324.61,3319.48,3319.5,3080
2025-05-28T10:15:00.000Z,3319.5,3321,3318.17,3319.45,3132
2025-05-28T10:30:00.000Z,3319.46,3319.49,3315.01,3315.87,4283
2025-05-28T10:45:00.000Z,3315.88,3316.11,3311.71,3313.29,4063
2025-05-28T11:00:00.000Z,3313.35,3313.71,3309.66,3309.76,3768
2025-05-28T11:15:00.000Z,3309.76,3313.55,3309.52,3313.21,3874
2025-05-28T11:30:00.000Z,3313.24,3315.07,3310.12,3311.35,3995
2025-05-28T11:45:00.000Z,3311.39,3311.85,3307.37,3311.05,4607
2025-05-28T12:00:00.000Z,3311.11,3313.53,3305.36,3309.21,5618
2025-05-28T12:15:00.000Z,3309.34,3312.27,3306.76,3310.96,5599
2025-05-28T12:30:00.000Z,3311,3314.45,3310.78,3311.32,4973
2025-05-28T12:45:00.000Z,3311.32,3313.3,3310.44,3312.2,4803
2025-05-28T13:00:00.000Z,3312.25,3316.36,3306.76,3306.97,7315
2025-05-28T13:15:00.000Z,3306.96,3310.7,3304.66,3305.61,5960
2025-05-28T13:30:00.000Z,3305.57,3309.45,3297.48,3301.41,10026
2025-05-28T13:45:00.000Z,3301.46,3307.66,3301.05,3305.2,8209
2025-05-28T14:00:00.000Z,3305.11,3309.03,3300.77,3303.98,7454
2025-05-28T14:15:00.000Z,3304.04,3308.37,3302.6,3307.97,5575
2025-05-28T14:30:00.000Z,3307.86,3308.4,3301.45,3304.14,6780
2025-05-28T14:45:00.000Z,3304.16,3304.58,3300.51,3302.63,6797
2025-05-28T15:00:00.000Z,3302.65,3302.76,3295.07,3299.01,6800
2025-05-28T15:15:00.000Z,3299.04,3300.83,3294.76,3295.01,6182
2025-05-28T15:30:00.000Z,3295.13,3297.85,3292.53,3295.41,5542
2025-05-28T15:45:00.000Z,3295.46,3296.63,3293.92,3296.02,4530
2025-05-28T16:00:00.000Z,3296.03,3297.72,3294.44,3297.22,3974
2025-05-28T16:15:00.000Z,3297.14,3299.1,3296.82,3297.37,3135
2025-05-28T16:30:00.000Z,3297.34,3297.43,3290.72,3291.77,4477
2025-05-28T16:45:00.000Z,3291.75,3293.51,3288.54,3293.43,4670
2025-05-28T17:00:00.000Z,3293.42,3295.99,3291.32,3295.99,3736
2025-05-28T17:15:00.000Z,3295.99,3299.03,3295.93,3296.74,4601
2025-05-28T17:30:00.000Z,3296.8,3298.29,3295.2,3297.38,3368
2025-05-28T17:45:00.000Z,3297.37,3297.74,3294.57,3296.45,2558
2025-05-28T18:00:00.000Z,3296.52,3300.69,3296.41,3299.42,4221
2025-05-28T18:15:00.000Z,3299.44,3302.81,3298.34,3301.5,3981
2025-05-28T18:30:00.000Z,3301.52,3302.29,3300.58,3300.75,3307
2025-05-28T18:45:00.000Z,3300.89,3302.75,3299.39,3301.92,3997
2025-05-28T19:00:00.000Z,3301.93,3302.88,3295.44,3295.67,4444
2025-05-28T19:15:00.000Z,3295.68,3298.52,3294.06,3294.06,3441
2025-05-28T19:30:00.000Z,3294.05,3297.88,3293.83,3294.73,3869
2025-05-28T19:45:00.000Z,3294.88,3298.19,3294.38,3296.97,3268
2025-05-28T20:00:00.000Z,3296.9,3297.33,3292.85,3294.07,2201
2025-05-28T20:15:00.000Z,3294.23,3296.71,3294.23,3296.71,1732
2025-05-28T20:30:00.000Z,3296.93,3297.14,3293.57,3293.73,1260
2025-05-28T20:45:00.000Z,3293.69,3293.95,3276,3286.7,3429
2025-05-28T22:00:00.000Z,3287.09,3294.74,3285.29,3290.42,2356
2025-05-28T22:15:00.000Z,3290.54,3291.39,3281.99,3285.6,2137
2025-05-28T22:30:00.000Z,3285.61,3287.51,3282.89,3285.92,2283
2025-05-28T22:45:00.000Z,3285.69,3288.33,3284.68,3286.61,2132
2025-05-28T23:00:00.000Z,3286.72,3287.68,3266.03,3270.3,5171
2025-05-28T23:15:00.000Z,3270.27,3271.53,3261.16,3266.07,6464
2025-05-28T23:30:00.000Z,3266.04,3268.12,3250.22,3252.51,7547
2025-05-28T23:45:00.000Z,3252.67,3263.13,3251.74,3259.57,7637
2025-05-29T00:00:00.000Z,3259.49,3264.82,3256.42,3260.65,7183
2025-05-29T00:15:00.000Z,3260.63,3262.68,3253.87,3261.44,6395
2025-05-29T00:30:00.000Z,3261.45,3267.78,3258.43,3266.71,5782
2025-05-29T00:45:00.000Z,3266.65,3269.06,3261.36,3264.92,7007
2025-05-29T01:00:00.000Z,3264.95,3265.77,3249.49,3252.59,8690
2025-05-29T01:15:00.000Z,3252.82,3257.18,3245.45,3256.33,6757
2025-05-29T01:30:00.000Z,3256.29,3258.09,3248.18,3252.01,6188
2025-05-29T01:45:00.000Z,3252,3264.25,3252,3263.56,6425
2025-05-29T02:00:00.000Z,3263.62,3266.17,3261.03,3264.22,5550
2025-05-29T02:15:00.000Z,3264.2,3266.03,3261.41,3265.27,4362
2025-05-29T02:30:00.000Z,3265.28,3269.97,3262.38,3269.38,4412
2025-05-29T02:45:00.000Z,3269.37,3275.3,3269.37,3270.06,5856
2025-05-29T03:00:00.000Z,3270,3273.65,3268.04,3270.2,4617
2025-05-29T03:15:00.000Z,3270.27,3277.2,3269.66,3274.26,4741
2025-05-29T03:30:00.000Z,3274.17,3278.1,3274.03,3277.98,3446
2025-05-29T03:45:00.000Z,3277.95,3280.06,3273.26,3274.55,3855
2025-05-29T04:00:00.000Z,3274.52,3275.36,3272.33,3273.84,3295
2025-05-29T04:15:00.000Z,3273.77,3274.95,3272.75,3274.91,2803
2025-05-29T04:30:00.000Z,3275.01,3275.32,3271.88,3273.39,2776
2025-05-29T04:45:00.000Z,3273.35,3274.23,3269.04,3269.09,3668
2025-05-29T05:00:00.000Z,3269.13,3271.9,3268.41,3271.03,2820
2025-05-29T05:15:00.000Z,3271,3272.14,3269.16,3271.81,3049
2025-05-29T05:30:00.000Z,3271.77,3271.85,3266.01,3268.13,4765
2025-05-29T05:45:00.000Z,3268.31,3272.62,3266.33,3272.47,4301
2025-05-29T06:00:00.000Z,3272.52,3276.37,3268.04,3268.93,5729
2025-05-29T06:15:00.000Z,3268.86,3274.59,3268.37,3273.86,4571
2025-05-29T06:30:00.000Z,3273.8,3274.28,3270.96,3271.33,3734
2025-05-29T06:45:00.000Z,3271.34,3273.3,3270.5,3271.73,4440
2025-05-29T07:00:00.000Z,3271.79,3278.34,3271.74,3278.33,4227
2025-05-29T07:15:00.000Z,3278.32,3283.34,3278.03,3281.13,5446
2025-05-29T07:30:00.000Z,3281.12,3281.71,3276.61,3279.69,3633
2025-05-29T07:45:00.000Z,3279.7,3287.38,3279.15,3286.53,4746
2025-05-29T08:00:00.000Z,3286.41,3289.28,3283.55,3284.11,4725
2025-05-29T08:15:00.000Z,3284.08,3284.76,3281.47,3283.35,3966
2025-05-29T08:30:00.000Z,3283.3,3284.19,3278.23,3280.42,3718
2025-05-29T08:45:00.000Z,3280.43,3282.16,3279.6,3281.69,3021
2025-05-29T09:00:00.000Z,3281.62,3282.21,3278.83,3279.37,2774
2025-05-29T09:15:00.000Z,3279.37,3280.19,3276.21,3278.55,3506
2025-05-29T09:30:00.000Z,3278.44,3283.22,3278.09,3281.81,3109
2025-05-29T09:45:00.000Z,3281.75,3282.14,3279.71,3282.05,3358
2025-05-29T10:00:00.000Z,3282.06,3289.06,3281.87,3288.73,4580
2025-05-29T10:15:00.000Z,3288.74,3299.53,3288.64,3298.33,6071
2025-05-29T10:30:00.000Z,3298.36,3299.4,3296.51,3297.08,4281
2025-05-29T10:45:00.000Z,3297.1,3300.73,3295.48,3296.71,4252
2025-05-29T11:00:00.000Z,3296.54,3299.83,3296.06,3296.75,4333
2025-05-29T11:15:00.000Z,3296.71,3302.37,3295.38,3302.19,3888
2025-05-29T11:30:00.000Z,3302.18,3304.67,3298.93,3301.37,5064
2025-05-29T11:45:00.000Z,3301.36,3305.4,3299.3,3299.75,4408
2025-05-29T12:00:00.000Z,3299.89,3304.75,3298.63,3304.39,6686
2025-05-29T12:15:00.000Z,3304.42,3311.42,3304.38,3309.55,7384
2025-05-29T12:30:00.000Z,3309.59,3314.9,3309.59,3313.64,7475
2025-05-29T12:45:00.000Z,3313.66,3317.5,3309.86,3316.45,7365
2025-05-29T13:00:00.000Z,3316.42,3318.47,3310.39,3311,8658
2025-05-29T13:15:00.000Z,3310.99,3319.05,3310.26,3319,6976
2025-05-29T13:30:00.000Z,3318.84,3321.86,3312.18,3312.68,9911
2025-05-29T13:45:00.000Z,3312.54,3320.27,3311.7,3312.59,8687
2025-05-29T14:00:00.000Z,3312.77,3319.37,3309.89,3317.44,7698
2025-05-29T14:15:00.000Z,3317.5,3317.95,3310.04,3310.85,7026
2025-05-29T14:30:00.000Z,3310.89,3312.44,3304.75,3307.96,7146
2025-05-29T14:45:00.000Z,3307.97,3313.87,3307.76,3310.27,6089
2025-05-29T15:00:00.000Z,3310.32,3317.56,3309.75,3316.2,5488
2025-05-29T15:15:00.000Z,3316.21,3317.52,3314.68,3316.27,4114
2025-05-29T15:30:00.000Z,3316.26,3318.09,3314.84,3316.98,3599
2025-05-29T15:45:00.000Z,3317.02,3321.94,3316.74,3321.63,5023
2025-05-29T16:00:00.000Z,3321.61,3329.52,3319.75,3329.51,6590
2025-05-29T16:15:00.000Z,3329.5,3331.12,3324.7,3326,4759
2025-05-29T16:30:00.000Z,3326.01,3327.24,3324.66,3326.11,3520
2025-05-29T16:45:00.000Z,3326.05,3326.85,3321.57,3322.23,4144
2025-05-29T17:00:00.000Z,3322.17,3323.37,3320,3321.88,4433
2025-05-29T17:15:00.000Z,3321.9,3322.29,3318.72,3318.93,3682
2025-05-29T17:30:00.000Z,3318.92,3323.04,3318.13,3322.97,3805
2025-05-29T17:45:00.000Z,3322.95,3324.38,3321.5,3324.18,3233
2025-05-29T18:00:00.000Z,3324.17,3325.75,3319.81,3321.46,3691
2025-05-29T18:15:00.000Z,3321.48,3321.79,3317.59,3319,3587
2025-05-29T18:30:00.000Z,3319.06,3321.16,3318.2,3321.11,3253
2025-05-29T18:45:00.000Z,3321.12,3321.55,3319.98,3321.28,2751
2025-05-29T19:00:00.000Z,3321.26,3321.48,3318.62,3319.46,2722
2025-05-29T19:15:00.000Z,3319.47,3319.6,3317.05,3319.12,2895
2025-05-29T19:30:00.000Z,3319.13,3319.23,3315.48,3316.26,3135
2025-05-29T19:45:00.000Z,3316.34,3317.45,3315.54,3316.6,3022
2025-05-29T20:00:00.000Z,3316.58,3317.32,3315.47,3316.17,1478
2025-05-29T20:15:00.000Z,3316.15,3317.67,3315.26,3317.67,1259
2025-05-29T20:30:00.000Z,3317.66,3317.96,3315.6,3316.47,891
2025-05-29T20:45:00.000Z,3316.42,3318.05,3315.93,3317.12,834
2025-05-29T22:00:00.000Z,3318.51,3320.86,3315.84,3316.5,1133
2025-05-29T22:15:00.000Z,3316.59,3317.85,3316.19,3317.52,1042
2025-05-29T22:30:00.000Z,3317.54,3317.86,3314.74,3316.59,1643
2025-05-29T22:45:00.000Z,3316.5,3317.9,3313.52,3314.28,2033
2025-05-29T23:00:00.000Z,3314.43,3315.87,3313.47,3314.55,1832
2025-05-29T23:15:00.000Z,3314.63,3317.3,3313.56,3315.61,1549
2025-05-29T23:30:00.000Z,3315.69,3316.33,3312.84,3314.21,1782
2025-05-29T23:45:00.000Z,3314.22,3315.92,3313.72,3315.47,1883
2025-05-30T00:00:00.000Z,3315.58,3318.8,3313.59,3314.26,3171
2025-05-30T00:15:00.000Z,3314.27,3314.7,3312.03,3313.35,2494
2025-05-30T00:30:00.000Z,3313.34,3313.66,3310.38,3313.2,2952
2025-05-30T00:45:00.000Z,3313.21,3314.11,3309.55,3312.46,3333
2025-05-30T01:00:00.000Z,3312.58,3318.35,3311.57,3316.19,5142
2025-05-30T01:15:00.000Z,3316.14,3322.62,3314.77,3316.53,4965
2025-05-30T01:30:00.000Z,3316.46,3317.32,3310.4,3312.39,5513
2025-05-30T01:45:00.000Z,3312.4,3312.4,3308.1,3309.81,4137
2025-05-30T02:00:00.000Z,3309.61,3312.12,3302.53,3305.47,4907
2025-05-30T02:15:00.000Z,3305.57,3306.06,3299.39,3301.79,4511
2025-05-30T02:30:00.000Z,3301.82,3303.79,3298.54,3300.22,4813
2025-05-30T02:45:00.000Z,3300.2,3300.32,3294.97,3297.19,4173
2025-05-30T03:00:00.000Z,3297.2,3302.28,3296.11,3300.12,3873
2025-05-30T03:15:00.000Z,3300.32,3300.73,3296.74,3296.74,3025
2025-05-30T03:30:00.000Z,3296.78,3299.37,3293.41,3293.73,3029
2025-05-30T03:45:00.000Z,3293.7,3296.3,3291.23,3294.44,3458
2025-05-30T04:00:00.000Z,3294.45,3295.14,3292.04,3293.87,2381
2025-05-30T04:15:00.000Z,3293.83,3295.42,3293.42,3294.63,2373
2025-05-30T04:30:00.000Z,3294.38,3294.79,3291.44,3292.32,2151
2025-05-30T04:45:00.000Z,3292.39,3296.37,3292.21,3296.2,1941
2025-05-30T05:00:00.000Z,3296.11,3296.19,3290.18,3292.31,3168
2025-05-30T05:15:00.000Z,3292.32,3298.69,3291.34,3296.9,3083
2025-05-30T05:30:00.000Z,3296.85,3300.22,3296.72,3299.18,3848
2025-05-30T05:45:00.000Z,3299.17,3304.98,3297.62,3303.79,3845
2025-05-30T06:00:00.000Z,3303.6,3304.19,3291.53,3294.18,5195
2025-05-30T06:15:00.000Z,3294.27,3297.05,3290.49,3291.16,4328
2025-05-30T06:30:00.000Z,3291.09,3298.48,3290.96,3295.89,3871
2025-05-30T06:45:00.000Z,3295.9,3302.19,3294.53,3301.8,4437
2025-05-30T07:00:00.000Z,3301.63,3301.64,3287.47,3292.04,6530
2025-05-30T07:15:00.000Z,3292.05,3297.41,3290.48,3295.97,4423
2025-05-30T07:30:00.000Z,3295.92,3297.01,3292.63,3293.89,3748
2025-05-30T07:45:00.000Z,3293.94,3297.31,3293.79,3294.98,4471
2025-05-30T08:00:00.000Z,3294.9,3299.18,3291.59,3295.6,5193
2025-05-30T08:15:00.000Z,3295.61,3299.06,3294.66,3297.82,3915
2025-05-30T08:30:00.000Z,3297.83,3298.99,3295.65,3296.84,3547
2025-05-30T08:45:00.000Z,3296.9,3297.53,3294.41,3295.74,3209
2025-05-30T09:00:00.000Z,3295.73,3298.51,3294.23,3297.86,3410
2025-05-30T09:15:00.000Z,3297.92,3299.19,3295.59,3296.16,3645
2025-05-30T09:30:00.000Z,3295.92,3298.06,3292.52,3297.86,3645
2025-05-30T09:45:00.000Z,3297.94,3298.27,3295.18,3295.56,2696
2025-05-30T10:00:00.000Z,3295.55,3300.41,3295.06,3299.74,2708
2025-05-30T10:15:00.000Z,3299.75,3300.59,3295.68,3296.44,3252
2025-05-30T10:30:00.000Z,3296.43,3296.69,3293.98,3294.34,2836
2025-05-30T10:45:00.000Z,3294.4,3296.14,3292.53,3295.23,3296
2025-05-30T11:00:00.000Z,3295.15,3297.24,3293.19,3293.52,3876
2025-05-30T11:15:00.000Z,3293.54,3295.02,3290.08,3293.38,3666
2025-05-30T11:30:00.000Z,3293.43,3293.92,3291.42,3291.95,2905
2025-05-30T11:45:00.000Z,3291.94,3294.8,3288.6,3293.97,4493
2025-05-30T12:00:00.000Z,3294.17,3306.76,3282.92,3302.85,8775
2025-05-30T12:15:00.000Z,3302.84,3305.45,3297.52,3302.09,9238
2025-05-30T12:30:00.000Z,3302.14,3306.09,3296.03,3304.52,7698
2025-05-30T12:45:00.000Z,3304.68,3305.57,3301.62,3303.96,5862
2025-05-30T13:00:00.000Z,3303.93,3308.15,3302.17,3302.73,6371
2025-05-30T13:15:00.000Z,3302.75,3302.85,3293.88,3294.64,7476
2025-05-30T13:30:00.000Z,3294.62,3299.31,3288.27,3289.66,8612
2025-05-30T13:45:00.000Z,3289.57,3291,3275.26,3276.69,9795
2025-05-30T14:00:00.000Z,3277.08,3286.61,3271.44,3282.15,9069
2025-05-30T14:15:00.000Z,3282.14,3287.27,3279.58,3283.5,7504
2025-05-30T14:30:00.000Z,3283.51,3285.15,3273.34,3278.7,8590
2025-05-30T14:45:00.000Z,3278.78,3282.92,3276.3,3282.7,8704
2025-05-30T15:00:00.000Z,3282.73,3287.66,3276,3283.78,9044
2025-05-30T15:15:00.000Z,3283.78,3288.77,3282.66,3286.94,6161
2025-05-30T15:30:00.000Z,3287.08,3292.67,3286.61,3290.7,5750
2025-05-30T15:45:00.000Z,3290.64,3291.92,3287.33,3288.6,5332
2025-05-30T16:00:00.000Z,3288.6,3290.92,3287.68,3289.08,4181
2025-05-30T16:15:00.000Z,3289.07,3292.26,3287.07,3289,4819
2025-05-30T16:30:00.000Z,3289.01,3290.06,3283.94,3287.75,6526
2025-05-30T16:45:00.000Z,3287.7,3295.7,3285.92,3293.29,5089
2025-05-30T17:00:00.000Z,3293.34,3294.56,3291.18,3294.37,4323
2025-05-30T17:15:00.000Z,3294.36,3294.69,3289.73,3291.62,4000
2025-05-30T17:30:00.000Z,3291.57,3294.16,3290.25,3293.92,2904
2025-05-30T17:45:00.000Z,3293.9,3294.21,3290.9,3290.96,2715
2025-05-30T18:00:00.000Z,3291.2,3294.77,3291.2,3293.99,2708
2025-05-30T18:15:00.000Z,3294,3294.9,3292,3294.45,2933
2025-05-30T18:30:00.000Z,3294.62,3294.97,3293.49,3294.37,2136
2025-05-30T18:45:00.000Z,3294.4,3294.89,3293.71,3293.82,1883
2025-05-30T19:00:00.000Z,3293.79,3295,3292.9,3294.25,2047
2025-05-30T19:15:00.000Z,3294.26,3294.28,3292.48,3293.18,1680
2025-05-30T19:30:00.000Z,3293.24,3294.56,3292.66,3293.7,1924
2025-05-30T19:45:00.000Z,3293.76,3294.95,3291.57,3294.86,3084
2025-05-30T20:00:00.000Z,3294.98,3295.77,3292.73,3293.02,1836
2025-05-30T20:15:00.000Z,3293.01,3293.33,3290.31,3290.34,1316
2025-05-30T20:30:00.000Z,3290.29,3291.91,3289.67,3291.76,809
2025-05-30T20:45:00.000Z,3291.65,3292.02,3290.01,3290.77,619
