timestamp,open,high,low,close,volume
2025-06-01T22:00:00.000Z,3297.24,3309.41,3295.84,3307.26,4385
2025-06-01T22:15:00.000Z,3307.22,3308.54,3299.79,3303.9,2820
2025-06-01T22:30:00.000Z,3303.87,3305.81,3302.44,3305.73,2035
2025-06-01T22:45:00.000Z,3305.64,3315.05,3305.61,3313.08,2827
2025-06-01T23:00:00.000Z,3313.09,3316.56,3312.42,3313.69,2499
2025-06-01T23:15:00.000Z,3313.67,3313.99,3311.24,3312.06,1535
2025-06-01T23:30:00.000Z,3312.05,3313.11,3310.24,3311.27,1477
2025-06-01T23:45:00.000Z,3311.26,3312.24,3309.14,3310.13,2245
2025-06-02T00:00:00.000Z,3310.07,3314.72,3309.72,3313.12,3353
2025-06-02T00:15:00.000Z,3313.14,3314.88,3311.32,3312.87,3065
2025-06-02T00:30:00.000Z,3312.84,3313.51,3303.24,3307.33,4266
2025-06-02T00:45:00.000Z,3307.34,3311.52,3307.17,3311.24,3867
2025-06-02T01:00:00.000Z,3311.25,3313.62,3310.47,3312.24,3595
2025-06-02T01:15:00.000Z,3312.2,3313.28,3308.12,3309.28,3958
2025-06-02T01:30:00.000Z,3309.31,3310.84,3303.82,3306.36,4539
2025-06-02T01:45:00.000Z,3306.34,3307.05,3301.37,3303.64,4035
2025-06-02T02:00:00.000Z,3303.63,3308.83,3303.42,3308.34,3575
2025-06-02T02:15:00.000Z,3308.38,3311.42,3306.33,3306.81,3192
2025-06-02T02:30:00.000Z,3306.74,3309.59,3306.66,3307.12,2286
2025-06-02T02:45:00.000Z,3307.11,3308.49,3305.08,3307.27,2545
2025-06-02T03:00:00.000Z,3307.23,3307.58,3304.3,3305.22,2452
2025-06-02T03:15:00.000Z,3305.23,3308.31,3304.93,3305.52,2268
2025-06-02T03:30:00.000Z,3305.53,3305.94,3303.26,3305.29,2672
2025-06-02T03:45:00.000Z,3305.28,3308.8,3305.01,3308.55,2506
2025-06-02T04:00:00.000Z,3308.64,3312.23,3308.64,3311.45,3084
2025-06-02T04:15:00.000Z,3311.52,3313.9,3311.17,3313.56,2472
2025-06-02T04:30:00.000Z,3313.55,3315.65,3312.83,3314.67,2492
2025-06-02T04:45:00.000Z,3314.69,3318.09,3313.56,3313.81,2919
2025-06-02T05:00:00.000Z,3313.85,3319.56,3313.77,3318.65,3014
2025-06-02T05:15:00.000Z,3318.66,3319.79,3316.4,3318.09,2800
2025-06-02T05:30:00.000Z,3318.03,3323.12,3316.45,3322.47,3097
2025-06-02T05:45:00.000Z,3322.49,3325.62,3322.44,3323.68,3443
2025-06-02T06:00:00.000Z,3323.71,3329.28,3323.71,3327.94,4779
2025-06-02T06:15:00.000Z,3327.95,3337.91,3327.66,3337.55,5989
2025-06-02T06:30:00.000Z,3337.54,3345.03,3335.9,3345.03,5909
2025-06-02T06:45:00.000Z,3345.01,3345.34,3339.92,3344.41,5174
2025-06-02T07:00:00.000Z,3344.42,3352.61,3343.1,3351.3,6459
2025-06-02T07:15:00.000Z,3351.25,3358.81,3351.15,3353.39,7557
2025-06-02T07:30:00.000Z,3353.28,3358.97,3353.28,3354.43,5158
2025-06-02T07:45:00.000Z,3354.45,3356.81,3350.75,3352.56,5647
2025-06-02T08:00:00.000Z,3352.58,3356.37,3350.63,3353.61,4192
2025-06-02T08:15:00.000Z,3353.29,3355.05,3350.55,3353.03,3582
2025-06-02T08:30:00.000Z,3353.04,3354.61,3350.08,3353.65,3717
2025-06-02T08:45:00.000Z,3353.68,3355.63,3352.01,3352.02,3089
2025-06-02T09:00:00.000Z,3352.09,3352.42,3347.2,3348.51,4163
2025-06-02T09:15:00.000Z,3348.45,3351.07,3346.23,3346.97,3603
2025-06-02T09:30:00.000Z,3347.01,3347.59,3344.47,3346.73,4632
2025-06-02T09:45:00.000Z,3346.76,3348.47,3345.99,3348.32,3722
2025-06-02T10:00:00.000Z,3348.37,3349.46,3345.49,3346.39,3441
2025-06-02T10:15:00.000Z,3346.54,3350.64,3346.54,3349.3,3360
2025-06-02T10:30:00.000Z,3349.29,3350.49,3344.95,3345.18,4367
2025-06-02T10:45:00.000Z,3345.17,3351.32,3344.56,3348.59,4722
2025-06-02T11:00:00.000Z,3348.51,3349.95,3346.04,3349.25,4581
2025-06-02T11:15:00.000Z,3349.33,3353.96,3348.98,3353.34,3666
2025-06-02T11:30:00.000Z,3353.39,3360.04,3353.39,3356.68,5055
2025-06-02T11:45:00.000Z,3356.66,3358.56,3353.18,3356.25,4312
2025-06-02T12:00:00.000Z,3356.18,3359.82,3354,3357.76,4915
2025-06-02T12:15:00.000Z,3357.77,3363.48,3357.01,3360.79,5528
2025-06-02T12:30:00.000Z,3360.81,3363.55,3360.32,3361.68,5631
2025-06-02T12:45:00.000Z,3361.69,3362.06,3354.66,3355.43,5933
2025-06-02T13:00:00.000Z,3355.7,3357.61,3352.81,3356.44,6422
2025-06-02T13:15:00.000Z,3356.72,3357.73,3351.94,3355.71,5323
2025-06-02T13:30:00.000Z,3355.78,3366.77,3350.38,3366.64,9194
2025-06-02T13:45:00.000Z,3366.57,3376.15,3364.9,3370.91,9262
2025-06-02T14:00:00.000Z,3374.37,3376.42,3367.64,3374.36,9918
2025-06-02T14:15:00.000Z,3374.3,3378.04,3371.98,3373.09,7858
2025-06-02T14:30:00.000Z,3373.27,3377.97,3372.04,3377.96,7869
2025-06-02T14:45:00.000Z,3377.92,3378.73,3375.33,3376.09,6208
2025-06-02T15:00:00.000Z,3376.05,3378.72,3373.38,3374.75,6226
2025-06-02T15:15:00.000Z,3374.91,3378.25,3369.76,3373.34,5824
2025-06-02T15:30:00.000Z,3373.32,3375.06,3371.01,3374.78,5021
2025-06-02T15:45:00.000Z,3374.81,3375.94,3372.43,3374.3,4227
2025-06-02T16:00:00.000Z,3374.26,3379.25,3371.03,3372.65,5555
2025-06-02T16:15:00.000Z,3372.59,3373.46,3370.33,3373.1,4774
2025-06-02T16:30:00.000Z,3373.18,3375,3369.93,3370.53,4578
2025-06-02T16:45:00.000Z,3370.52,3372.81,3369.3,3371.74,4067
2025-06-02T17:00:00.000Z,3371.73,3375.6,3371.48,3374.87,3685
2025-06-02T17:15:00.000Z,3374.83,3375.32,3371.28,3372.25,4307
2025-06-02T17:30:00.000Z,3372.24,3375.04,3372.14,3374.74,3570
2025-06-02T17:45:00.000Z,3374.82,3375.96,3373.2,3374.36,3592
2025-06-02T18:00:00.000Z,3374.39,3374.49,3371.23,3373.45,3586
2025-06-02T18:15:00.000Z,3373.43,3373.52,3370.77,3372.02,3277
2025-06-02T18:30:00.000Z,3371.94,3377.68,3371.41,3377.21,3486
2025-06-02T18:45:00.000Z,3377.11,3380.01,3376.89,3379.24,3327
2025-06-02T19:00:00.000Z,3379.18,3380.39,3377.88,3379.49,2867
2025-06-02T19:15:00.000Z,3379.57,3380.13,3378.77,3378.86,2236
2025-06-02T19:30:00.000Z,3378.85,3380.73,3378.46,3380.43,2759
2025-06-02T19:45:00.000Z,3380.38,3382.27,3380.03,3381.47,3776
2025-06-02T20:00:00.000Z,3381.53,3381.84,3378.36,3380.18,2590
2025-06-02T20:15:00.000Z,3380.17,3381.89,3379.75,3379.98,1076
2025-06-02T20:30:00.000Z,3379.94,3380.8,3378.94,3380.49,1490
2025-06-02T20:45:00.000Z,3380.42,3382.7,3380.13,3381.32,1341
2025-06-02T22:00:00.000Z,3384.57,3386.96,3382.09,3386.35,2526
2025-06-02T22:15:00.000Z,3386.34,3391.33,3385.47,3389.78,2830
2025-06-02T22:30:00.000Z,3389.7,3390.81,3388.2,3389.1,2081
2025-06-02T22:45:00.000Z,3389.08,3389.89,3388.85,3389.87,1045
2025-06-02T23:00:00.000Z,3389.97,3390.44,3388.09,3388.78,1318
2025-06-02T23:15:00.000Z,3388.78,3392.07,3384.92,3385.5,1814
2025-06-02T23:30:00.000Z,3385.49,3388.17,3383.08,3386.55,2479
2025-06-02T23:45:00.000Z,3386.64,3387.39,3384.69,3387.35,1911
2025-06-03T00:00:00.000Z,3387.33,3388.58,3380.48,3382.05,3731
2025-06-03T00:15:00.000Z,3382.09,3382.1,3375.54,3379.69,3609
2025-06-03T00:30:00.000Z,3379.71,3381.42,3373.76,3377.02,3886
2025-06-03T00:45:00.000Z,3376.98,3378.87,3375.11,3375.8,3890
2025-06-03T01:00:00.000Z,3375.83,3375.92,3367.53,3367.64,8489
2025-06-03T01:15:00.000Z,3367.69,3368.66,3363.24,3368.35,6370
2025-06-03T01:30:00.000Z,3368.26,3373.57,3366.25,3373,5953
2025-06-03T01:45:00.000Z,3372.06,3375.59,3370.2,3372.51,5203
2025-06-03T02:00:00.000Z,3372.46,3375.26,3371.63,3374.44,4951
2025-06-03T02:15:00.000Z,3374.55,3377.95,3371.68,3372.34,4054
2025-06-03T02:30:00.000Z,3372.55,3372.62,3364.38,3367.76,5500
2025-06-03T02:45:00.000Z,3367.75,3375.14,3367.1,3368.78,4525
2025-06-03T03:00:00.000Z,3368.73,3369.61,3364.46,3368.61,4196
2025-06-03T03:15:00.000Z,3368.68,3368.94,3364.92,3364.92,3165
2025-06-03T03:30:00.000Z,3364.88,3367.24,3359.72,3361.28,3800
2025-06-03T03:45:00.000Z,3361.31,3363.22,3360.56,3361.07,3101
2025-06-03T04:00:00.000Z,3361.1,3364.97,3361.1,3363.44,2873
2025-06-03T04:15:00.000Z,3363.43,3365.1,3360.93,3362.77,2570
2025-06-03T04:30:00.000Z,3362.76,3362.99,3359.15,3362.54,3196
2025-06-03T04:45:00.000Z,3362.54,3363.7,3361.18,3362.58,2344
2025-06-03T05:00:00.000Z,3362.72,3363.35,3360.89,3362.16,2491
2025-06-03T05:15:00.000Z,3362.15,3364.09,3358.93,3359.08,3311
2025-06-03T05:30:00.000Z,3359.03,3362.22,3356.3,3360.83,4284
2025-06-03T05:45:00.000Z,3360.85,3367.67,3360.16,3365.07,4717
2025-06-03T06:00:00.000Z,3364.99,3367.33,3359.15,3361.92,5228
2025-06-03T06:15:00.000Z,3362.06,3366.02,3361.65,3364.18,4339
2025-06-03T06:30:00.000Z,3364.19,3364.88,3351.94,3355.51,5295
2025-06-03T06:45:00.000Z,3355.46,3359.58,3351,3358.85,6052
2025-06-03T07:00:00.000Z,3358.83,3361.21,3352.5,3354.6,6005
2025-06-03T07:15:00.000Z,3354.15,3360.38,3353.42,3357.08,5789
2025-06-03T07:30:00.000Z,3357.09,3358.84,3354.19,3358.81,4449
2025-06-03T07:45:00.000Z,3358.8,3359.68,3357.72,3359.62,4161
2025-06-03T08:00:00.000Z,3359.65,3364.79,3359.65,3363.53,4826
2025-06-03T08:15:00.000Z,3363.54,3364.41,3361.71,3361.71,4159
2025-06-03T08:30:00.000Z,3361.78,3364.21,3360.41,3360.41,3464
2025-06-03T08:45:00.000Z,3360.42,3362.6,3359.87,3361.28,2948
2025-06-03T09:00:00.000Z,3361.22,3362.74,3358.36,3359.26,3737
2025-06-03T09:15:00.000Z,3359.25,3360.78,3357.68,3359.03,3236
2025-06-03T09:30:00.000Z,3358.96,3360.55,3354.94,3359.96,3957
2025-06-03T09:45:00.000Z,3359.97,3360.51,3355.55,3356.82,2922
2025-06-03T10:00:00.000Z,3356.84,3358.13,3355.22,3357.4,3170
2025-06-03T10:15:00.000Z,3357.39,3357.99,3355.16,3357.75,2656
2025-06-03T10:30:00.000Z,3357.74,3358.61,3356.93,3357.34,3368
2025-06-03T10:45:00.000Z,3357.36,3357.36,3354.91,3355.44,3144
2025-06-03T11:00:00.000Z,3355.45,3357.3,3353.34,3357.06,3744
2025-06-03T11:15:00.000Z,3357.07,3358.49,3355.93,3356.85,3139
2025-06-03T11:30:00.000Z,3356.86,3359.72,3356.47,3357.94,2756
2025-06-03T11:45:00.000Z,3357.74,3360.41,3357.67,3359.2,2423
2025-06-03T12:00:00.000Z,3359.26,3359.87,3350.2,3353.2,5401
2025-06-03T12:15:00.000Z,3353.34,3355.58,3348.92,3354.57,5929
2025-06-03T12:30:00.000Z,3354.56,3362.98,3352.93,3361.49,6108
2025-06-03T12:45:00.000Z,3361.37,3363.03,3357.67,3359.36,5381
2025-06-03T13:00:00.000Z,3359.39,3363.04,3357.1,3360.07,6376
2025-06-03T13:15:00.000Z,3360.08,3362.03,3357.96,3359.5,4163
2025-06-03T13:30:00.000Z,3359.56,3359.56,3348.9,3352.01,9505
2025-06-03T13:45:00.000Z,3352.03,3352.03,3340.91,3344.75,8597
2025-06-03T14:00:00.000Z,3344.9,3345.27,3333.01,3338.97,10055
2025-06-03T14:15:00.000Z,3338.94,3346.57,3337.18,3346.31,7229
2025-06-03T14:30:00.000Z,3346.32,3350.13,3345.16,3349.78,6040
2025-06-03T14:45:00.000Z,3349.8,3349.82,3345.02,3346.42,5148
2025-06-03T15:00:00.000Z,3346.4,3349.21,3344.06,3349.21,5315
2025-06-03T15:15:00.000Z,3349.17,3350.29,3346.17,3349.72,4431
2025-06-03T15:30:00.000Z,3349.67,3351.48,3348.25,3350.37,4741
2025-06-03T15:45:00.000Z,3350.35,3350.95,3346.7,3350.23,4820
2025-06-03T16:00:00.000Z,3350.22,3353.44,3348.14,3350.55,4236
2025-06-03T16:15:00.000Z,3350.54,3350.55,3348.25,3349.13,3562
2025-06-03T16:30:00.000Z,3349.1,3349.27,3346.23,3347.18,3544
2025-06-03T16:45:00.000Z,3347.16,3348.44,3344.55,3348.43,3180
2025-06-03T17:00:00.000Z,3348.41,3351.5,3347.27,3350.9,3054
2025-06-03T17:15:00.000Z,3350.91,3353.51,3350.01,3353.39,3535
2025-06-03T17:30:00.000Z,3353.33,3354.52,3352.57,3353.4,2550
2025-06-03T17:45:00.000Z,3353.43,3353.56,3352.25,3353.12,1991
2025-06-03T18:00:00.000Z,3353.11,3353.78,3350.76,3350.9,2259
2025-06-03T18:15:00.000Z,3350.83,3352.92,3350.42,3352.4,1750
2025-06-03T18:30:00.000Z,3352.45,3352.5,3351.11,3351.72,1581
2025-06-03T18:45:00.000Z,3351.71,3353.57,3351.41,3353.54,1599
2025-06-03T19:00:00.000Z,3353.53,3355.41,3353.53,3354.41,1758
2025-06-03T19:15:00.000Z,3354.44,3354.57,3353.06,3353.07,1498
2025-06-03T19:30:00.000Z,3353.09,3355.37,3352.63,3354.89,1723
2025-06-03T19:45:00.000Z,3354.91,3355,3351.22,3352.52,2634
2025-06-03T20:00:00.000Z,3352.66,3353.96,3352.51,3353.32,1243
2025-06-03T20:15:00.000Z,3353.48,3354.27,3352.86,3353.91,798
2025-06-03T20:30:00.000Z,3353.91,3355.27,3353.01,3353.27,734
2025-06-03T20:45:00.000Z,3353.27,3354.06,3352.82,3352.95,710
2025-06-03T22:00:00.000Z,3354.1,3356.96,3353.92,3356.23,1128
2025-06-03T22:15:00.000Z,3356.19,3357.94,3356.17,3357.58,1065
2025-06-03T22:30:00.000Z,3357.53,3358.41,3357.26,3358.13,958
2025-06-03T22:45:00.000Z,3358.17,3358.44,3357.13,3357.15,602
2025-06-03T23:00:00.000Z,3357.18,3360.41,3356.96,3360.22,1082
2025-06-03T23:15:00.000Z,3360.27,3361.5,3357.63,3358.52,1359
2025-06-03T23:30:00.000Z,3358.49,3359.36,3355.1,3359.27,1579
2025-06-03T23:45:00.000Z,3359.29,3360.21,3358.36,3359.87,1745
2025-06-04T00:00:00.000Z,3359.97,3360.09,3351.59,3353.85,4083
2025-06-04T00:15:00.000Z,3353.89,3359.03,3353.81,3357.34,3416
2025-06-04T00:30:00.000Z,3357.42,3357.74,3351.1,3353.39,3306
2025-06-04T00:45:00.000Z,3353.34,3355.09,3349.7,3350.13,4489
2025-06-04T01:00:00.000Z,3350.09,3358.11,3346.34,3358.01,5836
2025-06-04T01:15:00.000Z,3357.95,3364.1,3356.92,3363.64,4856
2025-06-04T01:30:00.000Z,3363.68,3369.6,3362.62,3367.03,5581
2025-06-04T01:45:00.000Z,3367.09,3372.27,3366.5,3370.8,5354
2025-06-04T02:00:00.000Z,3370.82,3372.53,3369.66,3372.15,3798
2025-06-04T02:15:00.000Z,3372.19,3372.3,3368.38,3368.82,2553
2025-06-04T02:30:00.000Z,3368.9,3368.9,3362.79,3366.13,3950
2025-06-04T02:45:00.000Z,3365.88,3367.98,3364.31,3365.48,3227
2025-06-04T03:00:00.000Z,3365.46,3366.7,3363.98,3364.16,2402
2025-06-04T03:15:00.000Z,3364.16,3367.44,3363.19,3365.62,2375
2025-06-04T03:30:00.000Z,3365.9,3365.9,3360.2,3360.25,3041
2025-06-04T03:45:00.000Z,3360.32,3361.41,3358.24,3359.07,2573
2025-06-04T04:00:00.000Z,3359.11,3360.81,3356.87,3358.89,2997
2025-06-04T04:15:00.000Z,3358.84,3361.39,3357.26,3359.99,3048
2025-06-04T04:30:00.000Z,3360,3360.57,3354.44,3354.98,2470
2025-06-04T04:45:00.000Z,3354.41,3355.7,3352.3,3354.7,3017
2025-06-04T05:00:00.000Z,3354.71,3356.4,3351.42,3354.67,2857
2025-06-04T05:15:00.000Z,3354.65,3354.65,3349.59,3351.51,2739
2025-06-04T05:30:00.000Z,3351.39,3354.27,3347.89,3352.98,4824
2025-06-04T05:45:00.000Z,3352.96,3354.09,3348.78,3350.98,4325
2025-06-04T06:00:00.000Z,3351.01,3354.04,3349.01,3352.53,4796
2025-06-04T06:15:00.000Z,3352.54,3355.55,3350.7,3355.55,5528
2025-06-04T06:30:00.000Z,3355.51,3358.34,3354.8,3356.16,4594
2025-06-04T06:45:00.000Z,3356.15,3358.44,3354.39,3355.59,3972
2025-06-04T07:00:00.000Z,3355.66,3362.84,3355.66,3359.83,4833
2025-06-04T07:15:00.000Z,3359.84,3361.68,3358.54,3361.38,4164
2025-06-04T07:30:00.000Z,3361.39,3365.14,3359.83,3360.52,3851
2025-06-04T07:45:00.000Z,3360.51,3361.49,3353.63,3354.57,3996
2025-06-04T08:00:00.000Z,3354.5,3357.27,3351.7,3355.74,5029
2025-06-04T08:15:00.000Z,3355.71,3356.81,3353.79,3355.05,2872
2025-06-04T08:30:00.000Z,3355.06,3360.29,3355.05,3360.08,3654
2025-06-04T08:45:00.000Z,3360.09,3364.17,3360.09,3362.75,4614
2025-06-04T09:00:00.000Z,3362.82,3364.25,3360.82,3361.28,3858
2025-06-04T09:15:00.000Z,3361.27,3364.93,3361.04,3364.35,3227
2025-06-04T09:30:00.000Z,3364.38,3364.57,3360.17,3361.72,3413
2025-06-04T09:45:00.000Z,3361.68,3364.56,3359.38,3362.92,3069
2025-06-04T10:00:00.000Z,3362.78,3363.92,3358.57,3359.74,3807
2025-06-04T10:15:00.000Z,3359.73,3360.49,3357.55,3358.3,2789
2025-06-04T10:30:00.000Z,3358.21,3358.83,3354.1,3354.45,3602
2025-06-04T10:45:00.000Z,3354.47,3354.5,3347.22,3350.89,5956
2025-06-04T11:00:00.000Z,3350.76,3351.94,3349.11,3350.36,3578
2025-06-04T11:15:00.000Z,3350.37,3351.47,3343.78,3346.62,5160
2025-06-04T11:30:00.000Z,3346.61,3349.54,3344.23,3349.52,4487
2025-06-04T11:45:00.000Z,3349.57,3350.51,3345.1,3346.54,3941
2025-06-04T12:00:00.000Z,3346.57,3349.83,3345.73,3348.15,4583
2025-06-04T12:15:00.000Z,3348.19,3355.58,3344.36,3349.63,8548
2025-06-04T12:30:00.000Z,3349.64,3356.42,3349.13,3355.92,8276
2025-06-04T12:45:00.000Z,3355.84,3360.75,3354.95,3358.89,6859
2025-06-04T13:00:00.000Z,3358.9,3362.73,3356.6,3358.55,6821
2025-06-04T13:15:00.000Z,3358.58,3360.26,3355.02,3358.09,6293
2025-06-04T13:30:00.000Z,3358.05,3359.38,3351.29,3352.96,7731
2025-06-04T13:45:00.000Z,3352.9,3355.32,3350.88,3352.74,5858
2025-06-04T14:00:00.000Z,3353.56,3367.42,3350.99,3366.8,9380
2025-06-04T14:15:00.000Z,3366.77,3369.55,3364.01,3369.48,7141
2025-06-04T14:30:00.000Z,3369.45,3384.62,3368.85,3382.72,8218
2025-06-04T14:45:00.000Z,3382.57,3383.52,3375.53,3377.45,7182
2025-06-04T15:00:00.000Z,3377.42,3378.93,3371.82,3372.63,5988
2025-06-04T15:15:00.000Z,3372.64,3374.75,3370.42,3374.26,6609
2025-06-04T15:30:00.000Z,3374.28,3374.84,3369.72,3373.42,4836
2025-06-04T15:45:00.000Z,3373.39,3374.49,3370.73,3371.71,4074
2025-06-04T16:00:00.000Z,3371.74,3375.01,3370.86,3370.95,3967
2025-06-04T16:15:00.000Z,3370.94,3373.75,3370.81,3372.8,3216
2025-06-04T16:30:00.000Z,3372.93,3375.34,3372.8,3373.02,2603
2025-06-04T16:45:00.000Z,3372.93,3376.3,3372.39,3375.06,3411
2025-06-04T17:00:00.000Z,3374.88,3375.2,3372.99,3374.7,2380
2025-06-04T17:15:00.000Z,3374.71,3376.47,3373.65,3375.12,3039
2025-06-04T17:30:00.000Z,3375.25,3380.12,3375.2,3378.95,3121
2025-06-04T17:45:00.000Z,3378.96,3380.76,3378.83,3379.15,2277
2025-06-04T18:00:00.000Z,3379.17,3382.09,3378.01,3381.27,2530
2025-06-04T18:15:00.000Z,3381.28,3381.5,3379.61,3380.11,2165
2025-06-04T18:30:00.000Z,3380.29,3380.8,3375.78,3377.18,2381
2025-06-04T18:45:00.000Z,3377.17,3377.22,3374.96,3376.1,2387
2025-06-04T19:00:00.000Z,3376.14,3376.24,3373.31,3374.24,2083
2025-06-04T19:15:00.000Z,3374.25,3375.72,3371.98,3373.2,2377
2025-06-04T19:30:00.000Z,3373.2,3374.11,3371.83,3371.94,1869
2025-06-04T19:45:00.000Z,3372.03,3373.75,3372.03,3373.55,2913
2025-06-04T20:00:00.000Z,3373.49,3374.41,3370.58,3372.69,1332
2025-06-04T20:15:00.000Z,3372.74,3374.01,3371.24,3373.9,1109
2025-06-04T20:30:00.000Z,3373.86,3375.18,3373.53,3373.61,1365
2025-06-04T20:45:00.000Z,3373.63,3374.13,3371.53,3372.11,1183
2025-06-04T22:00:00.000Z,3372.02,3374.54,3372.02,3373.68,1077
2025-06-04T22:15:00.000Z,3373.6,3375.15,3372.76,3375.13,915
2025-06-04T22:30:00.000Z,3375.21,3375.85,3372.39,3373.57,1089
2025-06-04T22:45:00.000Z,3373.51,3374.36,3373.24,3373.53,907
2025-06-04T23:00:00.000Z,3373.57,3373.84,3372.41,3373.27,962
2025-06-04T23:15:00.000Z,3373.28,3379.02,3373.28,3378.64,1803
2025-06-04T23:30:00.000Z,3378.65,3378.94,3374.22,3375.4,1311
2025-06-04T23:45:00.000Z,3375.41,3378.66,3375.1,3378.07,1643
2025-06-05T00:00:00.000Z,3378,3378.82,3374.41,3378.22,3044
2025-06-05T00:15:00.000Z,3378.27,3381.64,3377.26,3381.03,2731
2025-06-05T00:30:00.000Z,3380.94,3381.42,3373.28,3375.63,4149
2025-06-05T00:45:00.000Z,3375.6,3380.27,3372.36,3380.19,4080
2025-06-05T01:00:00.000Z,3380.16,3384.06,3379.07,3379.82,4536
2025-06-05T01:15:00.000Z,3379.69,3379.89,3374.69,3377.65,4719
2025-06-05T01:30:00.000Z,3377.74,3377.74,3372.02,3373.77,4526
2025-06-05T01:45:00.000Z,3373.7,3375.83,3370.6,3373.7,4690
2025-06-05T02:00:00.000Z,3373.59,3375.03,3369.48,3370.46,3478
2025-06-05T02:15:00.000Z,3370.44,3371.65,3368.31,3371.64,2968
2025-06-05T02:30:00.000Z,3371.87,3373.24,3368.18,3370.76,3614
2025-06-05T02:45:00.000Z,3370.86,3371.66,3369.42,3370.79,2470
2025-06-05T03:00:00.000Z,3370.75,3372.43,3369.77,3371.02,2301
2025-06-05T03:15:00.000Z,3371.01,3373.88,3371.01,3373.8,2562
2025-06-05T03:30:00.000Z,3373.9,3377.28,3373.36,3374.65,2954
2025-06-05T03:45:00.000Z,3374.71,3375.29,3369.28,3369.68,2721
2025-06-05T04:00:00.000Z,3369.66,3372.47,3368.22,3369.65,2743
2025-06-05T04:15:00.000Z,3369.65,3370.18,3363.86,3367.32,3964
2025-06-05T04:30:00.000Z,3367.45,3368.72,3365.93,3367.76,2753
2025-06-05T04:45:00.000Z,3367.77,3368.99,3366.55,3368.33,2060
2025-06-05T05:00:00.000Z,3368.35,3369.69,3366.61,3368.3,2427
2025-06-05T05:15:00.000Z,3368.26,3369.16,3364.71,3365.82,2580
2025-06-05T05:30:00.000Z,3365.72,3367.1,3361.58,3365.88,4116
2025-06-05T05:45:00.000Z,3365.91,3366.34,3361.12,3364.24,3302
2025-06-05T06:00:00.000Z,3364.28,3368.01,3363.8,3368.01,4053
2025-06-05T06:15:00.000Z,3368.04,3368.87,3366.16,3368.69,4172
2025-06-05T06:30:00.000Z,3368.64,3369.95,3364.57,3365,4581
2025-06-05T06:45:00.000Z,3364.96,3367.47,3364.46,3365.99,3069
2025-06-05T07:00:00.000Z,3365.73,3372.66,3365.29,3371.09,4398
2025-06-05T07:15:00.000Z,3371.12,3374.42,3370.95,3372.4,4053
2025-06-05T07:30:00.000Z,3372.44,3373.85,3370.83,3371.3,3081
2025-06-05T07:45:00.000Z,3371.31,3371.49,3369.23,3371.19,3139
2025-06-05T08:00:00.000Z,3371.29,3373.33,3369.73,3370.84,3905
2025-06-05T08:15:00.000Z,3370.85,3373.63,3370.68,3373.03,2750
2025-06-05T08:30:00.000Z,3373.02,3375.74,3371.9,3375.26,2700
2025-06-05T08:45:00.000Z,3375.25,3376.87,3374.45,3375.18,3321
2025-06-05T09:00:00.000Z,3375.18,3378.79,3374.02,3378.75,5400
2025-06-05T09:15:00.000Z,3378.67,3388.06,3377.6,3387.83,7250
2025-06-05T09:30:00.000Z,3387.78,3389.89,3381.98,3385.28,7081
2025-06-05T09:45:00.000Z,3385.26,3391.28,3384.68,3389.57,5790
2025-06-05T10:00:00.000Z,3389.49,3393.83,3388.25,3391.27,5609
2025-06-05T10:15:00.000Z,3391.21,3395.9,3390.37,3395.58,4238
2025-06-05T10:30:00.000Z,3395.57,3398.56,3393.43,3398.23,5473
2025-06-05T10:45:00.000Z,3398.34,3400.41,3395.8,3399.92,5708
2025-06-05T11:00:00.000Z,3399.94,3402.92,3398.44,3402.81,5842
2025-06-05T11:15:00.000Z,3402.87,3403.45,3394.79,3395.29,6276
2025-06-05T11:30:00.000Z,3395.35,3397.28,3392.5,3394.84,5810
2025-06-05T11:45:00.000Z,3394.85,3396.12,3391.69,3392.29,4339
2025-06-05T12:00:00.000Z,3392.66,3396.02,3391.95,3395.85,4664
2025-06-05T12:15:00.000Z,3395.87,3396.98,3389.47,3394.92,6420
2025-06-05T12:30:00.000Z,3394.88,3400.14,3390.42,3394,8371
2025-06-05T12:45:00.000Z,3393.97,3395.52,3377.62,3383.03,9947
2025-06-05T13:00:00.000Z,3383.04,3384.25,3371.15,3381.74,10842
2025-06-05T13:15:00.000Z,3381.76,3385.21,3377.52,3378.84,8818
2025-06-05T13:30:00.000Z,3378.85,3388.52,3377.96,3384.94,9889
2025-06-05T13:45:00.000Z,3384.91,3385.34,3375.82,3378.14,9684
2025-06-05T14:00:00.000Z,3378.23,3378.99,3367.62,3374.93,9360
2025-06-05T14:15:00.000Z,3374.95,3380.91,3373.91,3375.51,8078
2025-06-05T14:30:00.000Z,3375.53,3383.23,3369.47,3374.21,9667
2025-06-05T14:45:00.000Z,3373.93,3375.04,3363.85,3367.64,10223
2025-06-05T15:00:00.000Z,3367.61,3373.13,3365.72,3367.55,8943
2025-06-05T15:15:00.000Z,3367.62,3367.62,3360.8,3361.95,9293
2025-06-05T15:30:00.000Z,3362.17,3363,3348.25,3350.62,8982
2025-06-05T15:45:00.000Z,3350.67,3350.76,3339.5,3344.74,9008
2025-06-05T16:00:00.000Z,3344.48,3350.26,3339.83,3350.26,8203
2025-06-05T16:15:00.000Z,3350.28,3351.67,3347.14,3347.91,6607
2025-06-05T16:30:00.000Z,3347.98,3350.88,3347.35,3350.19,4803
2025-06-05T16:45:00.000Z,3350.15,3356.38,3350.14,3354,6138
2025-06-05T17:00:00.000Z,3354.35,3354.72,3348.88,3349.96,4741
2025-06-05T17:15:00.000Z,3349.97,3354.32,3349.72,3352.42,5194
2025-06-05T17:30:00.000Z,3352.43,3353.37,3350.51,3352.42,3371
2025-06-05T17:45:00.000Z,3352.36,3354.17,3350.04,3353.89,3549
2025-06-05T18:00:00.000Z,3353.91,3354.21,3350.95,3351.8,3587
2025-06-05T18:15:00.000Z,3351.82,3355.59,3350.44,3355.29,3372
2025-06-05T18:30:00.000Z,3355.33,3355.78,3353.78,3353.95,3418
2025-06-05T18:45:00.000Z,3353.96,3355.88,3352.7,3353.51,3578
2025-06-05T19:00:00.000Z,3353.52,3357.15,3353.08,3355.98,3949
2025-06-05T19:15:00.000Z,3356.17,3361.29,3354.89,3357.72,5127
2025-06-05T19:30:00.000Z,3357.74,3358.03,3355.24,3357.01,3812
2025-06-05T19:45:00.000Z,3357.07,3358.84,3352.79,3356.85,5160
2025-06-05T20:00:00.000Z,3356.67,3357.64,3355.78,3356.72,2145
2025-06-05T20:15:00.000Z,3356.63,3356.97,3353.2,3353.74,2254
2025-06-05T20:30:00.000Z,3353.75,3355.47,3353.52,3353.9,1165
2025-06-05T20:45:00.000Z,3354.13,3354.23,3351.79,3352.33,1044
2025-06-05T22:00:00.000Z,3354.08,3356.32,3353.06,3355.86,1386
2025-06-05T22:15:00.000Z,3355.91,3363.47,3355.91,3360.64,3462
2025-06-05T22:30:00.000Z,3360.47,3361.38,3357.13,3358.6,2921
2025-06-05T22:45:00.000Z,3358.49,3361.54,3358.43,3359.01,2303
2025-06-05T23:00:00.000Z,3358.96,3360.96,3358.63,3359.63,1861
2025-06-05T23:15:00.000Z,3359.61,3360.45,3358.97,3359.27,1082
2025-06-05T23:30:00.000Z,3359.3,3359.63,3357.73,3358.51,1107
2025-06-05T23:45:00.000Z,3357.88,3362.53,3357.16,3361.79,2566
2025-06-06T00:00:00.000Z,3361.71,3364,3361.43,3363.69,2683
2025-06-06T00:15:00.000Z,3363.7,3363.95,3362.1,3362.86,1957
2025-06-06T00:30:00.000Z,3362.85,3363.93,3359.32,3361.42,3160
2025-06-06T00:45:00.000Z,3361.41,3361.71,3357.36,3359.35,3513
2025-06-06T01:00:00.000Z,3359.38,3362.53,3355.97,3361.88,4832
2025-06-06T01:15:00.000Z,3361.82,3368.41,3360.78,3368.41,4319
2025-06-06T01:30:00.000Z,3368.39,3368.49,3360.3,3361.67,5269
2025-06-06T01:45:00.000Z,3361.68,3364.78,3360.45,3363.8,3760
2025-06-06T02:00:00.000Z,3363.9,3365.23,3362.03,3364.59,3336
2025-06-06T02:15:00.000Z,3364.61,3365.21,3362.5,3363.83,2364
2025-06-06T02:30:00.000Z,3363.64,3364.89,3362.28,3363.93,3298
2025-06-06T02:45:00.000Z,3364.02,3366.4,3362.76,3363.92,3857
2025-06-06T03:00:00.000Z,3363.88,3363.96,3359.22,3361.32,3395
2025-06-06T03:15:00.000Z,3361.31,3367.23,3361.31,3366.69,3140
2025-06-06T03:30:00.000Z,3366.68,3370.58,3366.59,3370.13,2763
2025-06-06T03:45:00.000Z,3370.18,3371.73,3369.06,3369.69,2733
2025-06-06T04:00:00.000Z,3369.67,3372.07,3368.96,3370.53,2881
2025-06-06T04:15:00.000Z,3370.54,3373.37,3370.28,3372.11,2548
2025-06-06T04:30:00.000Z,3372.02,3373.38,3370.65,3372.03,2241
2025-06-06T04:45:00.000Z,3372.02,3374.5,3371.49,3373.57,2630
2025-06-06T05:00:00.000Z,3373.6,3375.51,3373.21,3373.86,2670
2025-06-06T05:15:00.000Z,3373.87,3373.87,3368.18,3369.12,3706
2025-06-06T05:30:00.000Z,3369.13,3369.48,3365.17,3366.11,4292
2025-06-06T05:45:00.000Z,3366.07,3366.99,3362.14,3366.02,5395
2025-06-06T06:00:00.000Z,3366,3366.85,3361.56,3362.91,5411
2025-06-06T06:15:00.000Z,3362.93,3366.9,3361.87,3364.78,5469
2025-06-06T06:30:00.000Z,3364.76,3365.17,3358.27,3358.27,6763
2025-06-06T06:45:00.000Z,3358.35,3361.29,3356.06,3360.74,6295
2025-06-06T07:00:00.000Z,3360.77,3362.21,3356.72,3361.37,5972
2025-06-06T07:15:00.000Z,3361.38,3362.32,3358.57,3360.47,4499
2025-06-06T07:30:00.000Z,3360.46,3360.61,3357.34,3358.94,3716
2025-06-06T07:45:00.000Z,3358.95,3359.72,3352.7,3359.42,5687
2025-06-06T08:00:00.000Z,3359.64,3362.16,3358.5,3358.58,4675
2025-06-06T08:15:00.000Z,3358.45,3364.83,3358.39,3363.85,3780
2025-06-06T08:30:00.000Z,3363.87,3367.66,3363.08,3367.13,3878
2025-06-06T08:45:00.000Z,3367.07,3367.7,3365.06,3365.35,3348
2025-06-06T09:00:00.000Z,3365.38,3365.38,3359.29,3360.62,3896
2025-06-06T09:15:00.000Z,3360.63,3360.73,3355.45,3355.68,3851
2025-06-06T09:30:00.000Z,3355.67,3359.33,3355.37,3357.25,3694
2025-06-06T09:45:00.000Z,3357.25,3357.52,3352.83,3356.72,4587
2025-06-06T10:00:00.000Z,3356.76,3360.26,3356.69,3357.9,3709
2025-06-06T10:15:00.000Z,3357.92,3358.73,3355.84,3356.65,3292
2025-06-06T10:30:00.000Z,3356.64,3358.65,3356.61,3357.59,2946
2025-06-06T10:45:00.000Z,3357.55,3360.78,3357.05,3360.58,3473
2025-06-06T11:00:00.000Z,3360.76,3364.21,3360.63,3361.71,3901
2025-06-06T11:15:00.000Z,3361.57,3362.66,3360.33,3360.84,3293
2025-06-06T11:30:00.000Z,3360.87,3364.21,3360.1,3362.68,3659
2025-06-06T11:45:00.000Z,3362.71,3362.89,3358.16,3358.36,4214
2025-06-06T12:00:00.000Z,3358.46,3360.37,3355.81,3356.58,5122
2025-06-06T12:15:00.000Z,3356.57,3359.47,3353.94,3358.18,4852
2025-06-06T12:30:00.000Z,3358.05,3364.23,3343.45,3353.14,11739
2025-06-06T12:45:00.000Z,3353.73,3359.5,3351.71,3353.28,9843
2025-06-06T13:00:00.000Z,3353.44,3358.5,3346.58,3355.95,9407
2025-06-06T13:15:00.000Z,3355.97,3360.9,3348.8,3353.86,9330
2025-06-06T13:30:00.000Z,3353.74,3355.36,3345.37,3346.9,10663
2025-06-06T13:45:00.000Z,3346.78,3352.14,3342.64,3343.19,10032
2025-06-06T14:00:00.000Z,3343.27,3345.08,3333.58,3333.75,10658
2025-06-06T14:15:00.000Z,3333.84,3335.66,3316.42,3324.1,11057
2025-06-06T14:30:00.000Z,3323.98,3334.22,3322.52,3333.71,8601
2025-06-06T14:45:00.000Z,3333.55,3333.55,3322.36,3326.07,8662
2025-06-06T15:00:00.000Z,3326.14,3329.69,3323.28,3324.03,7999
2025-06-06T15:15:00.000Z,3323.98,3331.78,3323.74,3330.81,7966
2025-06-06T15:30:00.000Z,3330.83,3336.72,3328.52,3333.75,6169
2025-06-06T15:45:00.000Z,3333.87,3334.9,3331.52,3332.15,4726
2025-06-06T16:00:00.000Z,3332.15,3332.63,3329.08,3329.26,4698
2025-06-06T16:15:00.000Z,3329.29,3331.91,3323.86,3323.96,5508
2025-06-06T16:30:00.000Z,3323.97,3325.59,3321.37,3324.86,5666
2025-06-06T16:45:00.000Z,3324.85,3325.75,3320.84,3322.72,4911
2025-06-06T17:00:00.000Z,3322.8,3326.7,3322.59,3325.56,4615
2025-06-06T17:15:00.000Z,3325.55,3326.33,3323.14,3323.98,3963
2025-06-06T17:30:00.000Z,3324.13,3324.24,3321.64,3322.16,3863
2025-06-06T17:45:00.000Z,3322.17,3324.34,3321.32,3323.54,2920
2025-06-06T18:00:00.000Z,3323.53,3323.9,3313.62,3315.2,4553
2025-06-06T18:15:00.000Z,3315.12,3317.38,3314.31,3315.8,3788
2025-06-06T18:30:00.000Z,3315.79,3320.18,3314.65,3319.55,3423
2025-06-06T18:45:00.000Z,3319.55,3319.75,3316.53,3317.47,2694
2025-06-06T19:00:00.000Z,3317.49,3318.88,3315.16,3316.13,2550
2025-06-06T19:15:00.000Z,3316.25,3317.71,3313.58,3314.93,2909
2025-06-06T19:30:00.000Z,3314.98,3315.97,3312.7,3315.75,2705
2025-06-06T19:45:00.000Z,3315.81,3315.97,3311.24,3312.32,3827
2025-06-06T20:00:00.000Z,3312.37,3312.73,3307.07,3307.38,2397
2025-06-06T20:15:00.000Z,3307.44,3311.85,3307.44,3311.17,1356
2025-06-06T20:30:00.000Z,3311.27,3312.47,3310.6,3311.01,1397
2025-06-06T20:45:00.000Z,3310.94,3311.98,3310.66,3311.97,804
2025-06-08T22:00:00.000Z,3311.97,3321.03,3311.48,3317.21,2580
2025-06-08T22:15:00.000Z,3317.25,3318.79,3316.67,3318.05,1287
2025-06-08T22:30:00.000Z,3318.04,3318.63,3310.93,3312.15,2209
2025-06-08T22:45:00.000Z,3312.21,3314.9,3309.16,3314.75,2790
2025-06-08T23:00:00.000Z,3314.71,3318.11,3314.57,3317.01,2145
2025-06-08T23:15:00.000Z,3317,3317.72,3314.57,3315.95,1376
2025-06-08T23:30:00.000Z,3315.86,3315.99,3313.33,3315.52,1632
2025-06-08T23:45:00.000Z,3315.55,3318.44,3314.52,3317.96,2205
2025-06-09T00:00:00.000Z,3317.97,3318.57,3310.88,3311.69,3559
2025-06-09T00:15:00.000Z,3311.67,3311.67,3304.59,3310,4551
2025-06-09T00:30:00.000Z,3310.07,3311.77,3301.64,3302.89,4907
2025-06-09T00:45:00.000Z,3302.88,3305.55,3298.26,3305.35,5185
2025-06-09T01:00:00.000Z,3305.59,3309.31,3301.18,3305.46,7054
2025-06-09T01:15:00.000Z,3305.46,3308.99,3303.81,3306.59,4287
2025-06-09T01:30:00.000Z,3306.65,3308.67,3302.86,3307.09,4487
2025-06-09T01:45:00.000Z,3307.1,3307.9,3294.94,3295.87,4998
2025-06-09T02:00:00.000Z,3296.07,3298.96,3293.46,3297.92,4924
2025-06-09T02:15:00.000Z,3297.97,3305.72,3296.88,3301.84,3623
2025-06-09T02:30:00.000Z,3302.03,3304.77,3300.2,3302.42,3348
2025-06-09T02:45:00.000Z,3302.65,3307.51,3302.65,3305.48,3534
2025-06-09T03:00:00.000Z,3305.47,3308.94,3305.44,3307.65,4422
2025-06-09T03:15:00.000Z,3307.65,3308.84,3304.18,3304.24,3762
2025-06-09T03:30:00.000Z,3304.25,3309.33,3304.17,3308.7,2471
2025-06-09T03:45:00.000Z,3308.71,3312.01,3308.68,3310.75,2728
2025-06-09T04:00:00.000Z,3310.9,3312.02,3309.14,3310.77,2774
2025-06-09T04:15:00.000Z,3310.49,3313.11,3310.39,3312.09,1720
2025-06-09T04:30:00.000Z,3312.04,3313.32,3310.13,3312.21,1925
2025-06-09T04:45:00.000Z,3312.1,3312.49,3310.52,3311.65,2089
2025-06-09T05:00:00.000Z,3311.69,3312.86,3309.51,3311.32,2627
2025-06-09T05:15:00.000Z,3311.34,3312.16,3309.75,3311.92,2314
2025-06-09T05:30:00.000Z,3311.76,3315.27,3310.23,3315.23,3551
2025-06-09T05:45:00.000Z,3315.31,3316.51,3314.08,3314.59,3561
2025-06-09T06:00:00.000Z,3314.78,3317.12,3312.46,3316.81,4536
2025-06-09T06:15:00.000Z,3316.78,3320.39,3316.06,3318.71,4553
2025-06-09T06:30:00.000Z,3318.7,3320.48,3317.52,3320.1,3675
2025-06-09T06:45:00.000Z,3320.06,3324.87,3319.49,3324.33,4686
2025-06-09T07:00:00.000Z,3324.28,3325.36,3321.54,3323.75,3824
2025-06-09T07:15:00.000Z,3323.74,3328.46,3322.78,3325.55,4205
2025-06-09T07:30:00.000Z,3325.56,3326.2,3321.62,3325.95,4792
2025-06-09T07:45:00.000Z,3325.96,3327.26,3323.89,3324.11,4385
2025-06-09T08:00:00.000Z,3324.23,3325.42,3322.7,3323.38,3952
2025-06-09T08:15:00.000Z,3323.47,3324.79,3321.74,3324.75,3683
2025-06-09T08:30:00.000Z,3324.76,3325.5,3322.54,3323.21,3879
2025-06-09T08:45:00.000Z,3323.23,3323.64,3319.73,3319.73,3268
2025-06-09T09:00:00.000Z,3319.87,3323.46,3319.47,3323.11,3536
2025-06-09T09:15:00.000Z,3322.97,3323.33,3316.81,3318.6,3906
2025-06-09T09:30:00.000Z,3318.56,3322.36,3318.01,3321.76,3378
2025-06-09T09:45:00.000Z,3321.75,3322.3,3318.62,3318.64,2911
2025-06-09T10:00:00.000Z,3318.65,3319.71,3316.73,3319.26,2579
2025-06-09T10:15:00.000Z,3319.25,3319.6,3315.73,3316.83,2671
2025-06-09T10:30:00.000Z,3316.85,3316.86,3312.52,3312.79,3115
2025-06-09T10:45:00.000Z,3312.87,3314.8,3312.12,3314.6,2955
2025-06-09T11:00:00.000Z,3314.59,3317.66,3314.18,3316.81,3403
2025-06-09T11:15:00.000Z,3316.82,3318.77,3315.43,3318.33,3288
2025-06-09T11:30:00.000Z,3318.34,3321.03,3316.98,3320.6,3571
2025-06-09T11:45:00.000Z,3320.82,3321.29,3313.64,3317.4,4107
2025-06-09T12:00:00.000Z,3317.4,3318.59,3313.5,3315.46,4875
2025-06-09T12:15:00.000Z,3315.49,3318.3,3313.01,3318.2,4750
2025-06-09T12:30:00.000Z,3318.19,3322.4,3317.81,3319.42,4659
2025-06-09T12:45:00.000Z,3319.43,3320.98,3315.5,3320.04,4836
2025-06-09T13:00:00.000Z,3319.95,3320.54,3314.41,3315.65,5891
2025-06-09T13:15:00.000Z,3315.67,3316.14,3310.7,3313.77,6082
2025-06-09T13:30:00.000Z,3313.96,3317.82,3310.84,3314.13,8929
2025-06-09T13:45:00.000Z,3314.14,3321.66,3313.98,3319.33,7591
2025-06-09T14:00:00.000Z,3319.27,3326.41,3317.45,3325.76,7371
2025-06-09T14:15:00.000Z,3325.76,3326.76,3320.29,3321.97,6607
2025-06-09T14:30:00.000Z,3321.96,3322.65,3316.11,3318.36,6678
2025-06-09T14:45:00.000Z,3318.37,3321.3,3317.96,3320.81,5274
2025-06-09T15:00:00.000Z,3320.82,3324.14,3320.34,3323.21,4672
2025-06-09T15:15:00.000Z,3323.32,3330.68,3323.31,3330.6,5033
2025-06-09T15:30:00.000Z,3330.58,3332.06,3328.2,3330.22,3966
2025-06-09T15:45:00.000Z,3330.35,3330.99,3328.62,3328.64,3302
2025-06-09T16:00:00.000Z,3328.62,3331,3327.52,3329.77,3942
2025-06-09T16:15:00.000Z,3329.78,3335.56,3329.77,3333.12,4351
2025-06-09T16:30:00.000Z,3333.03,3334.4,3331.8,3332.89,3501
2025-06-09T16:45:00.000Z,3332.91,3337.88,3332.85,3337.69,4243
2025-06-09T17:00:00.000Z,3337.77,3338.18,3333.9,3334.86,3436
2025-06-09T17:15:00.000Z,3334.87,3335.4,3332.95,3334.03,2992
2025-06-09T17:30:00.000Z,3334.04,3335.86,3332.86,3335.71,3095
2025-06-09T17:45:00.000Z,3335.67,3335.67,3333.37,3333.63,2830
2025-06-09T18:00:00.000Z,3333.62,3336.12,3333.22,3335.72,2783
2025-06-09T18:15:00.000Z,3335.73,3337,3334.77,3336.33,3039
2025-06-09T18:30:00.000Z,3336.34,3337.05,3333.64,3333.78,2752
2025-06-09T18:45:00.000Z,3333.77,3334.04,3332.67,3333.15,2358
2025-06-09T19:00:00.000Z,3333.14,3335.44,3332.99,3334.04,2152
2025-06-09T19:15:00.000Z,3334.05,3334.38,3331.23,3331.31,2569
2025-06-09T19:30:00.000Z,3331.35,3331.71,3327.94,3328.04,2975
2025-06-09T19:45:00.000Z,3328.13,3330.14,3325.85,3327.19,3815
2025-06-09T20:00:00.000Z,3327.07,3329.42,3326.46,3326.91,1711
2025-06-09T20:15:00.000Z,3326.87,3327.36,3325.35,3325.44,1210
2025-06-09T20:30:00.000Z,3325.56,3327.01,3324.92,3326.06,1305
2025-06-09T20:45:00.000Z,3326.1,3326.89,3324.66,3325.52,1178
2025-06-09T22:00:00.000Z,3325.75,3327.32,3321.91,3324.64,1188
2025-06-09T22:15:00.000Z,3324.57,3326.76,3324.41,3325.18,1258
2025-06-09T22:30:00.000Z,3325.13,3326.8,3321.92,3322.12,1979
2025-06-09T22:45:00.000Z,3322.09,3324.2,3321.51,3323.51,1954
2025-06-09T23:00:00.000Z,3323.65,3325.35,3323.59,3325.28,959
2025-06-09T23:15:00.000Z,3325.08,3326.57,3324.68,3326.17,867
2025-06-09T23:30:00.000Z,3326.03,3326.82,3325.07,3325.48,1082
2025-06-09T23:45:00.000Z,3325.56,3327.78,3324.74,3326.69,1817
2025-06-10T00:00:00.000Z,3326.68,3326.75,3319.86,3323.46,3455
2025-06-10T00:15:00.000Z,3323.43,3325.18,3319.17,3320.59,2946
2025-06-10T00:30:00.000Z,3320.6,3322.57,3315.8,3315.98,4618
2025-06-10T00:45:00.000Z,3315.96,3318.35,3314.53,3316.56,3865
2025-06-10T01:00:00.000Z,3316.72,3319.8,3311.96,3313.35,6640
2025-06-10T01:15:00.000Z,3313.33,3315.67,3308.88,3310.86,6013
2025-06-10T01:30:00.000Z,3310.92,3311.95,3305.8,3306.54,6141
2025-06-10T01:45:00.000Z,3306.27,3308.15,3302.84,3306.2,4858
2025-06-10T02:00:00.000Z,3306.17,3308.31,3302.99,3307.81,4495
2025-06-10T02:15:00.000Z,3307.87,3308.77,3302.99,3303.72,3775
2025-06-10T02:30:00.000Z,3303.61,3307.65,3301.82,3304.97,4170
2025-06-10T02:45:00.000Z,3305.13,3310.08,3304.51,3309.29,3864
2025-06-10T03:00:00.000Z,3309.27,3310.36,3305.4,3305.72,3436
2025-06-10T03:15:00.000Z,3305.7,3309.01,3305.07,3307.41,3070
2025-06-10T03:30:00.000Z,3307.41,3309.48,3306.92,3308.18,2600
2025-06-10T03:45:00.000Z,3308.11,3309.49,3306.94,3307.46,2175
2025-06-10T04:00:00.000Z,3307.53,3308.57,3306.04,3306.42,2307
2025-06-10T04:15:00.000Z,3306.4,3308.21,3302.87,3303.36,2228
2025-06-10T04:30:00.000Z,3303.39,3306.22,3302.75,3304.97,2530
2025-06-10T04:45:00.000Z,3304.97,3308.17,3304.35,3307.18,1785
2025-06-10T05:00:00.000Z,3307.12,3311.49,3306.72,3310.43,2688
2025-06-10T05:15:00.000Z,3310.4,3313.24,3309.52,3310.51,4109
2025-06-10T05:30:00.000Z,3310.49,3319.08,3309.5,3315.7,6664
2025-06-10T05:45:00.000Z,3315.67,3318.92,3313.65,3317.6,4577
2025-06-10T06:00:00.000Z,3317.97,3321.86,3315.52,3321.45,5412
2025-06-10T06:15:00.000Z,3321.44,3326.11,3320.85,3325.97,5840
2025-06-10T06:30:00.000Z,3325.92,3331.23,3325.44,3329.26,6121
2025-06-10T06:45:00.000Z,3329.35,3331.09,3325.41,3325.42,5095
2025-06-10T07:00:00.000Z,3325.37,3329.43,3325.36,3328.01,5391
2025-06-10T07:15:00.000Z,3328.02,3328.68,3324.04,3327.8,4583
2025-06-10T07:30:00.000Z,3327.78,3332.14,3327.45,3328.94,4870
2025-06-10T07:45:00.000Z,3328.82,3331.42,3327.92,3330.08,4385
2025-06-10T08:00:00.000Z,3330.08,3332.68,3326.88,3332.07,5016
2025-06-10T08:15:00.000Z,3332.06,3334.88,3328.69,3329.2,3698
2025-06-10T08:30:00.000Z,3329.13,3329.9,3327.07,3327.45,2966
2025-06-10T08:45:00.000Z,3327.49,3329.92,3326.16,3329.33,3317
2025-06-10T09:00:00.000Z,3329.25,3330.22,3327.51,3329.68,2934
2025-06-10T09:15:00.000Z,3329.69,3331.78,3328.81,3329.05,2601
2025-06-10T09:30:00.000Z,3329.08,3329.31,3327.58,3327.81,2545
2025-06-10T09:45:00.000Z,3327.88,3329.75,3327.12,3329.71,2900
2025-06-10T10:00:00.000Z,3329.72,3330.23,3328.46,3329.07,3510
2025-06-10T10:15:00.000Z,3329.09,3335.36,3328.4,3333.93,3310
2025-06-10T10:30:00.000Z,3333.76,3335.19,3332.82,3333.94,2762
2025-06-10T10:45:00.000Z,3333.93,3336.24,3332.88,3335.35,2599
2025-06-10T11:00:00.000Z,3335.34,3339.24,3333.71,3339.04,3693
2025-06-10T11:15:00.000Z,3339.02,3342.17,3338.98,3340.52,4180
2025-06-10T11:30:00.000Z,3340.47,3342.53,3336.07,3337.91,4117
2025-06-10T11:45:00.000Z,3337.92,3338.02,3332.27,3333.69,4088
2025-06-10T12:00:00.000Z,3333.7,3335.91,3329.13,3329.13,4598
2025-06-10T12:15:00.000Z,3329.02,3338.4,3328.18,3337.15,5799
2025-06-10T12:30:00.000Z,3337.17,3340.2,3335.48,3338.67,5014
2025-06-10T12:45:00.000Z,3338.53,3340.25,3337.02,3337.15,3851
2025-06-10T13:00:00.000Z,3337.14,3340.18,3335.49,3338.98,5890
2025-06-10T13:15:00.000Z,3339.14,3346.08,3338.33,3345.8,6117
2025-06-10T13:30:00.000Z,3345.75,3347.76,3342.5,3347.55,7221
2025-06-10T13:45:00.000Z,3347.49,3349.13,3343.57,3343.57,6999
2025-06-10T14:00:00.000Z,3343.61,3343.7,3333.65,3336.16,7951
2025-06-10T14:15:00.000Z,3336.32,3339.02,3331.22,3333.57,6792
2025-06-10T14:30:00.000Z,3333.13,3333.66,3329.03,3329.65,5468
2025-06-10T14:45:00.000Z,3329.58,3332.39,3325.41,3328.51,6554
2025-06-10T15:00:00.000Z,3328.33,3329.09,3324.5,3325.77,5825
2025-06-10T15:15:00.000Z,3325.86,3326.62,3323.52,3326.56,4650
2025-06-10T15:30:00.000Z,3326.64,3329.24,3323.18,3326.06,6223
2025-06-10T15:45:00.000Z,3326.03,3328.24,3324.42,3326.62,3743
2025-06-10T16:00:00.000Z,3326.65,3327.69,3321.08,3322.83,4470
2025-06-10T16:15:00.000Z,3322.83,3323.28,3320.64,3322.85,3657
2025-06-10T16:30:00.000Z,3323,3324.42,3321.32,3323.48,3824
2025-06-10T16:45:00.000Z,3323.43,3323.57,3320.06,3321.31,2845
2025-06-10T17:00:00.000Z,3321.38,3324.54,3320.49,3322.47,3285
2025-06-10T17:15:00.000Z,3322.45,3324,3320.4,3321.76,3529
2025-06-10T17:30:00.000Z,3321.75,3325.12,3321.75,3323.9,2649
2025-06-10T17:45:00.000Z,3323.9,3325.82,3323.01,3324.75,2555
2025-06-10T18:00:00.000Z,3324.72,3325.32,3322.16,3322.69,3393
2025-06-10T18:15:00.000Z,3322.69,3323.72,3321.18,3323.21,2853
2025-06-10T18:30:00.000Z,3323.28,3323.9,3321.13,3323.82,2162
2025-06-10T18:45:00.000Z,3323.81,3323.95,3319.39,3321.59,3433
2025-06-10T19:00:00.000Z,3321.6,3326.08,3321.42,3326.08,2591
2025-06-10T19:15:00.000Z,3326.09,3332.01,3326.08,3331.27,3054
2025-06-10T19:30:00.000Z,3331.3,3334.55,3331.12,3333.51,3138
2025-06-10T19:45:00.000Z,3333.57,3334.02,3327.84,3328.71,4034
2025-06-10T20:00:00.000Z,3328.73,3328.84,3326.01,3327.93,2271
2025-06-10T20:15:00.000Z,3327.97,3328.78,3324.31,3324.81,2263
2025-06-10T20:30:00.000Z,3324.82,3326.43,3322.69,3323.49,1668
2025-06-10T20:45:00.000Z,3323.39,3323.77,3322.19,3322.82,1279
2025-06-10T22:00:00.000Z,3322.87,3324.52,3320.75,3321.88,1275
2025-06-10T22:15:00.000Z,3321.87,3323.58,3320.7,3322,1376
2025-06-10T22:30:00.000Z,3321.97,3327.01,3321.12,3327.01,2254
2025-06-10T22:45:00.000Z,3326.91,3327.4,3323.75,3324.4,1627
2025-06-10T23:00:00.000Z,3324.47,3327.15,3323.33,3325.63,1856
2025-06-10T23:15:00.000Z,3325.79,3326.12,3315.43,3321.84,4060
2025-06-10T23:30:00.000Z,3321.8,3326.27,3319.48,3325.38,2351
2025-06-10T23:45:00.000Z,3325.47,3328.05,3324.34,3327.89,2710
2025-06-11T00:00:00.000Z,3327.84,3330.24,3325,3328.39,3468
2025-06-11T00:15:00.000Z,3328.38,3333.76,3328.27,3330.93,3386
2025-06-11T00:30:00.000Z,3330.92,3335.14,3330.34,3333.28,3623
2025-06-11T00:45:00.000Z,3333.3,3334.33,3331.21,3332.37,3375
2025-06-11T01:00:00.000Z,3332.28,3334.7,3330.35,3333.96,4276
2025-06-11T01:15:00.000Z,3333.95,3337.33,3333.02,3335.7,3704
2025-06-11T01:30:00.000Z,3335.73,3336.46,3333.14,3334.37,3256
2025-06-11T01:45:00.000Z,3334.31,3334.47,3327.56,3328.44,4044
2025-06-11T02:00:00.000Z,3328.49,3332.46,3327.07,3332.35,3394
2025-06-11T02:15:00.000Z,3332.38,3336.3,3332.16,3333.5,3312
2025-06-11T02:30:00.000Z,3333.49,3337.07,3332.4,3337.01,3261
2025-06-11T02:45:00.000Z,3336.98,3339.55,3335.9,3338.19,3029
2025-06-11T03:00:00.000Z,3338.25,3339.68,3336.38,3336.72,2756
2025-06-11T03:15:00.000Z,3336.76,3339.61,3336.58,3339.41,2537
2025-06-11T03:30:00.000Z,3339.36,3341.59,3339.15,3341.14,2476
2025-06-11T03:45:00.000Z,3341.12,3341.31,3338.54,3339.35,1462
2025-06-11T04:00:00.000Z,3339.34,3342.87,3336.85,3342.72,2524
2025-06-11T04:15:00.000Z,3342.72,3342.72,3339.39,3341.69,2948
2025-06-11T04:30:00.000Z,3341.65,3341.67,3339.41,3340.71,1689
2025-06-11T04:45:00.000Z,3340.73,3342.61,3340.59,3341.77,2009
2025-06-11T05:00:00.000Z,3341.78,3343.03,3340.34,3340.34,2412
2025-06-11T05:15:00.000Z,3340.33,3341.89,3338.86,3340.73,2637
2025-06-11T05:30:00.000Z,3340.74,3342.53,3336.93,3338.46,3731
2025-06-11T05:45:00.000Z,3338.43,3339.68,3335.42,3339.6,4090
2025-06-11T06:00:00.000Z,3339.66,3340.13,3337.09,3338.06,3526
2025-06-11T06:15:00.000Z,3338.07,3338.67,3332.45,3333.34,4153
2025-06-11T06:30:00.000Z,3333.42,3337.86,3333.22,3337.42,4287
2025-06-11T06:45:00.000Z,3337.5,3339.12,3336.17,3337.09,3773
2025-06-11T07:00:00.000Z,3337.22,3338.57,3335.17,3335.75,4034
2025-06-11T07:15:00.000Z,3336.08,3340.48,3336.08,3339.04,3272
2025-06-11T07:30:00.000Z,3339.05,3341.33,3336.09,3340.21,3826
2025-06-11T07:45:00.000Z,3340.24,3348.49,3339.71,3345.69,4622
2025-06-11T08:00:00.000Z,3345.36,3345.75,3343.87,3345.07,3599
2025-06-11T08:15:00.000Z,3345.08,3345.89,3343.35,3345.29,3448
2025-06-11T08:30:00.000Z,3345.38,3346.7,3342.48,3346.25,3101
2025-06-11T08:45:00.000Z,3346.3,3346.63,3344.32,3344.49,2388
2025-06-11T09:00:00.000Z,3344.3,3344.55,3333.96,3341.89,6384
2025-06-11T09:15:00.000Z,3341.88,3342.18,3337.77,3338.8,3941
2025-06-11T09:30:00.000Z,3338.76,3339.73,3336.26,3336.44,3742
2025-06-11T09:45:00.000Z,3336.49,3337.39,3331.36,3333.73,4633
2025-06-11T10:00:00.000Z,3333.89,3336.59,3332.65,3334.28,3598
2025-06-11T10:15:00.000Z,3334.24,3336.72,3331.32,3331.88,3037
2025-06-11T10:30:00.000Z,3331.88,3333.66,3330.55,3331.19,3173
2025-06-11T10:45:00.000Z,3331.2,3333.05,3328.5,3329.85,3275
2025-06-11T11:00:00.000Z,3329.8,3331.13,3326.13,3329.95,5101
2025-06-11T11:15:00.000Z,3329.9,3332.05,3329.64,3331.72,3590
2025-06-11T11:30:00.000Z,3331.73,3335.05,3329.99,3334.39,3255
2025-06-11T11:45:00.000Z,3334.42,3335.22,3331.6,3333.08,3553
2025-06-11T12:00:00.000Z,3333.17,3336.57,3327.19,3334.61,7417
2025-06-11T12:15:00.000Z,3334.63,3342.86,3333.62,3339.26,5824
2025-06-11T12:30:00.000Z,3339.32,3360.62,3339.32,3354.33,10291
2025-06-11T12:45:00.000Z,3354.31,3355.68,3332.48,3336.69,8960
2025-06-11T13:00:00.000Z,3336.73,3341.51,3331.67,3341.49,9523
2025-06-11T13:15:00.000Z,3341.67,3344.51,3337.25,3337.73,8047
2025-06-11T13:30:00.000Z,3337.53,3339.57,3332.84,3332.84,9280
2025-06-11T13:45:00.000Z,3332.8,3335.11,3327.97,3329.91,8171
2025-06-11T14:00:00.000Z,3329.38,3333.77,3328.52,3331.38,7883
2025-06-11T14:15:00.000Z,3331.31,3335.54,3331.19,3333.26,6411
2025-06-11T14:30:00.000Z,3333.2,3341.24,3332.42,3340.65,5743
2025-06-11T14:45:00.000Z,3340.66,3340.91,3337.1,3337.57,5573
2025-06-11T15:00:00.000Z,3337.78,3341.74,3336.6,3341.1,5431
2025-06-11T15:15:00.000Z,3341.11,3342.77,3338.5,3339.94,4868
2025-06-11T15:30:00.000Z,3339.93,3340.39,3335.24,3335.25,4115
2025-06-11T15:45:00.000Z,3335.34,3335.65,3329.53,3333.13,5565
2025-06-11T16:00:00.000Z,3333.16,3334.45,3329.53,3329.71,4198
2025-06-11T16:15:00.000Z,3329.68,3332.01,3329.1,3331.77,3877
2025-06-11T16:30:00.000Z,3331.76,3331.84,3328.13,3329.47,3648
2025-06-11T16:45:00.000Z,3329.46,3332.48,3328.97,3330.21,3651
2025-06-11T17:00:00.000Z,3330.26,3331.29,3324.56,3327.1,4958
2025-06-11T17:15:00.000Z,3326.98,3328.34,3321.33,3323.7,5135
2025-06-11T17:30:00.000Z,3323.75,3325.3,3319.34,3322.29,4585
2025-06-11T17:45:00.000Z,3322.26,3325.92,3321.72,3324.28,4344
2025-06-11T18:00:00.000Z,3324.4,3342.1,3323.81,3342,7608
2025-06-11T18:15:00.000Z,3342.01,3345.71,3339.52,3345.63,7106
2025-06-11T18:30:00.000Z,3345.62,3347.25,3338.51,3341.18,6088
2025-06-11T18:45:00.000Z,3341.6,3344.58,3340.81,3343.85,4507
2025-06-11T19:00:00.000Z,3343.86,3345.4,3342.34,3344.26,3356
2025-06-11T19:15:00.000Z,3344.42,3346.28,3343.15,3345.03,3313
2025-06-11T19:30:00.000Z,3345.05,3349.28,3344.67,3348.38,3618
2025-06-11T19:45:00.000Z,3348.38,3348.64,3346.32,3346.8,3996
2025-06-11T20:00:00.000Z,3347,3349.01,3346.63,3348.17,1892
2025-06-11T20:15:00.000Z,3348.09,3353.21,3347.06,3352.73,1969
2025-06-11T20:30:00.000Z,3352.86,3355.19,3351.23,3351.73,2058
2025-06-11T20:45:00.000Z,3351.83,3355.24,3351.46,3354.76,1498
2025-06-11T22:00:00.000Z,3356.2,3361.61,3356.2,3361.12,2681
2025-06-11T22:15:00.000Z,3361.05,3365.01,3359.52,3363.73,2536
2025-06-11T22:30:00.000Z,3363.68,3367.76,3362.75,3365.98,2306
2025-06-11T22:45:00.000Z,3366.02,3369.63,3364.42,3368.96,2540
2025-06-11T23:00:00.000Z,3368.91,3373.49,3366.44,3366.71,3560
2025-06-11T23:15:00.000Z,3366.61,3367.91,3363.25,3364.69,2880
2025-06-11T23:30:00.000Z,3364.72,3366.93,3363.41,3365.46,2206
2025-06-11T23:45:00.000Z,3365.51,3366.35,3357.61,3365.45,4181
2025-06-12T00:00:00.000Z,3365.57,3367.05,3362.18,3365.12,5750
2025-06-12T00:15:00.000Z,3365.11,3370.03,3362.14,3367.28,4319
2025-06-12T00:30:00.000Z,3367.18,3369.76,3363.42,3367.1,4461
2025-06-12T00:45:00.000Z,3367.03,3371.32,3365.55,3365.78,4884
2025-06-12T01:00:00.000Z,3365.79,3370.74,3362.5,3367.18,6586
2025-06-12T01:15:00.000Z,3367.26,3376.72,3366.96,3375.36,5360
2025-06-12T01:30:00.000Z,3375.35,3375.4,3368.28,3368.58,5140
2025-06-12T01:45:00.000Z,3368.6,3371.87,3368.06,3371,4655
2025-06-12T02:00:00.000Z,3370.95,3374.43,3368.87,3372.14,4917
2025-06-12T02:15:00.000Z,3372.13,3375.66,3371.34,3374.19,3942
2025-06-12T02:30:00.000Z,3374.17,3377.68,3373.45,3377.11,4600
2025-06-12T02:45:00.000Z,3377.04,3377.76,3373.46,3374.54,3702
2025-06-12T03:00:00.000Z,3374.52,3376.55,3373.36,3375.62,3590
2025-06-12T03:15:00.000Z,3375.7,3376.08,3373.04,3374.68,3411
2025-06-12T03:30:00.000Z,3374.65,3375.76,3373.3,3374.59,2753
2025-06-12T03:45:00.000Z,3374.61,3374.79,3371.64,3373.32,2772
2025-06-12T04:00:00.000Z,3373.42,3373.65,3369.42,3370.04,2368
2025-06-12T04:15:00.000Z,3370.05,3372.4,3369.73,3371.83,1716
2025-06-12T04:30:00.000Z,3371.82,3373.65,3371.41,3373.32,1452
2025-06-12T04:45:00.000Z,3373.24,3373.66,3370.42,3370.49,1996
2025-06-12T05:00:00.000Z,3370.28,3371.73,3367.7,3370.97,2276
2025-06-12T05:15:00.000Z,3370.99,3374.83,3370.88,3374.63,2305
2025-06-12T05:30:00.000Z,3374.64,3375.72,3373.04,3374.49,3606
2025-06-12T05:45:00.000Z,3374.44,3375.56,3372.88,3374.39,2657
2025-06-12T06:00:00.000Z,3374.45,3375.13,3371.24,3371.4,4679
2025-06-12T06:15:00.000Z,3371.45,3371.45,3365.21,3369.64,4585
2025-06-12T06:30:00.000Z,3369.75,3373.55,3369.75,3372.09,3759
2025-06-12T06:45:00.000Z,3372.07,3375.61,3371.59,3374.97,4661
2025-06-12T07:00:00.000Z,3374.98,3375.2,3370.4,3371.47,4105
2025-06-12T07:15:00.000Z,3371.45,3373.73,3368.21,3369.91,4505
2025-06-12T07:30:00.000Z,3369.92,3370.49,3338.52,3342.19,9154
2025-06-12T07:45:00.000Z,3341.99,3347.12,3340,3346.15,8105
2025-06-12T08:00:00.000Z,3346.29,3351.37,3346.29,3350.59,7374
2025-06-12T08:15:00.000Z,3350.57,3360.17,3350.52,3358.92,7077
2025-06-12T08:30:00.000Z,3358.86,3361.07,3357.68,3358.24,5993
2025-06-12T08:45:00.000Z,3358.22,3360.21,3355.82,3356.78,5258
2025-06-12T09:00:00.000Z,3356.79,3363.2,3355.31,3361.77,4362
2025-06-12T09:15:00.000Z,3361.82,3363.85,3360.07,3361.03,3543
2025-06-12T09:30:00.000Z,3361,3362.51,3358.06,3360.89,3690
2025-06-12T09:45:00.000Z,3360.95,3367.95,3360.73,3365.38,5578
2025-06-12T10:00:00.000Z,3365.4,3367.53,3362.53,3366.74,3757
2025-06-12T10:15:00.000Z,3366.71,3379.85,3366.44,3379.46,6329
2025-06-12T10:30:00.000Z,3379.45,3385.84,3379.13,3382.22,6962
2025-06-12T10:45:00.000Z,3382.23,3384.76,3381.25,3382.63,5710
2025-06-12T11:00:00.000Z,3382.63,3388.53,3381.82,3385.2,5516
2025-06-12T11:15:00.000Z,3385.23,3385.58,3380.58,3380.91,5091
2025-06-12T11:30:00.000Z,3380.95,3383.29,3373.13,3376.73,6341
2025-06-12T11:45:00.000Z,3376.74,3380.55,3375.45,3379.23,4992
2025-06-12T12:00:00.000Z,3379.1,3384.52,3376.32,3379.71,5805
2025-06-12T12:15:00.000Z,3379.69,3383.79,3378.86,3382.54,4800
2025-06-12T12:30:00.000Z,3382.52,3390.4,3381.29,3388.38,8811
2025-06-12T12:45:00.000Z,3388.31,3390.18,3385.53,3388.01,7087
2025-06-12T13:00:00.000Z,3388.2,3393.81,3381.37,3383.14,8466
2025-06-12T13:15:00.000Z,3383.43,3385.95,3379.43,3382.6,7720
2025-06-12T13:30:00.000Z,3383.35,3398.85,3380.63,3398.37,9737
2025-06-12T13:45:00.000Z,3398.4,3398.91,3387,3392,9841
2025-06-12T14:00:00.000Z,3391.93,3393.1,3384.31,3387.34,9232
2025-06-12T14:15:00.000Z,3387.16,3392.51,3385.16,3388.89,8301
2025-06-12T14:30:00.000Z,3388.92,3390.56,3384.47,3387.99,7127
2025-06-12T14:45:00.000Z,3387.98,3389.48,3382.95,3383.84,6104
2025-06-12T15:00:00.000Z,3383.86,3386.37,3378.68,3379.89,6816
2025-06-12T15:15:00.000Z,3379.9,3389.72,3377.8,3388.31,8790
2025-06-12T15:30:00.000Z,3388.3,3390.22,3386.09,3387.7,6116
2025-06-12T15:45:00.000Z,3387.72,3389.51,3385.5,3385.79,4903
2025-06-12T16:00:00.000Z,3385.82,3388.9,3384.4,3386.74,4896
2025-06-12T16:15:00.000Z,3386.72,3390.36,3385.91,3389.21,4427
2025-06-12T16:30:00.000Z,3389.22,3391.29,3384.34,3388.43,5334
2025-06-12T16:45:00.000Z,3388.25,3388.5,3380.93,3383.75,4847
2025-06-12T17:00:00.000Z,3383.74,3385,3380.6,3381.22,3999
2025-06-12T17:15:00.000Z,3381.33,3381.93,3378.1,3381.17,4942
2025-06-12T17:30:00.000Z,3381.21,3382.66,3378.65,3382.31,3636
2025-06-12T17:45:00.000Z,3382.3,3384.55,3381.74,3382.56,3356
2025-06-12T18:00:00.000Z,3382.73,3384.37,3381.9,3384.13,3184
2025-06-12T18:15:00.000Z,3384.14,3384.92,3382.37,3382.98,3058
2025-06-12T18:30:00.000Z,3382.88,3385.23,3382.67,3383.74,3326
2025-06-12T18:45:00.000Z,3383.75,3386.32,3383.46,3385.92,3196
2025-06-12T19:00:00.000Z,3385.74,3386.46,3384.7,3386.32,2893
2025-06-12T19:15:00.000Z,3386.33,3386.94,3386.06,3386.8,1951
2025-06-12T19:30:00.000Z,3386.81,3388.27,3386.03,3388.11,2530
2025-06-12T19:45:00.000Z,3388.13,3389.17,3387.56,3388.13,3524
2025-06-12T20:00:00.000Z,3388.01,3388.87,3387.7,3388.84,1523
2025-06-12T20:15:00.000Z,3388.79,3388.87,3385.74,3386.43,1496
2025-06-12T20:30:00.000Z,3386.44,3386.61,3384.77,3385.96,1252
2025-06-12T20:45:00.000Z,3385.9,3386.57,3385.18,3385.99,588
2025-06-12T22:00:00.000Z,3386.24,3386.46,3382.58,3382.58,1062
2025-06-12T22:15:00.000Z,3382.62,3383.48,3380.89,3382.63,1307
2025-06-12T22:30:00.000Z,3382.86,3383.13,3379.58,3381.66,1852
2025-06-12T22:45:00.000Z,3381.63,3384.59,3381.49,3383.4,1324
2025-06-12T23:00:00.000Z,3383.38,3384.56,3382.55,3384.56,1456
2025-06-12T23:15:00.000Z,3384.48,3385.38,3383.41,3383.6,1404
2025-06-12T23:30:00.000Z,3383.71,3387.33,3383.05,3387.33,1580
2025-06-12T23:45:00.000Z,3387.26,3396.13,3386.69,3395.71,3153
2025-06-13T00:00:00.000Z,3395.61,3412.03,3391.72,3401.81,10889
2025-06-13T00:15:00.000Z,3401.9,3414.47,3400.07,3413.62,8775
2025-06-13T00:30:00.000Z,3413.58,3416.81,3403.61,3406.28,8628
2025-06-13T00:45:00.000Z,3406.47,3419.82,3406.43,3416.67,8007
2025-06-13T01:00:00.000Z,3414.91,3425.61,3413.79,3425.47,8375
2025-06-13T01:15:00.000Z,3425.45,3430.31,3422.27,3429.65,7455
2025-06-13T01:30:00.000Z,3429.62,3430.78,3424.42,3429.75,6729
2025-06-13T01:45:00.000Z,3429.69,3433.28,3422.71,3427.7,6746
2025-06-13T02:00:00.000Z,3427.63,3432.07,3424.85,3429.66,5525
2025-06-13T02:15:00.000Z,3429.61,3435.99,3429.12,3432.59,5399
2025-06-13T02:30:00.000Z,3432.48,3440.1,3431.38,3437.94,7085
2025-06-13T02:45:00.000Z,3437.83,3444.05,3436.12,3441.22,7237
2025-06-13T03:00:00.000Z,3441.2,3444.47,3431.02,3431.59,6634
2025-06-13T03:15:00.000Z,3431.64,3432.4,3423.77,3430.22,7592
2025-06-13T03:30:00.000Z,3430.2,3430.52,3425.9,3430.02,5005
2025-06-13T03:45:00.000Z,3429.99,3431.6,3425.25,3425.45,3566
2025-06-13T04:00:00.000Z,3425.39,3429.71,3422.75,3427.89,3965
2025-06-13T04:15:00.000Z,3427.91,3430.22,3426.11,3427.23,2998
2025-06-13T04:30:00.000Z,3427.21,3429.57,3425.56,3428.44,2833
2025-06-13T04:45:00.000Z,3428.44,3429.26,3424.68,3425.26,2112
2025-06-13T05:00:00.000Z,3425.23,3428.74,3422.48,3425.02,3518
2025-06-13T05:15:00.000Z,3424.99,3427.79,3418.19,3419.64,4152
2025-06-13T05:30:00.000Z,3420.01,3424.66,3417.91,3423.45,4788
2025-06-13T05:45:00.000Z,3423.46,3426.68,3422.37,3426.05,3994
2025-06-13T06:00:00.000Z,3426.03,3427.65,3422.2,3422.2,4755
2025-06-13T06:15:00.000Z,3422.17,3425.3,3420.03,3425.2,4803
2025-06-13T06:30:00.000Z,3425.21,3428.82,3418.25,3418.97,5627
2025-06-13T06:45:00.000Z,3418.68,3419.24,3408.44,3416.28,8494
2025-06-13T07:00:00.000Z,3416.33,3417.66,3407.9,3413.04,7150
2025-06-13T07:15:00.000Z,3413.02,3418.02,3412.29,3416.2,6123
2025-06-13T07:30:00.000Z,3416.18,3418.97,3415.06,3416.4,4927
2025-06-13T07:45:00.000Z,3416.32,3418.65,3414.15,3414.87,4517
2025-06-13T08:00:00.000Z,3414.86,3422.61,3414.32,3422.51,5207
2025-06-13T08:15:00.000Z,3422.43,3425.93,3420.13,3423.75,4391
2025-06-13T08:30:00.000Z,3423.74,3425.92,3422.82,3423.99,4264
2025-06-13T08:45:00.000Z,3423.89,3426.04,3423.15,3424.34,3401
2025-06-13T09:00:00.000Z,3424.32,3427.25,3421.79,3424.92,4401
2025-06-13T09:15:00.000Z,3425,3426.05,3420.41,3422.19,4702
2025-06-13T09:30:00.000Z,3422.14,3425.29,3420.1,3423.21,4384
2025-06-13T09:45:00.000Z,3423.1,3425.71,3420.75,3424.27,4451
2025-06-13T10:00:00.000Z,3424.28,3427.62,3418.76,3419.9,5330
2025-06-13T10:15:00.000Z,3419.91,3422.43,3414.89,3422.13,6152
2025-06-13T10:30:00.000Z,3422.17,3424.21,3414.03,3414.64,5232
2025-06-13T10:45:00.000Z,3414.59,3416.93,3411.52,3415.83,4895
2025-06-13T11:00:00.000Z,3415.93,3417.15,3412.52,3416.61,5005
2025-06-13T11:15:00.000Z,3416.62,3421.55,3416.5,3419.48,4947
2025-06-13T11:30:00.000Z,3419.44,3422.27,3418.6,3421.91,4026
2025-06-13T11:45:00.000Z,3421.95,3423.04,3419.19,3422.19,3449
2025-06-13T12:00:00.000Z,3422.27,3427.04,3421.96,3424.03,4565
2025-06-13T12:15:00.000Z,3424.01,3427.89,3421.74,3427.6,5854
2025-06-13T12:30:00.000Z,3427.69,3434.47,3426.59,3431.51,6134
2025-06-13T12:45:00.000Z,3431.53,3438.16,3429.48,3436.62,6373
2025-06-13T13:00:00.000Z,3436.54,3441.36,3435.4,3440.68,8411
2025-06-13T13:15:00.000Z,3440.68,3444.45,3437.47,3443.47,7424
2025-06-13T13:30:00.000Z,3443.49,3446.69,3439.52,3441.94,10064
2025-06-13T13:45:00.000Z,3441.93,3442.65,3433.98,3437.1,8542
2025-06-13T14:00:00.000Z,3436.35,3438.23,3427.12,3429.43,9206
2025-06-13T14:15:00.000Z,3429.25,3436.06,3424.81,3436.06,8200
2025-06-13T14:30:00.000Z,3435.86,3436.83,3433.08,3436.19,6561
2025-06-13T14:45:00.000Z,3436.31,3439.89,3423.71,3427.82,8214
2025-06-13T15:00:00.000Z,3427.84,3430.36,3422.64,3424.46,7102
2025-06-13T15:15:00.000Z,3424.45,3429.43,3421.78,3425.9,7153
2025-06-13T15:30:00.000Z,3425.96,3426.45,3421.08,3424.31,6088
2025-06-13T15:45:00.000Z,3424.15,3426.48,3422.96,3426.2,4478
2025-06-13T16:00:00.000Z,3426.37,3428.17,3419.21,3420.22,4837
2025-06-13T16:15:00.000Z,3420.16,3427.45,3420.08,3427.08,4408
2025-06-13T16:30:00.000Z,3427.17,3431.01,3426.52,3429.4,4810
2025-06-13T16:45:00.000Z,3429.42,3430.53,3428.01,3430.09,3732
2025-06-13T17:00:00.000Z,3430.11,3432.19,3427.91,3431.6,3548
2025-06-13T17:15:00.000Z,3431.56,3433.41,3429.99,3432.06,4607
2025-06-13T17:30:00.000Z,3432.04,3432.73,3428.65,3429.52,3418
2025-06-13T17:45:00.000Z,3429.51,3430.55,3427.4,3430.34,3254
2025-06-13T18:00:00.000Z,3430.46,3434.66,3429.37,3433.19,4687
2025-06-13T18:15:00.000Z,3433.18,3435.73,3428.67,3432.63,4271
2025-06-13T18:30:00.000Z,3432.57,3436.34,3431.93,3435.4,4839
2025-06-13T18:45:00.000Z,3435.27,3439.48,3433.89,3436.5,4364
2025-06-13T19:00:00.000Z,3436.55,3438.05,3435.08,3436.16,3773
2025-06-13T19:15:00.000Z,3436.15,3437.78,3434,3435.16,3380
2025-06-13T19:30:00.000Z,3435.04,3435.5,3431.79,3434.54,3901
2025-06-13T19:45:00.000Z,3434.54,3434.67,3431.74,3432.32,4656
2025-06-13T20:00:00.000Z,3432.35,3433.42,3429.07,3432.87,2875
2025-06-13T20:15:00.000Z,3432.82,3433.35,3431.88,3432.82,2122
2025-06-13T20:30:00.000Z,3432.74,3434.49,3430.95,3433.66,2345
2025-06-13T20:45:00.000Z,3433.62,3434.13,3431.22,3432.41,1565
2025-06-15T22:00:00.000Z,3434.6,3451.08,3434.57,3449.6,4165
2025-06-15T22:15:00.000Z,3449.65,3450.85,3446.5,3447.14,3826
2025-06-15T22:30:00.000Z,3447.16,3448.71,3439.64,3445.06,5142
2025-06-15T22:45:00.000Z,3445.17,3450.01,3445.03,3448.33,3043
2025-06-15T23:00:00.000Z,3448.68,3450.06,3446.07,3447.39,2833
2025-06-15T23:15:00.000Z,3447.5,3449.12,3443.12,3447.88,2544
2025-06-15T23:30:00.000Z,3447.88,3449.2,3445.41,3445.95,2164
2025-06-15T23:45:00.000Z,3445.84,3445.89,3439.49,3444.04,3995
2025-06-16T00:00:00.000Z,3444.01,3445.78,3437.08,3445.37,4391
2025-06-16T00:15:00.000Z,3445.41,3451.08,3445.04,3448.75,4430
2025-06-16T00:30:00.000Z,3448.81,3449.91,3440.68,3440.89,4460
2025-06-16T00:45:00.000Z,3440.81,3441.78,3434.26,3436.27,5115
2025-06-16T01:00:00.000Z,3436.29,3441.45,3433.17,3440.53,6660
2025-06-16T01:15:00.000Z,3440.51,3443.06,3434.42,3435.93,5310
2025-06-16T01:30:00.000Z,3435.97,3439.19,3435.4,3438.66,3776
2025-06-16T01:45:00.000Z,3438.7,3442.18,3438.3,3441.4,3957
2025-06-16T02:00:00.000Z,3441.5,3446.25,3440.42,3444.05,3797
2025-06-16T02:15:00.000Z,3444.15,3446.29,3442.4,3442.49,3606
2025-06-16T02:30:00.000Z,3442.52,3443.77,3440.1,3443.5,3717
2025-06-16T02:45:00.000Z,3443.48,3443.74,3437.88,3438.39,3485
2025-06-16T03:00:00.000Z,3438.25,3439.6,3435.51,3437.5,3515
2025-06-16T03:15:00.000Z,3437.51,3437.56,3434.08,3437.03,3796
2025-06-16T03:30:00.000Z,3436.99,3436.99,3432.08,3432.34,2717
2025-06-16T03:45:00.000Z,3432.41,3432.99,3429.22,3431.49,2739
2025-06-16T04:00:00.000Z,3431.5,3433.2,3428.96,3429.5,2831
2025-06-16T04:15:00.000Z,3429.48,3431.91,3429.21,3430.25,1902
2025-06-16T04:30:00.000Z,3430.21,3431.95,3429.46,3429.98,2193
2025-06-16T04:45:00.000Z,3429.53,3429.9,3426.85,3427.48,2480
2025-06-16T05:00:00.000Z,3427.62,3429.59,3421.96,3427.13,4016
2025-06-16T05:15:00.000Z,3427.11,3428.15,3424.23,3427.58,3458
2025-06-16T05:30:00.000Z,3427.54,3430.34,3417.69,3420.67,6057
2025-06-16T05:45:00.000Z,3420.63,3424.9,3419.99,3421.45,4471
2025-06-16T06:00:00.000Z,3421.47,3421.47,3415.72,3418.92,6110
2025-06-16T06:15:00.000Z,3418.79,3420.44,3412.97,3415.97,5803
2025-06-16T06:30:00.000Z,3416.07,3419.94,3412.98,3419.31,6090
2025-06-16T06:45:00.000Z,3419.32,3419.52,3414.67,3418.32,4662
2025-06-16T07:00:00.000Z,3418.27,3419.77,3409.48,3411.04,5298
2025-06-16T07:15:00.000Z,3411.1,3415.78,3410.44,3413.54,5159
2025-06-16T07:30:00.000Z,3413.71,3416.4,3412.66,3413.99,4242
2025-06-16T07:45:00.000Z,3414.03,3415.15,3410.98,3412.59,4698
2025-06-16T08:00:00.000Z,3412.57,3415.11,3409.75,3414.71,4345
2025-06-16T08:15:00.000Z,3414.69,3418.4,3413.17,3413.96,4615
2025-06-16T08:30:00.000Z,3413.86,3418.48,3412.36,3416.72,3554
2025-06-16T08:45:00.000Z,3416.71,3417.81,3413.15,3413.79,3756
2025-06-16T09:00:00.000Z,3413.96,3418.81,3412.96,3416.81,3464
2025-06-16T09:15:00.000Z,3416.79,3419.49,3415.14,3418.7,3050
2025-06-16T09:30:00.000Z,3418.68,3419.21,3415.28,3416.15,3520
2025-06-16T09:45:00.000Z,3416.16,3416.5,3411.89,3412.04,4017
2025-06-16T10:00:00.000Z,3412.26,3415.85,3411.81,3414.03,3669
2025-06-16T10:15:00.000Z,3413.94,3414.39,3410.73,3414.24,3215
2025-06-16T10:30:00.000Z,3414.31,3419.58,3413.73,3419.33,3478
2025-06-16T10:45:00.000Z,3419.34,3421.25,3417.11,3421.02,3854
2025-06-16T11:00:00.000Z,3421.05,3422.16,3418.15,3419.71,3645
2025-06-16T11:15:00.000Z,3419.7,3422.57,3419.1,3419.91,2722
2025-06-16T11:30:00.000Z,3419.9,3419.9,3415.05,3415.35,3563
2025-06-16T11:45:00.000Z,3415.33,3415.78,3410.75,3414.94,3999
2025-06-16T12:00:00.000Z,3415.09,3417.7,3412.95,3416.7,4301
2025-06-16T12:15:00.000Z,3416.73,3417.59,3412.36,3414.55,4628
2025-06-16T12:30:00.000Z,3414.56,3416.43,3411.05,3413.5,5299
2025-06-16T12:45:00.000Z,3413.33,3417.31,3413.13,3415.57,4247
2025-06-16T13:00:00.000Z,3415.52,3417.93,3413.54,3414.55,5232
2025-06-16T13:15:00.000Z,3414.54,3416.48,3405.99,3416.14,6650
2025-06-16T13:30:00.000Z,3416,3417.21,3403.48,3408.96,8734
2025-06-16T13:45:00.000Z,3408.98,3410.22,3382.88,3388.09,9877
2025-06-16T14:00:00.000Z,3388.27,3399.26,3387.4,3396.5,9334
2025-06-16T14:15:00.000Z,3396.4,3398.77,3391.52,3391.96,7407
2025-06-16T14:30:00.000Z,3391.93,3395.72,3389.82,3395.08,7082
2025-06-16T14:45:00.000Z,3395.04,3398.76,3393.28,3396.91,5673
2025-06-16T15:00:00.000Z,3397.01,3403.48,3397.01,3400.88,6154
2025-06-16T15:15:00.000Z,3400.72,3405.2,3399.98,3404.4,4666
2025-06-16T15:30:00.000Z,3404.43,3405.55,3402.83,3403.78,4115
2025-06-16T15:45:00.000Z,3403.8,3405.65,3400.92,3404.49,4351
2025-06-16T16:00:00.000Z,3404.48,3404.82,3399.72,3400.78,4138
2025-06-16T16:15:00.000Z,3400.76,3401.1,3397.36,3399.85,4060
2025-06-16T16:30:00.000Z,3399.85,3400.59,3398.72,3400.11,3067
2025-06-16T16:45:00.000Z,3400.15,3400.41,3398.64,3399.42,2702
2025-06-16T17:00:00.000Z,3399.41,3400.22,3397.19,3398.82,3006
2025-06-16T17:15:00.000Z,3398.81,3399.68,3396.54,3397.79,3086
2025-06-16T17:30:00.000Z,3397.82,3398.21,3391.13,3393.27,3635
2025-06-16T17:45:00.000Z,3393.25,3393.52,3391.3,3392.71,3215
2025-06-16T18:00:00.000Z,3392.63,3394.04,3390.04,3391.11,2865
2025-06-16T18:15:00.000Z,3391.15,3391.48,3387.9,3389.89,3243
2025-06-16T18:30:00.000Z,3389.86,3390.78,3388.92,3389.07,1994
2025-06-16T18:45:00.000Z,3389.11,3389.38,3383.98,3385.26,3436
2025-06-16T19:00:00.000Z,3385.41,3386.12,3383.11,3384.04,3568
2025-06-16T19:15:00.000Z,3384.02,3384.84,3382.83,3384.68,2837
2025-06-16T19:30:00.000Z,3384.67,3387.77,3383.17,3386.37,3173
2025-06-16T19:45:00.000Z,3386.47,3388.43,3383.38,3384.08,3580
2025-06-16T20:00:00.000Z,3384.04,3385.09,3383.37,3384.61,1716
2025-06-16T20:15:00.000Z,3384.57,3385.19,3383.92,3384.77,1178
2025-06-16T20:30:00.000Z,3384.79,3385.96,3383.5,3383.63,939
2025-06-16T20:45:00.000Z,3383.82,3385.25,3383.25,3384.63,911
2025-06-16T22:00:00.000Z,3386.45,3389.38,3385.37,3387.68,1706
2025-06-16T22:15:00.000Z,3387.49,3389.16,3387.49,3387.67,1087
2025-06-16T22:30:00.000Z,3387.69,3394.23,3386.68,3393.75,2777
2025-06-16T22:45:00.000Z,3393.71,3398.36,3392.59,3395.42,3591
2025-06-16T23:00:00.000Z,3395.38,3396.76,3394.13,3394.75,2468
2025-06-16T23:15:00.000Z,3394.77,3398.68,3393.04,3398.55,2411
2025-06-16T23:30:00.000Z,3398.59,3400.1,3393.63,3394.02,3001
2025-06-16T23:45:00.000Z,3393.97,3402.76,3392.97,3402.69,3963
2025-06-17T00:00:00.000Z,3402.76,3402.77,3397.12,3401.76,4312
2025-06-17T00:15:00.000Z,3401.79,3401.79,3397.1,3399.19,3785
2025-06-17T00:30:00.000Z,3399.22,3403.23,3399.22,3399.87,3158
2025-06-17T00:45:00.000Z,3399.82,3400.42,3391.48,3394.11,3985
2025-06-17T01:00:00.000Z,3394.12,3402.56,3394.05,3400.63,4836
2025-06-17T01:15:00.000Z,3400.42,3401.84,3398.95,3399.5,3357
2025-06-17T01:30:00.000Z,3399.59,3401.33,3396.39,3399.78,3734
2025-06-17T01:45:00.000Z,3399.75,3399.75,3393.26,3393.61,3843
2025-06-17T02:00:00.000Z,3393.64,3397.21,3390.2,3395.47,4082
2025-06-17T02:15:00.000Z,3395.3,3397.77,3393.86,3397.28,2679
2025-06-17T02:30:00.000Z,3397.28,3400.14,3396.6,3399.7,2862
2025-06-17T02:45:00.000Z,3399.7,3400.31,3388.59,3389.94,4435
2025-06-17T03:00:00.000Z,3389.9,3392.54,3380.4,3384.78,4967
2025-06-17T03:15:00.000Z,3384.74,3385.73,3373.89,3385.51,5480
2025-06-17T03:30:00.000Z,3385.49,3387.61,3383.69,3386.1,4134
2025-06-17T03:45:00.000Z,3386.11,3387.95,3383.19,3387.55,2979
2025-06-17T04:00:00.000Z,3387.54,3389.64,3387.01,3389.38,2303
2025-06-17T04:15:00.000Z,3389.36,3390.46,3387.83,3389.04,2087
2025-06-17T04:30:00.000Z,3389.07,3391.9,3389.07,3391.74,1842
2025-06-17T04:45:00.000Z,3391.78,3396.21,3391.65,3393.97,2853
2025-06-17T05:00:00.000Z,3393.93,3394.81,3391.51,3392.57,2236
2025-06-17T05:15:00.000Z,3392.58,3393.86,3391.6,3393.57,2160
2025-06-17T05:30:00.000Z,3393.5,3393.73,3390.64,3392.62,2849
2025-06-17T05:45:00.000Z,3392.62,3395.4,3391.12,3392.53,3044
2025-06-17T06:00:00.000Z,3392.48,3392.48,3387.12,3390.13,4414
2025-06-17T06:15:00.000Z,3390.28,3390.31,3386.83,3388.44,4221
2025-06-17T06:30:00.000Z,3388.43,3389.15,3380.98,3381.85,4653
2025-06-17T06:45:00.000Z,3381.86,3388.12,3381.86,3385.43,4597
2025-06-17T07:00:00.000Z,3385.39,3389.44,3383.08,3385.51,4769
2025-06-17T07:15:00.000Z,3385.68,3391.13,3384.84,3387.25,3747
2025-06-17T07:30:00.000Z,3387.23,3389.89,3384.3,3389.14,3608
2025-06-17T07:45:00.000Z,3389.26,3391.8,3385.74,3387.68,4238
2025-06-17T08:00:00.000Z,3387.71,3388.52,3384.85,3386.42,3832
2025-06-17T08:15:00.000Z,3386.45,3387.38,3384.31,3386.02,2873
2025-06-17T08:30:00.000Z,3386,3386.55,3382.6,3383.29,3918
2025-06-17T08:45:00.000Z,3383.28,3384.04,3377.81,3378.85,4844
2025-06-17T09:00:00.000Z,3378.8,3381.26,3375.71,3380.54,5408
2025-06-17T09:15:00.000Z,3380.55,3384.46,3379.33,3380.08,4612
2025-06-17T09:30:00.000Z,3380.09,3384.99,3379.01,3384.6,4411
2025-06-17T09:45:00.000Z,3384.57,3385.93,3380.35,3385.55,4468
2025-06-17T10:00:00.000Z,3385.56,3391.79,3385.32,3391.46,3698
2025-06-17T10:15:00.000Z,3391.5,3397.47,3391.38,3393.77,6031
2025-06-17T10:30:00.000Z,3393.74,3398.71,3392.79,3396.07,4955
2025-06-17T10:45:00.000Z,3396.06,3398.67,3394.72,3398.07,3888
2025-06-17T11:00:00.000Z,3398.09,3400.08,3396.42,3398.23,4469
2025-06-17T11:15:00.000Z,3398.27,3398.33,3392.67,3393.8,4737
2025-06-17T11:30:00.000Z,3393.81,3396.36,3392.3,3396.15,4225
2025-06-17T11:45:00.000Z,3396.14,3396.98,3388.22,3388.49,4517
2025-06-17T12:00:00.000Z,3388.39,3388.41,3383.76,3384.9,4661
2025-06-17T12:15:00.000Z,3384.9,3388.27,3383.44,3388.12,5219
2025-06-17T12:30:00.000Z,3388.1,3391.48,3384.11,3385.7,7472
2025-06-17T12:45:00.000Z,3385.66,3388.8,3383.71,3386.71,5752
2025-06-17T13:00:00.000Z,3386.76,3393.75,3385.91,3393.31,7144
2025-06-17T13:15:00.000Z,3393.34,3395.95,3392.51,3393.47,5663
2025-06-17T13:30:00.000Z,3393.69,3397.38,3391.36,3395.46,8142
2025-06-17T13:45:00.000Z,3395.41,3395.61,3388.32,3390.63,7341
2025-06-17T14:00:00.000Z,3390.61,3391.99,3384.48,3386.07,8322
2025-06-17T14:15:00.000Z,3386.06,3387.86,3380.42,3383.83,6273
2025-06-17T14:30:00.000Z,3383.77,3383.77,3366.1,3375.41,9592
2025-06-17T14:45:00.000Z,3375.57,3386.59,3373.81,3384.98,7403
2025-06-17T15:00:00.000Z,3384.94,3388.27,3383.92,3385.27,5569
2025-06-17T15:15:00.000Z,3385.23,3387.12,3379.58,3381.02,5779
2025-06-17T15:30:00.000Z,3381.05,3382.53,3376.38,3377.85,4819
2025-06-17T15:45:00.000Z,3377.86,3379.43,3372.68,3379.29,5240
2025-06-17T16:00:00.000Z,3379.3,3381.41,3376.66,3378.54,4675
2025-06-17T16:15:00.000Z,3378.56,3382.65,3376.65,3381.74,4329
2025-06-17T16:30:00.000Z,3381.73,3383.72,3380.23,3382.1,3163
2025-06-17T16:45:00.000Z,3382.16,3385.84,3379.92,3382.85,5673
2025-06-17T17:00:00.000Z,3382.84,3385.67,3381.22,3385.49,4151
2025-06-17T17:15:00.000Z,3385.69,3390.63,3385.49,3388.27,5364
2025-06-17T17:30:00.000Z,3388.21,3390.95,3388.21,3390.9,3839
2025-06-17T17:45:00.000Z,3390.88,3391.19,3388.02,3390.33,4912
2025-06-17T18:00:00.000Z,3390.36,3391.3,3389.47,3390.07,3779
2025-06-17T18:15:00.000Z,3390.11,3392.49,3388.77,3389.17,4419
2025-06-17T18:30:00.000Z,3389.08,3391.22,3388.75,3389.35,3168
2025-06-17T18:45:00.000Z,3389.35,3389.37,3382.46,3382.75,4535
2025-06-17T19:00:00.000Z,3382.94,3385.23,3382.42,3385.14,2622
2025-06-17T19:15:00.000Z,3385.24,3385.41,3382.35,3384.4,2474
2025-06-17T19:30:00.000Z,3384.47,3386.3,3383.33,3384.7,2535
2025-06-17T19:45:00.000Z,3384.71,3386.34,3383.14,3385.67,3170
2025-06-17T20:00:00.000Z,3385.49,3386.73,3383.69,3384.16,1539
2025-06-17T20:15:00.000Z,3384.17,3387.12,3383.59,3386.28,1328
2025-06-17T20:30:00.000Z,3386.28,3386.49,3385.12,3386.21,773
2025-06-17T20:45:00.000Z,3386.21,3390.16,3386.16,3387.73,1331
2025-06-17T22:00:00.000Z,3389.84,3395.99,3389.84,3393.52,1951
2025-06-17T22:15:00.000Z,3393.51,3394.45,3392.13,3392.44,1467
2025-06-17T22:30:00.000Z,3392.47,3393.42,3389.56,3391.05,2011
2025-06-17T22:45:00.000Z,3391.06,3391.54,3388.73,3388.74,1467
2025-06-17T23:00:00.000Z,3389.12,3390.31,3388.66,3389.85,1702
2025-06-17T23:15:00.000Z,3389.86,3390.17,3388.82,3389.83,1169
2025-06-17T23:30:00.000Z,3389.76,3389.92,3385.03,3385.4,1701
2025-06-17T23:45:00.000Z,3385.32,3388.13,3384.95,3387.26,1718
2025-06-18T00:00:00.000Z,3387.08,3388.76,3383.26,3383.59,3361
2025-06-18T00:15:00.000Z,3383.54,3385.4,3382.91,3384.56,2805
2025-06-18T00:30:00.000Z,3384.53,3386.38,3383.23,3386.23,2611
2025-06-18T00:45:00.000Z,3386.12,3388.08,3384,3385.71,3010
2025-06-18T01:00:00.000Z,3385.69,3387.88,3382.47,3383.85,3660
2025-06-18T01:15:00.000Z,3383.95,3387.61,3382.75,3387.51,2919
2025-06-18T01:30:00.000Z,3387.57,3388.55,3379.9,3380.16,3846
2025-06-18T01:45:00.000Z,3380.24,3382.95,3378.68,3378.93,3272
2025-06-18T02:00:00.000Z,3378.86,3378.86,3374.27,3374.85,3909
2025-06-18T02:15:00.000Z,3374.82,3375.87,3373.08,3373.41,2959
2025-06-18T02:30:00.000Z,3373.32,3377,3370.59,3376.22,3552
2025-06-18T02:45:00.000Z,3376.23,3379.57,3376.01,3379.3,2923
2025-06-18T03:00:00.000Z,3379.26,3384.21,3379.2,3384.03,3632
2025-06-18T03:15:00.000Z,3384.11,3385.95,3383.45,3384.83,3878
2025-06-18T03:30:00.000Z,3384.91,3390.32,3384.8,3389.1,3091
2025-06-18T03:45:00.000Z,3389.07,3391.39,3387.49,3390.88,2626
2025-06-18T04:00:00.000Z,3390.86,3392.83,3389.38,3391.92,2382
2025-06-18T04:15:00.000Z,3391.89,3395.01,3391.64,3394.86,2083
2025-06-18T04:30:00.000Z,3394.91,3397.62,3394.19,3397.33,2710
2025-06-18T04:45:00.000Z,3397.37,3399.91,3394.1,3395.08,3371
2025-06-18T05:00:00.000Z,3395.27,3395.6,3392.49,3393.45,2716
2025-06-18T05:15:00.000Z,3393.46,3394.6,3391.65,3392.26,3277
2025-06-18T05:30:00.000Z,3392.24,3392.47,3384.2,3387.63,5759
2025-06-18T05:45:00.000Z,3387.66,3388.67,3385.25,3386.42,3929
2025-06-18T06:00:00.000Z,3386.43,3386.77,3383.51,3384.29,4471
2025-06-18T06:15:00.000Z,3384.32,3385.34,3381.96,3382.44,4458
2025-06-18T06:30:00.000Z,3382.51,3383.78,3380.18,3380.21,4307
2025-06-18T06:45:00.000Z,3380.22,3385.49,3379.38,3382.39,4375
2025-06-18T07:00:00.000Z,3382.4,3384.02,3380.04,3381.61,4051
2025-06-18T07:15:00.000Z,3381.57,3383.25,3377.73,3378.31,4089
2025-06-18T07:30:00.000Z,3378.29,3384.37,3377.03,3383.88,3649
2025-06-18T07:45:00.000Z,3383.89,3386.11,3382.99,3385.89,3422
2025-06-18T08:00:00.000Z,3385.82,3388.34,3384.9,3386.09,3095
2025-06-18T08:15:00.000Z,3386.08,3387.95,3384.61,3387.12,3122
2025-06-18T08:30:00.000Z,3387.03,3387.47,3383.42,3384.05,2692
2025-06-18T08:45:00.000Z,3384.02,3385.62,3382.54,3383.53,3086
2025-06-18T09:00:00.000Z,3383.49,3385.52,3382.77,3382.77,2668
2025-06-18T09:15:00.000Z,3382.76,3384.29,3381.65,3381.89,2992
2025-06-18T09:30:00.000Z,3381.87,3382.53,3380.06,3381.45,2595
2025-06-18T09:45:00.000Z,3381.47,3381.58,3375.49,3378.14,3534
2025-06-18T10:00:00.000Z,3378.17,3379.54,3377.08,3378.96,3417
2025-06-18T10:15:00.000Z,3378.97,3379.34,3376.39,3376.67,2877
2025-06-18T10:30:00.000Z,3376.69,3382.35,3375.7,3378.44,3976
2025-06-18T10:45:00.000Z,3378.37,3380.87,3375.87,3380.2,3794
2025-06-18T11:00:00.000Z,3380.29,3382.53,3379.94,3381.63,3264
2025-06-18T11:15:00.000Z,3381.03,3385.81,3380.71,3385.7,3416
2025-06-18T11:30:00.000Z,3385.81,3386.99,3381.42,3381.51,4014
2025-06-18T11:45:00.000Z,3381.39,3385.84,3378.97,3382.01,5062
2025-06-18T12:00:00.000Z,3381.96,3385.71,3381.62,3384.32,4218
2025-06-18T12:15:00.000Z,3384.33,3387.96,3383.13,3386.72,4648
2025-06-18T12:30:00.000Z,3386.73,3389.79,3385.41,3389.02,5273
2025-06-18T12:45:00.000Z,3388.99,3388.99,3384.82,3386.57,3330
2025-06-18T13:00:00.000Z,3386.6,3391.8,3385.61,3391,5085
2025-06-18T13:15:00.000Z,3391.03,3395.38,3390.52,3395.12,4474
2025-06-18T13:30:00.000Z,3395.15,3396.72,3391.78,3392.73,6710
2025-06-18T13:45:00.000Z,3392.68,3393.62,3389.76,3392.25,5651
2025-06-18T14:00:00.000Z,3392.24,3392.4,3383.77,3384.96,8631
2025-06-18T14:15:00.000Z,3384.99,3386.98,3373.74,3382.62,9380
2025-06-18T14:30:00.000Z,3382.63,3388.69,3382.61,3387.52,7907
2025-06-18T14:45:00.000Z,3387.47,3390.12,3385.24,3386.83,5586
2025-06-18T15:00:00.000Z,3386.82,3389.31,3385.41,3385.74,4390
2025-06-18T15:15:00.000Z,3385.79,3389.01,3381.21,3387.34,5041
2025-06-18T15:30:00.000Z,3387.16,3388.89,3386.44,3387.98,3420
2025-06-18T15:45:00.000Z,3387.95,3392.83,3387.67,3392.7,3699
2025-06-18T16:00:00.000Z,3392.69,3394.64,3390.42,3390.57,4259
2025-06-18T16:15:00.000Z,3390.51,3392.41,3389.94,3392.15,2930
2025-06-18T16:30:00.000Z,3392.16,3393.04,3390.99,3391.56,3149
2025-06-18T16:45:00.000Z,3391.43,3392.38,3390.7,3390.87,3019
2025-06-18T17:00:00.000Z,3390.85,3391.24,3388.95,3390.26,2797
2025-06-18T17:15:00.000Z,3390.16,3390.32,3388.36,3389.58,3345
2025-06-18T17:30:00.000Z,3389.56,3389.56,3385.99,3386.25,3424
2025-06-18T17:45:00.000Z,3386.26,3387.46,3384.44,3384.93,3575
2025-06-18T18:00:00.000Z,3388.96,3395.75,3385.48,3392.12,8830
2025-06-18T18:15:00.000Z,3392.21,3394.92,3386.68,3390.95,6889
2025-06-18T18:30:00.000Z,3391.01,3392.4,3385.73,3387.25,6706
2025-06-18T18:45:00.000Z,3387.22,3387.24,3378.3,3379.09,8117
2025-06-18T19:00:00.000Z,3379.15,3379.22,3368.51,3372.23,7150
2025-06-18T19:15:00.000Z,3372.25,3376.55,3365.3,3365.3,6765
2025-06-18T19:30:00.000Z,3365.34,3374.62,3362.91,3369.87,6586
2025-06-18T19:45:00.000Z,3370.04,3370.04,3364.19,3366.79,5174
2025-06-18T20:00:00.000Z,3366.52,3368.88,3362.52,3364.6,3520
2025-06-18T20:15:00.000Z,3364.55,3366.8,3363.41,3365.16,2548
2025-06-18T20:30:00.000Z,3365.05,3369.11,3364.26,3366.78,2188
2025-06-18T20:45:00.000Z,3366.67,3369.25,3364.59,3368.96,1524
2025-06-18T22:00:00.000Z,3367.93,3375.16,3367.93,3374.27,2020
2025-06-18T22:15:00.000Z,3374.2,3379.77,3373.64,3375.1,2403
2025-06-18T22:30:00.000Z,3375.1,3377.61,3373.64,3376.09,1875
2025-06-18T22:45:00.000Z,3376.04,3376.31,3373.51,3375.04,1998
2025-06-18T23:00:00.000Z,3375.09,3375.58,3374.16,3374.77,1860
2025-06-18T23:15:00.000Z,3374.77,3374.77,3370.98,3371.74,1917
2025-06-18T23:30:00.000Z,3371.84,3375.91,3370.63,3375.67,2125
2025-06-18T23:45:00.000Z,3375.72,3376.92,3374.16,3375.02,2041
2025-06-19T00:00:00.000Z,3375.08,3379.08,3374.68,3378.12,2727
2025-06-19T00:15:00.000Z,3378.16,3380.15,3377.41,3379.02,2628
2025-06-19T00:30:00.000Z,3379.04,3381.68,3378.16,3381.68,2512
2025-06-19T00:45:00.000Z,3381.7,3383.19,3378.52,3379.4,3039
2025-06-19T01:00:00.000Z,3379.34,3387.89,3377.34,3380.86,6154
2025-06-19T01:15:00.000Z,3380.9,3382.64,3377.1,3380.21,3596
2025-06-19T01:30:00.000Z,3380.23,3381.63,3377.37,3378.35,3203
2025-06-19T01:45:00.000Z,3378.29,3381.37,3374.51,3374.82,3629
2025-06-19T02:00:00.000Z,3374.84,3379.37,3374.05,3377.78,3254
2025-06-19T02:15:00.000Z,3377.79,3378.06,3375.02,3375.57,2123
2025-06-19T02:30:00.000Z,3375.52,3379.35,3374.42,3377.73,2822
2025-06-19T02:45:00.000Z,3377.74,3378.63,3375.39,3376.68,2280
2025-06-19T03:00:00.000Z,3376.69,3377.22,3375.49,3376.12,2130
2025-06-19T03:15:00.000Z,3376.12,3376.38,3369.59,3371.21,3490
2025-06-19T03:30:00.000Z,3371.24,3375.98,3370.51,3374.24,2659
2025-06-19T03:45:00.000Z,3374.2,3374.77,3373.1,3373.51,1696
2025-06-19T04:00:00.000Z,3373.49,3374.15,3372.97,3373.85,1653
2025-06-19T04:15:00.000Z,3373.86,3374.49,3372,3373.03,1547
2025-06-19T04:30:00.000Z,3373.12,3373.55,3372.11,3373.25,1328
2025-06-19T04:45:00.000Z,3373.22,3375.11,3372.73,3374.5,1500
2025-06-19T05:00:00.000Z,3374.49,3375.25,3370.15,3372.84,2278
2025-06-19T05:15:00.000Z,3372.91,3374.72,3371.23,3372.2,2274
2025-06-19T05:30:00.000Z,3372.13,3374.44,3368.41,3369.01,2923
2025-06-19T05:45:00.000Z,3368.95,3369.12,3360.14,3364.56,6249
2025-06-19T06:00:00.000Z,3364.6,3364.75,3351.2,3355.65,7808
2025-06-19T06:15:00.000Z,3355.52,3356.07,3349.57,3350.15,8379
2025-06-19T06:30:00.000Z,3350.12,3353.87,3347.49,3351.85,7308
2025-06-19T06:45:00.000Z,3351.86,3358.14,3350.08,3357.36,6512
2025-06-19T07:00:00.000Z,3357.35,3358.67,3354.45,3355.37,4601
2025-06-19T07:15:00.000Z,3355.43,3356.74,3350.63,3353.08,6244
2025-06-19T07:30:00.000Z,3353.18,3368.75,3353.18,3366.99,6488
2025-06-19T07:45:00.000Z,3367.01,3369.05,3364.47,3365.85,5188
2025-06-19T08:00:00.000Z,3365.86,3366.46,3362.4,3362.44,4551
2025-06-19T08:15:00.000Z,3362.43,3367.45,3362.28,3366.36,4586
2025-06-19T08:30:00.000Z,3366.3,3370.24,3364.14,3370.15,4174
2025-06-19T08:45:00.000Z,3370.14,3371.57,3368.06,3368.66,4705
2025-06-19T09:00:00.000Z,3368.67,3369.39,3363.66,3368.24,4195
2025-06-19T09:15:00.000Z,3368.32,3373.63,3367.46,3372.5,4198
2025-06-19T09:30:00.000Z,3372.37,3372.72,3370.52,3370.92,3526
2025-06-19T09:45:00.000Z,3370.93,3373.45,3369.54,3370.28,3620
2025-06-19T10:00:00.000Z,3370.3,3373.75,3369.07,3373.4,3550
2025-06-19T10:15:00.000Z,3373.43,3377.82,3372.74,3376.05,3438
2025-06-19T10:30:00.000Z,3375.96,3379.02,3375.54,3376.94,3140
2025-06-19T10:45:00.000Z,3376.89,3378.29,3373.59,3374.93,3247
2025-06-19T11:00:00.000Z,3374.99,3375.45,3371.82,3373.06,4183
2025-06-19T11:15:00.000Z,3373.04,3374.29,3372.01,3373.85,2780
2025-06-19T11:30:00.000Z,3373.79,3374.55,3371.75,3373.03,2462
2025-06-19T11:45:00.000Z,3373.05,3373.84,3370.37,3371.93,2458
2025-06-19T12:00:00.000Z,3371.94,3372.48,3365.55,3365.85,4447
2025-06-19T12:15:00.000Z,3365.96,3367.62,3363.72,3365.37,4019
2025-06-19T12:30:00.000Z,3365.42,3371.25,3364.54,3367.17,4065
2025-06-19T12:45:00.000Z,3367.16,3369.87,3365.77,3367.96,3493
2025-06-19T13:00:00.000Z,3367.95,3368.87,3364.93,3367.09,5162
2025-06-19T13:15:00.000Z,3366.96,3368.37,3361.49,3362.85,4374
2025-06-19T13:30:00.000Z,3362.89,3369.1,3361.66,3367.65,5431
2025-06-19T13:45:00.000Z,3367.69,3372.88,3367.65,3369.45,4756
2025-06-19T14:00:00.000Z,3369.37,3370.92,3366.56,3368.67,5004
2025-06-19T14:15:00.000Z,3368.67,3369.45,3362.12,3362.18,4622
2025-06-19T14:30:00.000Z,3361.96,3366.78,3361.61,3366.2,4536
2025-06-19T14:45:00.000Z,3366.35,3366.69,3364.3,3364.65,3507
2025-06-19T15:00:00.000Z,3364.62,3368.39,3362.25,3366.43,5223
2025-06-19T15:15:00.000Z,3366.47,3370.07,3365.7,3367.34,3001
2025-06-19T15:30:00.000Z,3367.32,3368.32,3365.83,3367.24,2836
2025-06-19T15:45:00.000Z,3367.25,3372,3365.35,3369.17,4406
2025-06-19T16:00:00.000Z,3369.08,3369.47,3367.24,3367.44,2273
2025-06-19T16:15:00.000Z,3367.43,3371.54,3366.07,3369.81,3370
2025-06-19T16:30:00.000Z,3369.82,3370.51,3366.81,3369.58,2493
2025-06-19T16:45:00.000Z,3369.58,3371.62,3369.28,3371.05,2644
2025-06-19T17:00:00.000Z,3370.98,3374,3370.91,3373.31,2515
2025-06-19T17:15:00.000Z,3373,3375.28,3372.75,3373.56,2919
2025-06-19T17:30:00.000Z,3373.54,3373.55,3365.85,3366.36,3470
2025-06-19T17:45:00.000Z,3366.32,3369.69,3366.01,3368.29,2269
2025-06-19T18:00:00.000Z,3368.28,3370.35,3366.57,3369.49,2609
2025-06-19T18:15:00.000Z,3369.48,3371.39,3369.46,3370.61,2127
2025-06-19T22:00:00.000Z,3369.9,3370.36,3361.93,3364.8,1775
2025-06-19T22:15:00.000Z,3364.66,3367.47,3363.85,3366.36,1730
2025-06-19T22:30:00.000Z,3366.34,3366.74,3362.33,3364.42,2289
2025-06-19T22:45:00.000Z,3364.43,3365.78,3364.04,3365.63,1303
2025-06-19T23:00:00.000Z,3365.74,3366.46,3363.56,3366.46,1119
2025-06-19T23:15:00.000Z,3366.45,3370.38,3366.36,3368.34,1597
2025-06-19T23:30:00.000Z,3368.36,3368.66,3365.37,3367.23,2079
2025-06-19T23:45:00.000Z,3367.22,3370,3367.22,3368.71,2497
2025-06-20T00:00:00.000Z,3368.71,3370.26,3366.88,3368.37,2888
2025-06-20T00:15:00.000Z,3368.35,3368.85,3365.59,3365.77,2180
2025-06-20T00:30:00.000Z,3365.73,3366.8,3364.6,3365.87,1965
2025-06-20T00:45:00.000Z,3365.98,3369.09,3364.65,3367.89,3342
2025-06-20T01:00:00.000Z,3367.9,3368.17,3358.68,3359.07,4896
2025-06-20T01:15:00.000Z,3359.07,3362.75,3357.3,3361.61,4409
2025-06-20T01:30:00.000Z,3361.77,3362.79,3359.07,3361.08,3043
2025-06-20T01:45:00.000Z,3361.11,3364.28,3356.14,3356.43,3663
2025-06-20T02:00:00.000Z,3356.41,3360.49,3355.84,3356.05,3576
2025-06-20T02:15:00.000Z,3356.06,3358.37,3355.77,3357.23,2343
2025-06-20T02:30:00.000Z,3357.58,3357.93,3352.9,3356.34,5033
2025-06-20T02:45:00.000Z,3356.32,3356.82,3351.6,3352.31,4091
2025-06-20T03:00:00.000Z,3352.41,3353.96,3344.64,3346.53,5436
2025-06-20T03:15:00.000Z,3346.52,3352.59,3346.3,3352.37,4579
2025-06-20T03:30:00.000Z,3352.43,3355.11,3350.76,3354.58,3288
2025-06-20T03:45:00.000Z,3354.59,3356.18,3352.67,3355.42,2802
2025-06-20T04:00:00.000Z,3355.43,3355.65,3353.92,3355.34,2467
2025-06-20T04:15:00.000Z,3355.35,3357.18,3354.07,3356.59,2069
2025-06-20T04:30:00.000Z,3356.63,3357.77,3356.19,3357.21,1522
2025-06-20T04:45:00.000Z,3357.32,3357.53,3352.45,3354.2,2517
2025-06-20T05:00:00.000Z,3354.23,3355.03,3352.18,3352.8,2148
2025-06-20T05:15:00.000Z,3352.8,3353.3,3349.11,3349.13,2520
2025-06-20T05:30:00.000Z,3349.14,3352.8,3346.58,3349.62,4788
2025-06-20T05:45:00.000Z,3349.54,3349.87,3342.62,3344.67,4236
2025-06-20T06:00:00.000Z,3344.66,3348.35,3342.08,3348.15,4813
2025-06-20T06:15:00.000Z,3348.1,3348.7,3343.35,3344.03,4226
2025-06-20T06:30:00.000Z,3344.06,3345.13,3340.3,3340.9,4950
2025-06-20T06:45:00.000Z,3340.89,3346.08,3340.8,3345.2,3889
2025-06-20T07:00:00.000Z,3345.19,3354.37,3343.27,3353.09,4970
2025-06-20T07:15:00.000Z,3353.09,3355.37,3349.9,3352.07,3902
2025-06-20T07:30:00.000Z,3351.97,3352.07,3347.45,3348.12,3648
2025-06-20T07:45:00.000Z,3348.16,3349.71,3346.08,3347.64,3116
2025-06-20T08:00:00.000Z,3347.58,3349.12,3346.69,3348.61,3302
2025-06-20T08:15:00.000Z,3348.62,3350.3,3347.56,3348.9,3019
2025-06-20T08:30:00.000Z,3348.88,3352.31,3348.33,3352.21,3111
2025-06-20T08:45:00.000Z,3352.29,3352.42,3349.57,3351.03,2668
2025-06-20T09:00:00.000Z,3350.96,3354.15,3349.23,3353.98,3184
2025-06-20T09:15:00.000Z,3353.94,3356.7,3352.38,3355.94,3444
2025-06-20T09:30:00.000Z,3355.79,3358.64,3355.53,3358.26,3167
2025-06-20T09:45:00.000Z,3358.28,3359.18,3354.31,3355.25,3830
2025-06-20T10:00:00.000Z,3355.26,3356.86,3354.98,3356.29,2672
2025-06-20T10:15:00.000Z,3356.3,3357.9,3355.14,3356.44,2170
2025-06-20T10:30:00.000Z,3356.43,3356.91,3355.1,3356.68,2054
2025-06-20T10:45:00.000Z,3356.57,3357.4,3355.37,3355.37,2528
2025-06-20T11:00:00.000Z,3355.32,3355.97,3352.91,3354.27,2842
2025-06-20T11:15:00.000Z,3354.08,3354.47,3351.09,3351.78,2343
2025-06-20T11:30:00.000Z,3351.89,3355.41,3351.05,3351.7,3244
2025-06-20T11:45:00.000Z,3351.67,3353.97,3346.73,3347.02,5873
2025-06-20T12:00:00.000Z,3347.33,3350.47,3345.74,3348.03,4097
2025-06-20T12:15:00.000Z,3348.07,3350.73,3346.6,3348.44,3616
2025-06-20T12:30:00.000Z,3348.42,3349.32,3341.85,3346.58,6793
2025-06-20T12:45:00.000Z,3346.6,3346.76,3343.4,3344.43,5135
2025-06-20T13:00:00.000Z,3344.51,3353.15,3342.96,3352.45,6943
2025-06-20T13:15:00.000Z,3352.46,3357.39,3350.57,3357.14,5300
2025-06-20T13:30:00.000Z,3357.23,3364.8,3356.53,3364.11,7630
2025-06-20T13:45:00.000Z,3364.12,3373.8,3364.07,3370.32,7394
2025-06-20T14:00:00.000Z,3370.3,3374.43,3366.2,3370.76,7332
2025-06-20T14:15:00.000Z,3370.79,3371.04,3365.24,3367.92,6440
2025-06-20T14:30:00.000Z,3367.87,3370.45,3365.39,3367.37,5847
2025-06-20T14:45:00.000Z,3367.38,3370.61,3365.2,3369.28,4989
2025-06-20T15:00:00.000Z,3369.29,3371.69,3367.18,3367.52,4444
2025-06-20T15:15:00.000Z,3367.52,3369.09,3365.83,3368.59,3594
2025-06-20T15:30:00.000Z,3368.53,3368.89,3366.38,3366.43,2910
2025-06-20T15:45:00.000Z,3366.47,3371.68,3366.37,3369.8,3109
2025-06-20T16:00:00.000Z,3369.79,3370.31,3367.74,3369.54,3384
2025-06-20T16:15:00.000Z,3369.53,3370.82,3368.9,3369.54,2680
2025-06-20T16:30:00.000Z,3369.52,3373.28,3368.87,3373.07,3015
2025-06-20T16:45:00.000Z,3373.08,3373.24,3370.11,3371.42,2881
2025-06-20T17:00:00.000Z,3371.39,3371.67,3370.06,3370.79,2652
2025-06-20T17:15:00.000Z,3370.78,3371.51,3369.44,3369.76,3592
2025-06-20T17:30:00.000Z,3369.79,3369.94,3367.88,3369.46,2913
2025-06-20T17:45:00.000Z,3369.46,3370.22,3366.48,3367.25,2598
2025-06-20T18:00:00.000Z,3367.29,3367.86,3365.85,3366.62,2663
2025-06-20T18:15:00.000Z,3366.65,3366.8,3364.61,3365.87,2952
2025-06-20T18:30:00.000Z,3365.82,3366.35,3364.53,3365.64,2117
2025-06-20T18:45:00.000Z,3365.64,3367.22,3364.91,3366.49,1918
2025-06-20T19:00:00.000Z,3366.53,3370.48,3366.34,3370.15,2427
2025-06-20T19:15:00.000Z,3370.14,3370.55,3368.95,3369.33,1800
2025-06-20T19:30:00.000Z,3369.29,3369.42,3365.57,3365.62,2121
2025-06-20T19:45:00.000Z,3365.68,3365.93,3364.84,3365.4,2885
2025-06-20T20:00:00.000Z,3365.39,3366.23,3364.61,3365.55,2326
2025-06-20T20:15:00.000Z,3365.56,3369.06,3365.39,3368.06,1707
2025-06-20T20:30:00.000Z,3367.95,3369.06,3367.54,3368,1123
2025-06-20T20:45:00.000Z,3367.89,3368.91,3367.29,3368.47,754
2025-06-22T22:00:00.000Z,3392.68,3392.86,3375.22,3379.8,3736
2025-06-22T22:15:00.000Z,3379.96,3385.98,3375.57,3375.69,4570
2025-06-22T22:30:00.000Z,3375.62,3380.09,3372.39,3379.66,4188
2025-06-22T22:45:00.000Z,3379.34,3384.59,3378.2,3379.02,2844
2025-06-22T23:00:00.000Z,3378.98,3380.45,3372.34,3375.98,3701
2025-06-22T23:15:00.000Z,3376.17,3377.11,3373.11,3375.06,1860
2025-06-22T23:30:00.000Z,3374.99,3378.4,3374.67,3376.79,1950
2025-06-22T23:45:00.000Z,3376.83,3376.83,3371.12,3372.71,2748
2025-06-23T00:00:00.000Z,3372.71,3373.49,3366.76,3368.23,4519
2025-06-23T00:15:00.000Z,3368.31,3369.1,3362.26,3362.68,3606
2025-06-23T00:30:00.000Z,3362.7,3366.04,3358.57,3364.94,4917
2025-06-23T00:45:00.000Z,3364.66,3366.8,3363.1,3365.57,3062
2025-06-23T01:00:00.000Z,3365.56,3367.99,3361.84,3365.64,6074
2025-06-23T01:15:00.000Z,3365.67,3365.98,3351.93,3353.4,5399
2025-06-23T01:30:00.000Z,3353.41,3358.98,3352.7,3357.96,4261
2025-06-23T01:45:00.000Z,3358.02,3358.02,3354.39,3355.17,3784
2025-06-23T02:00:00.000Z,3355.18,3363.6,3354.7,3362.9,4167
2025-06-23T02:15:00.000Z,3362.86,3364.79,3362.22,3363.24,2814
2025-06-23T02:30:00.000Z,3363.31,3364.26,3361.17,3362.73,3323
2025-06-23T02:45:00.000Z,3362.64,3362.9,3360.53,3361.4,3201
2025-06-23T03:00:00.000Z,3361.37,3366.23,3360.32,3363.6,3457
2025-06-23T03:15:00.000Z,3363.58,3366.08,3361.45,3361.77,2922
2025-06-23T03:30:00.000Z,3361.71,3364.72,3361.09,3362.33,2814
2025-06-23T03:45:00.000Z,3362.35,3364.35,3362.16,3363.31,1965
2025-06-23T04:00:00.000Z,3363.31,3364.87,3361.27,3361.69,2029
2025-06-23T04:15:00.000Z,3361.71,3362.24,3358.3,3359.79,1945
2025-06-23T04:30:00.000Z,3359.8,3361.01,3356.74,3357.69,1920
2025-06-23T04:45:00.000Z,3357.68,3359.01,3357.31,3358.45,1672
2025-06-23T05:00:00.000Z,3358.63,3360.51,3357.8,3358.58,2342
2025-06-23T05:15:00.000Z,3358.56,3359.37,3354.4,3354.94,3219
2025-06-23T05:30:00.000Z,3354.72,3355.89,3346.97,3353.17,4998
2025-06-23T05:45:00.000Z,3353.21,3357.32,3353.21,3356.72,4008
2025-06-23T06:00:00.000Z,3356.96,3359.84,3354.78,3356.45,4534
2025-06-23T06:15:00.000Z,3356.44,3357.95,3353.89,3354.97,4172
2025-06-23T06:30:00.000Z,3354.99,3357.02,3352.63,3353.29,3592
2025-06-23T06:45:00.000Z,3353.28,3358.59,3353.02,3357.57,3429
2025-06-23T07:00:00.000Z,3357.56,3357.87,3351.61,3352.52,4482
2025-06-23T07:15:00.000Z,3352.45,3356.5,3352.25,3356.39,3515
2025-06-23T07:30:00.000Z,3357.04,3358.68,3354.14,3355.93,3561
2025-06-23T07:45:00.000Z,3355.93,3358.78,3354.96,3357.61,3044
2025-06-23T08:00:00.000Z,3357.63,3362.28,3357.63,3359.71,4873
2025-06-23T08:15:00.000Z,3359.7,3362.01,3359.4,3361.27,2793
2025-06-23T08:30:00.000Z,3361.15,3362.26,3359.16,3360.23,2735
2025-06-23T08:45:00.000Z,3360.29,3361.97,3358.91,3361.8,3521
2025-06-23T09:00:00.000Z,3361.78,3368.1,3361.56,3368.07,4715
2025-06-23T09:15:00.000Z,3368.08,3368.96,3364.82,3364.98,4354
2025-06-23T09:30:00.000Z,3364.97,3365.78,3361.79,3364.52,3877
2025-06-23T09:45:00.000Z,3364.47,3367.47,3364.46,3366.55,2940
2025-06-23T10:00:00.000Z,3366.54,3368.17,3363.97,3365.52,3693
2025-06-23T10:15:00.000Z,3365.55,3367.58,3365.42,3366.99,2638
2025-06-23T10:30:00.000Z,3367.03,3368.09,3365.99,3366.09,2203
2025-06-23T10:45:00.000Z,3366.07,3367.96,3364.73,3367.79,2900
2025-06-23T11:00:00.000Z,3367.82,3374.79,3367.82,3374.63,5596
2025-06-23T11:15:00.000Z,3374.62,3381.95,3374.59,3377.98,6469
2025-06-23T11:30:00.000Z,3378.03,3379.99,3375.78,3379.02,3685
2025-06-23T11:45:00.000Z,3378.94,3381.23,3376.56,3380.67,4125
2025-06-23T12:00:00.000Z,3380.68,3380.97,3368.69,3369.08,5332
2025-06-23T12:15:00.000Z,3369.03,3369.16,3359.94,3362.48,5838
2025-06-23T12:30:00.000Z,3362.66,3363.21,3355.85,3360,4784
2025-06-23T12:45:00.000Z,3359.94,3363.8,3359.18,3360.39,4821
2025-06-23T13:00:00.000Z,3360.38,3368.26,3359.72,3367.34,6328
2025-06-23T13:15:00.000Z,3367.35,3369.19,3366.27,3368.52,4961
2025-06-23T13:30:00.000Z,3368.55,3384.61,3368.29,3382.05,8492
2025-06-23T13:45:00.000Z,3381.83,3387.74,3378.76,3380.73,9289
2025-06-23T14:00:00.000Z,3380.68,3384.68,3369.86,3374.83,9761
2025-06-23T14:15:00.000Z,3374.94,3382.46,3374.94,3378.91,7563
2025-06-23T14:30:00.000Z,3378.83,3383.88,3377.58,3383.74,5446
2025-06-23T14:45:00.000Z,3383.73,3386.64,3383,3386.32,5830
2025-06-23T15:00:00.000Z,3386.34,3388.39,3384.45,3387.37,5528
2025-06-23T15:15:00.000Z,3387.36,3388.94,3386.45,3388.15,4302
2025-06-23T15:30:00.000Z,3388.11,3389.53,3385.94,3386.41,4677
2025-06-23T15:45:00.000Z,3386.49,3389.82,3386.08,3387.15,5014
2025-06-23T16:00:00.000Z,3387.13,3389.25,3387.02,3387.61,3784
2025-06-23T16:15:00.000Z,3387.65,3393.38,3387.17,3391.27,5147
2025-06-23T16:30:00.000Z,3391.27,3392.28,3380.51,3386.41,7605
2025-06-23T16:45:00.000Z,3386.38,3390.34,3383.32,3389.77,6862
2025-06-23T17:00:00.000Z,3389.7,3391.44,3384.86,3387.28,6353
2025-06-23T17:15:00.000Z,3387.29,3387.65,3375.58,3379.35,7259
2025-06-23T17:30:00.000Z,3379.31,3384.55,3378.33,3381.88,5146
2025-06-23T17:45:00.000Z,3381.9,3383.42,3380.14,3382.43,4493
2025-06-23T18:00:00.000Z,3382.5,3386.04,3379.13,3386,4365
2025-06-23T18:15:00.000Z,3385.99,3387.5,3383.33,3384.72,4257
2025-06-23T18:30:00.000Z,3384.73,3384.96,3376.81,3378.89,3733
2025-06-23T18:45:00.000Z,3378.87,3381.5,3378.39,3378.57,3439
2025-06-23T19:00:00.000Z,3378.56,3380.94,3378.03,3380.36,3168
2025-06-23T19:15:00.000Z,3380.18,3381.51,3379.54,3380.58,2721
2025-06-23T19:30:00.000Z,3380.6,3382.08,3378.72,3379.14,3014
2025-06-23T19:45:00.000Z,3379.18,3379.57,3375.55,3376.36,4230
2025-06-23T20:00:00.000Z,3376.14,3377.22,3374.01,3374.02,1969
2025-06-23T20:15:00.000Z,3374.01,3375.25,3371.95,3372.62,1861
2025-06-23T20:30:00.000Z,3372.64,3372.64,3367.3,3370.71,2321
2025-06-23T20:45:00.000Z,3370.65,3371.16,3367.17,3368.16,2238
2025-06-23T22:00:00.000Z,3368.26,3369.86,3356.23,3357.45,3340
2025-06-23T22:15:00.000Z,3357.5,3360.87,3350.35,3356.51,4382
2025-06-23T22:30:00.000Z,3356.39,3361.21,3355.55,3357.69,3221
2025-06-23T22:45:00.000Z,3357.66,3359.83,3354.09,3355.37,2240
2025-06-23T23:00:00.000Z,3355.41,3357.21,3350.21,3354.14,3834
2025-06-23T23:15:00.000Z,3354.09,3354.17,3348.94,3352.23,3377
2025-06-23T23:30:00.000Z,3352.31,3353.2,3342.48,3350.93,3969
2025-06-23T23:45:00.000Z,3350.97,3351.1,3341.45,3344.15,4005
2025-06-24T00:00:00.000Z,3344.24,3345.08,3333.12,3344.82,5703
2025-06-24T00:15:00.000Z,3345,3349.19,3344.45,3348.88,4559
2025-06-24T00:30:00.000Z,3348.51,3352.24,3348.51,3351.92,3901
2025-06-24T00:45:00.000Z,3351.91,3355.11,3349.97,3351,5027
2025-06-24T01:00:00.000Z,3351.04,3354.28,3346.72,3349.03,7108
2025-06-24T01:15:00.000Z,3348.96,3352.78,3348.81,3349.61,4506
2025-06-24T01:30:00.000Z,3349.37,3349.87,3342.49,3344.87,5533
2025-06-24T01:45:00.000Z,3344.85,3348.31,3342.1,3347.69,4298
2025-06-24T02:00:00.000Z,3347.75,3352.81,3347.03,3350.69,4042
2025-06-24T02:15:00.000Z,3350.67,3351.37,3345.83,3347.07,3109
2025-06-24T02:30:00.000Z,3347.15,3351.43,3347.11,3349.25,3625
2025-06-24T02:45:00.000Z,3349.45,3352.32,3348.89,3351.81,2592
2025-06-24T03:00:00.000Z,3351.91,3354.18,3351.49,3353.22,2763
2025-06-24T03:15:00.000Z,3353.22,3354.7,3351.55,3352.77,2986
2025-06-24T03:30:00.000Z,3352.59,3357.8,3352.35,3352.94,3305
2025-06-24T03:45:00.000Z,3352.9,3353.48,3351.48,3352.46,2220
2025-06-24T04:00:00.000Z,3352.47,3353.27,3347.6,3349.13,3487
2025-06-24T04:15:00.000Z,3349.14,3350.49,3348.35,3348.92,1654
2025-06-24T04:30:00.000Z,3348.93,3349.49,3346.96,3348.7,1718
2025-06-24T04:45:00.000Z,3348.68,3349.51,3348.15,3348.53,1315
2025-06-24T05:00:00.000Z,3348.47,3348.7,3341.22,3341.68,2721
2025-06-24T05:15:00.000Z,3341.81,3343.55,3337.72,3338.56,3793
2025-06-24T05:30:00.000Z,3338.44,3339.5,3332.04,3332.89,5098
2025-06-24T05:45:00.000Z,3332.85,3334.71,3326.64,3332.01,6029
2025-06-24T06:00:00.000Z,3332.2,3333.12,3324.43,3324.74,7177
2025-06-24T06:15:00.000Z,3324.69,3328.62,3321.96,3322.5,6843
2025-06-24T06:30:00.000Z,3322.61,3323.97,3316,3317.57,7356
2025-06-24T06:45:00.000Z,3317.55,3324.23,3317.55,3322.72,5431
2025-06-24T07:00:00.000Z,3322.74,3326.05,3316.54,3321.72,6670
2025-06-24T07:15:00.000Z,3321.73,3323.84,3319.45,3321.86,4773
2025-06-24T07:30:00.000Z,3321.91,3328.93,3321.76,3324.59,5963
2025-06-24T07:45:00.000Z,3324.58,3331.72,3322.77,3329.69,5481
2025-06-24T08:00:00.000Z,3329.66,3332.2,3326.25,3330.92,5289
2025-06-24T08:15:00.000Z,3330.9,3332.37,3325.69,3327.05,5299
2025-06-24T08:30:00.000Z,3326.95,3328.41,3324.9,3328.18,3593
2025-06-24T08:45:00.000Z,3328.17,3328.3,3324.65,3327.23,3101
2025-06-24T09:00:00.000Z,3327.25,3328.64,3322.63,3324.85,4257
2025-06-24T09:15:00.000Z,3324.9,3324.9,3319.49,3320.71,4622
2025-06-24T09:30:00.000Z,3320.67,3322.45,3319.1,3322.21,3276
2025-06-24T09:45:00.000Z,3322.26,3323.28,3317.87,3318.5,3944
2025-06-24T10:00:00.000Z,3318.48,3323.69,3318.48,3323.26,3158
2025-06-24T10:15:00.000Z,3323.25,3325.59,3322.86,3325.4,2822
2025-06-24T10:30:00.000Z,3325.39,3327.55,3324.84,3326.93,2391
2025-06-24T10:45:00.000Z,3327,3327.56,3324.77,3325.51,2766
2025-06-24T11:00:00.000Z,3325.49,3327.07,3323.83,3325.95,3047
2025-06-24T11:15:00.000Z,3325.95,3328.87,3322.6,3324.34,3890
2025-06-24T11:30:00.000Z,3324.32,3324.51,3321.3,3322.96,3851
2025-06-24T11:45:00.000Z,3322.95,3323.25,3317.89,3321.14,3815
2025-06-24T12:00:00.000Z,3320.72,3320.96,3311.95,3313.24,4687
2025-06-24T12:15:00.000Z,3313.17,3318.69,3311.27,3313.5,6384
2025-06-24T12:30:00.000Z,3313.51,3313.51,3304.42,3310.08,8087
2025-06-24T12:45:00.000Z,3310.07,3317.67,3306.13,3314.77,6435
2025-06-24T13:00:00.000Z,3314.6,3317.76,3311.39,3317.38,6247
2025-06-24T13:15:00.000Z,3317.39,3317.81,3310.16,3310.42,5771
2025-06-24T13:30:00.000Z,3310.43,3313.41,3295.33,3298.77,10709
2025-06-24T13:45:00.000Z,3298.77,3302.83,3295.3,3302.08,9103
2025-06-24T14:00:00.000Z,3302.09,3308.4,3298.77,3308.4,8874
2025-06-24T14:15:00.000Z,3308.1,3310.23,3302.05,3304.97,7933
2025-06-24T14:30:00.000Z,3305.34,3308.94,3301.76,3306.36,6279
2025-06-24T14:45:00.000Z,3306.38,3308.96,3303.94,3304.57,5631
2025-06-24T15:00:00.000Z,3304.38,3304.38,3299.76,3301.53,5919
2025-06-24T15:15:00.000Z,3301.65,3314.06,3301.63,3312.14,6364
2025-06-24T15:30:00.000Z,3312.18,3316.93,3312.04,3315.21,6140
2025-06-24T15:45:00.000Z,3315.22,3315.71,3312.45,3313.22,3841
2025-06-24T16:00:00.000Z,3313.24,3313.84,3311.28,3312.58,3132
2025-06-24T16:15:00.000Z,3312.56,3314.26,3311.34,3311.79,3351
2025-06-24T16:30:00.000Z,3311.82,3317.52,3311.68,3316.95,3638
2025-06-24T16:45:00.000Z,3316.96,3320.34,3315.63,3318.36,4334
2025-06-24T17:00:00.000Z,3318.35,3320.83,3318.35,3318.96,3876
2025-06-24T17:15:00.000Z,3318.97,3320.85,3318.26,3320.55,3926
2025-06-24T17:30:00.000Z,3320.53,3321.18,3319.64,3320.86,2790
2025-06-24T17:45:00.000Z,3320.88,3321.18,3317.92,3317.96,3069
2025-06-24T18:00:00.000Z,3317.95,3318.96,3315.6,3315.65,3302
2025-06-24T18:15:00.000Z,3315.68,3317.97,3315.64,3316.85,2900
2025-06-24T18:30:00.000Z,3316.91,3318.16,3315.89,3318.13,2825
2025-06-24T18:45:00.000Z,3318.12,3318.41,3316.33,3317.1,2540
2025-06-24T19:00:00.000Z,3317.01,3318.32,3316.01,3316.67,2295
2025-06-24T19:15:00.000Z,3316.68,3318.75,3316.23,3318.63,1888
2025-06-24T19:30:00.000Z,3318.61,3325.2,3318.61,3324.62,3326
2025-06-24T19:45:00.000Z,3324.56,3325.04,3322.39,3323.57,3659
2025-06-24T20:00:00.000Z,3323.55,3324.4,3322.33,3322.91,1532
2025-06-24T20:15:00.000Z,3322.99,3324.43,3322.45,3322.73,1538
2025-06-24T20:30:00.000Z,3322.66,3324.17,3321.11,3322.62,1198
2025-06-24T20:45:00.000Z,3322.63,3323.48,3322.01,3322.85,1347
2025-06-24T22:00:00.000Z,3324.27,3324.89,3321.9,3322.77,1558
2025-06-24T22:15:00.000Z,3322.86,3322.98,3320.96,3322.05,1052
2025-06-24T22:30:00.000Z,3322.07,3322.62,3321.12,3321.78,1060
2025-06-24T22:45:00.000Z,3321.71,3322.58,3320.63,3321.42,904
2025-06-24T23:00:00.000Z,3321.59,3323.48,3321.44,3323.34,1140
2025-06-24T23:15:00.000Z,3323.33,3323.93,3322.64,3322.76,1002
2025-06-24T23:30:00.000Z,3322.66,3323.53,3322.26,3323.03,838
2025-06-24T23:45:00.000Z,3322.93,3324.71,3322.83,3324.07,1421
2025-06-25T00:00:00.000Z,3323.98,3326.97,3323.51,3326.47,2267
2025-06-25T00:15:00.000Z,3326.52,3328.6,3326.02,3328.31,2104
2025-06-25T00:30:00.000Z,3328.42,3329.94,3324.85,3325,2754
2025-06-25T00:45:00.000Z,3325.01,3328.06,3324.2,3326.9,2694
2025-06-25T01:00:00.000Z,3326.93,3331.14,3326.35,3330.8,4080
2025-06-25T01:15:00.000Z,3330.8,3332.97,3328.7,3328.81,3416
2025-06-25T01:30:00.000Z,3328.86,3333.26,3327.94,3331.98,3643
2025-06-25T01:45:00.000Z,3332.01,3334.79,3331.73,3334.57,3180
2025-06-25T02:00:00.000Z,3334.55,3335.16,3331.24,3331.46,3214
2025-06-25T02:15:00.000Z,3331.44,3332.08,3329.99,3331.44,2248
2025-06-25T02:30:00.000Z,3331.53,3331.95,3328.77,3329.64,2856
2025-06-25T02:45:00.000Z,3329.76,3330.18,3327.68,3329.32,2761
2025-06-25T03:00:00.000Z,3329.32,3331.21,3327.92,3331.19,2447
2025-06-25T03:15:00.000Z,3331.17,3331.99,3330.05,3330.55,2229
2025-06-25T03:30:00.000Z,3330.54,3330.91,3327.75,3329.8,1910
2025-06-25T03:45:00.000Z,3329.76,3329.76,3327.11,3328.28,1939
2025-06-25T04:00:00.000Z,3328.17,3328.62,3326.62,3326.86,1516
2025-06-25T04:15:00.000Z,3326.92,3329.15,3326.67,3327.19,1261
2025-06-25T04:30:00.000Z,3327.16,3327.45,3326.45,3326.76,1239
2025-06-25T04:45:00.000Z,3326.83,3328.51,3325.69,3327.4,1627
2025-06-25T05:00:00.000Z,3327.37,3329.56,3326.61,3329.36,1780
2025-06-25T05:15:00.000Z,3329.2,3329.83,3328.33,3329.82,1603
2025-06-25T05:30:00.000Z,3329.97,3333.13,3329.69,3332.6,2917
2025-06-25T05:45:00.000Z,3332.59,3333.6,3331.37,3331.55,2420
2025-06-25T06:00:00.000Z,3331.59,3333.32,3329.37,3329.82,2969
2025-06-25T06:15:00.000Z,3329.8,3331.97,3329.19,3330.49,2935
2025-06-25T06:30:00.000Z,3330.25,3332.8,3329.09,3332.54,2830
2025-06-25T06:45:00.000Z,3332.57,3333.36,3331.02,3331.77,2824
2025-06-25T07:00:00.000Z,3331.76,3333.86,3327.63,3328,4009
2025-06-25T07:15:00.000Z,3327.85,3334.06,3326.71,3334.06,3788
2025-06-25T07:30:00.000Z,3334.11,3335.97,3332.07,3335.26,3326
2025-06-25T07:45:00.000Z,3335.23,3337.13,3329.91,3330.62,4481
2025-06-25T08:00:00.000Z,3330.63,3332.37,3327.85,3328.19,3155
2025-06-25T08:15:00.000Z,3328.2,3329.87,3326.47,3329.65,4877
2025-06-25T08:30:00.000Z,3329.57,3330.24,3328.17,3330.01,2686
2025-06-25T08:45:00.000Z,3330,3330.01,3326.87,3327.19,2732
2025-06-25T09:00:00.000Z,3327.2,3327.2,3321.84,3322.17,4827
2025-06-25T09:15:00.000Z,3322.04,3324.92,3321.76,3322.59,2997
2025-06-25T09:30:00.000Z,3322.5,3324.25,3321.45,3323.37,2739
2025-06-25T09:45:00.000Z,3323.47,3325.29,3323.11,3325.29,2064
2025-06-25T10:00:00.000Z,3325.2,3328.38,3324.99,3327.56,2977
2025-06-25T10:15:00.000Z,3327.57,3329.44,3324.15,3326.51,3523
2025-06-25T10:30:00.000Z,3326.53,3326.58,3324.19,3325.18,1959
2025-06-25T10:45:00.000Z,3325.22,3328.04,3324.4,3324.43,2392
2025-06-25T11:00:00.000Z,3324.39,3328.99,3323.94,3328.93,2355
2025-06-25T11:15:00.000Z,3328.92,3329.45,3324.75,3325.26,3293
2025-06-25T11:30:00.000Z,3325.16,3328.42,3324.46,3325.05,3430
2025-06-25T11:45:00.000Z,3324.93,3325.42,3322.11,3322.61,3789
2025-06-25T12:00:00.000Z,3322.7,3326.59,3321.63,3325.92,3010
2025-06-25T12:15:00.000Z,3325.93,3329.38,3325.3,3328.19,3555
2025-06-25T12:30:00.000Z,3327.7,3328.19,3319.31,3319.69,4296
2025-06-25T12:45:00.000Z,3319.6,3322.21,3318.14,3320.59,3746
2025-06-25T13:00:00.000Z,3320.72,3321.54,3313.72,3314.86,5281
2025-06-25T13:15:00.000Z,3314.87,3318.89,3314.05,3314.08,4171
2025-06-25T13:30:00.000Z,3314.05,3315.71,3311.89,3314.92,6543
2025-06-25T13:45:00.000Z,3314.75,3317.43,3313.5,3314.61,5515
2025-06-25T14:00:00.000Z,3314.56,3322,3312.36,3319.78,6750
2025-06-25T14:15:00.000Z,3319.86,3322.96,3318.73,3321.81,5606
2025-06-25T14:30:00.000Z,3321.82,3323.45,3320.49,3322,4708
2025-06-25T14:45:00.000Z,3322.02,3326.31,3320.93,3323.37,4672
2025-06-25T15:00:00.000Z,3323.38,3325.82,3322.49,3325.28,4102
2025-06-25T15:15:00.000Z,3325.29,3325.4,3322.58,3322.69,3143
2025-06-25T15:30:00.000Z,3322.68,3326.56,3321.58,3325.96,3272
2025-06-25T15:45:00.000Z,3325.85,3327.07,3324.92,3325.55,3397
2025-06-25T16:00:00.000Z,3325.69,3328.32,3324.17,3327.65,3281
2025-06-25T16:15:00.000Z,3327.55,3329.24,3326.91,3329.24,3274
2025-06-25T16:30:00.000Z,3329.12,3333.77,3329.11,3332.93,4299
2025-06-25T16:45:00.000Z,3332.91,3335.11,3332.56,3334.75,3873
2025-06-25T17:00:00.000Z,3334.76,3335.29,3333.04,3333.63,4158
2025-06-25T17:15:00.000Z,3333.62,3333.64,3328.59,3328.86,3913
2025-06-25T17:30:00.000Z,3329.34,3330.09,3324.73,3327.51,5096
2025-06-25T17:45:00.000Z,3327.44,3328.63,3326.41,3327.96,3687
2025-06-25T18:00:00.000Z,3327.98,3329.43,3326.2,3328.08,3090
2025-06-25T18:15:00.000Z,3328.09,3330.29,3327.68,3329.51,2867
2025-06-25T18:30:00.000Z,3329.58,3330.14,3329.16,3329.72,2587
2025-06-25T18:45:00.000Z,3329.73,3331.71,3329.56,3331.61,2643
2025-06-25T19:00:00.000Z,3331.58,3332.85,3330.37,3331.59,2399
2025-06-25T19:15:00.000Z,3331.58,3334.13,3330.82,3333.93,2487
2025-06-25T19:30:00.000Z,3334.03,3335.93,3333.62,3335.86,2870
2025-06-25T19:45:00.000Z,3335.89,3335.93,3332.19,3333.62,3775
2025-06-25T20:00:00.000Z,3333.69,3335.53,3331.35,3332.36,2474
2025-06-25T20:15:00.000Z,3332.18,3333.31,3332.08,3332.84,1905
2025-06-25T20:30:00.000Z,3332.77,3333.42,3332.52,3333.39,1037
2025-06-25T20:45:00.000Z,3333.33,3333.33,3331.65,3331.65,1017
2025-06-25T22:00:00.000Z,3333.89,3335.57,3333.03,3333.54,1141
2025-06-25T22:15:00.000Z,3333.5,3333.7,3331.24,3332.19,1099
2025-06-25T22:30:00.000Z,3332.17,3334.74,3331.78,3334.08,1293
2025-06-25T22:45:00.000Z,3334.09,3334.37,3332.55,3333.17,1079
2025-06-25T23:00:00.000Z,3333.19,3337.27,3332.82,3336.99,2412
2025-06-25T23:15:00.000Z,3336.94,3337.38,3336.41,3336.95,1309
2025-06-25T23:30:00.000Z,3336.95,3338.04,3336.53,3337.72,1768
2025-06-25T23:45:00.000Z,3337.58,3339.83,3337.3,3338.96,1724
2025-06-26T00:00:00.000Z,3339.1,3339.2,3332.68,3335.55,3329
2025-06-26T00:15:00.000Z,3335.51,3336.53,3333.25,3333.49,2032
2025-06-26T00:30:00.000Z,3333.47,3335.38,3332.08,3334.71,1912
2025-06-26T00:45:00.000Z,3334.72,3335.59,3332.06,3333.97,2357
2025-06-26T01:00:00.000Z,3334.01,3336.61,3331.39,3333.01,4586
2025-06-26T01:15:00.000Z,3332.98,3335.09,3329.96,3331.4,3648
2025-06-26T01:30:00.000Z,3331.72,3332.75,3330.71,3331.46,2722
2025-06-26T01:45:00.000Z,3331.46,3333.67,3329.22,3330.18,3194
2025-06-26T02:00:00.000Z,3330.1,3332.41,3329.22,3331.89,2341
2025-06-26T02:15:00.000Z,3331.93,3336.41,3331.5,3335.67,2582
2025-06-26T02:30:00.000Z,3335.59,3340.04,3335.18,3339.88,3405
2025-06-26T02:45:00.000Z,3339.9,3341.67,3338.64,3339.46,3385
2025-06-26T03:00:00.000Z,3339.45,3343.2,3337.94,3341.36,3773
2025-06-26T03:15:00.000Z,3341.28,3341.47,3338.76,3338.86,2233
2025-06-26T03:30:00.000Z,3338.96,3339.47,3336.82,3338.13,2106
2025-06-26T03:45:00.000Z,3338.08,3338.82,3336.32,3337.9,1759
2025-06-26T04:00:00.000Z,3337.91,3338.03,3335.56,3336.23,1690
2025-06-26T04:15:00.000Z,3336.04,3337.56,3335.51,3335.74,1821
2025-06-26T04:30:00.000Z,3335.55,3335.89,3334.12,3335.02,1934
2025-06-26T04:45:00.000Z,3334.99,3335.59,3333.28,3333.84,1790
2025-06-26T05:00:00.000Z,3333.85,3334.79,3333.09,3333.92,1761
2025-06-26T05:15:00.000Z,3333.93,3335.65,3333.35,3334.17,1911
2025-06-26T05:30:00.000Z,3334.16,3338.13,3332.37,3335.56,3634
2025-06-26T05:45:00.000Z,3335.59,3336.82,3333.22,3334.07,2959
2025-06-26T06:00:00.000Z,3333.93,3335.42,3330.95,3332.71,4015
2025-06-26T06:15:00.000Z,3332.72,3337.21,3331.41,3336.94,3424
2025-06-26T06:30:00.000Z,3336.92,3338.01,3332.51,3337.08,3761
2025-06-26T06:45:00.000Z,3337.06,3340.4,3336.84,3339.81,3849
2025-06-26T07:00:00.000Z,3339.64,3343.89,3339.62,3343.16,3831
2025-06-26T07:15:00.000Z,3343.08,3345.96,3343.07,3345.44,3781
2025-06-26T07:30:00.000Z,3345.52,3346.91,3344.88,3346.16,3236
2025-06-26T07:45:00.000Z,3346.1,3347.11,3344.98,3346.04,3076
2025-06-26T08:00:00.000Z,3346.03,3347.21,3344.4,3347.16,3421
2025-06-26T08:15:00.000Z,3347.1,3347.56,3345.33,3345.5,3094
2025-06-26T08:30:00.000Z,3345.49,3347.44,3345.08,3346.83,3011
2025-06-26T08:45:00.000Z,3347.06,3350.32,3346.39,3348.15,4986
2025-06-26T09:00:00.000Z,3348.1,3348.69,3340.6,3341.03,5852
2025-06-26T09:15:00.000Z,3341.04,3342.08,3339.25,3340.6,4374
2025-06-26T09:30:00.000Z,3340.54,3342.01,3338.78,3340.69,3443
2025-06-26T09:45:00.000Z,3340.68,3341.46,3339.22,3340.54,2993
2025-06-26T10:00:00.000Z,3340.53,3342.11,3338.36,3339.55,3237
2025-06-26T10:15:00.000Z,3339.57,3340.65,3337.93,3340.37,2450
2025-06-26T10:30:00.000Z,3340.38,3341.06,3338.4,3339.35,2085
2025-06-26T10:45:00.000Z,3339.45,3343.39,3339.39,3343.25,2261
2025-06-26T11:00:00.000Z,3343.22,3344.07,3341.14,3341.56,2497
2025-06-26T11:15:00.000Z,3341.27,3342.11,3339.13,3339.21,2558
2025-06-26T11:30:00.000Z,3339.41,3339.74,3332.7,3333.77,4051
2025-06-26T11:45:00.000Z,3333.79,3335.8,3331.51,3332.93,4457
2025-06-26T12:00:00.000Z,3332.95,3337,3332.09,3334.93,3784
2025-06-26T12:15:00.000Z,3335.16,3344.02,3334.23,3342.7,3939
2025-06-26T12:30:00.000Z,3342.74,3343.37,3330.38,3334.21,7053
2025-06-26T12:45:00.000Z,3334.19,3335.43,3321.67,3321.99,7089
2025-06-26T13:00:00.000Z,3322,3324.68,3316.25,3319.51,7906
2025-06-26T13:15:00.000Z,3319.5,3325.43,3318.27,3319.39,6221
2025-06-26T13:30:00.000Z,3319.35,3321.52,3309.82,3321.48,9115
2025-06-26T13:45:00.000Z,3321.41,3328.68,3319.8,3319.88,8166
2025-06-26T14:00:00.000Z,3319.75,3322.87,3317.12,3322.23,7012
2025-06-26T14:15:00.000Z,3322.34,3323.78,3313.1,3313.8,6536
2025-06-26T14:30:00.000Z,3313.77,3320.19,3311.89,3319.22,7244
2025-06-26T14:45:00.000Z,3319.23,3320.61,3316.83,3318.32,5529
2025-06-26T15:00:00.000Z,3318.41,3323.51,3318.41,3323.19,4750
2025-06-26T15:15:00.000Z,3323.09,3323.75,3321.01,3322.23,3410
2025-06-26T15:30:00.000Z,3322.24,3323.47,3320.87,3323,3954
2025-06-26T15:45:00.000Z,3323,3324.88,3321.28,3324.82,3105
2025-06-26T16:00:00.000Z,3324.85,3326.5,3323.75,3325.71,2921
2025-06-26T16:15:00.000Z,3325.7,3330.85,3325.58,3329.62,4211
2025-06-26T16:30:00.000Z,3329.63,3332.6,3329.47,3331.87,3843
2025-06-26T16:45:00.000Z,3331.83,3333.28,3330.43,3331.3,3988
2025-06-26T17:00:00.000Z,3331.29,3333.52,3331.2,3332.52,3479
2025-06-26T17:15:00.000Z,3332.36,3335.59,3332.36,3334.48,3947
2025-06-26T17:30:00.000Z,3334.47,3335.29,3332.93,3335.01,3167
2025-06-26T17:45:00.000Z,3335.07,3336.38,3332.17,3332.62,3615
2025-06-26T18:00:00.000Z,3332.64,3334.84,3331.19,3333.98,3060
2025-06-26T18:15:00.000Z,3333.97,3333.97,3332.38,3332.52,2675
2025-06-26T18:30:00.000Z,3332.72,3333.87,3332.37,3333.2,2116
2025-06-26T18:45:00.000Z,3333.21,3334.79,3332.97,3334.04,2432
2025-06-26T19:00:00.000Z,3334.03,3334.27,3329.84,3329.85,2605
2025-06-26T19:15:00.000Z,3329.86,3331.03,3328.16,3330.94,2716
2025-06-26T19:30:00.000Z,3330.95,3331.53,3330.32,3330.41,1872
2025-06-26T19:45:00.000Z,3330.46,3331.47,3329.08,3331.27,2478
2025-06-26T20:00:00.000Z,3331.24,3332.25,3330.38,3331.71,1531
2025-06-26T20:15:00.000Z,3331.8,3331.85,3329.07,3330.64,1086
2025-06-26T20:30:00.000Z,3330.67,3330.98,3329.21,3329.3,943
2025-06-26T20:45:00.000Z,3329.32,3330,3327.4,3327.62,1256
2025-06-26T22:00:00.000Z,3327.39,3327.87,3322.58,3324.27,1813
2025-06-26T22:15:00.000Z,3324.27,3324.28,3321.13,3322.61,1340
2025-06-26T22:30:00.000Z,3322.66,3323.86,3319.56,3319.92,1338
2025-06-26T22:45:00.000Z,3319.83,3322.46,3318.8,3321.42,1759
2025-06-26T23:00:00.000Z,3321.51,3323.61,3321.2,3322.98,1680
2025-06-26T23:15:00.000Z,3322.97,3323.44,3321.15,3321.41,1283
2025-06-26T23:30:00.000Z,3321.48,3321.91,3318.09,3319.44,2437
2025-06-26T23:45:00.000Z,3319.41,3320.86,3316.18,3318.61,1987
2025-06-27T00:00:00.000Z,3318.62,3319.85,3314.87,3316.7,2819
2025-06-27T00:15:00.000Z,3316.71,3316.78,3313.54,3314.99,2782
2025-06-27T00:30:00.000Z,3314.98,3315.74,3313.11,3315.12,2666
2025-06-27T00:45:00.000Z,3315.09,3318.86,3313.86,3318.81,2816
2025-06-27T01:00:00.000Z,3318.64,3319.98,3315.77,3316.47,4077
2025-06-27T01:15:00.000Z,3316.67,3321.17,3314.95,3321.14,3204
2025-06-27T01:30:00.000Z,3321.17,3321.97,3315.93,3316.66,3225
2025-06-27T01:45:00.000Z,3316.71,3318.6,3314.71,3316.39,3992
2025-06-27T02:00:00.000Z,3316.37,3320.29,3314.54,3317.89,3942
2025-06-27T02:15:00.000Z,3317.87,3319.8,3313.75,3313.92,2662
2025-06-27T02:30:00.000Z,3313.79,3313.96,3310.84,3311.68,4644
2025-06-27T02:45:00.000Z,3311.54,3312.14,3308.48,3308.77,4418
2025-06-27T03:00:00.000Z,3308.76,3310.95,3304.47,3304.89,4687
2025-06-27T03:15:00.000Z,3304.87,3304.88,3299.34,3302.36,5999
2025-06-27T03:30:00.000Z,3302.37,3303.58,3298.13,3298.95,3149
2025-06-27T03:45:00.000Z,3298.94,3298.97,3292.52,3294.27,4271
2025-06-27T04:00:00.000Z,3293.8,3294.61,3291.06,3293.47,3471
2025-06-27T04:15:00.000Z,3293.46,3295.28,3292.77,3294.1,2838
2025-06-27T04:30:00.000Z,3294.12,3297.45,3293.21,3296.11,2948
2025-06-27T04:45:00.000Z,3296.06,3297.17,3293.07,3293.87,2455
2025-06-27T05:00:00.000Z,3293.9,3296.29,3289.21,3293.61,3180
2025-06-27T05:15:00.000Z,3293.68,3299.41,3293.1,3298.24,3904
2025-06-27T05:30:00.000Z,3298.47,3300.8,3295.2,3300.7,4192
2025-06-27T05:45:00.000Z,3300.72,3300.94,3296,3297.08,3758
2025-06-27T06:00:00.000Z,3297.29,3299.85,3292.58,3294.66,4917
2025-06-27T06:15:00.000Z,3294.74,3296.97,3292.91,3294.58,4310
2025-06-27T06:30:00.000Z,3294.5,3295.17,3286.87,3288.29,5523
2025-06-27T06:45:00.000Z,3288.21,3295.85,3287.58,3294.9,5177
2025-06-27T07:00:00.000Z,3294.98,3295.32,3286.94,3287.44,5381
2025-06-27T07:15:00.000Z,3287.43,3289.72,3283.55,3289.09,6178
2025-06-27T07:30:00.000Z,3289.16,3289.91,3285.01,3287.43,4776
2025-06-27T07:45:00.000Z,3287.35,3287.86,3284.41,3284.45,4242
2025-06-27T08:00:00.000Z,3284.48,3287.85,3282.33,3283.64,4906
2025-06-27T08:15:00.000Z,3283.65,3287.44,3281.92,3283.37,4688
2025-06-27T08:30:00.000Z,3283.39,3287.99,3282.97,3287.65,3772
2025-06-27T08:45:00.000Z,3287.7,3291.04,3287.7,3289.27,3691
2025-06-27T09:00:00.000Z,3289.28,3289.64,3285.41,3285.5,3543
2025-06-27T09:15:00.000Z,3285.42,3288.37,3284.07,3285.6,4780
2025-06-27T09:30:00.000Z,3285.62,3289.32,3284.96,3287.14,3659
2025-06-27T09:45:00.000Z,3287.12,3287.98,3282.14,3282.73,3663
2025-06-27T10:00:00.000Z,3282.77,3290.41,3282.49,3288.52,3463
2025-06-27T10:15:00.000Z,3288.59,3290.85,3286.33,3287.33,3865
2025-06-27T10:30:00.000Z,3287.32,3287.72,3283.42,3284.9,3039
2025-06-27T10:45:00.000Z,3284.92,3285.95,3279.67,3285.56,4122
2025-06-27T11:00:00.000Z,3285.84,3287.9,3283.42,3284.08,2986
2025-06-27T11:15:00.000Z,3284.11,3285.7,3282.53,3284.76,3685
2025-06-27T11:30:00.000Z,3284.75,3285.13,3279.28,3281.31,4351
2025-06-27T11:45:00.000Z,3281.12,3283.6,3276.01,3281.35,5415
2025-06-27T12:00:00.000Z,3281.3,3282.27,3272.46,3275.73,5949
2025-06-27T12:15:00.000Z,3275.74,3281.3,3272.67,3279.81,6078
2025-06-27T12:30:00.000Z,3279.67,3280.68,3270.91,3271.08,7654
2025-06-27T12:45:00.000Z,3271.11,3276.3,3269.53,3270.06,6349
2025-06-27T13:00:00.000Z,3270.12,3270.67,3261.62,3262.7,9105
2025-06-27T13:15:00.000Z,3262.62,3264.06,3256.23,3256.78,7719
2025-06-27T13:30:00.000Z,3256.73,3265.35,3255.79,3265.35,9261
2025-06-27T13:45:00.000Z,3265.37,3274.37,3263.9,3274.31,7897
2025-06-27T14:00:00.000Z,3274.08,3277.22,3270.38,3270.47,7997
2025-06-27T14:15:00.000Z,3270.1,3275.08,3264.82,3274.87,7634
2025-06-27T14:30:00.000Z,3274.92,3278.08,3265.94,3267.86,7875
2025-06-27T14:45:00.000Z,3267.76,3272.74,3263.65,3272.41,6574
2025-06-27T15:00:00.000Z,3272.45,3275.5,3271.56,3272.76,5730
2025-06-27T15:15:00.000Z,3272.73,3274.46,3271.6,3272.15,4478
2025-06-27T15:30:00.000Z,3272.09,3277.13,3271.03,3277.03,4958
2025-06-27T15:45:00.000Z,3277.1,3277.5,3274.08,3274.58,4194
2025-06-27T16:00:00.000Z,3274.59,3277.46,3274.31,3276.89,3686
2025-06-27T16:15:00.000Z,3276.88,3278.21,3275.58,3277.79,3788
2025-06-27T16:30:00.000Z,3277.83,3278.58,3273.37,3274.8,4136
2025-06-27T16:45:00.000Z,3274.74,3278.18,3273.77,3277.6,3546
2025-06-27T17:00:00.000Z,3277.65,3277.74,3274.38,3276.19,3532
2025-06-27T17:15:00.000Z,3276.2,3276.9,3274,3275.93,3170
2025-06-27T17:30:00.000Z,3275.96,3276.25,3272.81,3273.26,3010
2025-06-27T17:45:00.000Z,3273.24,3282.78,3272.8,3277.39,6697
2025-06-27T18:00:00.000Z,3277.46,3278.35,3272.42,3274.44,4887
2025-06-27T18:15:00.000Z,3274.47,3275.74,3272.95,3274.01,3998
2025-06-27T18:30:00.000Z,3274,3274,3270.52,3270.88,3734
2025-06-27T18:45:00.000Z,3270.81,3276.61,3270.8,3275.79,3676
2025-06-27T19:00:00.000Z,3275.8,3276.41,3272.19,3273.22,2738
2025-06-27T19:15:00.000Z,3273.02,3273.04,3268.34,3271.61,3689
2025-06-27T19:30:00.000Z,3271.6,3272.2,3269.44,3270.6,3110
2025-06-27T19:45:00.000Z,3270.59,3271.85,3269.56,3270.52,4404
2025-06-27T20:00:00.000Z,3270.59,3273.62,3270.28,3273.58,1823
2025-06-27T20:15:00.000Z,3273.59,3275.52,3272.49,3273.67,1672
2025-06-27T20:30:00.000Z,3273.68,3274.11,3273.01,3273.37,1437
2025-06-27T20:45:00.000Z,3273.27,3275.05,3273.23,3274.54,1092
2025-06-29T22:00:00.000Z,3272.85,3281.54,3264.6,3265.6,3220
2025-06-29T22:15:00.000Z,3265.83,3265.95,3248.26,3249.42,4592
2025-06-29T22:30:00.000Z,3249.42,3264.93,3249.27,3264,4308
2025-06-29T22:45:00.000Z,3263.96,3265.63,3261.85,3263.71,2685
2025-06-29T23:00:00.000Z,3264.24,3270.76,3264.09,3267.61,3338
2025-06-29T23:15:00.000Z,3267.64,3269.96,3267.49,3268.33,1385
2025-06-29T23:30:00.000Z,3268.42,3270.05,3266.58,3266.77,2174
2025-06-29T23:45:00.000Z,3266.79,3268.58,3262.79,3263.69,2650
2025-06-30T00:00:00.000Z,3263.62,3268.21,3263,3267.78,2834
2025-06-30T00:15:00.000Z,3267.68,3269.71,3266.42,3268.34,1857
2025-06-30T00:30:00.000Z,3268.32,3268.83,3262.57,3264.75,2674
2025-06-30T00:45:00.000Z,3264.78,3266.68,3263.51,3264.43,2460
2025-06-30T01:00:00.000Z,3264.4,3268.44,3259.41,3267.65,6261
2025-06-30T01:15:00.000Z,3267.7,3275.79,3267.7,3275.06,4432
2025-06-30T01:30:00.000Z,3275.1,3275.83,3271,3271.79,3622
2025-06-30T01:45:00.000Z,3271.78,3275.07,3271.58,3273.85,3278
2025-06-30T02:00:00.000Z,3273.9,3282.37,3273.56,3279.82,4820
2025-06-30T02:15:00.000Z,3279.88,3282.43,3279.23,3280.18,2325
2025-06-30T02:30:00.000Z,3280.2,3283.19,3277.36,3278.39,3100
2025-06-30T02:45:00.000Z,3278.34,3280.87,3277.2,3280.19,2212
2025-06-30T03:00:00.000Z,3280.06,3281.11,3279.17,3280.74,1988
2025-06-30T03:15:00.000Z,3280.64,3282.72,3278.18,3278.97,2990
2025-06-30T03:30:00.000Z,3278.91,3280.5,3278.41,3278.86,1577
2025-06-30T03:45:00.000Z,3278.86,3281.08,3277.84,3278.89,2080
2025-06-30T04:00:00.000Z,3278.9,3281.4,3278.57,3280.49,1815
2025-06-30T04:15:00.000Z,3280.45,3280.89,3276.93,3278.04,1952
2025-06-30T04:30:00.000Z,3278.15,3280.74,3278.11,3279.98,1302
2025-06-30T04:45:00.000Z,3280.07,3286.27,3279.97,3285.58,2372
2025-06-30T05:00:00.000Z,3285.54,3287.11,3284.63,3286.36,2451
2025-06-30T05:15:00.000Z,3286.38,3288.8,3285.87,3288.04,2238
2025-06-30T05:30:00.000Z,3288.07,3289.6,3286.18,3287.6,3125
2025-06-30T05:45:00.000Z,3287.63,3291.32,3287.45,3288.85,3068
2025-06-30T06:00:00.000Z,3288.86,3291.43,3288.86,3290.09,3059
2025-06-30T06:15:00.000Z,3290.22,3291.67,3287.89,3290.59,3322
2025-06-30T06:30:00.000Z,3290.57,3295.52,3289.26,3295.34,4188
2025-06-30T06:45:00.000Z,3295.24,3295.47,3290.92,3292.06,4003
2025-06-30T07:00:00.000Z,3291.99,3295.59,3291.04,3294.81,3727
2025-06-30T07:15:00.000Z,3294.86,3296.75,3293.74,3295.12,2900
2025-06-30T07:30:00.000Z,3295.03,3296.13,3293.23,3293.94,2558
2025-06-30T07:45:00.000Z,3293.92,3296.39,3290.74,3292.89,3500
2025-06-30T08:00:00.000Z,3292.8,3296.52,3292.62,3294.38,3812
2025-06-30T08:15:00.000Z,3294.3,3294.71,3291.22,3293.1,2848
2025-06-30T08:30:00.000Z,3293.09,3293.47,3288.42,3289.57,2576
2025-06-30T08:45:00.000Z,3289.59,3291.56,3288.1,3289.15,2886
2025-06-30T09:00:00.000Z,3288.85,3288.85,3281.33,3282.92,4378
2025-06-30T09:15:00.000Z,3282.94,3286.88,3282.09,3284.4,3093
2025-06-30T09:30:00.000Z,3284.41,3286.52,3277.46,3285.29,5526
2025-06-30T09:45:00.000Z,3285.24,3287.95,3284.63,3287.83,2715
2025-06-30T10:00:00.000Z,3287.88,3288.78,3285.58,3287.03,2138
2025-06-30T10:15:00.000Z,3286.99,3287.51,3284.62,3286.05,2296
2025-06-30T10:30:00.000Z,3286.04,3286.79,3282.7,3282.9,2204
2025-06-30T10:45:00.000Z,3282.98,3284.21,3282.47,3283.48,1918
2025-06-30T11:00:00.000Z,3283.25,3283.65,3279.48,3280.44,2730
2025-06-30T11:15:00.000Z,3280.72,3281.37,3274.63,3275.9,4121
2025-06-30T11:30:00.000Z,3275.94,3279.68,3274.52,3278.99,3850
2025-06-30T11:45:00.000Z,3278.88,3280.15,3276.76,3277.92,3247
2025-06-30T12:00:00.000Z,3278.16,3282.37,3278.11,3281.04,3397
2025-06-30T12:15:00.000Z,3281.18,3287.18,3280.97,3284.36,3911
2025-06-30T12:30:00.000Z,3283.87,3288.86,3281.58,3288.45,3741
2025-06-30T12:45:00.000Z,3288.46,3288.95,3281.45,3282.01,3971
2025-06-30T13:00:00.000Z,3281.99,3285.08,3280.26,3280.62,5190
2025-06-30T13:15:00.000Z,3280.51,3283.02,3278.69,3282.91,4901
2025-06-30T13:30:00.000Z,3282.83,3283.57,3277.93,3283.23,6091
2025-06-30T13:45:00.000Z,3282.94,3287,3282.82,3284.77,5730
2025-06-30T14:00:00.000Z,3284.98,3288.67,3282,3282.31,6086
2025-06-30T14:15:00.000Z,3282.32,3285.43,3279.26,3285.18,5218
2025-06-30T14:30:00.000Z,3285.12,3289.51,3284.05,3287.55,4617
2025-06-30T14:45:00.000Z,3287.63,3289.19,3285.01,3287.68,4860
2025-06-30T15:00:00.000Z,3287.61,3290.03,3283.65,3284.65,5054
2025-06-30T15:15:00.000Z,3284.66,3290.65,3284.29,3287.16,4907
2025-06-30T15:30:00.000Z,3287.19,3288.49,3286.06,3287.68,3621
2025-06-30T15:45:00.000Z,3287.47,3290.13,3286.48,3289.5,4073
2025-06-30T16:00:00.000Z,3289.68,3293.31,3289.1,3293.28,4212
2025-06-30T16:15:00.000Z,3293.29,3294.35,3291.93,3292.25,3644
2025-06-30T16:30:00.000Z,3292.26,3295.25,3292.26,3294.41,3481
2025-06-30T16:45:00.000Z,3294.69,3297.38,3294.33,3297.22,3031
2025-06-30T17:00:00.000Z,3297.2,3298.39,3294.4,3294.54,3548
2025-06-30T17:15:00.000Z,3294.61,3297.59,3294.5,3295.81,3397
2025-06-30T17:30:00.000Z,3295.95,3296.77,3293.53,3293.63,3028
2025-06-30T17:45:00.000Z,3293.53,3294.58,3292.06,3293.94,3678
2025-06-30T18:00:00.000Z,3293.96,3298.31,3292.55,3297.48,2881
2025-06-30T18:15:00.000Z,3297.46,3299.12,3297.03,3299.09,2880
2025-06-30T18:30:00.000Z,3299.12,3299.53,3298.03,3299.04,2168
2025-06-30T18:45:00.000Z,3299.13,3299.24,3297.53,3298.37,2917
2025-06-30T19:00:00.000Z,3298.39,3303.42,3298,3303.03,2611
2025-06-30T19:15:00.000Z,3303.04,3306.93,3302.92,3306.06,3089
2025-06-30T19:30:00.000Z,3306.01,3307.84,3305.75,3305.83,2346
2025-06-30T19:45:00.000Z,3305.94,3309.45,3305.25,3308.62,3582
2025-06-30T20:00:00.000Z,3308.57,3308.82,3307.17,3307.37,1732
2025-06-30T20:15:00.000Z,3307.35,3309.17,3306.73,3306.81,1563
2025-06-30T20:30:00.000Z,3306.86,3307.27,3303.54,3303.93,1561
2025-06-30T20:45:00.000Z,3303.95,3304.35,3302.13,3302.44,1710
2025-06-30T22:00:00.000Z,3303.08,3304.96,3302.32,3304.17,1175
2025-06-30T22:15:00.000Z,3304.01,3307.67,3303.94,3307.06,1537
2025-06-30T22:30:00.000Z,3307.03,3308.96,3305.85,3308.8,1835
2025-06-30T22:45:00.000Z,3308.79,3314.37,3307.44,3311.39,3505
2025-06-30T23:00:00.000Z,3311.41,3312.11,3309.84,3311.85,2654
2025-06-30T23:15:00.000Z,3311.86,3312.11,3308.53,3309.49,2320
2025-06-30T23:30:00.000Z,3309.32,3311.01,3308.77,3310.7,1618
2025-06-30T23:45:00.000Z,3310.82,3312.43,3310.15,3312.42,1533
2025-07-01T00:00:00.000Z,3312.39,3313.18,3309.88,3312.14,2937
2025-07-01T00:15:00.000Z,3312.15,3312.69,3310.3,3310.82,1753
2025-07-01T00:30:00.000Z,3310.83,3313.11,3310.83,3311.48,1772
2025-07-01T00:45:00.000Z,3311.55,3314.8,3311.3,3314.69,2182
2025-07-01T01:00:00.000Z,3314.57,3318.88,3313.87,3318.76,3949
2025-07-01T01:15:00.000Z,3318.79,3320.82,3318.13,3320.3,4018
2025-07-01T01:30:00.000Z,3320.28,3320.99,3315.96,3319.69,4388
2025-07-01T01:45:00.000Z,3319.68,3320.49,3315.78,3317.77,3408
2025-07-01T02:00:00.000Z,3317.66,3317.9,3315.48,3316,3485
2025-07-01T02:15:00.000Z,3315.98,3317.3,3314.37,3316.01,2547
2025-07-01T02:30:00.000Z,3316.02,3319.16,3315.2,3317.97,3924
2025-07-01T02:45:00.000Z,3317.94,3319.29,3316.02,3316.09,2437
2025-07-01T03:00:00.000Z,3316.07,3318.26,3315.79,3317.33,2343
2025-07-01T03:15:00.000Z,3317.23,3321.86,3316.87,3321.02,2944
2025-07-01T03:30:00.000Z,3321.03,3321.69,3318.05,3321.61,2494
2025-07-01T03:45:00.000Z,3321.47,3322.52,3319.87,3321.09,2059
2025-07-01T04:00:00.000Z,3321.12,3322.5,3318.88,3321.33,2531
2025-07-01T04:15:00.000Z,3321.39,3323.02,3321.11,3322.69,1607
2025-07-01T04:30:00.000Z,3322.68,3322.95,3321.94,3322.75,1455
2025-07-01T04:45:00.000Z,3322.76,3322.96,3321.94,3322.84,1385
2025-07-01T05:00:00.000Z,3322.8,3328.57,3322.8,3328.29,2422
2025-07-01T05:15:00.000Z,3328.26,3330.02,3327.68,3329.47,2266
2025-07-01T05:30:00.000Z,3329.65,3332.19,3328.5,3329.99,3741
2025-07-01T05:45:00.000Z,3330.02,3331.27,3327.97,3328.67,3715
2025-07-01T06:00:00.000Z,3328.66,3330.59,3326.64,3327.97,3860
2025-07-01T06:15:00.000Z,3327.98,3329.43,3325.01,3328.1,4055
2025-07-01T06:30:00.000Z,3328.12,3332.61,3327.31,3332.06,3831
2025-07-01T06:45:00.000Z,3332.08,3334.47,3330.61,3331.36,4478
2025-07-01T07:00:00.000Z,3331.38,3337.16,3330.78,3336.2,4125
2025-07-01T07:15:00.000Z,3336.19,3338.77,3335.52,3338.65,4424
2025-07-01T07:30:00.000Z,3338.7,3339.79,3333.52,3337.68,6092
2025-07-01T07:45:00.000Z,3337.66,3339.83,3336.63,3339.48,3615
2025-07-01T08:00:00.000Z,3339.45,3342.12,3337.75,3337.92,3963
2025-07-01T08:15:00.000Z,3337.91,3340.34,3336.78,3339.77,3216
2025-07-01T08:30:00.000Z,3339.76,3342.42,3338.46,3338.95,3473
2025-07-01T08:45:00.000Z,3338.89,3340.63,3337.45,3339.54,3451
2025-07-01T09:00:00.000Z,3339.58,3340.35,3338.27,3340.35,3180
2025-07-01T09:15:00.000Z,3340.28,3344.93,3339.42,3343.01,4721
2025-07-01T09:30:00.000Z,3343.04,3346.1,3342.79,3345.86,4641
2025-07-01T09:45:00.000Z,3345.87,3348.02,3344.82,3345.68,4161
2025-07-01T10:00:00.000Z,3345.71,3348.19,3344.43,3347.38,3562
2025-07-01T10:15:00.000Z,3347.34,3348.66,3346.56,3346.72,3071
2025-07-01T10:30:00.000Z,3346.73,3347.7,3345.23,3347.67,2669
2025-07-01T10:45:00.000Z,3347.68,3349.66,3347.05,3348.61,3015
2025-07-01T11:00:00.000Z,3348.62,3352.31,3348.38,3350.73,4768
2025-07-01T11:15:00.000Z,3350.79,3352.25,3349.04,3351.74,3501
2025-07-01T11:30:00.000Z,3351.88,3352.85,3347.03,3348.54,3887
2025-07-01T11:45:00.000Z,3348.55,3350.78,3348.21,3349,3044
2025-07-01T12:00:00.000Z,3349.07,3350.61,3348.33,3350.47,3689
2025-07-01T12:15:00.000Z,3350.46,3357.03,3350.46,3352.2,5934
2025-07-01T12:30:00.000Z,3352.17,3357.97,3349.97,3355.84,6538
2025-07-01T12:45:00.000Z,3355.84,3357.8,3352.21,3354.52,4900
2025-07-01T13:00:00.000Z,3354.56,3355.59,3347.67,3347.67,6694
2025-07-01T13:15:00.000Z,3347.64,3350.2,3346.03,3349.66,5023
2025-07-01T13:30:00.000Z,3349.62,3350.51,3345.61,3347.04,7668
2025-07-01T13:45:00.000Z,3346.99,3352.56,3344.41,3351.81,7595
2025-07-01T14:00:00.000Z,3350.9,3354.37,3347.31,3349.05,8411
2025-07-01T14:15:00.000Z,3349.05,3352.6,3347.37,3351.6,6033
2025-07-01T14:30:00.000Z,3351.53,3352.55,3345.92,3347.05,6117
2025-07-01T14:45:00.000Z,3347.14,3347.5,3343.61,3345.69,5931
2025-07-01T15:00:00.000Z,3345.68,3346.63,3342.24,3342.44,5676
2025-07-01T15:15:00.000Z,3342.44,3343.26,3338.82,3340.47,6280
2025-07-01T15:30:00.000Z,3340.65,3342.58,3339.6,3341.67,5259
2025-07-01T15:45:00.000Z,3341.62,3342.27,3336.99,3340.17,5221
2025-07-01T16:00:00.000Z,3340.19,3341.93,3339.61,3341.28,4677
2025-07-01T16:15:00.000Z,3341.22,3342.28,3337.71,3338.28,3921
2025-07-01T16:30:00.000Z,3338.27,3343.42,3337.55,3342.91,4545
2025-07-01T16:45:00.000Z,3342.97,3343.29,3339.99,3341.69,3920
2025-07-01T17:00:00.000Z,3341.65,3342.11,3338.92,3339.69,4107
2025-07-01T17:15:00.000Z,3339.72,3340.34,3336.91,3337.6,4566
2025-07-01T17:30:00.000Z,3338.11,3338.84,3337.14,3338.57,2715
2025-07-01T17:45:00.000Z,3338.6,3340.8,3338.22,3339.7,3452
2025-07-01T18:00:00.000Z,3339.54,3339.83,3337.56,3338.29,2865
2025-07-01T18:15:00.000Z,3338.27,3338.77,3337.66,3337.89,2616
2025-07-01T18:30:00.000Z,3337.87,3339.02,3337.21,3338.03,2509
2025-07-01T18:45:00.000Z,3338.02,3338.43,3336.89,3337.92,2209
2025-07-01T19:00:00.000Z,3337.9,3339.78,3336.83,3339.21,2589
2025-07-01T19:15:00.000Z,3339.05,3340.06,3337.45,3338.24,2782
2025-07-01T19:30:00.000Z,3338.24,3338.92,3337.28,3337.88,2471
2025-07-01T19:45:00.000Z,3337.93,3338.89,3337.58,3338.02,2768
2025-07-01T20:00:00.000Z,3337.93,3338.55,3336.97,3337.55,1224
2025-07-01T20:15:00.000Z,3337.53,3338.66,3336.91,3338.01,1368
2025-07-01T20:30:00.000Z,3338.02,3340.17,3337.96,3340.11,1296
2025-07-01T20:45:00.000Z,3340.13,3340.13,3338.09,3338.12,1176
2025-07-01T22:00:00.000Z,3338.96,3340.75,3336.49,3338.86,2109
2025-07-01T22:15:00.000Z,3338.82,3343.26,3338.08,3342.17,1394
2025-07-01T22:30:00.000Z,3342.31,3343.68,3341.91,3343.06,1990
2025-07-01T22:45:00.000Z,3342.88,3343.18,3340.78,3341.51,1556
2025-07-01T23:00:00.000Z,3341.63,3341.72,3337.04,3339.08,2090
2025-07-01T23:15:00.000Z,3339.07,3340.16,3338.33,3340.15,1034
2025-07-01T23:30:00.000Z,3340.19,3341.38,3338.33,3338.63,1572
2025-07-01T23:45:00.000Z,3338.7,3339.16,3336.72,3338.01,1476
2025-07-02T00:00:00.000Z,3338.12,3344.9,3334.67,3343.23,4460
2025-07-02T00:15:00.000Z,3343.38,3344.09,3337.7,3339.06,3209
2025-07-02T00:30:00.000Z,3339.13,3339.59,3335.81,3336.55,2711
2025-07-02T00:45:00.000Z,3336.54,3338.87,3336.54,3338.79,2957
2025-07-02T01:00:00.000Z,3338.86,3342.75,3335.06,3335.52,5072
2025-07-02T01:15:00.000Z,3335.58,3337.49,3332.15,3335.17,4149
2025-07-02T01:30:00.000Z,3335.18,3335.72,3330.91,3333.11,3869
2025-07-02T01:45:00.000Z,3333.13,3333.47,3330.9,3332.11,3066
2025-07-02T02:00:00.000Z,3332.14,3333.21,3328.5,3330.13,3881
2025-07-02T02:15:00.000Z,3330.04,3331.6,3329.12,3330.8,2333
2025-07-02T02:30:00.000Z,3331.18,3333.86,3330.12,3333.46,2694
2025-07-02T02:45:00.000Z,3333.45,3338.1,3333.4,3336.6,3036
2025-07-02T03:00:00.000Z,3336.61,3338.27,3334.85,3337.61,2408
2025-07-02T03:15:00.000Z,3337.61,3340.35,3336.46,3339.36,2494
2025-07-02T03:30:00.000Z,3339.39,3340.04,3338.33,3339.68,1577
2025-07-02T03:45:00.000Z,3339.69,3342,3337.86,3339.86,2527
2025-07-02T04:00:00.000Z,3339.88,3341.9,3339.47,3339.95,2032
2025-07-02T04:15:00.000Z,3339.94,3341.26,3339.66,3339.88,1644
2025-07-02T04:30:00.000Z,3339.86,3340.58,3339.65,3339.94,1354
2025-07-02T04:45:00.000Z,3339.95,3341.26,3339.53,3339.95,1670
2025-07-02T05:00:00.000Z,3340,3340.7,3338.14,3340.06,1925
2025-07-02T05:15:00.000Z,3340.08,3343.08,3339.61,3342.69,2632
2025-07-02T05:30:00.000Z,3342.77,3343.66,3336.47,3337.36,3673
2025-07-02T05:45:00.000Z,3337.35,3338.91,3336.89,3338.63,2372
2025-07-02T06:00:00.000Z,3338.67,3339.3,3336.82,3337.28,2715
2025-07-02T06:15:00.000Z,3337.3,3337.67,3333.05,3335.66,3582
2025-07-02T06:30:00.000Z,3335.66,3335.67,3332.06,3332.95,3576
2025-07-02T06:45:00.000Z,3332.92,3333.77,3329.87,3333.48,3610
2025-07-02T07:00:00.000Z,3333.39,3333.4,3327.99,3331.74,4061
2025-07-02T07:15:00.000Z,3331.82,3332.02,3327.56,3329.96,3801
2025-07-02T07:30:00.000Z,3329.95,3331.51,3327.91,3329.85,3391
2025-07-02T07:45:00.000Z,3329.85,3336.71,3329.85,3334.73,4050
2025-07-02T08:00:00.000Z,3334.64,3335.88,3333.03,3335.6,2967
2025-07-02T08:15:00.000Z,3335.63,3337.75,3335.37,3336.69,2523
2025-07-02T08:30:00.000Z,3336.71,3337.97,3334.96,3336.23,2380
2025-07-02T08:45:00.000Z,3336.22,3337.22,3332.9,3333.53,3592
2025-07-02T09:00:00.000Z,3333.54,3336.53,3333.09,3336.39,2724
2025-07-02T09:15:00.000Z,3336.39,3339.4,3336.39,3339,3736
2025-07-02T09:30:00.000Z,3338.98,3341.7,3337.93,3339.45,3817
2025-07-02T09:45:00.000Z,3339.34,3342.31,3338.92,3341.62,2266
2025-07-02T10:00:00.000Z,3341.57,3344.54,3341.57,3341.93,2539
2025-07-02T10:15:00.000Z,3341.93,3343.16,3340.58,3343.15,2142
2025-07-02T10:30:00.000Z,3343.1,3345.13,3342.68,3343.7,2293
2025-07-02T10:45:00.000Z,3343.71,3345.61,3343.24,3344.35,2293
2025-07-02T11:00:00.000Z,3344.34,3347.68,3344.05,3344.98,3424
2025-07-02T11:15:00.000Z,3344.96,3345.12,3341.48,3344.03,3106
2025-07-02T11:30:00.000Z,3344.02,3344.89,3341.59,3342.48,2274
2025-07-02T11:45:00.000Z,3342.46,3342.46,3339.74,3342.21,3411
2025-07-02T12:00:00.000Z,3342.2,3343.01,3338.05,3338.24,3474
2025-07-02T12:15:00.000Z,3338.22,3350.49,3337.78,3346.54,8038
2025-07-02T12:30:00.000Z,3346.56,3349.18,3343,3347.95,5774
2025-07-02T12:45:00.000Z,3347.97,3351.17,3346.33,3346.65,4623
2025-07-02T13:00:00.000Z,3346.55,3346.59,3342.06,3344.78,6549
2025-07-02T13:15:00.000Z,3344.7,3345.72,3341.43,3344.97,4168
2025-07-02T13:30:00.000Z,3344.98,3345.47,3339.28,3343.95,5956
2025-07-02T13:45:00.000Z,3343.96,3344.09,3334.91,3337.35,6472
2025-07-02T14:00:00.000Z,3337.51,3338.43,3334.37,3334.72,5120
2025-07-02T14:15:00.000Z,3334.76,3339.45,3333.94,3337.88,4814
2025-07-02T14:30:00.000Z,3337.89,3340.67,3337.05,3340.48,3982
2025-07-02T14:45:00.000Z,3340.47,3343.46,3339.04,3342.94,4308
2025-07-02T15:00:00.000Z,3342.93,3343.72,3340.25,3342.43,4036
2025-07-02T15:15:00.000Z,3342.39,3343.24,3338.69,3342,4535
2025-07-02T15:30:00.000Z,3342.04,3343.28,3340.18,3341.38,3061
2025-07-02T15:45:00.000Z,3341.33,3343.16,3339.71,3340.97,3279
2025-07-02T16:00:00.000Z,3340.95,3347.14,3340.9,3346.1,3336
2025-07-02T16:15:00.000Z,3346.11,3348.07,3345.66,3345.85,3202
2025-07-02T16:30:00.000Z,3345.84,3348.25,3344.2,3347.31,2696
2025-07-02T16:45:00.000Z,3347.33,3349.14,3346.81,3348.58,3008
2025-07-02T17:00:00.000Z,3348.4,3350.47,3348.09,3348.31,2597
2025-07-02T17:15:00.000Z,3348.3,3349.17,3347.35,3348.86,2235
2025-07-02T17:30:00.000Z,3348.81,3349.68,3347.43,3348.32,1986
2025-07-02T17:45:00.000Z,3348.26,3349.84,3347.57,3349.65,1736
2025-07-02T18:00:00.000Z,3349.59,3351.73,3348.48,3351.46,1993
2025-07-02T18:15:00.000Z,3351.5,3352.68,3351.29,3352.13,2041
2025-07-02T18:30:00.000Z,3351.9,3352.56,3351.43,3351.76,1499
2025-07-02T18:45:00.000Z,3351.72,3355.08,3351.59,3354.84,1695
2025-07-02T19:00:00.000Z,3354.93,3357.22,3354.82,3356.15,3190
2025-07-02T19:15:00.000Z,3356.12,3356.68,3354.55,3356.13,2462
2025-07-02T19:30:00.000Z,3356.11,3356.95,3355.55,3356.72,2256
2025-07-02T19:45:00.000Z,3356.77,3359.44,3356.53,3358.12,2882
2025-07-02T20:00:00.000Z,3358.24,3360,3357.43,3358.71,1199
2025-07-02T20:15:00.000Z,3358.69,3359.03,3357.7,3358.07,956
2025-07-02T20:30:00.000Z,3358.08,3358.87,3355.33,3355.43,850
2025-07-02T20:45:00.000Z,3355.46,3357.45,3355.46,3357.3,785
2025-07-02T22:00:00.000Z,3357.18,3360.61,3357.18,3360.4,1099
2025-07-02T22:15:00.000Z,3360.24,3365.63,3360.24,3364.53,2186
2025-07-02T22:30:00.000Z,3364,3365.03,3362.14,3362.64,1626
2025-07-02T22:45:00.000Z,3362.59,3363.44,3361.44,3361.85,1292
2025-07-02T23:00:00.000Z,3361.86,3362.15,3355.23,3355.36,3118
2025-07-02T23:15:00.000Z,3355.32,3355.59,3348.78,3350.42,3158
2025-07-02T23:30:00.000Z,3350.4,3352.2,3349.02,3350.74,2442
2025-07-02T23:45:00.000Z,3350.71,3351.33,3348.8,3349.25,2132
2025-07-03T00:00:00.000Z,3349.24,3349.74,3344.89,3346,3792
2025-07-03T00:15:00.000Z,3345.97,3347.76,3344.98,3346.42,2396
2025-07-03T00:30:00.000Z,3346.41,3346.47,3344.35,3344.7,1765
2025-07-03T00:45:00.000Z,3344.71,3346.23,3343.47,3344.64,2390
2025-07-03T01:00:00.000Z,3344.69,3346.05,3341.9,3345.89,3328
2025-07-03T01:15:00.000Z,3345.89,3347.07,3341.9,3343.54,2440
2025-07-03T01:30:00.000Z,3343.57,3348.18,3342.6,3345.97,3092
2025-07-03T01:45:00.000Z,3345.98,3346.22,3343.91,3345.96,2526
2025-07-03T02:00:00.000Z,3345.96,3349.07,3345.72,3347.6,2711
2025-07-03T02:15:00.000Z,3347.59,3348.24,3346.31,3346.96,1608
2025-07-03T02:30:00.000Z,3346.95,3348.85,3346.66,3347.65,2256
2025-07-03T02:45:00.000Z,3347.66,3351.36,3347.28,3350.93,3072
2025-07-03T03:00:00.000Z,3350.97,3351.37,3348.81,3349.15,2250
2025-07-03T03:15:00.000Z,3349.18,3349.24,3345.82,3347,2414
2025-07-03T03:30:00.000Z,3347.05,3348.16,3346.73,3347.71,1482
2025-07-03T03:45:00.000Z,3347.72,3347.94,3345.41,3347.44,1355
2025-07-03T04:00:00.000Z,3347.43,3349.36,3347.36,3348.91,1417
2025-07-03T04:15:00.000Z,3348.92,3350.53,3348.9,3349.24,1241
2025-07-03T04:30:00.000Z,3349.34,3349.72,3348.67,3349.12,1203
2025-07-03T04:45:00.000Z,3349.22,3351.65,3348.86,3350.66,2148
2025-07-03T05:00:00.000Z,3350.7,3352.73,3350.1,3352.62,1481
2025-07-03T05:15:00.000Z,3352.63,3354.04,3352.5,3352.72,1981
2025-07-03T05:30:00.000Z,3352.71,3353.26,3350.93,3352.5,3435
2025-07-03T05:45:00.000Z,3352.57,3360.27,3352.37,3359.28,4473
2025-07-03T06:00:00.000Z,3359.31,3363.69,3358.34,3358.65,4234
2025-07-03T06:15:00.000Z,3358.55,3361.05,3357.08,3360.04,2852
2025-07-03T06:30:00.000Z,3360.1,3360.71,3356.63,3356.83,2926
2025-07-03T06:45:00.000Z,3356.78,3361.98,3356.64,3361.77,2964
2025-07-03T07:00:00.000Z,3361.89,3363,3356.92,3357.04,2800
2025-07-03T07:15:00.000Z,3357.26,3358.2,3354.3,3356.2,2912
2025-07-03T07:30:00.000Z,3356.15,3359.36,3355.15,3355.46,2947
2025-07-03T07:45:00.000Z,3355.53,3355.86,3352.5,3353.04,2711
2025-07-03T08:00:00.000Z,3353.05,3353.82,3352.54,3353.26,2221
2025-07-03T08:15:00.000Z,3353.29,3355.22,3351.61,3355.07,2602
2025-07-03T08:30:00.000Z,3355.04,3358.07,3353.78,3357.49,2683
2025-07-03T08:45:00.000Z,3357.49,3358.28,3355.77,3356.11,1972
2025-07-03T09:00:00.000Z,3355.92,3356.27,3352.51,3353.05,2157
2025-07-03T09:15:00.000Z,3353.01,3353.37,3349.97,3350.43,2864
2025-07-03T09:30:00.000Z,3350.36,3350.93,3344.73,3344.84,4076
2025-07-03T09:45:00.000Z,3344.99,3347.27,3343.81,3345.66,3771
2025-07-03T10:00:00.000Z,3345.64,3347.24,3344.79,3346.32,2366
2025-07-03T10:15:00.000Z,3346.26,3349.65,3346.14,3349.48,2220
2025-07-03T10:30:00.000Z,3349.49,3353.71,3349.02,3353.26,2348
2025-07-03T10:45:00.000Z,3353.29,3355.4,3352.76,3353.12,3069
2025-07-03T11:00:00.000Z,3353.14,3353.71,3347.94,3347.97,3930
2025-07-03T11:15:00.000Z,3347.93,3348.92,3347,3347.77,2890
2025-07-03T11:30:00.000Z,3347.77,3347.94,3344.62,3345.87,2573
2025-07-03T11:45:00.000Z,3345.99,3346.65,3343.08,3345.98,3702
2025-07-03T12:00:00.000Z,3345.78,3348.01,3343.05,3347.73,4013
2025-07-03T12:15:00.000Z,3347.71,3352.25,3347.62,3350,4424
2025-07-03T12:30:00.000Z,3349.98,3349.98,3311.55,3312.12,11598
2025-07-03T12:45:00.000Z,3312.14,3325.67,3311.77,3324.45,9219
2025-07-03T13:00:00.000Z,3324.58,3330.68,3322.11,3327.99,8890
2025-07-03T13:15:00.000Z,3327.82,3334.18,3327.13,3332.33,6793
2025-07-03T13:30:00.000Z,3332.27,3338.43,3330.64,3337.52,7794
2025-07-03T13:45:00.000Z,3337.5,3337.53,3332.1,3332.17,6265
2025-07-03T14:00:00.000Z,3331.99,3334.64,3326.4,3331.38,7710
2025-07-03T14:15:00.000Z,3331.36,3332.16,3323.43,3327.58,5952
2025-07-03T14:30:00.000Z,3327.54,3331.19,3325.67,3326.06,5651
2025-07-03T14:45:00.000Z,3326.07,3329.2,3323.58,3324.57,4838
2025-07-03T15:00:00.000Z,3324.68,3328.88,3323.08,3327.32,5452
2025-07-03T15:15:00.000Z,3327.33,3331.37,3327.3,3329.23,4629
2025-07-03T15:30:00.000Z,3329.2,3330.05,3326.82,3327.7,4071
2025-07-03T15:45:00.000Z,3327.69,3328.41,3326.34,3327.96,3710
2025-07-03T16:00:00.000Z,3328.07,3328.64,3326.35,3326.78,2607
2025-07-03T16:15:00.000Z,3326.78,3328.56,3325.64,3328.54,2439
2025-07-03T16:30:00.000Z,3328.65,3332.61,3328.62,3332.11,3232
2025-07-03T16:45:00.000Z,3332.12,3334.6,3331.9,3333.9,3390
2025-07-03T17:00:00.000Z,3333.88,3334.8,3332.81,3333.57,1947
2025-07-03T17:15:00.000Z,3333.44,3334,3332.25,3332.44,1882
2025-07-03T17:30:00.000Z,3332.48,3332.63,3328.9,3330.28,1970
2025-07-03T17:45:00.000Z,3330.26,3330.53,3328.83,3329.07,822
2025-07-03T18:00:00.000Z,3329,3329.12,3328.1,3328.29,722
2025-07-03T18:15:00.000Z,3328.29,3329.33,3327.88,3329.13,824
2025-07-03T18:30:00.000Z,3329.11,3329.37,3328.39,3328.64,664
2025-07-03T18:45:00.000Z,3328.65,3330.15,3328.65,3329.03,836
2025-07-03T19:00:00.000Z,3328.97,3329.21,3326.95,3328.05,983
2025-07-03T19:15:00.000Z,3328.06,3329.13,3328,3328.67,575
2025-07-03T19:30:00.000Z,3328.62,3329.49,3328.36,3328.9,762
2025-07-03T19:45:00.000Z,3329.01,3329.03,3328.29,3328.71,820
2025-07-03T20:00:00.000Z,3328.7,3328.94,3326.57,3326.63,610
2025-07-03T20:15:00.000Z,3326.7,3327.24,3325.81,3326.78,518
2025-07-03T20:30:00.000Z,3326.71,3327.24,3326.12,3326.96,395
2025-07-03T20:45:00.000Z,3327.05,3327.06,3325.14,3325.72,573
2025-07-03T22:00:00.000Z,3325.58,3326.4,3323.53,3324.36,781
2025-07-03T22:15:00.000Z,3324.31,3325.27,3323.93,3325.03,479
2025-07-03T22:30:00.000Z,3324.93,3327.78,3324.93,3327.53,830
2025-07-03T22:45:00.000Z,3327.54,3329.56,3326.89,3329.03,1124
2025-07-03T23:00:00.000Z,3329.01,3330.32,3328.33,3330.31,1354
2025-07-03T23:15:00.000Z,3330.32,3331.33,3329.04,3330.5,932
2025-07-03T23:30:00.000Z,3330.44,3331.87,3329.37,3331.78,2047
2025-07-03T23:45:00.000Z,3331.68,3331.93,3329.32,3330.78,1531
2025-07-04T00:00:00.000Z,3330.75,3331.06,3326.15,3326.33,2105
2025-07-04T00:15:00.000Z,3326.09,3328.97,3325.8,3328.27,1852
2025-07-04T00:30:00.000Z,3328.26,3329.38,3327.93,3328.69,1352
2025-07-04T00:45:00.000Z,3328.76,3330.64,3328.28,3328.86,1423
2025-07-04T01:00:00.000Z,3328.76,3329.62,3326.42,3329.42,2528
2025-07-04T01:15:00.000Z,3329.52,3334.28,3329.42,3332.45,2746
2025-07-04T01:30:00.000Z,3332.42,3332.63,3327.92,3330.95,2353
2025-07-04T01:45:00.000Z,3331.01,3331.98,3329.07,3330.02,1960
2025-07-04T02:00:00.000Z,3329.85,3331.13,3328.76,3330.33,1947
2025-07-04T02:15:00.000Z,3330.41,3331.88,3329.42,3331.41,1590
2025-07-04T02:30:00.000Z,3331.48,3332.24,3328.86,3329.72,2136
2025-07-04T02:45:00.000Z,3329.76,3329.89,3327.09,3327.29,2329
2025-07-04T03:00:00.000Z,3327.29,3329.29,3326.07,3329.27,2180
2025-07-04T03:15:00.000Z,3329.25,3332.94,3328.94,3332.78,2203
2025-07-04T03:30:00.000Z,3332.78,3337.84,3332.73,3337.67,2413
2025-07-04T03:45:00.000Z,3337.7,3338.87,3336.82,3338.22,2208
2025-07-04T04:00:00.000Z,3338.19,3340.32,3337.89,3340.04,1856
2025-07-04T04:15:00.000Z,3340.04,3342.13,3339.87,3340.69,2082
2025-07-04T04:30:00.000Z,3340.66,3341.77,3339.92,3341.25,1843
2025-07-04T04:45:00.000Z,3341.28,3341.51,3339.22,3340.77,1513
2025-07-04T05:00:00.000Z,3340.87,3342.13,3340.73,3341.58,1193
2025-07-04T05:15:00.000Z,3341.58,3341.91,3340.25,3340.25,1298
2025-07-04T05:30:00.000Z,3340.08,3340.41,3338.41,3339.07,2718
2025-07-04T05:45:00.000Z,3339.17,3340.41,3338.71,3339.49,2100
2025-07-04T06:00:00.000Z,3339.57,3344.79,3339.23,3341.72,4362
2025-07-04T06:15:00.000Z,3341.74,3345.06,3341.37,3344.05,3022
2025-07-04T06:30:00.000Z,3344.1,3344.1,3341.97,3342.28,2153
2025-07-04T06:45:00.000Z,3342.29,3343.02,3342.04,3342.55,2251
2025-07-04T07:00:00.000Z,3342.63,3343.68,3337.66,3338.89,3227
2025-07-04T07:15:00.000Z,3338.88,3340.11,3336.38,3337.4,3316
2025-07-04T07:30:00.000Z,3337.36,3342.48,3337.12,3341.53,2710
2025-07-04T07:45:00.000Z,3341.54,3343.28,3340.87,3342.88,2204
2025-07-04T08:00:00.000Z,3342.87,3344.05,3340.82,3341.82,2337
2025-07-04T08:15:00.000Z,3341.8,3344.08,3341.8,3342.83,2698
2025-07-04T08:30:00.000Z,3342.87,3344.13,3341.77,3343.01,2152
2025-07-04T08:45:00.000Z,3343.02,3343.85,3341.64,3342.8,1995
2025-07-04T09:00:00.000Z,3342.71,3343.02,3339.38,3339.87,1993
2025-07-04T09:15:00.000Z,3339.88,3342.18,3338.15,3338.19,2052
2025-07-04T09:30:00.000Z,3338.25,3338.62,3332.94,3334.38,4175
2025-07-04T09:45:00.000Z,3334.36,3336.94,3333.92,3334.5,2047
2025-07-04T10:00:00.000Z,3334.49,3335.91,3334.14,3335.05,1657
2025-07-04T10:15:00.000Z,3335.04,3336.22,3333.36,3334.31,2151
2025-07-04T10:30:00.000Z,3334.3,3335.79,3331.5,3334.4,2528
2025-07-04T10:45:00.000Z,3334.41,3338.07,3334.16,3336.81,2414
2025-07-04T11:00:00.000Z,3336.76,3336.96,3335.18,3335.71,1849
2025-07-04T11:15:00.000Z,3335.66,3337.43,3335.16,3337.29,1812
2025-07-04T11:30:00.000Z,3337.3,3337.86,3336.22,3336.58,1322
2025-07-04T11:45:00.000Z,3336.58,3337.09,3334.43,3334.66,1774
2025-07-04T12:00:00.000Z,3334.67,3337.85,3333.77,3336.5,2491
2025-07-04T12:15:00.000Z,3336.52,3337.29,3334.15,3335.14,2736
2025-07-04T12:30:00.000Z,3335.15,3337.01,3332.06,3332.92,2462
2025-07-04T12:45:00.000Z,3332.86,3335.12,3331.4,3333.88,2864
2025-07-04T13:00:00.000Z,3333.81,3335.62,3332.21,3333.68,3165
2025-07-04T13:15:00.000Z,3333.67,3334.89,3333.21,3334.04,1868
2025-07-04T13:30:00.000Z,3334.08,3337.74,3333.74,3337.74,2734
2025-07-04T13:45:00.000Z,3337.68,3337.96,3333.5,3333.82,3511
2025-07-04T14:00:00.000Z,3333.76,3334.13,3331.58,3331.7,3445
2025-07-04T14:15:00.000Z,3331.62,3334.16,3331.46,3333.8,2238
2025-07-04T14:30:00.000Z,3333.71,3334.1,3331,3331.54,2084
2025-07-04T14:45:00.000Z,3331.58,3333.9,3330.85,3333.22,1896
2025-07-04T15:00:00.000Z,3333.3,3333.98,3331.62,3332.92,2006
2025-07-04T15:15:00.000Z,3333.01,3333.27,3331.92,3332.27,1280
2025-07-04T15:30:00.000Z,3332.37,3333.09,3330.78,3333.02,1151
2025-07-04T15:45:00.000Z,3333.01,3333.41,3332.08,3332.41,963
2025-07-04T16:00:00.000Z,3332.45,3333.5,3332.26,3332.88,1143
2025-07-04T16:15:00.000Z,3332.98,3334.18,3332.75,3333.88,1083
2025-07-04T16:30:00.000Z,3333.91,3335.84,3333.81,3334.93,978
2025-07-04T16:45:00.000Z,3334.89,3337.4,3334.77,3336.98,1350
2025-07-06T22:00:00.000Z,3334.01,3342.64,3334.01,3338.19,2785
2025-07-06T22:15:00.000Z,3338.08,3338.08,3333.08,3333.64,1644
2025-07-06T22:30:00.000Z,3333.31,3336.16,3333.31,3334.49,1359
2025-07-06T22:45:00.000Z,3334.41,3334.61,3332.39,3333.34,1320
2025-07-06T23:00:00.000Z,3333.51,3334.47,3330.69,3331.21,1719
2025-07-06T23:15:00.000Z,3331.19,3331.44,3329.02,3330.77,1873
2025-07-06T23:30:00.000Z,3330.53,3330.6,3326.69,3327.8,2210
2025-07-06T23:45:00.000Z,3327.75,3328.86,3326.12,3328.77,2426
2025-07-07T00:00:00.000Z,3328.71,3329.55,3322.99,3325.19,3835
2025-07-07T00:15:00.000Z,3325.16,3326.13,3322.32,3323.84,3021
2025-07-07T00:30:00.000Z,3323.83,3325.1,3321.61,3324.85,2874
2025-07-07T00:45:00.000Z,3324.86,3326.44,3323.82,3326.43,2721
2025-07-07T01:00:00.000Z,3326.42,3327.57,3310.46,3310.92,6805
2025-07-07T01:15:00.000Z,3311.03,3314.35,3306.62,3312.13,5458
2025-07-07T01:30:00.000Z,3312.16,3318.8,3311.98,3317.03,4637
2025-07-07T01:45:00.000Z,3317.06,3319.88,3315.83,3316.52,3196
2025-07-07T02:00:00.000Z,3316.91,3317.63,3312.47,3314.92,3381
2025-07-07T02:15:00.000Z,3314.86,3316.18,3312.63,3314.64,2571
2025-07-07T02:30:00.000Z,3314.69,3315.39,3308.06,3309.51,3599
2025-07-07T02:45:00.000Z,3309.4,3309.99,3305.94,3308.81,3307
2025-07-07T03:00:00.000Z,3308.77,3312.97,3307.06,3312.1,3799
2025-07-07T03:15:00.000Z,3312.11,3315.15,3311.48,3312.99,3691
2025-07-07T03:30:00.000Z,3312.92,3313.9,3309.71,3310.3,2854
2025-07-07T03:45:00.000Z,3310.35,3311.37,3309.77,3310.78,1891
2025-07-07T04:00:00.000Z,3310.76,3312.19,3308.68,3311.37,2874
2025-07-07T04:15:00.000Z,3311.34,3312.24,3305.22,3307.29,3209
2025-07-07T04:30:00.000Z,3307.2,3309.34,3305.26,3305.49,3496
2025-07-07T04:45:00.000Z,3305.46,3308.71,3305.44,3307.74,2363
2025-07-07T05:00:00.000Z,3307.8,3311.74,3306.99,3311.26,3048
2025-07-07T05:15:00.000Z,3311.23,3312.21,3307.64,3309.12,3366
2025-07-07T05:30:00.000Z,3309.44,3313.38,3307.79,3310.67,4272
2025-07-07T05:45:00.000Z,3310.68,3315.13,3310.64,3313.24,3195
2025-07-07T06:00:00.000Z,3313.17,3315.19,3311.54,3314.47,3670
2025-07-07T06:15:00.000Z,3314.43,3314.43,3309.4,3311.82,3139
2025-07-07T06:30:00.000Z,3311.9,3312.57,3308.31,3311.79,4785
2025-07-07T06:45:00.000Z,3311.95,3312.15,3309.1,3309.97,2841
2025-07-07T07:00:00.000Z,3309.81,3313.24,3305.9,3311.04,4011
2025-07-07T07:15:00.000Z,3310.81,3312.63,3309.04,3311.96,2531
2025-07-07T07:30:00.000Z,3311.91,3311.91,3306.66,3306.66,2766
2025-07-07T07:45:00.000Z,3306.59,3306.59,3300.63,3302.18,4410
2025-07-07T08:00:00.000Z,3302.13,3306.92,3301.19,3306.89,4046
2025-07-07T08:15:00.000Z,3306.98,3310.57,3306.53,3310.41,3832
2025-07-07T08:30:00.000Z,3310.8,3312.72,3309.73,3310.36,3394
2025-07-07T08:45:00.000Z,3310.31,3310.98,3308.38,3310.22,2749
2025-07-07T09:00:00.000Z,3310.01,3311.92,3309.62,3310.23,3408
2025-07-07T09:15:00.000Z,3310.24,3310.63,3307.56,3307.57,2462
2025-07-07T09:30:00.000Z,3307.57,3309.66,3306.13,3309.03,3349
2025-07-07T09:45:00.000Z,3309.07,3310.53,3307.49,3308.98,3206
2025-07-07T10:00:00.000Z,3309,3310.27,3307.79,3309.7,2436
2025-07-07T10:15:00.000Z,3309.59,3310.65,3308.05,3308.26,2963
2025-07-07T10:30:00.000Z,3308.32,3308.75,3297.41,3298.49,4922
2025-07-07T10:45:00.000Z,3298.24,3304.01,3296.42,3302.01,5004
2025-07-07T11:00:00.000Z,3302.01,3307.49,3299.99,3304.44,5739
2025-07-07T11:15:00.000Z,3304.42,3305.19,3301.48,3302.29,3295
2025-07-07T11:30:00.000Z,3302.3,3303.11,3299.7,3300.93,3620
2025-07-07T11:45:00.000Z,3300.95,3305.82,3300.33,3301.85,5527
2025-07-07T12:00:00.000Z,3301.8,3304.66,3301.68,3303,4336
2025-07-07T12:15:00.000Z,3302.98,3307.74,3300.52,3302.8,6355
2025-07-07T12:30:00.000Z,3302.48,3310.68,3302.08,3308,5674
2025-07-07T12:45:00.000Z,3307.97,3312.69,3307.74,3309.55,5972
2025-07-07T13:00:00.000Z,3309.53,3311.24,3306.65,3307.4,4406
2025-07-07T13:15:00.000Z,3307.3,3312.46,3307.16,3311.69,3795
2025-07-07T13:30:00.000Z,3311.66,3312.13,3306.14,3311.37,7129
2025-07-07T13:45:00.000Z,3311.55,3317.06,3310.12,3316.52,6473
2025-07-07T14:00:00.000Z,3316.5,3318.66,3313.24,3317.02,5575
2025-07-07T14:15:00.000Z,3316.98,3319.08,3314.22,3314.46,4819
2025-07-07T14:30:00.000Z,3314.63,3319.82,3314.34,3319.48,4140
2025-07-07T14:45:00.000Z,3319.54,3321.29,3317.77,3317.95,4235
2025-07-07T15:00:00.000Z,3317.93,3319.68,3316.09,3318.88,2959
2025-07-07T15:15:00.000Z,3318.87,3320.1,3317.31,3318.62,2861
2025-07-07T15:30:00.000Z,3318.63,3321.39,3318.63,3320.99,3197
2025-07-07T15:45:00.000Z,3321.02,3321.93,3320.41,3320.82,2332
2025-07-07T16:00:00.000Z,3320.81,3322.85,3320.07,3322.63,2313
2025-07-07T16:15:00.000Z,3322.59,3326.81,3321.31,3324.67,5584
2025-07-07T16:30:00.000Z,3324.57,3327.64,3323.54,3326.26,4332
2025-07-07T16:45:00.000Z,3326.27,3328.03,3325.53,3327.39,4489
2025-07-07T17:00:00.000Z,3327.46,3332.43,3327.36,3331.17,4484
2025-07-07T17:15:00.000Z,3331.14,3333.92,3331.07,3332.37,3690
2025-07-07T17:30:00.000Z,3332.33,3335.79,3330.52,3333.7,4372
2025-07-07T17:45:00.000Z,3333.69,3333.92,3331.94,3331.98,2770
2025-07-07T18:00:00.000Z,3331.94,3332.36,3328.94,3330.11,3200
2025-07-07T18:15:00.000Z,3330.06,3330.82,3328.49,3330.23,2463
2025-07-07T18:30:00.000Z,3330.27,3334.99,3330.16,3334.92,2358
2025-07-07T18:45:00.000Z,3334.89,3335.7,3332.94,3334.35,2027
2025-07-07T19:00:00.000Z,3334.39,3338.32,3334.31,3338.07,2418
2025-07-07T19:15:00.000Z,3338.06,3338.96,3336.46,3338.38,2048
2025-07-07T19:30:00.000Z,3338.4,3340.19,3337.32,3339.58,2254
2025-07-07T19:45:00.000Z,3339.68,3340.31,3336.45,3337.04,2893
2025-07-07T20:00:00.000Z,3337.01,3337.34,3335.37,3336.7,1608
2025-07-07T20:15:00.000Z,3336.75,3337.28,3336.03,3336.32,1096
2025-07-07T20:30:00.000Z,3336.45,3336.54,3335.34,3335.9,608
2025-07-07T20:45:00.000Z,3336,3337.62,3335.9,3336.24,728
2025-07-07T22:00:00.000Z,3338.38,3344.87,3338.38,3344.17,1773
2025-07-07T22:15:00.000Z,3344.08,3345.76,3341.14,3342.06,1654
2025-07-07T22:30:00.000Z,3342.06,3342.77,3339.54,3339.61,1347
2025-07-07T22:45:00.000Z,3339.72,3340.8,3338.87,3339.75,1285
2025-07-07T23:00:00.000Z,3339.78,3340.09,3335.12,3337.16,1858
2025-07-07T23:15:00.000Z,3337.12,3337.53,3334.12,3336.16,1344
2025-07-07T23:30:00.000Z,3336.16,3337.26,3335.51,3336.62,1123
2025-07-07T23:45:00.000Z,3336.63,3336.79,3333.8,3334.48,1774
2025-07-08T00:00:00.000Z,3334.54,3337.1,3332.92,3336.15,2992
2025-07-08T00:15:00.000Z,3336.13,3337.19,3331.77,3332.64,2928
2025-07-08T00:30:00.000Z,3332.7,3333.89,3331.06,3333.56,3250
2025-07-08T00:45:00.000Z,3333.46,3335.31,3332.77,3334.11,2200
2025-07-08T01:00:00.000Z,3334.13,3335.5,3329.6,3331.41,4069
2025-07-08T01:15:00.000Z,3331.45,3335.27,3330.31,3333.89,3101
2025-07-08T01:30:00.000Z,3333.85,3336.93,3332.25,3334.52,3503
2025-07-08T01:45:00.000Z,3334.53,3336.35,3332.29,3334.72,3792
2025-07-08T02:00:00.000Z,3334.69,3336.2,3332.69,3333.8,3107
2025-07-08T02:15:00.000Z,3333.79,3336.11,3333.48,3335.88,2105
2025-07-08T02:30:00.000Z,3335.86,3336.21,3333.5,3335.57,2594
2025-07-08T02:45:00.000Z,3335.62,3337.97,3333.76,3334.37,2940
2025-07-08T03:00:00.000Z,3334.29,3335.45,3331.11,3332.01,2186
2025-07-08T03:15:00.000Z,3332.02,3332.06,3329.57,3331.57,2116
2025-07-08T03:30:00.000Z,3331.61,3331.94,3330.65,3330.67,983
2025-07-08T03:45:00.000Z,3330.61,3332.99,3330.44,3331.47,1655
2025-07-08T04:00:00.000Z,3331.29,3332.69,3329.91,3330.93,1375
2025-07-08T04:15:00.000Z,3330.95,3331.29,3329.42,3329.81,1042
2025-07-08T04:30:00.000Z,3329.8,3331.37,3329.2,3330.52,2201
2025-07-08T04:45:00.000Z,3330.51,3330.69,3327.35,3329.52,1766
2025-07-08T05:00:00.000Z,3329.58,3333.6,3329.46,3333.6,2131
2025-07-08T05:15:00.000Z,3333.62,3336.46,3333.39,3335.66,1971
2025-07-08T05:30:00.000Z,3335.81,3336.48,3334.15,3334.49,2476
2025-07-08T05:45:00.000Z,3334.45,3336.12,3333.36,3334.01,2510
2025-07-08T06:00:00.000Z,3334.03,3335.1,3331.18,3332.09,2945
2025-07-08T06:15:00.000Z,3332.07,3334.97,3330.75,3334.54,2435
2025-07-08T06:30:00.000Z,3334.64,3334.96,3333.3,3334.03,1867
2025-07-08T06:45:00.000Z,3334.14,3336.01,3332.53,3335.74,2076
2025-07-08T07:00:00.000Z,3336.34,3339.47,3335.69,3337.93,3313
2025-07-08T07:15:00.000Z,3337.95,3338.35,3332.69,3333.03,2560
2025-07-08T07:30:00.000Z,3333.02,3333.65,3330.5,3332.65,2395
2025-07-08T07:45:00.000Z,3332.68,3335.49,3332.02,3333.92,2867
2025-07-08T08:00:00.000Z,3333.89,3333.89,3326.03,3327.87,4792
2025-07-08T08:15:00.000Z,3327.84,3328.91,3324.46,3328.49,3993
2025-07-08T08:30:00.000Z,3328.55,3329.62,3325.65,3326.52,3157
2025-07-08T08:45:00.000Z,3326.54,3327.09,3323.28,3323.64,3304
2025-07-08T09:00:00.000Z,3323.63,3325.39,3322.89,3324.34,2599
2025-07-08T09:15:00.000Z,3324.34,3326.71,3323.09,3324.75,2942
2025-07-08T09:30:00.000Z,3324.89,3326.19,3321.73,3324.14,2202
2025-07-08T09:45:00.000Z,3324.08,3324.77,3321.08,3322.07,2523
2025-07-08T10:00:00.000Z,3322.24,3324.87,3321.83,3323.88,2143
2025-07-08T10:15:00.000Z,3323.87,3324.12,3320.46,3323.29,2260
2025-07-08T10:30:00.000Z,3323.46,3326.15,3322.56,3325.7,1986
2025-07-08T10:45:00.000Z,3325.73,3327.03,3324.55,3324.66,1728
2025-07-08T11:00:00.000Z,3324.7,3325.42,3323.36,3324.08,1840
2025-07-08T11:15:00.000Z,3324.04,3327.5,3323.16,3324.79,2406
2025-07-08T11:30:00.000Z,3324.7,3326.08,3320.03,3320.95,2969
2025-07-08T11:45:00.000Z,3320.95,3325.13,3320.43,3324.98,3452
2025-07-08T12:00:00.000Z,3325.03,3329.51,3324.61,3329.32,4161
2025-07-08T12:15:00.000Z,3329.26,3329.63,3325.2,3327.21,3641
2025-07-08T12:30:00.000Z,3327.38,3329.81,3326.19,3326.23,2866
2025-07-08T12:45:00.000Z,3326.15,3328.73,3325.93,3328.11,2705
2025-07-08T13:00:00.000Z,3328.17,3328.61,3320.11,3322.3,5074
2025-07-08T13:15:00.000Z,3321.92,3326.34,3318.98,3325.59,4911
2025-07-08T13:30:00.000Z,3325.58,3326.85,3321.09,3321.65,5845
2025-07-08T13:45:00.000Z,3321.72,3322.43,3314.72,3315.19,7288
2025-07-08T14:00:00.000Z,3315.08,3315.79,3305.25,3305.98,7478
2025-07-08T14:15:00.000Z,3305.97,3307.58,3300.74,3304.99,8177
2025-07-08T14:30:00.000Z,3304.88,3304.88,3295.06,3297.62,7986
2025-07-08T14:45:00.000Z,3297.6,3299.43,3294.35,3296.55,7457
2025-07-08T15:00:00.000Z,3296.64,3298.32,3287.04,3291.49,7966
2025-07-08T15:15:00.000Z,3291.49,3297.38,3288.82,3296.52,6455
2025-07-08T15:30:00.000Z,3296.53,3297.89,3294.75,3297.01,4688
2025-07-08T15:45:00.000Z,3296.98,3300.28,3296.98,3298.13,4181
2025-07-08T16:00:00.000Z,3298.13,3299.29,3296.66,3297.39,3863
2025-07-08T16:15:00.000Z,3297.32,3301.3,3296.41,3300.03,3774
2025-07-08T16:30:00.000Z,3300.02,3300.1,3295.83,3297.98,4448
2025-07-08T16:45:00.000Z,3297.94,3301.45,3296.01,3300.34,5709
2025-07-08T17:00:00.000Z,3300.28,3306.9,3299.28,3304.04,7194
2025-07-08T17:15:00.000Z,3303.99,3310.31,3303.58,3307.97,6653
2025-07-08T17:30:00.000Z,3308.01,3308.89,3305.82,3306.23,4573
2025-07-08T17:45:00.000Z,3306.28,3307.63,3304.43,3306.35,3996
2025-07-08T18:00:00.000Z,3306.34,3308.13,3304.95,3304.96,3200
2025-07-08T18:15:00.000Z,3305.05,3306.23,3300.59,3301.68,3874
2025-07-08T18:30:00.000Z,3301.68,3305.36,3300.6,3304.67,2914
2025-07-08T18:45:00.000Z,3304.69,3306.8,3304.66,3305.35,2474
2025-07-08T19:00:00.000Z,3305.38,3306.09,3302.9,3303.92,1998
2025-07-08T19:15:00.000Z,3303.95,3304.35,3303.14,3303.37,2039
2025-07-08T19:30:00.000Z,3303.33,3305,3303.33,3304.93,2088
2025-07-08T19:45:00.000Z,3304.98,3305.76,3302.34,3302.85,3524
2025-07-08T20:00:00.000Z,3302.88,3303.68,3301.33,3303.52,1421
2025-07-08T20:15:00.000Z,3303.54,3303.62,3302.11,3302.19,879
2025-07-08T20:30:00.000Z,3302.11,3302.85,3300.79,3301.31,836
2025-07-08T20:45:00.000Z,3301.28,3301.74,3299.16,3301.39,1098
2025-07-08T22:00:00.000Z,3301.9,3303.9,3301.9,3303.54,1025
2025-07-08T22:15:00.000Z,3303.52,3303.96,3300.47,3301.71,1504
2025-07-08T22:30:00.000Z,3301.72,3302.7,3300.85,3301.72,1483
2025-07-08T22:45:00.000Z,3301.67,3302.2,3300.3,3301.49,1112
2025-07-08T23:00:00.000Z,3301.5,3303.43,3300.87,3303.07,1629
2025-07-08T23:15:00.000Z,3303.13,3303.86,3301.29,3301.29,1023
2025-07-08T23:30:00.000Z,3301.13,3301.24,3297.14,3298.16,2099
2025-07-08T23:45:00.000Z,3298,3302.63,3297.27,3302.19,2016
2025-07-09T00:00:00.000Z,3302.37,3307.96,3301.72,3304.98,3260
2025-07-09T00:15:00.000Z,3305.07,3306.34,3303.34,3304.6,1781
2025-07-09T00:30:00.000Z,3304.78,3306.48,3304.03,3305.81,1608
2025-07-09T00:45:00.000Z,3305.78,3306.97,3305.09,3306.95,1182
2025-07-09T01:00:00.000Z,3306.95,3306.96,3301.06,3302.87,3667
2025-07-09T01:15:00.000Z,3302.84,3307.02,3302.26,3306.11,3322
2025-07-09T01:30:00.000Z,3306.16,3307.13,3303.31,3303.31,3126
2025-07-09T01:45:00.000Z,3303.28,3303.36,3299.15,3301.68,3500
2025-07-09T02:00:00.000Z,3301.63,3302.77,3299.51,3301.03,2466
2025-07-09T02:15:00.000Z,3300.67,3302.78,3298.64,3302.63,2402
2025-07-09T02:30:00.000Z,3302.61,3302.91,3294.08,3294.33,3657
2025-07-09T02:45:00.000Z,3294.19,3294.27,3286.46,3288.45,5803
2025-07-09T03:00:00.000Z,3288.38,3293.26,3284.89,3293.05,4613
2025-07-09T03:15:00.000Z,3293.09,3294.11,3289.79,3292.07,3336
2025-07-09T03:30:00.000Z,3292.07,3293.46,3289.86,3293.04,1891
2025-07-09T03:45:00.000Z,3293.07,3294.67,3292.76,3293.26,1378
2025-07-09T04:00:00.000Z,3293.45,3295.7,3291.11,3295.53,2319
2025-07-09T04:15:00.000Z,3295.54,3296.06,3294.71,3295.66,988
2025-07-09T04:30:00.000Z,3295.67,3296.24,3294.52,3295.68,1371
2025-07-09T04:45:00.000Z,3295.57,3296.31,3293.79,3293.86,1462
2025-07-09T05:00:00.000Z,3293.87,3297.74,3292.33,3296.26,2598
2025-07-09T05:15:00.000Z,3296.39,3296.92,3291.78,3292.25,1719
2025-07-09T05:30:00.000Z,3292.46,3294.24,3290.2,3293.11,3124
2025-07-09T05:45:00.000Z,3293.02,3293.41,3288.92,3289.32,2785
2025-07-09T06:00:00.000Z,3289.33,3291.23,3287.44,3287.93,3162
2025-07-09T06:15:00.000Z,3287.92,3289.7,3285.84,3287.43,3238
2025-07-09T06:30:00.000Z,3287.38,3291.6,3285.56,3289.29,3725
2025-07-09T06:45:00.000Z,3289.16,3292.74,3288.85,3292.31,2739
2025-07-09T07:00:00.000Z,3292.3,3293.75,3289.98,3291.64,2551
2025-07-09T07:15:00.000Z,3291.79,3294.11,3290.6,3290.72,2852
2025-07-09T07:30:00.000Z,3290.78,3293.79,3288.27,3291.86,3502
2025-07-09T07:45:00.000Z,3291.87,3295.96,3290.42,3291.8,3913
2025-07-09T08:00:00.000Z,3291.78,3292.6,3288.49,3289.12,3215
2025-07-09T08:15:00.000Z,3289.11,3289.61,3284.42,3285.92,3636
2025-07-09T08:30:00.000Z,3285.88,3286.99,3282.64,3286.99,3413
2025-07-09T08:45:00.000Z,3287.08,3289.53,3284.49,3285,3026
2025-07-09T09:00:00.000Z,3284.9,3288.9,3284.39,3288.34,2683
2025-07-09T09:15:00.000Z,3288.37,3290.23,3288.02,3288.08,2486
2025-07-09T09:30:00.000Z,3288.01,3290.43,3287.76,3288.83,1736
2025-07-09T09:45:00.000Z,3288.95,3289.8,3287.51,3289.16,1789
2025-07-09T10:00:00.000Z,3289.03,3292.07,3289.03,3289.33,2059
2025-07-09T10:15:00.000Z,3289.27,3290.99,3288.23,3290.16,1661
2025-07-09T10:30:00.000Z,3290.16,3295.48,3290.16,3294.7,2579
2025-07-09T10:45:00.000Z,3294.58,3295.82,3293.73,3295.48,1608
2025-07-09T11:00:00.000Z,3295.47,3295.95,3293.12,3293.12,1915
2025-07-09T11:15:00.000Z,3293.13,3293.36,3287.71,3287.73,2995
2025-07-09T11:30:00.000Z,3287.53,3289.26,3285.32,3286.41,3030
2025-07-09T11:45:00.000Z,3286.54,3286.63,3283.16,3284.92,2550
2025-07-09T12:00:00.000Z,3284.92,3291.63,3284.92,3291.48,3935
2025-07-09T12:15:00.000Z,3291.47,3293.2,3288,3290.77,3919
2025-07-09T12:30:00.000Z,3290.76,3295.55,3290.66,3293.41,4020
2025-07-09T12:45:00.000Z,3293.38,3297.5,3292.98,3296.38,3552
2025-07-09T13:00:00.000Z,3296.41,3299.04,3294.59,3298.01,5103
2025-07-09T13:15:00.000Z,3298,3299.43,3294.57,3295.55,4015
2025-07-09T13:30:00.000Z,3295.52,3298.96,3291.88,3296.1,6493
2025-07-09T13:45:00.000Z,3296.08,3305.19,3293.13,3300.18,6819
2025-07-09T14:00:00.000Z,3300.27,3306.48,3299.8,3305.93,5559
2025-07-09T14:15:00.000Z,3305.95,3308.86,3305.04,3307.13,5740
2025-07-09T14:30:00.000Z,3307.14,3312.39,3306.74,3310.63,5290
2025-07-09T14:45:00.000Z,3310.6,3312.87,3308.95,3312.3,4120
2025-07-09T15:00:00.000Z,3312.33,3312.86,3307.51,3308.07,4029
2025-07-09T15:15:00.000Z,3308.03,3310.06,3307.19,3308.4,3481
2025-07-09T15:30:00.000Z,3308.5,3309.91,3306.3,3308.98,3455
2025-07-09T15:45:00.000Z,3308.99,3310.71,3307.06,3309.64,2917
2025-07-09T16:00:00.000Z,3309.57,3311.87,3307.88,3310.83,2843
2025-07-09T16:15:00.000Z,3310.91,3311.97,3310.33,3311.44,2156
2025-07-09T16:30:00.000Z,3311.34,3312.74,3310.96,3311.32,2004
2025-07-09T16:45:00.000Z,3311.29,3313.24,3311.12,3311.82,1996
2025-07-09T17:00:00.000Z,3311.69,3314.63,3309.68,3314.15,2853
2025-07-09T17:15:00.000Z,3314.17,3314.35,3311.51,3312.37,2597
2025-07-09T17:30:00.000Z,3312.38,3312.99,3309.97,3310.62,3005
2025-07-09T17:45:00.000Z,3310.61,3311.44,3308.11,3309.24,2133
2025-07-09T18:00:00.000Z,3309.18,3311.09,3308.04,3310.49,2357
2025-07-09T18:15:00.000Z,3310.48,3313.7,3310.39,3311.71,2846
2025-07-09T18:30:00.000Z,3311.79,3312.5,3310.34,3311.17,1959
2025-07-09T18:45:00.000Z,3311.16,3313.51,3310.14,3311.37,2454
2025-07-09T19:00:00.000Z,3311.39,3316.24,3310.92,3316.14,2666
2025-07-09T19:15:00.000Z,3316.13,3316.8,3314.17,3314.43,2171
2025-07-09T19:30:00.000Z,3314.41,3316.72,3314.37,3315.83,2090
2025-07-09T19:45:00.000Z,3315.86,3315.86,3313.77,3315.57,2662
2025-07-09T20:00:00.000Z,3315.61,3315.78,3312.69,3313.65,1292
2025-07-09T20:15:00.000Z,3313.61,3313.75,3312.05,3312.76,1021
2025-07-09T20:30:00.000Z,3312.79,3312.88,3311.48,3312.38,839
2025-07-09T20:45:00.000Z,3312.33,3314.08,3312.23,3313.29,660
2025-07-09T22:00:00.000Z,3313.84,3317.51,3313.22,3317.41,999
2025-07-09T22:15:00.000Z,3317.29,3320.81,3317.13,3320.14,1158
2025-07-09T22:30:00.000Z,3320.06,3321.09,3319.25,3320.59,1052
2025-07-09T22:45:00.000Z,3320.49,3320.78,3319.39,3319.5,1048
2025-07-09T23:00:00.000Z,3319.49,3319.65,3315.64,3317.49,1540
2025-07-09T23:15:00.000Z,3317.47,3319.52,3316.94,3317.95,1192
2025-07-09T23:30:00.000Z,3317.96,3318.54,3316.68,3317.45,1231
2025-07-09T23:45:00.000Z,3317.4,3317.68,3316.04,3317.51,1270
2025-07-10T00:00:00.000Z,3317.56,3319.57,3316.55,3318.28,2223
2025-07-10T00:15:00.000Z,3318.3,3319.64,3316.7,3319,1811
2025-07-10T00:30:00.000Z,3319.01,3321.89,3318.94,3321.65,2902
2025-07-10T00:45:00.000Z,3321.69,3321.69,3316.79,3317.64,2348
2025-07-10T01:00:00.000Z,3317.44,3322.46,3316.37,3320.43,3600
2025-07-10T01:15:00.000Z,3320.44,3324.32,3320.44,3324.02,3367
2025-07-10T01:30:00.000Z,3323.98,3326.23,3323.54,3324.19,2632
2025-07-10T01:45:00.000Z,3324.17,3324.48,3321.68,3322.14,1842
2025-07-10T02:00:00.000Z,3322.07,3323.5,3321.15,3321.55,2036
2025-07-10T02:15:00.000Z,3321.49,3323.18,3320.98,3322.41,1284
2025-07-10T02:30:00.000Z,3322.68,3323.27,3319.26,3319.41,1399
2025-07-10T02:45:00.000Z,3319.38,3320.26,3318.1,3319.09,2146
2025-07-10T03:00:00.000Z,3319.06,3320.07,3317.87,3318.34,1606
2025-07-10T03:15:00.000Z,3318.33,3319.59,3316.67,3317.69,1846
2025-07-10T03:30:00.000Z,3317.7,3320.05,3316.76,3319.67,1766
2025-07-10T03:45:00.000Z,3319.68,3319.86,3315.35,3315.65,1644
2025-07-10T04:00:00.000Z,3315.57,3316.68,3314.77,3316.5,1228
2025-07-10T04:15:00.000Z,3316.56,3317.48,3315.46,3315.88,1013
2025-07-10T04:30:00.000Z,3315.81,3318.58,3315.61,3318.46,814
2025-07-10T04:45:00.000Z,3318.45,3322.43,3318.41,3322.08,1905
2025-07-10T05:00:00.000Z,3322.09,3324.17,3322.07,3323.97,1692
2025-07-10T05:15:00.000Z,3324.16,3324.96,3322.27,3322.64,1813
2025-07-10T05:30:00.000Z,3322.52,3323.89,3320.49,3322.94,2396
2025-07-10T05:45:00.000Z,3323.08,3323.57,3320.6,3321.06,1646
2025-07-10T06:00:00.000Z,3321.1,3325.38,3320.84,3324.79,2600
2025-07-10T06:15:00.000Z,3324.89,3328.37,3323.94,3324.86,3410
2025-07-10T06:30:00.000Z,3324.76,3325.91,3323.76,3323.94,1731
2025-07-10T06:45:00.000Z,3323.95,3325.34,3323.67,3325.25,1976
2025-07-10T07:00:00.000Z,3325.26,3329.4,3325.23,3326.61,3647
2025-07-10T07:15:00.000Z,3326.6,3328.01,3325.78,3327.18,1940
2025-07-10T07:30:00.000Z,3327.17,3327.88,3322.63,3322.8,2201
2025-07-10T07:45:00.000Z,3322.71,3323.16,3319.88,3321.07,2300
2025-07-10T08:00:00.000Z,3321.12,3322.3,3319.97,3321.32,1912
2025-07-10T08:15:00.000Z,3321.33,3321.95,3320.08,3321.86,1435
2025-07-10T08:30:00.000Z,3321.96,3325.67,3321.25,3325.52,1945
2025-07-10T08:45:00.000Z,3325.56,3330.07,3325.35,3328.6,2420
2025-07-10T09:00:00.000Z,3328.62,3330.24,3327.31,3328.04,2173
2025-07-10T09:15:00.000Z,3328,3329.69,3326.3,3326.4,1843
2025-07-10T09:30:00.000Z,3326.33,3327.06,3323.2,3325.02,2514
2025-07-10T09:45:00.000Z,3325.01,3326.63,3324.43,3326.44,2058
2025-07-10T10:00:00.000Z,3326.52,3326.86,3322.54,3323.9,1970
2025-07-10T10:15:00.000Z,3323.84,3325.43,3322.25,3325.31,2248
2025-07-10T10:30:00.000Z,3325.29,3327.32,3323.81,3326.71,2151
2025-07-10T10:45:00.000Z,3326.71,3328.69,3325.12,3325.2,3287
2025-07-10T11:00:00.000Z,3325.29,3329.27,3325.22,3328.53,4109
2025-07-10T11:15:00.000Z,3328.63,3330.19,3327.42,3328.3,2269
2025-07-10T11:30:00.000Z,3328.31,3329.07,3323.87,3325.65,3610
2025-07-10T11:45:00.000Z,3325.68,3326.08,3318.24,3320.39,4282
2025-07-10T12:00:00.000Z,3320.4,3320.49,3317.99,3319.23,3545
2025-07-10T12:15:00.000Z,3319.19,3321.94,3317.87,3320.31,3850
2025-07-10T12:30:00.000Z,3320.35,3323.97,3318.17,3322.83,3902
2025-07-10T12:45:00.000Z,3322.8,3326.02,3321.72,3323.73,4402
2025-07-10T13:00:00.000Z,3323.74,3329.36,3323.63,3327.34,6481
2025-07-10T13:15:00.000Z,3327.35,3329.29,3322.4,3324.21,4719
2025-07-10T13:30:00.000Z,3324.23,3328.29,3321,3321.16,6285
2025-07-10T13:45:00.000Z,3321.13,3321.45,3311.96,3312.82,7014
2025-07-10T14:00:00.000Z,3312.8,3319.51,3310.03,3318.96,6682
2025-07-10T14:15:00.000Z,3318.91,3321.6,3313.19,3313.31,6582
2025-07-10T14:30:00.000Z,3313.57,3317.66,3312.85,3315.59,5174
2025-07-10T14:45:00.000Z,3315.37,3318.75,3314.28,3314.9,4507
2025-07-10T15:00:00.000Z,3314.82,3318.52,3314.57,3317.96,3537
2025-07-10T15:15:00.000Z,3318.06,3321.43,3317.84,3320.83,3454
2025-07-10T15:30:00.000Z,3320.77,3321.19,3318.85,3319.43,3157
2025-07-10T15:45:00.000Z,3319.44,3320.89,3318.62,3319.6,3108
2025-07-10T16:00:00.000Z,3319.63,3319.9,3318.12,3318.48,2772
2025-07-10T16:15:00.000Z,3318.37,3318.64,3316.19,3316.32,3319
2025-07-10T16:30:00.000Z,3316.31,3316.31,3312.09,3312.91,3160
2025-07-10T16:45:00.000Z,3312.85,3315.21,3312.57,3315.04,2637
2025-07-10T17:00:00.000Z,3315.05,3318.42,3314.66,3316.59,2637
2025-07-10T17:15:00.000Z,3316.6,3318.56,3316.41,3316.74,2656
2025-07-10T17:30:00.000Z,3316.87,3318.51,3316.84,3317.3,2397
2025-07-10T17:45:00.000Z,3317.26,3317.87,3316.32,3317.27,2253
2025-07-10T18:00:00.000Z,3317.26,3319.02,3317.12,3317.69,2627
2025-07-10T18:15:00.000Z,3317.65,3318.12,3316.41,3318.01,2261
2025-07-10T18:30:00.000Z,3317.96,3318.45,3316.55,3318.22,1414
2025-07-10T18:45:00.000Z,3318.14,3321.84,3318.08,3321.44,2499
2025-07-10T19:00:00.000Z,3321.53,3324.85,3321.37,3324.56,3232
2025-07-10T19:15:00.000Z,3324.57,3325.9,3324.06,3324.16,2855
2025-07-10T19:30:00.000Z,3324.27,3324.57,3323.01,3323.35,2522
2025-07-10T19:45:00.000Z,3323.38,3325.43,3323.1,3324.84,2579
2025-07-10T20:00:00.000Z,3324.88,3325.29,3323.81,3324.26,1292
2025-07-10T20:15:00.000Z,3324.22,3324.51,3323.37,3324.31,802
2025-07-10T20:30:00.000Z,3324.33,3324.57,3323.61,3323.89,669
2025-07-10T20:45:00.000Z,3323.81,3324.31,3323.29,3323.68,471
2025-07-10T22:00:00.000Z,3323.56,3326.31,3323.56,3325.11,1595
2025-07-10T22:15:00.000Z,3325.07,3326.09,3323.21,3325.39,1727
2025-07-10T22:30:00.000Z,3325.44,3325.53,3323.82,3324.48,1378
2025-07-10T22:45:00.000Z,3324.51,3324.57,3321.76,3323.27,1612
2025-07-10T23:00:00.000Z,3322.93,3324.48,3322.89,3323.95,704
2025-07-10T23:15:00.000Z,3323.94,3324.86,3323.15,3324.49,514
2025-07-10T23:30:00.000Z,3324.5,3326.22,3324.38,3325.94,871
2025-07-10T23:45:00.000Z,3325.95,3326.32,3323.12,3323.67,1985
2025-07-11T00:00:00.000Z,3323.66,3327.37,3323.45,3326.45,2218
2025-07-11T00:15:00.000Z,3326.46,3328,3325.07,3327.63,2486
2025-07-11T00:30:00.000Z,3327.71,3335.9,3327.31,3335.83,4495
2025-07-11T00:45:00.000Z,3335.88,3336.03,3329.69,3330.57,4343
2025-07-11T01:00:00.000Z,3330.54,3331.46,3325.19,3326.29,5779
2025-07-11T01:15:00.000Z,3326.37,3328.57,3325.48,3328.36,3728
2025-07-11T01:30:00.000Z,3328.54,3331.24,3328.53,3330.91,3401
2025-07-11T01:45:00.000Z,3330.92,3331.12,3328.73,3329.5,2572
2025-07-11T02:00:00.000Z,3329.42,3330.8,3327.06,3330.7,2829
2025-07-11T02:15:00.000Z,3330.71,3332.56,3329.35,3330.84,2402
2025-07-11T02:30:00.000Z,3330.86,3333.77,3329.97,3333.58,2469
2025-07-11T02:45:00.000Z,3333.59,3335.04,3332.26,3332.33,2580
2025-07-11T03:00:00.000Z,3332.51,3335.51,3332.06,3334.79,2493
2025-07-11T03:15:00.000Z,3334.8,3335.94,3334.57,3335.82,1748
2025-07-11T03:30:00.000Z,3335.8,3335.82,3332.35,3335.15,1728
2025-07-11T03:45:00.000Z,3335.16,3335.68,3333.31,3333.6,1334
2025-07-11T04:00:00.000Z,3333.54,3335.27,3333.29,3334.83,1611
2025-07-11T04:15:00.000Z,3334.84,3335,3331.43,3331.52,1832
2025-07-11T04:30:00.000Z,3331.54,3332.17,3330.12,3330.52,1325
2025-07-11T04:45:00.000Z,3330.48,3332.42,3329.56,3331.93,1735
2025-07-11T05:00:00.000Z,3331.89,3333.96,3331.84,3333.27,1840
2025-07-11T05:15:00.000Z,3333.33,3341.58,3333.07,3340.15,4899
2025-07-11T05:30:00.000Z,3340.21,3340.3,3334.99,3334.99,4942
2025-07-11T05:45:00.000Z,3335.05,3335.05,3332.29,3334.07,3681
2025-07-11T06:00:00.000Z,3334.08,3337.36,3332.83,3337.01,3578
2025-07-11T06:15:00.000Z,3337.01,3343.89,3337.01,3342.81,4585
2025-07-11T06:30:00.000Z,3342.83,3343.41,3338.33,3339.12,3468
2025-07-11T06:45:00.000Z,3339.12,3339.14,3332.09,3332.46,4167
2025-07-11T07:00:00.000Z,3332.29,3334.42,3331.09,3333.52,4165
2025-07-11T07:15:00.000Z,3333.66,3335.15,3332.92,3334.73,3622
2025-07-11T07:30:00.000Z,3334.61,3338.89,3334.39,3338.34,3064
2025-07-11T07:45:00.000Z,3338.32,3342.21,3338.31,3341.94,3791
2025-07-11T08:00:00.000Z,3341.92,3343.36,3340.73,3342.08,4834
2025-07-11T08:15:00.000Z,3342.07,3343.76,3338.51,3338.59,3000
2025-07-11T08:30:00.000Z,3338.52,3339.4,3336.27,3338.14,3294
2025-07-11T08:45:00.000Z,3338.17,3340.1,3332.87,3333.08,4144
2025-07-11T09:00:00.000Z,3333.11,3335.23,3332.81,3334.68,3466
2025-07-11T09:15:00.000Z,3334.69,3335.78,3333.44,3334,2480
2025-07-11T09:30:00.000Z,3333.95,3337.34,3333.92,3335.73,2876
2025-07-11T09:45:00.000Z,3335.69,3339.95,3335.57,3339.41,2661
2025-07-11T10:00:00.000Z,3339.51,3342.97,3339.51,3342.46,3135
2025-07-11T10:15:00.000Z,3342.5,3345.92,3342.31,3345.74,2874
2025-07-11T10:30:00.000Z,3345.7,3348.13,3344.17,3347.17,2729
2025-07-11T10:45:00.000Z,3347.18,3348.21,3344.9,3344.93,3366
2025-07-11T11:00:00.000Z,3344.99,3348.35,3343.86,3348.21,3076
2025-07-11T11:15:00.000Z,3348.2,3348.42,3342.04,3344.94,3143
2025-07-11T11:30:00.000Z,3344.89,3349.04,3344.82,3348.75,2981
2025-07-11T11:45:00.000Z,3348.77,3350.22,3346.91,3347.41,3558
2025-07-11T12:00:00.000Z,3347.42,3350.18,3344.64,3344.76,3828
2025-07-11T12:15:00.000Z,3344.77,3349.05,3344.16,3346.93,3613
2025-07-11T12:30:00.000Z,3347.23,3354.56,3347.23,3352.38,7028
2025-07-11T12:45:00.000Z,3352.4,3357.15,3351.76,3355.14,5952
2025-07-11T13:00:00.000Z,3355.15,3358.06,3353.35,3356.51,5649
2025-07-11T13:15:00.000Z,3356.52,3358.37,3350.09,3353.1,5825
2025-07-11T13:30:00.000Z,3353.28,3359.17,3350.59,3353.14,8042
2025-07-11T13:45:00.000Z,3353.29,3356.46,3350.21,3351.83,7053
2025-07-11T14:00:00.000Z,3351.95,3355.27,3351.21,3353.49,7160
2025-07-11T14:15:00.000Z,3353.62,3355.55,3350.3,3355.13,5772
2025-07-11T14:30:00.000Z,3355.24,3360.19,3355.16,3359.78,6161
2025-07-11T14:45:00.000Z,3359.61,3363.68,3358.26,3361.21,4596
2025-07-11T15:00:00.000Z,3361.05,3365.46,3361,3365.16,4292
2025-07-11T15:15:00.000Z,3365.09,3368.7,3363.2,3365.93,5853
2025-07-11T15:30:00.000Z,3365.98,3366.3,3359.16,3359.17,5892
2025-07-11T15:45:00.000Z,3359.2,3360.5,3356.94,3358.89,4535
2025-07-11T16:00:00.000Z,3358.85,3359.69,3355.4,3356.1,4446
2025-07-11T16:15:00.000Z,3355.98,3356.13,3353.24,3355.27,4077
2025-07-11T16:30:00.000Z,3355.13,3356.33,3353.26,3353.71,3582
2025-07-11T16:45:00.000Z,3353.67,3355.5,3352.8,3353.81,2830
2025-07-11T17:00:00.000Z,3353.75,3354.17,3349.21,3351.6,3555
2025-07-11T17:15:00.000Z,3351.61,3352.68,3349.61,3349.73,3429
2025-07-11T17:30:00.000Z,3349.69,3352.79,3349.33,3352.15,2648
2025-07-11T17:45:00.000Z,3352.12,3353.63,3352.09,3353.37,3215
2025-07-11T18:00:00.000Z,3353.39,3356.21,3353.33,3354.95,3371
2025-07-11T18:15:00.000Z,3354.96,3358,3354.72,3355.61,2891
2025-07-11T18:30:00.000Z,3355.68,3358.42,3355.32,3357.71,2585
2025-07-11T18:45:00.000Z,3357.78,3357.8,3355.8,3356.08,2031
2025-07-11T19:00:00.000Z,3356.11,3359.34,3355.59,3357.61,2838
2025-07-11T19:15:00.000Z,3357.61,3358.66,3356.43,3358.34,2444
2025-07-11T19:30:00.000Z,3358.37,3359.77,3357.61,3359.16,2575
2025-07-11T19:45:00.000Z,3359.15,3359.27,3355.88,3356.22,3147
2025-07-11T20:00:00.000Z,3356.32,3356.67,3355.5,3356.58,1036
2025-07-11T20:15:00.000Z,3356.53,3356.68,3354.19,3354.3,788
2025-07-11T20:30:00.000Z,3354.38,3357.52,3353.45,3357.5,1071
2025-07-11T20:45:00.000Z,3357.44,3357.88,3356.8,3356.8,464
2025-07-13T22:00:00.000Z,3362.94,3367.33,3359.21,3366.13,3223
2025-07-13T22:15:00.000Z,3366.09,3370.6,3363.41,3370.55,2727
2025-07-13T22:30:00.000Z,3370.33,3370.33,3364.54,3369.54,2919
2025-07-13T22:45:00.000Z,3369.56,3370.93,3368.34,3369.38,1527
2025-07-13T23:00:00.000Z,3369.46,3372.62,3369.43,3372.28,2104
2025-07-13T23:15:00.000Z,3372.3,3373.96,3366.75,3368.15,1986
2025-07-13T23:30:00.000Z,3368.24,3369.22,3366.55,3367.73,1834
2025-07-13T23:45:00.000Z,3367.63,3369.63,3366.3,3367.7,2132
2025-07-14T00:00:00.000Z,3367.26,3368.44,3364.74,3367.99,4215
2025-07-14T00:15:00.000Z,3368.03,3371.89,3367.3,3370.54,2523
2025-07-14T00:30:00.000Z,3370.59,3373.15,3370.59,3372.02,2287
2025-07-14T00:45:00.000Z,3372.03,3372.03,3367.17,3367.51,2846
2025-07-14T01:00:00.000Z,3367.51,3370.03,3361.09,3365.16,5533
2025-07-14T01:15:00.000Z,3365.15,3366.83,3360.5,3361.23,4170
2025-07-14T01:30:00.000Z,3361.21,3361.86,3358.48,3359.67,3776
2025-07-14T01:45:00.000Z,3359.57,3360.67,3357,3358.61,3171
2025-07-14T02:00:00.000Z,3358.54,3358.54,3355.09,3355.69,2815
2025-07-14T02:15:00.000Z,3355.68,3359.11,3354.83,3358.85,2978
2025-07-14T02:30:00.000Z,3359.08,3359.37,3353.73,3355.37,3843
2025-07-14T02:45:00.000Z,3355.33,3357.73,3355.33,3357.39,2397
2025-07-14T03:00:00.000Z,3357.36,3359.6,3356.76,3358.39,2252
2025-07-14T03:15:00.000Z,3358.35,3358.35,3355.37,3356.9,2301
2025-07-14T03:30:00.000Z,3356.92,3358.32,3356.42,3357.67,1794
2025-07-14T03:45:00.000Z,3357.58,3358.35,3355.49,3356.9,2122
2025-07-14T04:00:00.000Z,3356.81,3357.27,3354.23,3355.52,2569
2025-07-14T04:15:00.000Z,3355.55,3356.56,3353.7,3356.19,2391
2025-07-14T04:30:00.000Z,3356.13,3361.58,3355.43,3359.63,2531
2025-07-14T04:45:00.000Z,3359.42,3360.94,3358.8,3359.71,2611
2025-07-14T05:00:00.000Z,3359.61,3359.96,3357.62,3358.53,2561
2025-07-14T05:15:00.000Z,3358.54,3360.35,3353.82,3355.87,2306
2025-07-14T05:30:00.000Z,3355.81,3358.99,3355.81,3357.76,3447
2025-07-14T05:45:00.000Z,3357.68,3358.09,3355.96,3357.53,3082
2025-07-14T06:00:00.000Z,3357.59,3360.1,3356.56,3359.74,3750
2025-07-14T06:15:00.000Z,3359.8,3361.29,3358.09,3360.42,2837
2025-07-14T06:30:00.000Z,3360.32,3362.72,3358.17,3362.72,2696
2025-07-14T06:45:00.000Z,3362.56,3369.61,3362.32,3368.88,4693
2025-07-14T07:00:00.000Z,3368.67,3372.4,3366.63,3367.67,4619
2025-07-14T07:15:00.000Z,3367.69,3374.63,3366.73,3374.63,3716
2025-07-14T07:30:00.000Z,3374.66,3374.93,3369.85,3371.67,3354
2025-07-14T07:45:00.000Z,3371.72,3372.29,3369.31,3371.97,2769
2025-07-14T08:00:00.000Z,3371.96,3372.6,3369.4,3372.34,3008
2025-07-14T08:15:00.000Z,3372.31,3372.57,3366.51,3367.5,2922
2025-07-14T08:30:00.000Z,3367.49,3368.14,3365.42,3367.99,2596
2025-07-14T08:45:00.000Z,3367.96,3368.7,3365.92,3365.92,1655
2025-07-14T09:00:00.000Z,3366.04,3367.4,3364.55,3366.54,1581
2025-07-14T09:15:00.000Z,3366.64,3369.04,3366.54,3367.13,1651
2025-07-14T09:30:00.000Z,3367.04,3367.12,3363.99,3365.48,2317
2025-07-14T09:45:00.000Z,3365.49,3370.33,3364.76,3370.19,1821
2025-07-14T10:00:00.000Z,3370.28,3374.55,3370.28,3374.04,3589
2025-07-14T10:15:00.000Z,3374.03,3374.08,3370.28,3370.44,3168
2025-07-14T10:30:00.000Z,3370.43,3372.38,3369.72,3371.12,2462
2025-07-14T10:45:00.000Z,3371.1,3372.41,3370.51,3372,1660
2025-07-14T11:00:00.000Z,3372.31,3372.76,3370.21,3371.52,2254
2025-07-14T11:15:00.000Z,3371.61,3373.03,3369.36,3369.51,2679
2025-07-14T11:30:00.000Z,3369.41,3371.58,3368.77,3370.71,2929
2025-07-14T11:45:00.000Z,3370.59,3371.01,3363.95,3364.17,3611
2025-07-14T12:00:00.000Z,3364.15,3366.63,3360.99,3362.16,4558
2025-07-14T12:15:00.000Z,3362.17,3363.15,3357.25,3358.13,5970
2025-07-14T12:30:00.000Z,3357.99,3358.8,3350.46,3351.62,6331
2025-07-14T12:45:00.000Z,3351.75,3353.18,3349.39,3350.01,5130
2025-07-14T13:00:00.000Z,3350.2,3353.34,3347.15,3353.1,6718
2025-07-14T13:15:00.000Z,3353.01,3355.72,3350.84,3355.52,4221
2025-07-14T13:30:00.000Z,3355.55,3358.02,3354.74,3357.27,6282
2025-07-14T13:45:00.000Z,3357.22,3358.97,3354.76,3355.22,5107
2025-07-14T14:00:00.000Z,3355.24,3356.25,3351.31,3351.79,5878
2025-07-14T14:15:00.000Z,3351.69,3352.66,3345.12,3352,6066
2025-07-14T14:30:00.000Z,3351.99,3352.38,3341.19,3342.15,7579
2025-07-14T14:45:00.000Z,3342.06,3345.14,3341.02,3343.04,5623
2025-07-14T15:00:00.000Z,3343.05,3349.37,3342.43,3348.4,5619
2025-07-14T15:15:00.000Z,3348.39,3348.81,3345.55,3347.04,4219
2025-07-14T15:30:00.000Z,3346.99,3349.61,3346.73,3348.37,4015
2025-07-14T15:45:00.000Z,3348.32,3348.5,3344.32,3345.02,4272
2025-07-14T16:00:00.000Z,3345.02,3346.87,3343.04,3346.16,4160
2025-07-14T16:15:00.000Z,3346.13,3348.4,3345.9,3348.32,3476
2025-07-14T16:30:00.000Z,3348.3,3349.16,3347.76,3348.2,2838
2025-07-14T16:45:00.000Z,3348.24,3348.54,3346.08,3347.73,2951
2025-07-14T17:00:00.000Z,3347.85,3349.28,3347.35,3348.14,2666
2025-07-14T17:15:00.000Z,3348.12,3351,3347.93,3350.36,3156
2025-07-14T17:30:00.000Z,3350.38,3351.57,3349.75,3350.81,3195
2025-07-14T17:45:00.000Z,3350.82,3351.74,3350.17,3351,2002
2025-07-14T18:00:00.000Z,3351.02,3351.18,3347.86,3349.24,2433
2025-07-14T18:15:00.000Z,3349.09,3351.01,3348.51,3349.18,1634
2025-07-14T18:30:00.000Z,3349.2,3351.02,3349.05,3350.71,1971
2025-07-14T18:45:00.000Z,3350.64,3351.05,3348.39,3348.91,2422
2025-07-14T19:00:00.000Z,3348.95,3350.23,3348.65,3349.82,2433
2025-07-14T19:15:00.000Z,3349.81,3350.45,3347.97,3348.13,3281
2025-07-14T19:30:00.000Z,3348.12,3348.42,3345.65,3346.18,3970
2025-07-14T19:45:00.000Z,3346.27,3346.65,3343.12,3344.06,3364
2025-07-14T20:00:00.000Z,3344.13,3345.49,3343.37,3345.17,1147
2025-07-14T20:15:00.000Z,3345.14,3345.57,3344.14,3344.82,1354
2025-07-14T20:30:00.000Z,3344.83,3345.25,3341.98,3341.98,1023
2025-07-14T20:45:00.000Z,3342.05,3343.33,3340.99,3343.11,1017
2025-07-14T22:00:00.000Z,3343.8,3344.68,3341.21,3341.87,993
2025-07-14T22:15:00.000Z,3341.94,3344.18,3341.94,3344.08,654
2025-07-14T22:30:00.000Z,3344.12,3344.7,3343,3344.7,704
2025-07-14T22:45:00.000Z,3344.74,3345.73,3343.73,3345.73,821
2025-07-14T23:00:00.000Z,3345.49,3346.32,3343.88,3344,1128
2025-07-14T23:15:00.000Z,3343.97,3344.8,3343.93,3344.75,676
2025-07-14T23:30:00.000Z,3344.83,3346.09,3343.96,3345.93,1055
2025-07-14T23:45:00.000Z,3345.92,3346.47,3344.35,3345.22,1300
2025-07-15T00:00:00.000Z,3345.18,3346.97,3344.68,3346.65,2029
2025-07-15T00:15:00.000Z,3346.58,3347.89,3346.53,3347.47,1173
2025-07-15T00:30:00.000Z,3347.47,3348.08,3345.99,3346.97,1238
2025-07-15T00:45:00.000Z,3346.9,3349.23,3345.91,3347.61,1878
2025-07-15T01:00:00.000Z,3347.6,3349.57,3347.01,3348.63,2467
2025-07-15T01:15:00.000Z,3348.64,3349.86,3347.75,3348.3,1887
2025-07-15T01:30:00.000Z,3348.24,3350.52,3346.21,3346.68,1945
2025-07-15T01:45:00.000Z,3346.73,3348.31,3345.98,3346.43,2258
2025-07-15T02:00:00.000Z,3346.48,3349.89,3345.75,3349.7,2713
2025-07-15T02:15:00.000Z,3349.8,3351.99,3349.3,3350.08,2024
2025-07-15T02:30:00.000Z,3350,3350.48,3347.93,3349.07,2308
2025-07-15T02:45:00.000Z,3349.03,3351.02,3347.53,3350.85,1828
2025-07-15T03:00:00.000Z,3350.81,3354.58,3350.67,3354.17,2676
2025-07-15T03:15:00.000Z,3354.22,3355.95,3352.18,3354.53,2824
2025-07-15T03:30:00.000Z,3354.47,3357.35,3354.26,3357.23,1861
2025-07-15T03:45:00.000Z,3357.34,3358.24,3356.61,3357.86,1672
2025-07-15T04:00:00.000Z,3357.84,3361.04,3357.51,3360.78,2834
2025-07-15T04:15:00.000Z,3360.85,3360.88,3359.13,3360.18,1782
2025-07-15T04:30:00.000Z,3360.19,3360.98,3359.56,3360.12,1550
2025-07-15T04:45:00.000Z,3360.12,3361.26,3359.23,3360.12,1417
2025-07-15T05:00:00.000Z,3360.11,3363.15,3360.11,3362.58,1498
2025-07-15T05:15:00.000Z,3362.57,3364.43,3362.24,3363.49,1725
2025-07-15T05:30:00.000Z,3363.29,3364.88,3362.51,3364.08,2640
2025-07-15T05:45:00.000Z,3363.99,3365.12,3361.77,3362.1,2433
2025-07-15T06:00:00.000Z,3361.99,3364.1,3359.52,3362.77,3093
2025-07-15T06:15:00.000Z,3362.78,3362.98,3358.87,3359.84,2903
2025-07-15T06:30:00.000Z,3359.85,3362.75,3358.34,3361.69,3035
2025-07-15T06:45:00.000Z,3361.67,3362.12,3357.65,3358.16,2473
2025-07-15T07:00:00.000Z,3358.23,3360.49,3357.36,3360.39,2969
2025-07-15T07:15:00.000Z,3360.48,3363.17,3360.38,3362.7,2468
2025-07-15T07:30:00.000Z,3362.84,3363.75,3361.62,3363.56,1886
2025-07-15T07:45:00.000Z,3363.68,3365.12,3363.59,3364.27,2135
2025-07-15T08:00:00.000Z,3364.25,3365.56,3362.07,3363.13,2780
2025-07-15T08:15:00.000Z,3363.2,3363.24,3356.6,3357.79,4382
2025-07-15T08:30:00.000Z,3357.8,3363.71,3357.54,3362.36,3408
2025-07-15T08:45:00.000Z,3362.34,3363.91,3360.43,3361.01,2532
2025-07-15T09:00:00.000Z,3360.95,3364.7,3360.89,3363.22,2117
2025-07-15T09:15:00.000Z,3363.13,3363.66,3359.15,3361.64,2861
2025-07-15T09:30:00.000Z,3361.58,3363.17,3358.6,3362.04,3304
2025-07-15T09:45:00.000Z,3362.05,3363.59,3361.01,3363.42,1772
2025-07-15T10:00:00.000Z,3363.47,3365.95,3362.39,3364.63,2792
2025-07-15T10:15:00.000Z,3364.55,3366.36,3362.98,3362.98,2317
2025-07-15T10:30:00.000Z,3362.93,3364.42,3361.98,3362.76,1807
2025-07-15T10:45:00.000Z,3362.71,3363.04,3361.15,3361.32,1562
2025-07-15T11:00:00.000Z,3361.41,3361.97,3358.85,3360.69,2811
2025-07-15T11:15:00.000Z,3360.68,3361.01,3357.9,3358.11,2152
2025-07-15T11:30:00.000Z,3358.07,3359.32,3356.17,3357.03,2776
2025-07-15T11:45:00.000Z,3357.03,3357.88,3354.15,3354.84,3825
2025-07-15T12:00:00.000Z,3354.9,3355.24,3352.31,3352.66,3516
2025-07-15T12:15:00.000Z,3352.65,3355.49,3349.21,3354.41,4663
2025-07-15T12:30:00.000Z,3354.61,3360.41,3346.36,3351.5,7853
2025-07-15T12:45:00.000Z,3351.48,3354.81,3348.44,3348.87,5822
2025-07-15T13:00:00.000Z,3349.09,3352.42,3345.79,3346.59,7099
2025-07-15T13:15:00.000Z,3346.58,3346.92,3338.24,3340.78,6649
2025-07-15T13:30:00.000Z,3340.74,3342.25,3334.3,3338.39,9064
2025-07-15T13:45:00.000Z,3338.44,3347.79,3335.18,3346.52,8626
2025-07-15T14:00:00.000Z,3346.73,3348.14,3342.44,3347.13,7550
2025-07-15T14:15:00.000Z,3347.08,3349.2,3343.71,3347.02,5549
2025-07-15T14:30:00.000Z,3346.93,3352.09,3346.78,3349.98,5251
2025-07-15T14:45:00.000Z,3350.02,3350.49,3345.45,3347.89,4646
2025-07-15T15:00:00.000Z,3347.94,3349.83,3345.12,3345.49,4892
2025-07-15T15:15:00.000Z,3345.47,3345.53,3332.6,3334.2,6712
2025-07-15T15:30:00.000Z,3333.97,3333.98,3325.31,3331.36,8759
2025-07-15T15:45:00.000Z,3331.41,3331.56,3327.52,3328.89,4971
2025-07-15T16:00:00.000Z,3328.85,3328.9,3321.42,3322.56,5872
2025-07-15T16:15:00.000Z,3322.61,3325.75,3320.17,3325.69,4728
2025-07-15T16:30:00.000Z,3325.7,3326.73,3324,3326.14,3710
2025-07-15T16:45:00.000Z,3326.08,3330.3,3326,3329.25,3772
2025-07-15T17:00:00.000Z,3329.4,3331.17,3327.63,3331.06,3155
2025-07-15T17:15:00.000Z,3331.03,3331.28,3328.72,3329.21,3784
2025-07-15T17:30:00.000Z,3329.35,3330.27,3327.2,3328.08,2988
2025-07-15T17:45:00.000Z,3328.14,3328.68,3325.75,3328.12,2422
2025-07-15T18:00:00.000Z,3328.13,3329.34,3327.71,3328.71,2248
2025-07-15T18:15:00.000Z,3328.67,3328.89,3325.8,3326.39,2130
2025-07-15T18:30:00.000Z,3326.38,3330.17,3326.25,3329.98,2574
2025-07-15T18:45:00.000Z,3329.93,3331.87,3328.76,3328.76,2582
2025-07-15T19:00:00.000Z,3328.79,3329.98,3327.14,3327.34,2252
2025-07-15T19:15:00.000Z,3327.37,3328.17,3326.49,3326.84,1700
2025-07-15T19:30:00.000Z,3326.92,3329.62,3326.73,3329.43,2072
2025-07-15T19:45:00.000Z,3329.47,3331.2,3328.81,3330.36,2574
2025-07-15T20:00:00.000Z,3330.3,3330.93,3329.56,3330.42,1033
2025-07-15T20:15:00.000Z,3330.36,3330.61,3327.56,3328.15,1303
2025-07-15T20:30:00.000Z,3328.18,3328.93,3326.5,3326.5,721
2025-07-15T20:45:00.000Z,3326.53,3326.61,3323.94,3323.98,1036
2025-07-15T22:00:00.000Z,3324.68,3327.53,3323.67,3327.06,1078
2025-07-15T22:15:00.000Z,3327.1,3327.48,3325.87,3326.35,726
2025-07-15T22:30:00.000Z,3326.25,3326.94,3325.92,3326.41,768
2025-07-15T22:45:00.000Z,3326.37,3326.56,3325.47,3326.53,596
2025-07-15T23:00:00.000Z,3326.53,3328.61,3326.15,3328.45,924
2025-07-15T23:15:00.000Z,3328.44,3330.12,3328.33,3328.95,1025
2025-07-15T23:30:00.000Z,3328.88,3331.45,3328.76,3329.76,1144
2025-07-15T23:45:00.000Z,3329.75,3331.69,3329.74,3331,1130
2025-07-16T00:00:00.000Z,3331.02,3331.49,3328.84,3329.3,2284
2025-07-16T00:15:00.000Z,3329.34,3331.69,3329.27,3331.2,1781
2025-07-16T00:30:00.000Z,3331.19,3332.5,3330.29,3331.71,1863
2025-07-16T00:45:00.000Z,3331.7,3332.44,3329.72,3330.35,2124
2025-07-16T01:00:00.000Z,3330.37,3331.85,3328.83,3331.77,3630
2025-07-16T01:15:00.000Z,3331.77,3334.14,3330.9,3332.85,2418
2025-07-16T01:30:00.000Z,3332.98,3334.97,3330.9,3331.26,3003
2025-07-16T01:45:00.000Z,3331.25,3332.56,3329.79,3330.85,2534
2025-07-16T02:00:00.000Z,3331.04,3331.47,3327.8,3328.83,2693
2025-07-16T02:15:00.000Z,3328.82,3329.2,3328.26,3328.9,1791
2025-07-16T02:30:00.000Z,3328.88,3330.24,3327.31,3328.28,2778
2025-07-16T02:45:00.000Z,3328.22,3328.65,3324.98,3326.13,2430
2025-07-16T03:00:00.000Z,3326.11,3330.29,3325.84,3328.22,2444
2025-07-16T03:15:00.000Z,3328.23,3332.94,3328.05,3332.6,2613
2025-07-16T03:30:00.000Z,3332.65,3334.62,3332.52,3334.05,2338
2025-07-16T03:45:00.000Z,3333.98,3335,3333.45,3334.3,1930
2025-07-16T04:00:00.000Z,3334.35,3334.95,3333.14,3333.71,1845
2025-07-16T04:15:00.000Z,3333.72,3335.08,3332.74,3335.08,1358
2025-07-16T04:30:00.000Z,3335.2,3337.89,3334.87,3336.45,2794
2025-07-16T04:45:00.000Z,3336.48,3338.58,3335.96,3338.27,1979
2025-07-16T05:00:00.000Z,3338.25,3339.22,3337.18,3338.75,1798
2025-07-16T05:15:00.000Z,3338.62,3339.51,3338.22,3339.28,1358
2025-07-16T05:30:00.000Z,3339.25,3339.78,3336.27,3337.1,2285
2025-07-16T05:45:00.000Z,3337.08,3338.82,3335.56,3338.12,2120
2025-07-16T06:00:00.000Z,3337.9,3341.45,3337.72,3340.57,2295
2025-07-16T06:15:00.000Z,3340.62,3342.04,3339.99,3339.99,2643
2025-07-16T06:30:00.000Z,3339.97,3341.62,3339.6,3340.51,2575
2025-07-16T06:45:00.000Z,3340.44,3340.87,3338.72,3339.17,2458
2025-07-16T07:00:00.000Z,3339.16,3339.69,3336.87,3337.66,2392
2025-07-16T07:15:00.000Z,3337.65,3340.09,3337.6,3337.98,1958
2025-07-16T07:30:00.000Z,3337.97,3338.94,3336.27,3336.45,1984
2025-07-16T07:45:00.000Z,3336.35,3338.14,3335.99,3337.83,2220
2025-07-16T08:00:00.000Z,3337.91,3342.33,3337.72,3340.11,2844
2025-07-16T08:15:00.000Z,3340.03,3340.84,3339.01,3340.52,2317
2025-07-16T08:30:00.000Z,3340.53,3341.24,3339.49,3341.12,1787
2025-07-16T08:45:00.000Z,3341.19,3342.62,3340.26,3341.94,2351
2025-07-16T09:00:00.000Z,3341.9,3342.94,3340.01,3340.34,2369
2025-07-16T09:15:00.000Z,3340.46,3341.58,3339.13,3339.29,1939
2025-07-16T09:30:00.000Z,3339.3,3341.32,3339.3,3341.25,1807
2025-07-16T09:45:00.000Z,3341.33,3341.76,3339.81,3339.96,2203
2025-07-16T10:00:00.000Z,3339.98,3340.32,3337.86,3337.95,2440
2025-07-16T10:15:00.000Z,3337.98,3339.05,3337,3338.63,1804
2025-07-16T10:30:00.000Z,3338.64,3339.33,3337.83,3338.05,1687
2025-07-16T10:45:00.000Z,3338.06,3338.65,3333.88,3334.9,2482
2025-07-16T11:00:00.000Z,3334.92,3336.57,3334.41,3336,2770
2025-07-16T11:15:00.000Z,3336,3337.31,3333.77,3335.88,2193
2025-07-16T11:30:00.000Z,3335.9,3338.2,3335.19,3338.16,2584
2025-07-16T11:45:00.000Z,3338.18,3340.19,3336.19,3339.24,3318
2025-07-16T12:00:00.000Z,3339.25,3340.87,3337.29,3338.4,3357
2025-07-16T12:15:00.000Z,3338.25,3338.26,3333.2,3334.42,4379
2025-07-16T12:30:00.000Z,3334.47,3338.51,3332.17,3334.06,6599
2025-07-16T12:45:00.000Z,3334.05,3335.41,3330.99,3334.58,4641
2025-07-16T13:00:00.000Z,3334.57,3336.73,3332.84,3334.47,4863
2025-07-16T13:15:00.000Z,3334.57,3339.39,3333.79,3334.74,4687
2025-07-16T13:30:00.000Z,3334.51,3334.71,3326.66,3327.15,7527
2025-07-16T13:45:00.000Z,3327.08,3327.15,3321.95,3326.82,7872
2025-07-16T14:00:00.000Z,3326.78,3328.09,3323,3326.04,6426
2025-07-16T14:15:00.000Z,3325.88,3329.3,3321.54,3325.16,6603
2025-07-16T14:30:00.000Z,3325.06,3325.97,3319.65,3325.27,7134
2025-07-16T14:45:00.000Z,3325.25,3342.53,3323.97,3338.06,8350
2025-07-16T15:00:00.000Z,3338.08,3353.84,3337.35,3348.58,11069
2025-07-16T15:15:00.000Z,3348.71,3371.23,3346.8,3363.27,13326
2025-07-16T15:30:00.000Z,3363.28,3377.43,3357.36,3360.42,12002
2025-07-16T15:45:00.000Z,3360.29,3366.33,3336.22,3343.7,11488
2025-07-16T16:00:00.000Z,3343.52,3355.16,3339.11,3354.38,10365
2025-07-16T16:15:00.000Z,3354.34,3354.34,3346.77,3352.08,6517
2025-07-16T16:30:00.000Z,3352.08,3353.39,3348.47,3351.17,5591
2025-07-16T16:45:00.000Z,3351.12,3354.75,3348.2,3349.06,5357
2025-07-16T17:00:00.000Z,3349.2,3353.65,3348.8,3351.2,4612
2025-07-16T17:15:00.000Z,3351.16,3354.02,3350.59,3351.51,3588
2025-07-16T17:30:00.000Z,3351.75,3355.63,3350.2,3354.86,3963
2025-07-16T17:45:00.000Z,3354.96,3357.18,3353.8,3354.78,3341
2025-07-16T18:00:00.000Z,3354.79,3357.39,3354.29,3355.77,3366
2025-07-16T18:15:00.000Z,3355.71,3356.67,3352.6,3353.44,2954
2025-07-16T18:30:00.000Z,3353.43,3354.3,3352.39,3353.05,2438
2025-07-16T18:45:00.000Z,3353.06,3353.17,3349.03,3350.25,3085
2025-07-16T19:00:00.000Z,3350.26,3350.46,3347.16,3347.87,3121
2025-07-16T19:15:00.000Z,3347.98,3348.65,3346.44,3347.37,3128
2025-07-16T19:30:00.000Z,3347.45,3348.18,3346.04,3346.98,3158
2025-07-16T19:45:00.000Z,3347.05,3348.13,3346.81,3347.05,4328
2025-07-16T20:00:00.000Z,3347.07,3348.91,3347.07,3348.91,1726
2025-07-16T20:15:00.000Z,3348.88,3349.41,3348.19,3348.34,1112
2025-07-16T20:30:00.000Z,3348.33,3348.37,3346.26,3347.04,1447
2025-07-16T20:45:00.000Z,3347.18,3348.31,3346.37,3347.14,849
2025-07-16T22:00:00.000Z,3347.24,3351.52,3347.24,3351.04,1535
2025-07-16T22:15:00.000Z,3350.97,3352.12,3349.79,3351.39,1371
2025-07-16T22:30:00.000Z,3351.13,3351.66,3348.48,3348.48,956
2025-07-16T22:45:00.000Z,3348.49,3349.58,3348.34,3349.53,997
2025-07-16T23:00:00.000Z,3349.54,3350.16,3348.18,3349.1,720
2025-07-16T23:15:00.000Z,3349.09,3349.13,3347.89,3347.96,897
2025-07-16T23:30:00.000Z,3347.96,3348.63,3345.62,3346.03,1229
2025-07-16T23:45:00.000Z,3346.11,3346.8,3345.13,3346.41,1485
2025-07-17T00:00:00.000Z,3346.4,3347.26,3343.14,3343.85,2468
2025-07-17T00:15:00.000Z,3343.83,3344.95,3342.88,3344.12,2293
2025-07-17T00:30:00.000Z,3344.34,3344.63,3341.53,3341.83,2143
2025-07-17T00:45:00.000Z,3341.85,3341.93,3339.65,3340.7,2572
2025-07-17T01:00:00.000Z,3340.71,3342.03,3337.67,3340.67,4276
2025-07-17T01:15:00.000Z,3340.69,3341.56,3339.03,3340.7,3060
2025-07-17T01:30:00.000Z,3340.69,3341.41,3337.11,3341.21,3474
2025-07-17T01:45:00.000Z,3341.2,3344.44,3341.17,3343.98,3222
2025-07-17T02:00:00.000Z,3343.92,3344.68,3340.13,3340.51,3027
2025-07-17T02:15:00.000Z,3340.52,3341,3339.19,3339.83,1839
2025-07-17T02:30:00.000Z,3339.82,3341.47,3337.72,3339.09,2744
2025-07-17T02:45:00.000Z,3339.08,3342.02,3338.43,3341.29,2840
2025-07-17T03:00:00.000Z,3341.29,3342.11,3337.85,3338.18,2224
2025-07-17T03:15:00.000Z,3338.23,3339.43,3336.27,3339.33,2222
2025-07-17T03:30:00.000Z,3339.34,3341.82,3339.34,3341.35,1750
2025-07-17T03:45:00.000Z,3341.36,3342.28,3340.43,3341.45,2196
2025-07-17T04:00:00.000Z,3341.38,3341.58,3338.29,3339.16,1558
2025-07-17T04:15:00.000Z,3339.13,3341.1,3338.58,3341.09,1192
2025-07-17T04:30:00.000Z,3341.04,3344.66,3340.98,3342.7,1984
2025-07-17T04:45:00.000Z,3342.69,3342.75,3341.45,3342.63,1317
2025-07-17T05:00:00.000Z,3342.56,3342.85,3340.02,3340.24,1404
2025-07-17T05:15:00.000Z,3340.19,3340.84,3338.62,3340.42,2326
2025-07-17T05:30:00.000Z,3340.43,3341.07,3336.54,3337.02,2724
2025-07-17T05:45:00.000Z,3336.99,3339.58,3335.8,3339.31,2112
2025-07-17T06:00:00.000Z,3339.66,3339.73,3331.83,3333.05,3753
2025-07-17T06:15:00.000Z,3333.03,3334.86,3329.69,3330.17,4749
2025-07-17T06:30:00.000Z,3330.15,3331.01,3328.3,3329.14,3765
2025-07-17T06:45:00.000Z,3329.22,3336.48,3329.08,3335.36,4065
2025-07-17T07:00:00.000Z,3335.37,3336.14,3332.18,3334.01,3442
2025-07-17T07:15:00.000Z,3333.91,3333.92,3327.87,3329.55,4167
2025-07-17T07:30:00.000Z,3329.57,3330,3327.81,3327.88,2385
2025-07-17T07:45:00.000Z,3327.91,3329.3,3325.11,3325.74,3388
2025-07-17T08:00:00.000Z,3325.76,3329.58,3325.49,3329.19,2683
2025-07-17T08:15:00.000Z,3329.32,3331.33,3328.99,3331.03,2489
2025-07-17T08:30:00.000Z,3331.01,3332.05,3330.08,3330.38,2456
2025-07-17T08:45:00.000Z,3330.42,3331.72,3328.25,3328.77,2896
2025-07-17T09:00:00.000Z,3328.74,3330.48,3327.47,3328.22,2617
2025-07-17T09:15:00.000Z,3328.21,3332.36,3328.18,3329.99,2625
2025-07-17T09:30:00.000Z,3329.97,3330.46,3327.66,3328.56,2066
2025-07-17T09:45:00.000Z,3328.51,3328.84,3324.7,3325.61,2880
2025-07-17T10:00:00.000Z,3325.63,3328.14,3325.52,3327.12,2523
2025-07-17T10:15:00.000Z,3327.16,3328.85,3325.29,3328.78,2363
2025-07-17T10:30:00.000Z,3328.83,3331.11,3328.71,3331.09,2487
2025-07-17T10:45:00.000Z,3331.09,3331.09,3324.91,3325.8,3220
2025-07-17T11:00:00.000Z,3325.79,3328.52,3322.9,3327.92,3196
2025-07-17T11:15:00.000Z,3327.91,3328.36,3325.04,3326.38,2075
2025-07-17T11:30:00.000Z,3326.32,3326.32,3323.98,3325.06,2359
2025-07-17T11:45:00.000Z,3325.07,3326.03,3322.3,3324.21,3433
2025-07-17T12:00:00.000Z,3324.22,3325.91,3322.21,3325.39,3504
2025-07-17T12:15:00.000Z,3325.23,3328.5,3323.18,3325.95,4051
2025-07-17T12:30:00.000Z,3323.64,3327.08,3312.75,3312.98,9801
2025-07-17T12:45:00.000Z,3312.97,3315.35,3309.75,3312.95,8224
2025-07-17T13:00:00.000Z,3313.13,3317.16,3311.12,3316.69,7818
2025-07-17T13:15:00.000Z,3316.63,3319.3,3314,3317.61,5774
2025-07-17T13:30:00.000Z,3317.4,3320.44,3313.71,3315.54,8084
2025-07-17T13:45:00.000Z,3315.53,3321.78,3315.23,3319.06,5940
2025-07-17T14:00:00.000Z,3318.97,3325.36,3318.28,3324.5,6655
2025-07-17T14:15:00.000Z,3324.51,3330.19,3324.41,3330.19,6146
2025-07-17T14:30:00.000Z,3330.35,3334.29,3329.67,3332.75,5083
2025-07-17T14:45:00.000Z,3332.66,3335.08,3330.79,3334.12,4982
2025-07-17T15:00:00.000Z,3334.1,3335.96,3331.88,3333.35,4627
2025-07-17T15:15:00.000Z,3333.21,3338.03,3331.31,3337.01,4958
2025-07-17T15:30:00.000Z,3337.09,3337.86,3335.2,3336.91,4699
2025-07-17T15:45:00.000Z,3336.84,3338.43,3336.03,3336.7,4002
2025-07-17T16:00:00.000Z,3336.68,3337.21,3335.66,3337.11,2937
2025-07-17T16:15:00.000Z,3337.14,3339.01,3335.48,3338.77,2874
2025-07-17T16:30:00.000Z,3338.76,3339.43,3336.34,3338.77,3112
2025-07-17T16:45:00.000Z,3338.83,3339.88,3338.14,3338.77,3256
2025-07-17T17:00:00.000Z,3338.79,3340.51,3338.63,3339.04,2402
2025-07-17T17:15:00.000Z,3339.05,3340.98,3339.04,3340.16,2728
2025-07-17T17:30:00.000Z,3340.14,3340.77,3336.31,3336.86,3169
2025-07-17T17:45:00.000Z,3336.92,3338.21,3336.58,3337.39,2706
2025-07-17T18:00:00.000Z,3337.42,3337.84,3335.85,3336.76,2329
2025-07-17T18:15:00.000Z,3336.82,3337.9,3335.67,3336.99,2292
2025-07-17T18:30:00.000Z,3336.92,3338.49,3336.83,3338.35,1623
2025-07-17T18:45:00.000Z,3338.34,3338.93,3337.19,3338.52,1966
2025-07-17T19:00:00.000Z,3338.53,3340.11,3338.2,3339.46,2127
2025-07-17T19:15:00.000Z,3339.34,3340.26,3339.26,3339.65,1708
2025-07-17T19:30:00.000Z,3339.6,3340.75,3339.49,3340.43,2239
2025-07-17T19:45:00.000Z,3340.44,3340.71,3338.28,3339.68,3144
2025-07-17T20:00:00.000Z,3339.72,3340.23,3338.86,3339.05,1083
2025-07-17T20:15:00.000Z,3339.02,3339.66,3338.73,3338.9,1108
2025-07-17T20:30:00.000Z,3339.02,3339.26,3337.65,3338.06,884
2025-07-17T20:45:00.000Z,3338.12,3338.85,3336.74,3338.57,954
2025-07-17T22:00:00.000Z,3340.14,3341.75,3339.39,3339.61,1629
2025-07-17T22:15:00.000Z,3339.73,3340.52,3338.07,3339.31,2000
2025-07-17T22:30:00.000Z,3339.28,3343.01,3338.67,3342.69,1856
2025-07-17T22:45:00.000Z,3342.53,3343.85,3342.08,3343.19,1322
2025-07-17T23:00:00.000Z,3343.14,3343.33,3341.55,3342.21,1056
2025-07-17T23:15:00.000Z,3342.11,3342.24,3340.67,3341.4,1230
2025-07-17T23:30:00.000Z,3341.38,3342.76,3341.05,3341.05,880
2025-07-17T23:45:00.000Z,3341.06,3341.51,3339.41,3340.14,1052
2025-07-18T00:00:00.000Z,3340.18,3341.4,3339.3,3340.66,1585
2025-07-18T00:15:00.000Z,3340.57,3340.99,3338.56,3339.01,1560
2025-07-18T00:30:00.000Z,3338.96,3339.44,3337.95,3338.64,1009
2025-07-18T00:45:00.000Z,3338.67,3340.14,3338.37,3339.8,1102
2025-07-18T01:00:00.000Z,3339.81,3342.95,3337.04,3339.3,3999
2025-07-18T01:15:00.000Z,3339.28,3339.3,3336.19,3336.57,2398
2025-07-18T01:30:00.000Z,3336.64,3338.15,3335.26,3336.38,2629
2025-07-18T01:45:00.000Z,3336.48,3340.03,3336.42,3337.63,2533
2025-07-18T02:00:00.000Z,3337.54,3343.77,3336.78,3343.27,3181
2025-07-18T02:15:00.000Z,3343.25,3344.16,3342.71,3343.09,2624
2025-07-18T02:30:00.000Z,3343.02,3343.51,3339.56,3339.61,2471
2025-07-18T02:45:00.000Z,3339.44,3340.62,3337.21,3337.71,2390
2025-07-18T03:00:00.000Z,3337.76,3338.41,3336.42,3336.59,2083
2025-07-18T03:15:00.000Z,3336.48,3336.92,3334.52,3335.09,1980
2025-07-18T03:30:00.000Z,3335.01,3336.52,3334.02,3335.99,1744
2025-07-18T03:45:00.000Z,3336.04,3336.61,3334.56,3334.56,1278
2025-07-18T04:00:00.000Z,3334.57,3336.44,3334.4,3335.54,1590
2025-07-18T04:15:00.000Z,3335.47,3336.46,3334.46,3334.94,1609
2025-07-18T04:30:00.000Z,3334.94,3335.54,3334.09,3334.75,1513
2025-07-18T04:45:00.000Z,3334.7,3337.06,3333.79,3337.06,1584
2025-07-18T05:00:00.000Z,3337,3340.12,3336.8,3339.56,1744
2025-07-18T05:15:00.000Z,3339.53,3340.07,3337.85,3337.85,1716
2025-07-18T05:30:00.000Z,3337.79,3338.55,3334.49,3334.49,2971
2025-07-18T05:45:00.000Z,3334.54,3335.62,3333.32,3333.43,2680
2025-07-18T06:00:00.000Z,3333.41,3337.14,3331.74,3336.94,3540
2025-07-18T06:15:00.000Z,3337,3339.09,3336.67,3338.99,2541
2025-07-18T06:30:00.000Z,3338.96,3340.8,3337.82,3338.58,3043
2025-07-18T06:45:00.000Z,3338.59,3342.71,3338.17,3342.01,3107
2025-07-18T07:00:00.000Z,3342.05,3344.89,3340.7,3343.89,3087
2025-07-18T07:15:00.000Z,3343.79,3346.61,3343.69,3345.42,2487
2025-07-18T07:30:00.000Z,3345.26,3349.75,3344.2,3347.87,3062
2025-07-18T07:45:00.000Z,3347.82,3350.1,3347.53,3349.88,2526
2025-07-18T08:00:00.000Z,3349.91,3350.31,3347.24,3347.26,3388
2025-07-18T08:15:00.000Z,3347.28,3348.59,3346.23,3348.55,1990
2025-07-18T08:30:00.000Z,3348.49,3349.83,3347.56,3349.07,1808
2025-07-18T08:45:00.000Z,3348.97,3349.32,3347.05,3347.51,1438
2025-07-18T09:00:00.000Z,3347.61,3354.55,3347.43,3352.07,2758
2025-07-18T09:15:00.000Z,3352,3352.59,3350.43,3351.98,1930
2025-07-18T09:30:00.000Z,3352.05,3354.9,3351.59,3353.37,2007
2025-07-18T09:45:00.000Z,3353.4,3353.61,3350.89,3352.37,2140
2025-07-18T10:00:00.000Z,3352.22,3352.49,3347.81,3351.32,3652
2025-07-18T10:15:00.000Z,3351.31,3352.18,3349.34,3350.55,2601
2025-07-18T10:30:00.000Z,3350.57,3352.74,3350.48,3351.85,1556
2025-07-18T10:45:00.000Z,3351.72,3351.87,3349.93,3351.38,1532
2025-07-18T11:00:00.000Z,3351.29,3353.53,3350.76,3352.9,2608
2025-07-18T11:15:00.000Z,3352.86,3353.79,3352.31,3352.98,1678
2025-07-18T11:30:00.000Z,3352.97,3355.92,3352.05,3355.74,2901
2025-07-18T11:45:00.000Z,3355.75,3357.6,3353.55,3354.38,3241
2025-07-18T12:00:00.000Z,3354.35,3359.57,3354.19,3359.29,4018
2025-07-18T12:15:00.000Z,3359.28,3359.87,3356.19,3357.92,3453
2025-07-18T12:30:00.000Z,3358.32,3360.73,3356.89,3360.64,4127
2025-07-18T12:45:00.000Z,3360.48,3361.15,3358.76,3359.95,3249
2025-07-18T13:00:00.000Z,3359.94,3360.27,3356.47,3360.07,5143
2025-07-18T13:15:00.000Z,3360.09,3360.13,3356.07,3358.04,4154
2025-07-18T13:30:00.000Z,3358.13,3358.39,3352.23,3355.38,6799
2025-07-18T13:45:00.000Z,3355.36,3357.24,3353.26,3355.53,5321
2025-07-18T14:00:00.000Z,3355.74,3359.1,3354.56,3354.99,6985
2025-07-18T14:15:00.000Z,3354.97,3355.76,3351.16,3354.06,5475
2025-07-18T14:30:00.000Z,3354.04,3357.13,3353.69,3354.82,5021
2025-07-18T14:45:00.000Z,3354.81,3356.5,3354.08,3354.66,4318
2025-07-18T15:00:00.000Z,3354.67,3355.64,3352.56,3352.9,4487
2025-07-18T15:15:00.000Z,3353.04,3354.24,3352.36,3353.83,4589
2025-07-18T15:30:00.000Z,3353.82,3355.38,3352.33,3355.17,3174
2025-07-18T15:45:00.000Z,3355.18,3356.33,3353.37,3353.62,3283
2025-07-18T16:00:00.000Z,3353.61,3355.39,3351.18,3351.37,4127
2025-07-18T16:15:00.000Z,3351.36,3354.29,3351.15,3353.52,3358
2025-07-18T16:30:00.000Z,3353.46,3357.44,3353.08,3354.53,3060
2025-07-18T16:45:00.000Z,3354.52,3355.25,3351.87,3353.58,3437
2025-07-18T17:00:00.000Z,3353.57,3353.67,3352.14,3352.23,2784
2025-07-18T17:15:00.000Z,3352.29,3352.89,3350.49,3351.76,3112
2025-07-18T17:30:00.000Z,3351.77,3352.18,3350.9,3351.35,2222
2025-07-18T17:45:00.000Z,3351.33,3352.36,3350.97,3352.18,2018
2025-07-18T18:00:00.000Z,3352.18,3353.32,3350.24,3350.47,2616
2025-07-18T18:15:00.000Z,3350.48,3352.32,3350.2,3351.63,2261
2025-07-18T18:30:00.000Z,3351.64,3352.56,3351.33,3351.37,1763
2025-07-18T18:45:00.000Z,3351.35,3351.78,3350.76,3351.3,1776
2025-07-18T19:00:00.000Z,3351.29,3352.7,3351.04,3351.42,2255
2025-07-18T19:15:00.000Z,3351.42,3351.65,3350.65,3350.69,2067
2025-07-18T19:30:00.000Z,3350.71,3350.79,3348.12,3349.29,2618
2025-07-18T19:45:00.000Z,3349.34,3349.71,3347.62,3348.22,2891
2025-07-18T20:00:00.000Z,3348.18,3350.27,3347.78,3349.91,1562
2025-07-18T20:15:00.000Z,3350.18,3350.46,3349.26,3349.8,759
2025-07-18T20:30:00.000Z,3349.76,3351.25,3348.97,3350.83,639
2025-07-18T20:45:00.000Z,3350.76,3351.71,3349.65,3350.22,742
2025-07-20T22:00:00.000Z,3349.64,3350.17,3346.32,3346.97,2272
2025-07-20T22:15:00.000Z,3346.55,3347.88,3344.89,3347.81,1564
2025-07-20T22:30:00.000Z,3347.47,3348.27,3347,3347.44,745
2025-07-20T22:45:00.000Z,3347.4,3347.99,3346.47,3347.72,1034
2025-07-20T23:00:00.000Z,3347.59,3349.01,3345.63,3346,785
2025-07-20T23:15:00.000Z,3345.99,3346.72,3345.37,3346.35,975
2025-07-20T23:30:00.000Z,3346.39,3347.39,3345.55,3346.9,986
2025-07-20T23:45:00.000Z,3347.22,3349.43,3346.78,3349.1,1332
2025-07-21T00:00:00.000Z,3349.14,3350.39,3347.6,3350.23,2123
2025-07-21T00:15:00.000Z,3350.24,3351.74,3349.87,3351.74,1467
2025-07-21T00:30:00.000Z,3351.93,3353.84,3351.86,3353.52,1877
2025-07-21T00:45:00.000Z,3353.53,3354.46,3351.89,3352.23,1435
2025-07-21T01:00:00.000Z,3352.18,3357.48,3351.87,3356.95,3060
2025-07-21T01:15:00.000Z,3357.01,3358.38,3356.06,3358.04,2447
2025-07-21T01:30:00.000Z,3357.87,3358.49,3356.45,3356.74,2367
2025-07-21T01:45:00.000Z,3356.73,3357.86,3354.25,3356.4,2639
2025-07-21T02:00:00.000Z,3356.5,3356.5,3353.98,3354.15,1800
2025-07-21T02:15:00.000Z,3354.22,3357.29,3353.99,3356.99,1739
2025-07-21T02:30:00.000Z,3357.34,3357.34,3352.47,3352.89,1885
2025-07-21T02:45:00.000Z,3352.9,3354.59,3352.27,3354.08,1494
2025-07-21T03:00:00.000Z,3354.09,3356.75,3353.77,3356.23,1556
2025-07-21T03:15:00.000Z,3356.22,3356.85,3353.9,3354.78,2160
2025-07-21T03:30:00.000Z,3354.71,3354.8,3351.47,3352.39,1127
2025-07-21T03:45:00.000Z,3352.44,3352.8,3351.06,3351.22,861
2025-07-21T04:00:00.000Z,3351.21,3352.21,3350.56,3351.19,1215
2025-07-21T04:15:00.000Z,3350.99,3354.79,3350.83,3354.74,1019
2025-07-21T04:30:00.000Z,3354.67,3357.08,3354.55,3356.81,1289
2025-07-21T04:45:00.000Z,3356.81,3358.61,3356.34,3357.7,1581
2025-07-21T05:00:00.000Z,3357.71,3362.85,3357.52,3362.83,2919
2025-07-21T05:15:00.000Z,3362.77,3368.53,3362.49,3366.88,3442
2025-07-21T05:30:00.000Z,3366.88,3369.59,3364.88,3367.3,4746
2025-07-21T05:45:00.000Z,3367.37,3368.54,3366.49,3366.53,2427
2025-07-21T06:00:00.000Z,3366.63,3368.54,3365.34,3366.78,2802
2025-07-21T06:15:00.000Z,3366.75,3370.14,3366.49,3369.89,2969
2025-07-21T06:30:00.000Z,3369.76,3370.68,3367.63,3368.86,3189
2025-07-21T06:45:00.000Z,3368.9,3370.59,3367.44,3368.28,2794
2025-07-21T07:00:00.000Z,3368.25,3370.39,3367.1,3368.11,3179
2025-07-21T07:15:00.000Z,3368.06,3368.33,3364.57,3365.99,2797
2025-07-21T07:30:00.000Z,3365.98,3367.57,3365.22,3365.69,2325
2025-07-21T07:45:00.000Z,3365.65,3366.94,3363.9,3364.69,2634
2025-07-21T08:00:00.000Z,3364.73,3364.92,3363.03,3364.14,3303
2025-07-21T08:15:00.000Z,3364.23,3365.91,3363.08,3365.47,2445
2025-07-21T08:30:00.000Z,3365.46,3366.73,3364.18,3365.16,2453
2025-07-21T08:45:00.000Z,3365.15,3366.4,3364.77,3365.91,1794
2025-07-21T09:00:00.000Z,3365.95,3366.45,3364.29,3365.39,2019
2025-07-21T09:15:00.000Z,3365.37,3366.04,3365.02,3365.02,1407
2025-07-21T09:30:00.000Z,3364.92,3365.22,3362.74,3364,2138
2025-07-21T09:45:00.000Z,3364.14,3366.32,3363.86,3366.09,1771
2025-07-21T10:00:00.000Z,3366.08,3368.08,3366.08,3367.54,2177
2025-07-21T10:15:00.000Z,3367.32,3367.37,3364.75,3365.42,1767
2025-07-21T10:30:00.000Z,3365.49,3365.52,3362.84,3363.45,1883
2025-07-21T10:45:00.000Z,3363.45,3366.21,3363.45,3366.14,1670
2025-07-21T11:00:00.000Z,3366.28,3369.74,3365.27,3369.44,2945
2025-07-21T11:15:00.000Z,3369.45,3373.7,3369.45,3373.5,3723
2025-07-21T11:30:00.000Z,3373.53,3373.93,3370.7,3373.79,2788
2025-07-21T11:45:00.000Z,3373.83,3375.65,3373.18,3375.37,2798
2025-07-21T12:00:00.000Z,3375.36,3377.03,3374.5,3375.86,3595
2025-07-21T12:15:00.000Z,3375.95,3383.48,3375.42,3381.66,5470
2025-07-21T12:30:00.000Z,3381.65,3387.54,3381.49,3385.96,5309
2025-07-21T12:45:00.000Z,3385.95,3388.54,3384.92,3387.14,5545
2025-07-21T13:00:00.000Z,3387.28,3389.06,3384.81,3386.49,5622
2025-07-21T13:15:00.000Z,3386.48,3389.56,3385.86,3386.69,4462
2025-07-21T13:30:00.000Z,3386.96,3389.39,3383.51,3389.26,7125
2025-07-21T13:45:00.000Z,3389.24,3395.18,3386.87,3388.47,8548
2025-07-21T14:00:00.000Z,3388.65,3394.98,3386.14,3394.79,8674
2025-07-21T14:15:00.000Z,3394.74,3398.35,3393.69,3397.62,6589
2025-07-21T14:30:00.000Z,3397.84,3401.48,3397.53,3399.58,6635
2025-07-21T14:45:00.000Z,3399.47,3400.95,3397.18,3400.33,6046
2025-07-21T15:00:00.000Z,3400.32,3400.85,3396.52,3396.62,6558
2025-07-21T15:15:00.000Z,3396.61,3400.85,3395.51,3400.01,6081
2025-07-21T15:30:00.000Z,3400.01,3400.79,3396.23,3396.57,5160
2025-07-21T15:45:00.000Z,3396.75,3399.66,3396.53,3397.91,4235
2025-07-21T16:00:00.000Z,3397.92,3398.99,3397.2,3397.79,3742
2025-07-21T16:15:00.000Z,3397.85,3398.63,3396.18,3396.87,3907
2025-07-21T16:30:00.000Z,3396.97,3398.74,3395.63,3395.93,3147
2025-07-21T16:45:00.000Z,3395.89,3396.22,3393.78,3395.61,3270
2025-07-21T17:00:00.000Z,3395.58,3395.75,3392.71,3392.92,2793
2025-07-21T17:15:00.000Z,3393.05,3393.35,3391.4,3392.25,3593
2025-07-21T17:30:00.000Z,3392.23,3393.3,3391.58,3392,2412
2025-07-21T17:45:00.000Z,3392,3393.57,3391.99,3393.27,2614
2025-07-21T18:00:00.000Z,3393.48,3395.31,3393.33,3393.97,3285
2025-07-21T18:15:00.000Z,3393.96,3395.15,3393.65,3394.4,2503
2025-07-21T18:30:00.000Z,3394.38,3395.12,3393.53,3393.56,2274
2025-07-21T18:45:00.000Z,3393.54,3395.8,3393.11,3395.34,2373
2025-07-21T19:00:00.000Z,3395.42,3397.42,3395.05,3397.26,3225
2025-07-21T19:15:00.000Z,3397.27,3399.26,3396.77,3398.27,3045
2025-07-21T19:30:00.000Z,3398.24,3399.71,3398,3398.01,2965
2025-07-21T19:45:00.000Z,3398.07,3399.09,3397.02,3398.8,5530
2025-07-21T20:00:00.000Z,3398.86,3399.28,3397.81,3398.3,1672
2025-07-21T20:15:00.000Z,3398.31,3398.31,3397.26,3397.92,1128
2025-07-21T20:30:00.000Z,3397.91,3398.34,3397.07,3397.67,1394
2025-07-21T20:45:00.000Z,3397.66,3397.79,3396.34,3396.37,990
2025-07-21T22:00:00.000Z,3396.8,3399.68,3396.56,3399.19,1135
2025-07-21T22:15:00.000Z,3398.99,3400.19,3398.95,3400.01,687
2025-07-21T22:30:00.000Z,3399.97,3400.77,3399.71,3399.83,981
2025-07-21T22:45:00.000Z,3399.84,3400.62,3398.82,3399.29,731
2025-07-21T23:00:00.000Z,3399.54,3401.16,3399.28,3400.37,806
2025-07-21T23:15:00.000Z,3400.36,3401.69,3399.96,3401.33,808
2025-07-21T23:30:00.000Z,3401.36,3402.47,3393.25,3394.32,2467
2025-07-21T23:45:00.000Z,3394.27,3397.32,3393.73,3396.52,1508
2025-07-22T00:00:00.000Z,3396.5,3396.5,3390.52,3391.5,2499
2025-07-22T00:15:00.000Z,3391.39,3395.46,3391.19,3395.09,1991
2025-07-22T00:30:00.000Z,3394.85,3397.49,3393.63,3395.64,2507
2025-07-22T00:45:00.000Z,3395.64,3396.05,3392.66,3394.26,2274
2025-07-22T01:00:00.000Z,3394.25,3395.74,3389.89,3392.07,4345
2025-07-22T01:15:00.000Z,3392.06,3393.66,3390.51,3391.64,3179
2025-07-22T01:30:00.000Z,3391.62,3392.78,3386.87,3388.01,3200
2025-07-22T01:45:00.000Z,3388.02,3388.88,3385.02,3385.92,3063
2025-07-22T02:00:00.000Z,3385.88,3389.48,3385.28,3389.1,2520
2025-07-22T02:15:00.000Z,3389.02,3391.4,3388.27,3389.1,2576
2025-07-22T02:30:00.000Z,3389.04,3390.24,3387.32,3390.12,2697
2025-07-22T02:45:00.000Z,3390.14,3391.93,3389.49,3391.51,2162
2025-07-22T03:00:00.000Z,3391.53,3391.7,3389.22,3389.51,1746
2025-07-22T03:15:00.000Z,3389.5,3391.71,3388.77,3391.05,2002
2025-07-22T03:30:00.000Z,3391.05,3392.78,3390.01,3392.78,1197
2025-07-22T03:45:00.000Z,3392.72,3393.63,3391.8,3392.58,1953
2025-07-22T04:00:00.000Z,3392.52,3392.52,3388.54,3390.39,1651
2025-07-22T04:15:00.000Z,3390.6,3391.16,3389.04,3389.75,1597
2025-07-22T04:30:00.000Z,3389.73,3389.92,3388.38,3389.17,1115
2025-07-22T04:45:00.000Z,3389.18,3391.56,3387.98,3391,1699
2025-07-22T05:00:00.000Z,3391.01,3391.81,3388.07,3388.15,1908
2025-07-22T05:15:00.000Z,3388.11,3388.43,3386.9,3387.83,2023
2025-07-22T05:30:00.000Z,3387.84,3389.7,3386.23,3386.32,3099
2025-07-22T05:45:00.000Z,3386.28,3386.89,3384.65,3385.48,3396
2025-07-22T06:00:00.000Z,3385.43,3387.98,3384.47,3385.9,3151
2025-07-22T06:15:00.000Z,3385.84,3387.74,3384.66,3384.86,2911
2025-07-22T06:30:00.000Z,3384.82,3387.13,3384.51,3384.53,2734
2025-07-22T06:45:00.000Z,3384.54,3385.74,3384.47,3384.74,2306
2025-07-22T07:00:00.000Z,3385.14,3385.87,3384.39,3384.69,2654
2025-07-22T07:15:00.000Z,3384.6,3385.07,3383.35,3383.74,2197
2025-07-22T07:30:00.000Z,3383.72,3386.51,3383.32,3385.97,2125
2025-07-22T07:45:00.000Z,3386.01,3387.5,3384.61,3387.5,2157
2025-07-22T08:00:00.000Z,3387.52,3388.3,3386.1,3387.99,2458
2025-07-22T08:15:00.000Z,3387.94,3389.75,3387.02,3388.51,2706
2025-07-22T08:30:00.000Z,3388.57,3390.05,3387.87,3388.26,2735
2025-07-22T08:45:00.000Z,3388.3,3390.05,3387.99,3388.95,3304
2025-07-22T09:00:00.000Z,3388.81,3390.59,3387.94,3389.02,2198
2025-07-22T09:15:00.000Z,3389.01,3389.15,3384.73,3385.58,3172
2025-07-22T09:30:00.000Z,3385.5,3387.01,3384.63,3386.94,2696
2025-07-22T09:45:00.000Z,3386.95,3387.4,3385.58,3386.16,2768
2025-07-22T10:00:00.000Z,3386.12,3387.53,3385.88,3387.19,1807
2025-07-22T10:15:00.000Z,3387.18,3388.51,3386.07,3387.42,1783
2025-07-22T10:30:00.000Z,3387.47,3388.45,3386.72,3387.62,1865
2025-07-22T10:45:00.000Z,3387.63,3388.62,3386.69,3387.08,1864
2025-07-22T11:00:00.000Z,3387,3388.81,3386.72,3388.21,2432
2025-07-22T11:15:00.000Z,3388.28,3388.74,3386.94,3387.57,2212
2025-07-22T11:30:00.000Z,3387.58,3389.71,3386.67,3389.36,3004
2025-07-22T11:45:00.000Z,3389.32,3391.61,3388.68,3391.31,2984
2025-07-22T12:00:00.000Z,3391.39,3394.55,3391.11,3394.35,3667
2025-07-22T12:15:00.000Z,3394.33,3400.72,3393.8,3400.38,5702
2025-07-22T12:30:00.000Z,3400.29,3405.78,3397.79,3403.66,5040
2025-07-22T12:45:00.000Z,3403.66,3407.91,3400.86,3407.56,4911
2025-07-22T13:00:00.000Z,3407.59,3414.25,3406.46,3410.02,7179
2025-07-22T13:15:00.000Z,3409.99,3416.66,3408.51,3415.58,5580
2025-07-22T13:30:00.000Z,3415.52,3418.02,3413.11,3416.45,7641
2025-07-22T13:45:00.000Z,3416.56,3420.16,3411.33,3412.38,8916
2025-07-22T14:00:00.000Z,3412.34,3416.61,3405.01,3415.85,9415
2025-07-22T14:15:00.000Z,3415.86,3423.27,3415.4,3421.79,7834
2025-07-22T14:30:00.000Z,3421.73,3427.62,3421.52,3425.88,7619
2025-07-22T14:45:00.000Z,3425.79,3427.73,3421.84,3426.31,7017
2025-07-22T15:00:00.000Z,3426.33,3430.53,3423.95,3428.08,7470
2025-07-22T15:15:00.000Z,3428.24,3428.34,3424.6,3425.4,5127
2025-07-22T15:30:00.000Z,3425.26,3427.07,3423.93,3424.42,4703
2025-07-22T15:45:00.000Z,3424.41,3427.45,3423.64,3426.46,4026
2025-07-22T16:00:00.000Z,3426.56,3430.68,3426.2,3429.31,3520
2025-07-22T16:15:00.000Z,3429.28,3430.24,3426.52,3426.8,3353
2025-07-22T16:30:00.000Z,3427.26,3429.9,3427.07,3429.35,4397
2025-07-22T16:45:00.000Z,3429.34,3432.79,3428.9,3432.17,4205
2025-07-22T17:00:00.000Z,3432.18,3433.41,3426.5,3427.15,4565
2025-07-22T17:15:00.000Z,3427.14,3430.92,3427.02,3428.8,5326
2025-07-22T17:30:00.000Z,3428.74,3430.25,3427.26,3429.57,4062
2025-07-22T17:45:00.000Z,3429.51,3429.53,3427.32,3429.3,3484
2025-07-22T18:00:00.000Z,3429.3,3430.31,3427.77,3429.57,3516
2025-07-22T18:15:00.000Z,3429.59,3430.96,3429.45,3429.67,3362
2025-07-22T18:30:00.000Z,3429.7,3430.84,3429.25,3430.59,2384
2025-07-22T18:45:00.000Z,3430.51,3430.51,3428.4,3429.67,2667
2025-07-22T19:00:00.000Z,3429.62,3430.25,3428.95,3430.11,2572
2025-07-22T19:15:00.000Z,3430.06,3431.93,3429.9,3431.6,3101
2025-07-22T19:30:00.000Z,3431.59,3432.25,3431.12,3431.73,2980
2025-07-22T19:45:00.000Z,3431.72,3432.46,3430.79,3431.56,3554
2025-07-22T20:00:00.000Z,3431.54,3432.7,3430.07,3430.48,1728
2025-07-22T20:15:00.000Z,3430.38,3431.06,3429.68,3430.63,1465
2025-07-22T20:30:00.000Z,3430.71,3431.24,3427.46,3428.39,2587
2025-07-22T20:45:00.000Z,3428.4,3431.56,3427.39,3431.13,1676
2025-07-22T22:00:00.000Z,3431.69,3432.87,3429.98,3430.18,1173
2025-07-22T22:15:00.000Z,3430.1,3430.17,3428.54,3429.16,897
2025-07-22T22:30:00.000Z,3429.03,3429.03,3427.88,3428.72,894
2025-07-22T22:45:00.000Z,3428.74,3429.33,3427.49,3427.87,1028
2025-07-22T23:00:00.000Z,3427.87,3433.2,3427.77,3431.84,1728
2025-07-22T23:15:00.000Z,3431.78,3432.56,3427.8,3429.54,2407
2025-07-22T23:30:00.000Z,3429.55,3430.25,3427.48,3428.33,1953
2025-07-22T23:45:00.000Z,3428.34,3428.49,3426.3,3427.42,2204
2025-07-23T00:00:00.000Z,3427.3,3433.95,3427.08,3432.73,3261
2025-07-23T00:15:00.000Z,3432.69,3438.71,3431.87,3432.36,4723
2025-07-23T00:30:00.000Z,3432.34,3432.96,3428.73,3431.33,3301
2025-07-23T00:45:00.000Z,3431.32,3433.58,3428.61,3428.65,3469
2025-07-23T01:00:00.000Z,3428.7,3430.62,3423.13,3425.8,5817
2025-07-23T01:15:00.000Z,3425.82,3426.47,3421.74,3424.83,4940
2025-07-23T01:30:00.000Z,3424.63,3426.77,3420.92,3424.08,4192
2025-07-23T01:45:00.000Z,3424.08,3424.42,3420.97,3421.05,3950
2025-07-23T02:00:00.000Z,3421,3423.5,3420.79,3422.35,3105
2025-07-23T02:15:00.000Z,3422.28,3423.67,3419.95,3421.54,3923
2025-07-23T02:30:00.000Z,3421.55,3422.4,3419.22,3421.58,3413
2025-07-23T02:45:00.000Z,3421.6,3424.83,3421.6,3423.05,2937
2025-07-23T03:00:00.000Z,3423.03,3425.64,3422.85,3424.6,2443
2025-07-23T03:15:00.000Z,3424.58,3427.87,3423.36,3427.79,4169
2025-07-23T03:30:00.000Z,3427.86,3428.54,3425,3426.31,3266
2025-07-23T03:45:00.000Z,3426.32,3428.03,3422.78,3422.92,2451
2025-07-23T04:00:00.000Z,3422.99,3425.2,3421.91,3422.83,3052
2025-07-23T04:15:00.000Z,3422.85,3424.15,3422.49,3423.38,2089
2025-07-23T04:30:00.000Z,3423.38,3424.19,3422.42,3423.46,2001
2025-07-23T04:45:00.000Z,3423.47,3423.79,3421.96,3423.53,1756
2025-07-23T05:00:00.000Z,3423.53,3423.73,3420.73,3421.11,2293
2025-07-23T05:15:00.000Z,3421.12,3422.95,3420.75,3422.37,2466
2025-07-23T05:30:00.000Z,3422.37,3422.64,3417.82,3417.95,4252
2025-07-23T05:45:00.000Z,3417.92,3421.07,3416.3,3420.34,5195
2025-07-23T06:00:00.000Z,3420.56,3423.47,3420.39,3423.24,3360
2025-07-23T06:15:00.000Z,3423.26,3424.52,3421.27,3423.36,3805
2025-07-23T06:30:00.000Z,3423.37,3424.46,3419.48,3423.63,4225
2025-07-23T06:45:00.000Z,3423.7,3425.12,3423.51,3425.01,3338
2025-07-23T07:00:00.000Z,3424.82,3428.8,3422.79,3428.35,4150
2025-07-23T07:15:00.000Z,3428.3,3429.65,3426.18,3426.99,3220
2025-07-23T07:30:00.000Z,3426.97,3427.9,3422.84,3423.13,3104
2025-07-23T07:45:00.000Z,3423.14,3423.23,3419.94,3420.62,3053
2025-07-23T08:00:00.000Z,3420.72,3425.11,3420.5,3425.08,3253
2025-07-23T08:15:00.000Z,3425.13,3428.29,3423.99,3424.28,3316
2025-07-23T08:30:00.000Z,3424.29,3426.91,3423.84,3426.82,2605
2025-07-23T08:45:00.000Z,3426.79,3428.72,3424.45,3428.43,2573
2025-07-23T09:00:00.000Z,3428.47,3430.9,3428.3,3430.12,2543
2025-07-23T09:15:00.000Z,3430.14,3433.79,3430.02,3431.66,2957
2025-07-23T09:30:00.000Z,3431.65,3432.88,3430.11,3431.13,2181
2025-07-23T09:45:00.000Z,3431.12,3431.84,3430.54,3431.12,2499
2025-07-23T10:00:00.000Z,3431.1,3431.34,3424.07,3424.74,3495
2025-07-23T10:15:00.000Z,3424.73,3424.73,3421.95,3423.33,3955
2025-07-23T10:30:00.000Z,3423.34,3424.28,3421.53,3422.83,2794
2025-07-23T10:45:00.000Z,3422.84,3423.58,3421.14,3422.75,2496
2025-07-23T11:00:00.000Z,3422.7,3423.05,3420.38,3421.62,3217
2025-07-23T11:15:00.000Z,3421.68,3425.22,3420.43,3425.2,2987
2025-07-23T11:30:00.000Z,3425.19,3429.41,3425.19,3428.83,3281
2025-07-23T11:45:00.000Z,3428.58,3429.73,3427.81,3428.16,3184
2025-07-23T12:00:00.000Z,3428.13,3429.83,3427.49,3427.91,3570
2025-07-23T12:15:00.000Z,3427.89,3429.09,3424.14,3425.78,4561
2025-07-23T12:30:00.000Z,3425.75,3427.34,3422.96,3426.14,4686
2025-07-23T12:45:00.000Z,3426.35,3427.2,3419.89,3419.95,5319
2025-07-23T13:00:00.000Z,3419.92,3420.48,3412.28,3415.97,8419
2025-07-23T13:15:00.000Z,3416.02,3417.48,3408.2,3409.25,6754
2025-07-23T13:30:00.000Z,3409.36,3412.71,3405.59,3412.38,8821
2025-07-23T13:45:00.000Z,3412.28,3414.42,3411.59,3413.39,6875
2025-07-23T14:00:00.000Z,3413.32,3419.85,3412.93,3416.62,6412
2025-07-23T14:15:00.000Z,3416.68,3416.84,3410.67,3412.16,5647
2025-07-23T14:30:00.000Z,3412.18,3416.68,3410.79,3414.1,5366
2025-07-23T14:45:00.000Z,3414.11,3415.68,3411.65,3413.48,5219
2025-07-23T15:00:00.000Z,3413.5,3415.29,3410.3,3414.88,5155
2025-07-23T15:15:00.000Z,3414.96,3415.83,3411.84,3412.29,3967
2025-07-23T15:30:00.000Z,3412.29,3413.54,3409.94,3410.37,4674
2025-07-23T15:45:00.000Z,3410.35,3410.96,3398.21,3398.22,7260
2025-07-23T16:00:00.000Z,3398.21,3398.21,3384.35,3387.92,11130
2025-07-23T16:15:00.000Z,3388.41,3390.59,3381.53,3383.64,9608
2025-07-23T16:30:00.000Z,3383.59,3390.89,3381.65,3389.99,7579
2025-07-23T16:45:00.000Z,3389.93,3390.88,3385.45,3387.42,5825
2025-07-23T17:00:00.000Z,3387.36,3389.98,3385.78,3389.98,4783
2025-07-23T17:15:00.000Z,3389.99,3390.67,3385.65,3388.57,5375
2025-07-23T17:30:00.000Z,3388.65,3388.99,3385.78,3387.49,4134
2025-07-23T17:45:00.000Z,3387.5,3394.69,3387.49,3393.21,5257
2025-07-23T18:00:00.000Z,3393.26,3393.99,3392.02,3393.72,2862
2025-07-23T18:15:00.000Z,3393.73,3395.88,3393.68,3394.2,3080
2025-07-23T18:30:00.000Z,3394.16,3395.89,3393.2,3393.46,3366
2025-07-23T18:45:00.000Z,3393.45,3394.03,3392.84,3393.58,2334
2025-07-23T19:00:00.000Z,3393.57,3395.84,3392.49,3393.36,3137
2025-07-23T19:15:00.000Z,3393.36,3394.78,3390.85,3391.06,2810
2025-07-23T19:30:00.000Z,3391,3391.69,3389.59,3389.62,2584
2025-07-23T19:45:00.000Z,3389.73,3391.94,3388.52,3389.99,3432
2025-07-23T20:00:00.000Z,3390.02,3390.36,3388.13,3389.3,1554
2025-07-23T20:15:00.000Z,3389.19,3389.8,3388.21,3388.27,1656
2025-07-23T20:30:00.000Z,3388.34,3389.74,3387.85,3388.88,1110
2025-07-23T20:45:00.000Z,3388.88,3389.25,3385.65,3387.11,1232
2025-07-23T22:00:00.000Z,3387.98,3392.34,3387.86,3391.03,1560
2025-07-23T22:15:00.000Z,3391.1,3391.2,3387.77,3388.61,1218
2025-07-23T22:30:00.000Z,3388.85,3389.33,3387.8,3388.32,665
2025-07-23T22:45:00.000Z,3388.21,3388.84,3386.64,3386.69,649
2025-07-23T23:00:00.000Z,3386.74,3388.59,3386.39,3388.4,896
2025-07-23T23:15:00.000Z,3388.42,3390.7,3388.13,3390.3,1328
2025-07-23T23:30:00.000Z,3390.3,3390.86,3389.35,3389.38,799
2025-07-23T23:45:00.000Z,3389.37,3391.38,3388.28,3389.94,1765
2025-07-24T00:00:00.000Z,3390.02,3393.1,3389.06,3390.16,2186
2025-07-24T00:15:00.000Z,3390.16,3390.78,3388.56,3389.42,1280
2025-07-24T00:30:00.000Z,3389.44,3390.99,3388.75,3390.91,1623
2025-07-24T00:45:00.000Z,3390.92,3392.62,3390.75,3391.39,1470
2025-07-24T01:00:00.000Z,3391.4,3393.29,3383.96,3390.03,5868
2025-07-24T01:15:00.000Z,3389.97,3392.4,3388.84,3389.09,3780
2025-07-24T01:30:00.000Z,3389,3390.87,3386.28,3389,3721
2025-07-24T01:45:00.000Z,3389.18,3390.86,3387.09,3387.57,3958
2025-07-24T02:00:00.000Z,3387.64,3388.61,3380.54,3382.03,4719
2025-07-24T02:15:00.000Z,3381.92,3388.86,3381.47,3387.55,3325
2025-07-24T02:30:00.000Z,3387.5,3388.52,3383.24,3384.82,4045
2025-07-24T02:45:00.000Z,3384.82,3386.54,3382.81,3383.75,3279
2025-07-24T03:00:00.000Z,3383.67,3383.67,3374.62,3379.05,5274
2025-07-24T03:15:00.000Z,3379.06,3380.36,3377.21,3379.86,3347
2025-07-24T03:30:00.000Z,3379.95,3384.77,3379.32,3384.68,2095
2025-07-24T03:45:00.000Z,3384.66,3385.92,3383.59,3383.65,1918
2025-07-24T04:00:00.000Z,3383.64,3385.27,3383.01,3383.23,1746
2025-07-24T04:15:00.000Z,3383.29,3384.64,3382.49,3383.36,1315
2025-07-24T04:30:00.000Z,3383.35,3384.24,3382.68,3383.1,1287
2025-07-24T04:45:00.000Z,3383.1,3383.19,3380.97,3382.56,1978
2025-07-24T05:00:00.000Z,3382.55,3382.87,3378.81,3380.01,2253
2025-07-24T05:15:00.000Z,3379.97,3381.2,3379,3380.84,2199
2025-07-24T05:30:00.000Z,3380.83,3381.76,3374.56,3377.54,3852
2025-07-24T05:45:00.000Z,3377.55,3379.85,3374.41,3379.13,2941
2025-07-24T06:00:00.000Z,3379.36,3379.7,3375.09,3375.43,3195
2025-07-24T06:15:00.000Z,3375.46,3377.81,3371.47,3371.87,3649
2025-07-24T06:30:00.000Z,3371.85,3376.96,3369.95,3375.08,4943
2025-07-24T06:45:00.000Z,3375.09,3376.74,3372.99,3375.9,4222
2025-07-24T07:00:00.000Z,3375.84,3377.5,3373.14,3377.37,3453
2025-07-24T07:15:00.000Z,3377.28,3377.49,3374.73,3376.2,3205
2025-07-24T07:30:00.000Z,3376.21,3377.25,3374.34,3376.96,2795
2025-07-24T07:45:00.000Z,3376.87,3377.22,3366.01,3367.58,4747
2025-07-24T08:00:00.000Z,3367.74,3369.69,3365.77,3369.28,3814
2025-07-24T08:15:00.000Z,3369.29,3373.14,3368.37,3372.36,3719
2025-07-24T08:30:00.000Z,3372.24,3374.6,3371.92,3373.53,2711
2025-07-24T08:45:00.000Z,3373.48,3373.62,3369.34,3369.7,3292
2025-07-24T09:00:00.000Z,3369.62,3370.07,3366.13,3366.21,2758
2025-07-24T09:15:00.000Z,3366.22,3366.5,3362.47,3363.1,3106
2025-07-24T09:30:00.000Z,3363.01,3365.04,3361.93,3363.09,3631
2025-07-24T09:45:00.000Z,3363.14,3364.16,3362,3363.68,2476
2025-07-24T10:00:00.000Z,3363.63,3364.38,3362.23,3362.74,2123
2025-07-24T10:15:00.000Z,3362.66,3365.38,3362.17,3364.47,2189
2025-07-24T10:30:00.000Z,3364.49,3365.13,3362.64,3364.84,2092
2025-07-24T10:45:00.000Z,3364.88,3367.21,3362.97,3364.33,2426
2025-07-24T11:00:00.000Z,3364.35,3366.45,3363.66,3365.42,2474
2025-07-24T11:15:00.000Z,3365.41,3365.79,3362.62,3363.28,1913
2025-07-24T11:30:00.000Z,3363.27,3365.99,3361.21,3362.12,3575
2025-07-24T11:45:00.000Z,3362.38,3364.1,3361.72,3362.12,2905
2025-07-24T12:00:00.000Z,3361.95,3363.99,3358.06,3361.67,4350
2025-07-24T12:15:00.000Z,3361.66,3364.62,3361.1,3361.87,3786
2025-07-24T12:30:00.000Z,3361.82,3365.5,3357.97,3360.98,5937
2025-07-24T12:45:00.000Z,3360.84,3361.45,3352.64,3353.47,6801
2025-07-24T13:00:00.000Z,3353.44,3359.4,3351.33,3358.04,6850
2025-07-24T13:15:00.000Z,3358.14,3360.22,3355.14,3359.06,4898
2025-07-24T13:30:00.000Z,3358.85,3367.99,3356.46,3366.51,8927
2025-07-24T13:45:00.000Z,3366.43,3372.11,3365.23,3366.76,7868
2025-07-24T14:00:00.000Z,3366.7,3371.57,3365.84,3370.79,7201
2025-07-24T14:15:00.000Z,3370.8,3374.4,3369.46,3373.19,6675
2025-07-24T14:30:00.000Z,3373.22,3377.36,3373.22,3376.31,5214
2025-07-24T14:45:00.000Z,3376.21,3376.25,3372.32,3373.57,5369
2025-07-24T15:00:00.000Z,3373.67,3374.5,3370.88,3370.88,5421
2025-07-24T15:15:00.000Z,3370.84,3375,3370.33,3374.54,4726
2025-07-24T15:30:00.000Z,3374.56,3375.24,3373.03,3373.44,4269
2025-07-24T15:45:00.000Z,3373.45,3374.01,3371.05,3372.49,4062
2025-07-24T16:00:00.000Z,3372.51,3373.73,3369.82,3371.25,3184
2025-07-24T16:15:00.000Z,3371.24,3372.86,3369.62,3369.93,2975
2025-07-24T16:30:00.000Z,3369.92,3371.32,3367.86,3370.58,3855
2025-07-24T16:45:00.000Z,3370.57,3370.75,3366.87,3366.95,4327
2025-07-24T17:00:00.000Z,3366.9,3369.79,3366.24,3369.07,3599
2025-07-24T17:15:00.000Z,3369.09,3371.73,3367.81,3371.48,3293
2025-07-24T17:30:00.000Z,3371.5,3371.59,3370.35,3370.89,2374
2025-07-24T17:45:00.000Z,3370.84,3371.45,3368.65,3369.95,2185
2025-07-24T18:00:00.000Z,3369.96,3370.14,3367.42,3367.99,2748
2025-07-24T18:15:00.000Z,3367.92,3369.45,3367.58,3369.32,2779
2025-07-24T18:30:00.000Z,3369.33,3373.29,3369.33,3372.51,2620
2025-07-24T18:45:00.000Z,3372.53,3373.36,3371.17,3371.97,1865
2025-07-24T19:00:00.000Z,3371.91,3372.71,3371.36,3371.72,2175
2025-07-24T19:15:00.000Z,3371.73,3373.06,3371.71,3372.14,3030
2025-07-24T19:30:00.000Z,3372.13,3372.58,3371.52,3371.61,3253
2025-07-24T19:45:00.000Z,3371.72,3372.4,3370.02,3370.4,2685
2025-07-24T20:00:00.000Z,3370.43,3371.04,3369.52,3369.65,1478
2025-07-24T20:15:00.000Z,3369.65,3369.98,3368.88,3369.63,1647
2025-07-24T20:30:00.000Z,3369.68,3370.08,3368.06,3368.2,1491
2025-07-24T20:45:00.000Z,3368.24,3368.49,3367.05,3368.27,1075
2025-07-24T22:00:00.000Z,3368.49,3369.88,3366.96,3367.1,978
2025-07-24T22:15:00.000Z,3367.17,3367.58,3365.11,3366.47,1687
2025-07-24T22:30:00.000Z,3366.35,3367.13,3365.73,3366.6,1443
2025-07-24T22:45:00.000Z,3366.69,3369.02,3366.55,3368.66,1645
2025-07-24T23:00:00.000Z,3368.57,3371.32,3368.26,3370.65,1875
2025-07-24T23:15:00.000Z,3370.59,3370.7,3367.65,3367.94,1227
2025-07-24T23:30:00.000Z,3367.92,3370.09,3366.72,3369.37,1066
2025-07-24T23:45:00.000Z,3369.39,3369.84,3368.28,3369.39,928
2025-07-25T00:00:00.000Z,3369.44,3370.66,3368.29,3370.37,1470
2025-07-25T00:15:00.000Z,3370.36,3372.08,3370.05,3371.86,1955
2025-07-25T00:30:00.000Z,3371.89,3372.9,3371,3371.95,990
2025-07-25T00:45:00.000Z,3372.05,3373.41,3370.88,3372.12,1333
2025-07-25T01:00:00.000Z,3372.13,3372.65,3368.87,3369.94,2453
2025-07-25T01:15:00.000Z,3370,3370.14,3366.34,3367.75,2586
2025-07-25T01:30:00.000Z,3367.74,3368.56,3366.57,3368.53,2248
2025-07-25T01:45:00.000Z,3368.47,3371.53,3368.35,3370.42,3247
2025-07-25T02:00:00.000Z,3370.43,3370.49,3365.3,3366.05,2953
2025-07-25T02:15:00.000Z,3366.04,3366.55,3363.49,3366.2,1760
2025-07-25T02:30:00.000Z,3366.21,3366.61,3363.45,3363.78,1939
2025-07-25T02:45:00.000Z,3363.74,3364.31,3362.32,3362.98,1783
2025-07-25T03:00:00.000Z,3362.88,3363.38,3360.93,3361.09,2664
2025-07-25T03:15:00.000Z,3361.03,3363.01,3360.9,3361.3,1509
2025-07-25T03:30:00.000Z,3361.24,3361.78,3360,3360.63,1204
2025-07-25T03:45:00.000Z,3360.64,3361.5,3358.66,3359,1031
2025-07-25T04:00:00.000Z,3358.92,3363.42,3358.92,3362.53,2219
2025-07-25T04:15:00.000Z,3362.57,3362.65,3360.22,3360.88,1074
2025-07-25T04:30:00.000Z,3360.83,3362.16,3357.84,3358.41,1890
2025-07-25T04:45:00.000Z,3358.4,3362.14,3358.4,3360.9,1435
2025-07-25T05:00:00.000Z,3360.91,3362.26,3359.8,3359.85,1093
2025-07-25T05:15:00.000Z,3359.67,3360.85,3358.4,3358.73,1226
2025-07-25T05:30:00.000Z,3358.71,3359.21,3356.23,3356.55,2336
2025-07-25T05:45:00.000Z,3356.46,3358.61,3355.24,3358.61,2438
2025-07-25T06:00:00.000Z,3358.58,3359.67,3355.01,3356.89,2931
2025-07-25T06:15:00.000Z,3356.9,3358.14,3354.97,3355.99,2218
2025-07-25T06:30:00.000Z,3355.98,3358.84,3354.73,3358.75,2709
2025-07-25T06:45:00.000Z,3358.35,3359.35,3356.42,3359.3,2320
2025-07-25T07:00:00.000Z,3359.32,3359.32,3356.66,3357.37,2093
2025-07-25T07:15:00.000Z,3357.46,3360.08,3357.43,3358.84,2255
2025-07-25T07:30:00.000Z,3358.54,3358.87,3352.63,3353.52,2591
2025-07-25T07:45:00.000Z,3353.42,3355.42,3353.12,3354.02,1917
2025-07-25T08:00:00.000Z,3354.03,3355.23,3353.17,3353.89,1972
2025-07-25T08:15:00.000Z,3353.9,3354.12,3345.49,3345.52,3449
2025-07-25T08:30:00.000Z,3345.57,3349.22,3344.41,3347.75,3121
2025-07-25T08:45:00.000Z,3347.76,3348.77,3344.91,3345.47,1860
2025-07-25T09:00:00.000Z,3345.42,3346.57,3343.1,3344.72,2618
2025-07-25T09:15:00.000Z,3344.76,3348.5,3344.7,3347.23,1931
2025-07-25T09:30:00.000Z,3347.2,3348.9,3346.39,3347.16,1733
2025-07-25T09:45:00.000Z,3347.17,3347.85,3345.45,3345.79,1731
2025-07-25T10:00:00.000Z,3345.81,3348,3345.15,3346.31,1431
2025-07-25T10:15:00.000Z,3346.29,3346.59,3343.5,3343.73,1567
2025-07-25T10:30:00.000Z,3343.7,3345.65,3342.37,3344.1,2117
2025-07-25T10:45:00.000Z,3344.11,3344.43,3340.97,3342.82,2649
2025-07-25T11:00:00.000Z,3343.17,3345.11,3342.23,3342.39,2158
2025-07-25T11:15:00.000Z,3342.2,3343.14,3339.41,3339.74,2462
2025-07-25T11:30:00.000Z,3339.73,3341.36,3338.65,3340.33,2833
2025-07-25T11:45:00.000Z,3340.33,3343.52,3340.33,3341.01,2909
2025-07-25T12:00:00.000Z,3341,3342.78,3339.72,3341.94,3419
2025-07-25T12:15:00.000Z,3342.01,3344.09,3340.3,3341.26,3760
2025-07-25T12:30:00.000Z,3341.05,3341.66,3336.31,3340.46,4184
2025-07-25T12:45:00.000Z,3340.45,3341.68,3337.21,3340.73,3690
2025-07-25T13:00:00.000Z,3340.44,3342.38,3337.39,3338.87,5411
2025-07-25T13:15:00.000Z,3338.84,3343.3,3336.76,3342,4605
2025-07-25T13:30:00.000Z,3342.09,3347.49,3339.37,3339.91,7159
2025-07-25T13:45:00.000Z,3339.98,3345.58,3339.98,3343.86,6208
2025-07-25T14:00:00.000Z,3343.7,3344.79,3339.93,3339.99,6510
2025-07-25T14:15:00.000Z,3339.97,3340.22,3333.79,3337.97,7712
2025-07-25T14:30:00.000Z,3337.99,3338.75,3332.23,3336.32,7113
2025-07-25T14:45:00.000Z,3336.48,3336.53,3330.55,3331.88,6991
2025-07-25T15:00:00.000Z,3331.75,3333.81,3328.11,3332.28,7609
2025-07-25T15:15:00.000Z,3332.23,3335.88,3329.9,3330.26,6259
2025-07-25T15:30:00.000Z,3330.27,3332.36,3324.95,3327.05,6750
2025-07-25T15:45:00.000Z,3327.09,3329.59,3326.56,3327.81,5146
2025-07-25T16:00:00.000Z,3327.83,3329.5,3326.57,3329.12,3747
2025-07-25T16:15:00.000Z,3329.11,3331,3328.76,3328.87,3977
2025-07-25T16:30:00.000Z,3328.86,3330.42,3326.19,3329.83,3122
2025-07-25T16:45:00.000Z,3329.82,3331.33,3327.87,3329.6,3002
2025-07-25T17:00:00.000Z,3329.63,3333.5,3329.53,3333.13,3507
2025-07-25T17:15:00.000Z,3333.22,3335.09,3332.79,3334.16,3547
2025-07-25T17:30:00.000Z,3334.2,3335.64,3333.54,3335.56,2605
2025-07-25T17:45:00.000Z,3335.54,3336.82,3334.88,3335.9,2643
2025-07-25T18:00:00.000Z,3335.93,3338.69,3335.8,3338.44,2761
2025-07-25T18:15:00.000Z,3338.43,3339.29,3337.61,3338.39,3225
2025-07-25T18:30:00.000Z,3338.42,3338.94,3338,3338.68,1502
2025-07-25T18:45:00.000Z,3338.66,3339.31,3338.43,3338.72,1938
2025-07-25T19:00:00.000Z,3338.71,3340.21,3338.47,3340.12,3057
2025-07-25T19:15:00.000Z,3340.14,3340.19,3339.16,3339.58,1711
2025-07-25T19:30:00.000Z,3339.61,3339.97,3338.61,3338.68,2173
2025-07-25T19:45:00.000Z,3338.73,3339.15,3337.11,3337.57,3100
2025-07-25T20:00:00.000Z,3337.59,3338.3,3336.77,3337.03,1267
2025-07-25T20:15:00.000Z,3337.06,3337.68,3336.58,3337.24,951
2025-07-25T20:30:00.000Z,3337.3,3339.05,3337.04,3338.37,997
2025-07-25T20:45:00.000Z,3338.28,3338.39,3335.5,3336.09,733
2025-07-27T22:00:00.000Z,3320.28,3335.34,3319.28,3332.81,4472
2025-07-27T22:15:00.000Z,3332.75,3333.68,3330.24,3330.64,1969
2025-07-27T22:30:00.000Z,3330.53,3332.52,3328,3328.51,1909
2025-07-27T22:45:00.000Z,3328.5,3330.4,3323.74,3329.61,2779
2025-07-27T23:00:00.000Z,3329.57,3337.32,3329.37,3335.28,2839
2025-07-27T23:15:00.000Z,3335.22,3337.27,3333.3,3333.44,1848
2025-07-27T23:30:00.000Z,3333.41,3333.65,3329.63,3332.86,1949
2025-07-27T23:45:00.000Z,3332.83,3333.7,3329.9,3333.61,1939
2025-07-28T00:00:00.000Z,3333.72,3336,3333.15,3333.67,2000
2025-07-28T00:15:00.000Z,3333.9,3334.86,3331.38,3332.42,1870
2025-07-28T00:30:00.000Z,3332.45,3334.14,3329.04,3329.61,2608
2025-07-28T00:45:00.000Z,3329.59,3333.56,3327.58,3333.25,2812
2025-07-28T01:00:00.000Z,3333.19,3338.68,3329.79,3334.95,4608
2025-07-28T01:15:00.000Z,3334.97,3338.33,3334.01,3335.35,3321
2025-07-28T01:30:00.000Z,3335.36,3338.62,3334.94,3337.49,3387
2025-07-28T01:45:00.000Z,3337.43,3337.61,3331.21,3331.91,3493
2025-07-28T02:00:00.000Z,3331.92,3333.64,3330.5,3332.91,3234
2025-07-28T02:15:00.000Z,3332.96,3335.59,3332.14,3335.49,1565
2025-07-28T02:30:00.000Z,3335.44,3336.49,3331.51,3332.67,2731
2025-07-28T02:45:00.000Z,3332.67,3335.74,3332.17,3335.5,1508
2025-07-28T03:00:00.000Z,3335.28,3338.37,3334.35,3337.93,1644
2025-07-28T03:15:00.000Z,3337.97,3338.9,3336.19,3336.78,2106
2025-07-28T03:30:00.000Z,3336.7,3338.94,3336.5,3338.82,1390
2025-07-28T03:45:00.000Z,3338.93,3343.14,3338.84,3343.13,1856
2025-07-28T04:00:00.000Z,3343.02,3343.9,3340.7,3342.19,1891
2025-07-28T04:15:00.000Z,3342.12,3343.74,3339.79,3340.45,2117
2025-07-28T04:30:00.000Z,3340.46,3341.49,3339.76,3340.19,1490
2025-07-28T04:45:00.000Z,3340.29,3341.48,3339.35,3339.55,1093
2025-07-28T05:00:00.000Z,3339.56,3340.43,3338.51,3338.87,1758
2025-07-28T05:15:00.000Z,3338.87,3339.31,3337.98,3338.52,1217
2025-07-28T05:30:00.000Z,3338.52,3341,3338.04,3339.16,2754
2025-07-28T05:45:00.000Z,3339.15,3344.14,3339.15,3343.25,2899
2025-07-28T06:00:00.000Z,3343.14,3345.28,3341.15,3342.13,3702
2025-07-28T06:15:00.000Z,3342.07,3342.42,3338.87,3339.33,2834
2025-07-28T06:30:00.000Z,3339.36,3339.44,3335.75,3338.66,3187
2025-07-28T06:45:00.000Z,3338.65,3340.89,3337.34,3340.16,2706
2025-07-28T07:00:00.000Z,3340.14,3341.49,3338.64,3340.02,2781
2025-07-28T07:15:00.000Z,3340,3341.95,3338.93,3340.1,2366
2025-07-28T07:30:00.000Z,3340.09,3340.09,3334.99,3337.87,3565
2025-07-28T07:45:00.000Z,3337.85,3338.18,3333.94,3334.93,2853
2025-07-28T08:00:00.000Z,3334.88,3338.78,3334.75,3337.42,2617
2025-07-28T08:15:00.000Z,3337.55,3338.44,3336.24,3336.63,2541
2025-07-28T08:30:00.000Z,3336.58,3337.57,3332.31,3333.81,3386
2025-07-28T08:45:00.000Z,3333.86,3336.11,3332.46,3336.08,2799
2025-07-28T09:00:00.000Z,3336.14,3338.87,3335.93,3338.02,3103
2025-07-28T09:15:00.000Z,3337.71,3340.76,3337.43,3339.26,2983
2025-07-28T09:30:00.000Z,3339.14,3339.2,3336,3337.65,2698
2025-07-28T09:45:00.000Z,3337.63,3339.04,3335.97,3337.78,2043
2025-07-28T10:00:00.000Z,3337.77,3338.81,3336.27,3337.71,1580
2025-07-28T10:15:00.000Z,3337.69,3338.6,3335.39,3337.14,2965
2025-07-28T10:30:00.000Z,3337.21,3338.19,3334.18,3336.38,3225
2025-07-28T10:45:00.000Z,3336.24,3338.3,3335.73,3335.87,2602
2025-07-28T11:00:00.000Z,3335.96,3337.39,3335.72,3336.2,2131
2025-07-28T11:15:00.000Z,3336.15,3336.64,3334.35,3335.5,2483
2025-07-28T11:30:00.000Z,3335.57,3336.76,3334.93,3336.48,1920
2025-07-28T11:45:00.000Z,3336.62,3338.31,3336.09,3336.52,2300
2025-07-28T12:00:00.000Z,3336.57,3338.3,3333,3333.24,3621
2025-07-28T12:15:00.000Z,3333.16,3335.5,3328.36,3330.43,5434
2025-07-28T12:30:00.000Z,3330.49,3331.3,3326.32,3327.93,5168
2025-07-28T12:45:00.000Z,3328.02,3330.11,3325.52,3328.41,3822
2025-07-28T13:00:00.000Z,3328.39,3330.45,3328.12,3328.86,3955
2025-07-28T13:15:00.000Z,3328.92,3330.56,3326.54,3328.45,3995
2025-07-28T13:30:00.000Z,3328.44,3329.11,3321.96,3321.96,7031
2025-07-28T13:45:00.000Z,3321.96,3322.57,3301.73,3302.19,10539
2025-07-28T14:00:00.000Z,3302.17,3308.9,3301.78,3308.48,8754
2025-07-28T14:15:00.000Z,3308.61,3314.29,3306.81,3311.99,7319
2025-07-28T14:30:00.000Z,3311.94,3313.75,3308.27,3312.74,5970
2025-07-28T14:45:00.000Z,3312.72,3314.76,3305.76,3307.93,5500
2025-07-28T15:00:00.000Z,3307.92,3311.17,3306.44,3309.83,5381
2025-07-28T15:15:00.000Z,3309.79,3315.14,3308.96,3313.7,4216
2025-07-28T15:30:00.000Z,3313.79,3317.19,3313.14,3315.54,4444
2025-07-28T15:45:00.000Z,3315.52,3316.18,3314.1,3314.72,3720
2025-07-28T16:00:00.000Z,3314.7,3314.73,3311.45,3313.36,3341
2025-07-28T16:15:00.000Z,3313.35,3314.42,3311.84,3313.63,2676
2025-07-28T16:30:00.000Z,3313.89,3314.96,3313,3313.79,2449
2025-07-28T16:45:00.000Z,3313.81,3313.94,3311.41,3312.14,2844
2025-07-28T17:00:00.000Z,3312.15,3312.2,3308.72,3309.75,2893
2025-07-28T17:15:00.000Z,3309.76,3313.08,3309.61,3310.46,3760
2025-07-28T17:30:00.000Z,3310.43,3312.18,3309.51,3310.21,2730
2025-07-28T17:45:00.000Z,3310.23,3311.17,3309.78,3310.74,2114
2025-07-28T18:00:00.000Z,3310.76,3311.66,3310.17,3311.17,1982
2025-07-28T18:15:00.000Z,3311.15,3313.78,3310.99,3313.76,1818
2025-07-28T18:30:00.000Z,3313.74,3315.55,3313.24,3314.19,2569
2025-07-28T18:45:00.000Z,3314.22,3314.22,3313.02,3313.61,2500
2025-07-28T19:00:00.000Z,3313.59,3316.26,3313.56,3315.18,2871
2025-07-28T19:15:00.000Z,3315.17,3315.18,3312.97,3314.15,2047
2025-07-28T19:30:00.000Z,3314.16,3316.29,3314.09,3315.62,3038
2025-07-28T19:45:00.000Z,3315.61,3318.76,3315.29,3317.03,4057
2025-07-28T20:00:00.000Z,3316.99,3318.43,3316.81,3318.01,1216
2025-07-28T20:15:00.000Z,3318.02,3318.21,3316.76,3317.98,1188
2025-07-28T20:30:00.000Z,3318,3318.26,3316.28,3316.82,1242
2025-07-28T20:45:00.000Z,3317.07,3317.09,3314.05,3314.46,1274
2025-07-28T22:00:00.000Z,3313.96,3314.89,3312.11,3312.63,1685
2025-07-28T22:15:00.000Z,3312.57,3315.36,3312.2,3312.54,2491
2025-07-28T22:30:00.000Z,3312.49,3315.23,3311.9,3314.03,1825
2025-07-28T22:45:00.000Z,3313.88,3315.07,3313.8,3314.65,719
2025-07-28T23:00:00.000Z,3314.5,3314.67,3313.05,3313.75,1240
2025-07-28T23:15:00.000Z,3313.73,3313.86,3311.33,3311.37,1287
2025-07-28T23:30:00.000Z,3311.41,3312.76,3310.45,3312.35,1043
2025-07-28T23:45:00.000Z,3312.4,3314.41,3311.7,3312.52,1468
2025-07-29T00:00:00.000Z,3312.49,3315.72,3309.02,3310.96,3114
2025-07-29T00:15:00.000Z,3310.88,3312.14,3308.33,3308.71,2152
2025-07-29T00:30:00.000Z,3308.72,3310.96,3307.95,3308.54,2316
2025-07-29T00:45:00.000Z,3308.55,3312.35,3308.35,3311.57,2611
2025-07-29T01:00:00.000Z,3311.47,3312.22,3308.52,3311.09,4110
2025-07-29T01:15:00.000Z,3311.16,3314.49,3310.48,3313.81,3019
2025-07-29T01:30:00.000Z,3313.73,3320.53,3313.63,3319.65,3394
2025-07-29T01:45:00.000Z,3319.63,3320.86,3316.46,3318.88,2951
2025-07-29T02:00:00.000Z,3318.89,3320.24,3317.46,3317.88,3002
2025-07-29T02:15:00.000Z,3317.92,3320.13,3317.81,3319.67,1959
2025-07-29T02:30:00.000Z,3319.71,3320.04,3317.67,3319.14,2269
2025-07-29T02:45:00.000Z,3319.15,3320.21,3317.84,3318.84,2665
2025-07-29T03:00:00.000Z,3318.66,3318.84,3315.69,3316.54,2505
2025-07-29T03:15:00.000Z,3316.55,3316.6,3314.53,3315.07,2047
2025-07-29T03:30:00.000Z,3315.1,3315.24,3311.16,3313.51,2296
2025-07-29T03:45:00.000Z,3313.47,3315.02,3312.24,3312.51,2215
2025-07-29T04:00:00.000Z,3312.45,3313.95,3312.43,3313.11,1943
2025-07-29T04:15:00.000Z,3313.1,3313.56,3308.93,3310.61,2083
2025-07-29T04:30:00.000Z,3310.51,3313.71,3310.44,3313.61,1805
2025-07-29T04:45:00.000Z,3313.58,3317.36,3313.29,3316.41,2113
2025-07-29T05:00:00.000Z,3316.4,3316.98,3314.15,3315,1907
2025-07-29T05:15:00.000Z,3314.93,3317.57,3314.53,3317.49,2043
2025-07-29T05:30:00.000Z,3317.48,3318.7,3315.59,3317.57,3027
2025-07-29T05:45:00.000Z,3317.63,3320.1,3316.9,3319.88,2921
2025-07-29T06:00:00.000Z,3319.96,3320.09,3316.27,3319.8,4170
2025-07-29T06:15:00.000Z,3319.81,3321.24,3318.93,3321.09,3387
2025-07-29T06:30:00.000Z,3321.05,3321.38,3316.85,3319.16,5003
2025-07-29T06:45:00.000Z,3319.13,3322.32,3316.73,3316.93,5784
2025-07-29T07:00:00.000Z,3317.03,3318.65,3311.23,3313.71,5620
2025-07-29T07:15:00.000Z,3313.64,3317.15,3312.1,3314.31,3127
2025-07-29T07:30:00.000Z,3314.32,3317.21,3312.69,3316.8,2897
2025-07-29T07:45:00.000Z,3316.9,3318.21,3314.75,3317.02,2678
2025-07-29T08:00:00.000Z,3317.03,3327.27,3316.64,3327.13,4277
2025-07-29T08:15:00.000Z,3327.14,3329.87,3325.98,3327.5,3619
2025-07-29T08:30:00.000Z,3327.51,3328.58,3324.68,3327.05,3259
2025-07-29T08:45:00.000Z,3327.04,3328.35,3325.3,3326.35,3060
2025-07-29T09:00:00.000Z,3326.33,3326.42,3321.81,3324.25,4794
2025-07-29T09:15:00.000Z,3324.29,3326.61,3320.85,3325.11,3982
2025-07-29T09:30:00.000Z,3325.16,3326.93,3324.02,3325.33,3226
2025-07-29T09:45:00.000Z,3325.3,3328.16,3324.05,3324.53,2452
2025-07-29T10:00:00.000Z,3324.54,3325.29,3323.58,3324.14,1874
2025-07-29T10:15:00.000Z,3324.15,3325.37,3323.45,3325,2007
2025-07-29T10:30:00.000Z,3324.99,3326.33,3324.36,3325.73,2379
2025-07-29T10:45:00.000Z,3325.74,3325.75,3322.03,3322.16,2881
2025-07-29T11:00:00.000Z,3322.25,3322.25,3318.11,3319.67,3782
2025-07-29T11:15:00.000Z,3319.68,3321.46,3318.73,3320.48,2979
2025-07-29T11:30:00.000Z,3320.47,3320.67,3314.88,3316.59,3544
2025-07-29T11:45:00.000Z,3316.6,3318.29,3314.97,3315.21,3878
2025-07-29T12:00:00.000Z,3315.2,3321.86,3315.2,3320.5,3624
2025-07-29T12:15:00.000Z,3320.57,3323.29,3317.57,3321.84,4236
2025-07-29T12:30:00.000Z,3321.69,3322.85,3318.53,3321.57,4977
2025-07-29T12:45:00.000Z,3321.58,3324.52,3321.11,3323.32,3977
2025-07-29T13:00:00.000Z,3323.41,3324.34,3319.45,3320.67,4831
2025-07-29T13:15:00.000Z,3320.65,3324.07,3319.74,3321.1,4941
2025-07-29T13:30:00.000Z,3320.93,3321.83,3312.74,3320.09,8736
2025-07-29T13:45:00.000Z,3320.11,3320.6,3314.34,3317.96,6261
2025-07-29T14:00:00.000Z,3317.26,3319.48,3311.93,3317.62,7127
2025-07-29T14:15:00.000Z,3317.63,3325.06,3317.15,3324.34,5879
2025-07-29T14:30:00.000Z,3323.92,3328.16,3323.03,3327.29,5593
2025-07-29T14:45:00.000Z,3327.3,3329.47,3326.8,3328.88,5274
2025-07-29T15:00:00.000Z,3328.93,3334.08,3326.74,3329.91,6180
2025-07-29T15:15:00.000Z,3329.86,3330.53,3324.47,3325.86,5093
2025-07-29T15:30:00.000Z,3325.88,3326.82,3322.2,3322.52,4807
2025-07-29T15:45:00.000Z,3322.53,3323.84,3319.61,3320.67,4378
2025-07-29T16:00:00.000Z,3320.67,3322.33,3319.01,3322.33,3036
2025-07-29T16:15:00.000Z,3322.35,3323.52,3320.78,3322.39,2421
2025-07-29T16:30:00.000Z,3322.33,3323.78,3320.8,3322.85,3214
2025-07-29T16:45:00.000Z,3323.18,3324.68,3322.43,3323.18,2966
2025-07-29T17:00:00.000Z,3323.13,3325.79,3322.97,3324.99,2207
2025-07-29T17:15:00.000Z,3324.97,3327.99,3323.85,3326.42,3067
2025-07-29T17:30:00.000Z,3326.44,3328.19,3325.28,3327.99,3226
2025-07-29T17:45:00.000Z,3328,3329.23,3327.34,3328.23,3515
2025-07-29T18:00:00.000Z,3328.24,3329.18,3327.89,3328.01,2285
2025-07-29T18:15:00.000Z,3328,3330.77,3327.95,3329.89,2453
2025-07-29T18:30:00.000Z,3329.89,3330.78,3329.56,3330.12,2162
2025-07-29T18:45:00.000Z,3330.02,3330.02,3325.35,3325.82,2578
2025-07-29T19:00:00.000Z,3325.81,3327.01,3325.12,3326.23,2480
2025-07-29T19:15:00.000Z,3326.24,3328.68,3325.49,3327.43,2812
2025-07-29T19:30:00.000Z,3327.34,3327.38,3322.57,3322.88,3541
2025-07-29T19:45:00.000Z,3322.89,3325.55,3322.62,3324.93,3435
2025-07-29T20:00:00.000Z,3324.95,3326.1,3324.91,3325.66,1669
2025-07-29T20:15:00.000Z,3325.69,3326.21,3324.72,3325.99,1411
2025-07-29T20:30:00.000Z,3326.01,3326.54,3325.59,3326.45,1075
2025-07-29T20:45:00.000Z,3326.48,3326.67,3324.98,3326.44,1291
2025-07-29T22:00:00.000Z,3326.28,3328.11,3325.93,3326.8,916
2025-07-29T22:15:00.000Z,3326.79,3329.1,3326.68,3328.78,603
2025-07-29T22:30:00.000Z,3328.73,3328.73,3326.17,3326.61,748
2025-07-29T22:45:00.000Z,3326.53,3327.87,3326.48,3327.65,466
2025-07-29T23:00:00.000Z,3327.66,3328.27,3327.45,3327.65,523
2025-07-29T23:15:00.000Z,3327.75,3328.16,3326.78,3327.47,522
2025-07-29T23:30:00.000Z,3327.48,3327.48,3326.28,3326.79,703
2025-07-29T23:45:00.000Z,3326.61,3327.88,3326.12,3327.57,1053
2025-07-30T00:00:00.000Z,3327.37,3330.28,3327.19,3329.9,1512
2025-07-30T00:15:00.000Z,3329.81,3330.31,3328.22,3328.63,1387
2025-07-30T00:30:00.000Z,3328.6,3330.48,3328.37,3329.27,1549
2025-07-30T00:45:00.000Z,3329.26,3333.49,3329.1,3330.2,2525
2025-07-30T01:00:00.000Z,3330.19,3331.25,3328.03,3330.16,2925
2025-07-30T01:15:00.000Z,3330.21,3333.21,3328.93,3329.78,2441
2025-07-30T01:30:00.000Z,3329.77,3329.77,3322.98,3322.98,3673
2025-07-30T01:45:00.000Z,3322.92,3323.72,3321.77,3323.26,2990
2025-07-30T02:00:00.000Z,3323.23,3330.2,3323.21,3329.11,3436
2025-07-30T02:15:00.000Z,3329.12,3332.27,3329.1,3330.76,2589
2025-07-30T02:30:00.000Z,3331.07,3331.93,3325.92,3326.76,2378
2025-07-30T02:45:00.000Z,3326.75,3330.85,3325.93,3329.31,2007
2025-07-30T03:00:00.000Z,3329.28,3329.72,3326.18,3326.36,2018
2025-07-30T03:15:00.000Z,3326.39,3329.09,3326.16,3328.36,1970
2025-07-30T03:30:00.000Z,3328.27,3328.8,3326.84,3327.81,1022
2025-07-30T03:45:00.000Z,3327.77,3329.22,3327.09,3328.29,1071
2025-07-30T04:00:00.000Z,3328.19,3328.33,3326.12,3326.92,1206
2025-07-30T04:15:00.000Z,3326.96,3329.2,3326.91,3329.07,999
2025-07-30T04:30:00.000Z,3329.07,3329.71,3327.6,3328.14,1100
2025-07-30T04:45:00.000Z,3328.15,3328.15,3325.75,3327.11,1349
2025-07-30T05:00:00.000Z,3326.89,3327.68,3325.01,3326.87,1248
2025-07-30T05:15:00.000Z,3326.86,3330.59,3326.51,3326.52,2071
2025-07-30T05:30:00.000Z,3326.57,3328.91,3325.6,3325.89,1796
2025-07-30T05:45:00.000Z,3325.84,3327.77,3324.42,3324.86,2593
2025-07-30T06:00:00.000Z,3324.9,3326.19,3323.65,3323.88,2707
2025-07-30T06:15:00.000Z,3323.89,3324.98,3323.25,3323.68,2320
2025-07-30T06:30:00.000Z,3323.62,3325.63,3323.09,3325.55,2489
2025-07-30T06:45:00.000Z,3325.54,3327.52,3324.89,3327.2,2735
2025-07-30T07:00:00.000Z,3327.16,3332.08,3325.77,3329.87,3234
2025-07-30T07:15:00.000Z,3329.85,3331.47,3325.56,3326.8,2957
2025-07-30T07:30:00.000Z,3326.79,3329.79,3326.28,3329.79,1679
2025-07-30T07:45:00.000Z,3329.86,3331.11,3327.38,3327.71,1631
2025-07-30T08:00:00.000Z,3327.98,3331.96,3327.51,3331.03,2317
2025-07-30T08:15:00.000Z,3331.22,3332.67,3329.77,3329.98,2765
2025-07-30T08:30:00.000Z,3329.99,3331.6,3329.13,3329.87,1764
2025-07-30T08:45:00.000Z,3329.86,3333.4,3329.73,3332.18,1567
2025-07-30T09:00:00.000Z,3332.01,3333.34,3330.71,3332.57,1369
2025-07-30T09:15:00.000Z,3332.56,3333.03,3331.74,3331.87,1451
2025-07-30T09:30:00.000Z,3331.81,3332.14,3329.35,3330.13,1828
2025-07-30T09:45:00.000Z,3330.14,3333.97,3329.66,3331.25,2836
2025-07-30T10:00:00.000Z,3331.18,3332.97,3327.87,3330.5,4586
2025-07-30T10:15:00.000Z,3330.57,3330.93,3327.84,3329.09,2258
2025-07-30T10:30:00.000Z,3329.02,3329.79,3328.05,3328.56,1986
2025-07-30T10:45:00.000Z,3328.6,3329.15,3326.63,3328.48,2392
2025-07-30T11:00:00.000Z,3328.47,3328.81,3325.13,3327.04,3228
2025-07-30T11:15:00.000Z,3327.03,3330.36,3326.48,3328.43,2739
2025-07-30T11:30:00.000Z,3328.44,3329.19,3326.02,3326.03,2990
2025-07-30T11:45:00.000Z,3325.88,3331.58,3323.96,3330.76,2483
2025-07-30T12:00:00.000Z,3330.76,3331.81,3327.59,3328.14,2673
2025-07-30T12:15:00.000Z,3328.45,3330.84,3326,3328.33,4167
2025-07-30T12:30:00.000Z,3328.65,3328.79,3322.49,3323.84,6399
2025-07-30T12:45:00.000Z,3323.87,3324.61,3310.47,3313.3,6942
2025-07-30T13:00:00.000Z,3313.32,3316.05,3308.62,3309.15,8257
2025-07-30T13:15:00.000Z,3309.25,3312.33,3304.3,3305.3,6757
2025-07-30T13:30:00.000Z,3305.16,3308.09,3301.05,3302.89,7944
2025-07-30T13:45:00.000Z,3303.03,3306.44,3298.36,3303.07,6047
2025-07-30T14:00:00.000Z,3303.12,3308.36,3302.48,3306.39,5335
2025-07-30T14:15:00.000Z,3306.37,3306.95,3301.66,3301.84,5086
2025-07-30T14:30:00.000Z,3301.97,3305.36,3301.29,3304.45,4209
2025-07-30T14:45:00.000Z,3304.56,3306.29,3301.62,3302.16,3813
2025-07-30T15:00:00.000Z,3302.17,3303.31,3298.84,3300.51,4347
2025-07-30T15:15:00.000Z,3300.57,3300.93,3290.54,3292.59,6602
2025-07-30T15:30:00.000Z,3292.51,3293.42,3288.58,3292.88,4881
2025-07-30T15:45:00.000Z,3292.96,3293.94,3289.11,3290.36,3807
2025-07-30T16:00:00.000Z,3290.38,3294.87,3289.86,3294.64,3779
2025-07-30T16:15:00.000Z,3294.62,3297.46,3292.69,3295.34,3918
2025-07-30T16:30:00.000Z,3295.28,3296.12,3293.75,3295.56,2319
2025-07-30T16:45:00.000Z,3295.59,3298.51,3295.41,3298.02,2661
2025-07-30T17:00:00.000Z,3298.11,3299.2,3297.63,3298.8,2553
2025-07-30T17:15:00.000Z,3298.79,3300.35,3298.55,3298.98,2755
2025-07-30T17:30:00.000Z,3298.96,3299.98,3298.04,3299.25,2488
2025-07-30T17:45:00.000Z,3299.24,3302.18,3299.24,3301.75,2907
2025-07-30T18:00:00.000Z,3301.74,3304.9,3297.01,3299.27,8093
2025-07-30T18:15:00.000Z,3299.28,3301.54,3297.03,3297.67,5958
2025-07-30T18:30:00.000Z,3297.6,3299.17,3288.07,3289.02,9274
2025-07-30T18:45:00.000Z,3289.11,3291.59,3279.51,3280.16,9980
2025-07-30T19:00:00.000Z,3280.14,3282.59,3275.32,3275.32,9243
2025-07-30T19:15:00.000Z,3275.29,3277.38,3271.9,3273.18,7809
2025-07-30T19:30:00.000Z,3273.09,3275.33,3268.04,3272.6,6555
2025-07-30T19:45:00.000Z,3272.68,3275.58,3268.2,3269.21,6187
2025-07-30T20:00:00.000Z,3269.23,3275.64,3268.88,3273.56,3233
2025-07-30T20:15:00.000Z,3273.64,3274.6,3268.88,3269.34,2515
2025-07-30T20:30:00.000Z,3269.39,3275.22,3269.33,3274.05,2436
2025-07-30T20:45:00.000Z,3273.85,3276.13,3272.85,3275.34,1630
2025-07-30T22:00:00.000Z,3275.36,3279.27,3273.79,3277.2,2141
2025-07-30T22:15:00.000Z,3277.22,3280.06,3276.32,3277.14,1970
2025-07-30T22:30:00.000Z,3277,3278.79,3276.93,3278.61,1209
2025-07-30T22:45:00.000Z,3278.6,3279.83,3278.42,3278.88,1080
2025-07-30T23:00:00.000Z,3278.93,3279.95,3277.67,3278.45,1048
2025-07-30T23:15:00.000Z,3278.4,3280.11,3278.39,3279.57,1179
2025-07-30T23:30:00.000Z,3279.47,3282.07,3279.43,3281.98,1514
2025-07-30T23:45:00.000Z,3282.04,3285.69,3280.66,3285.21,1847
2025-07-31T00:00:00.000Z,3285.01,3288.06,3283.16,3284.52,3513
2025-07-31T00:15:00.000Z,3284.31,3286.28,3282.64,3283.68,2520
2025-07-31T00:30:00.000Z,3283.74,3287.76,3283.74,3286.47,2267
2025-07-31T00:45:00.000Z,3286.39,3288.34,3285.29,3286.45,2512
2025-07-31T01:00:00.000Z,3286.36,3289.83,3284.9,3287.09,4779
2025-07-31T01:15:00.000Z,3287.01,3291.25,3286.59,3287.21,4058
2025-07-31T01:30:00.000Z,3287.2,3289.84,3285.37,3289.56,3637
2025-07-31T01:45:00.000Z,3289.41,3293.88,3287.52,3293.71,3159
2025-07-31T02:00:00.000Z,3293.72,3295.7,3293.07,3294.72,2740
2025-07-31T02:15:00.000Z,3294.73,3295.59,3291.27,3292.49,2395
2025-07-31T02:30:00.000Z,3292.5,3293.47,3290.45,3292.7,2960
2025-07-31T02:45:00.000Z,3292.65,3297.4,3291.21,3297.16,2775
2025-07-31T03:00:00.000Z,3297.18,3298.45,3293.32,3294.1,2879
2025-07-31T03:15:00.000Z,3294.13,3298.28,3294.01,3295.63,3192
2025-07-31T03:30:00.000Z,3295.63,3296.41,3294.26,3296.27,2028
2025-07-31T03:45:00.000Z,3296.22,3297.81,3294.41,3294.9,1857
2025-07-31T04:00:00.000Z,3294.85,3296.27,3293.68,3294.12,2065
2025-07-31T04:15:00.000Z,3294.02,3295.76,3293.63,3294.41,1679
2025-07-31T04:30:00.000Z,3294.36,3297.35,3293.88,3296.57,1522
2025-07-31T04:45:00.000Z,3296.52,3298.34,3295.51,3298.04,1247
2025-07-31T05:00:00.000Z,3298.09,3299.02,3296.04,3296.2,1601
2025-07-31T05:15:00.000Z,3296.15,3296.68,3295.45,3295.78,1191
2025-07-31T05:30:00.000Z,3295.73,3297.11,3294.81,3295.9,2145
2025-07-31T05:45:00.000Z,3295.93,3301.44,3294.63,3299.54,2660
2025-07-31T06:00:00.000Z,3299.56,3303.93,3298.19,3302.44,3670
2025-07-31T06:15:00.000Z,3302.37,3303.74,3301.08,3301.98,3244
2025-07-31T06:30:00.000Z,3301.94,3304.73,3300.15,3300.32,3237
2025-07-31T06:45:00.000Z,3300.33,3301.16,3298.07,3299.07,3577
2025-07-31T07:00:00.000Z,3299.16,3302.26,3298.05,3300.12,2845
2025-07-31T07:15:00.000Z,3300.02,3303.72,3298.77,3300.91,2431
2025-07-31T07:30:00.000Z,3300.96,3304.35,3299.42,3304.08,2559
2025-07-31T07:45:00.000Z,3304.07,3309.64,3302.58,3304.6,4235
2025-07-31T08:00:00.000Z,3304.58,3309.86,3303.62,3308.17,2953
2025-07-31T08:15:00.000Z,3308.13,3314.74,3306.82,3310.8,3571
2025-07-31T08:30:00.000Z,3310.83,3313.5,3309.01,3309.24,2788
2025-07-31T08:45:00.000Z,3309.21,3311.47,3308.82,3309.86,2083
2025-07-31T09:00:00.000Z,3309.8,3313.06,3308.98,3312.18,2432
2025-07-31T09:15:00.000Z,3312.13,3312.62,3306.71,3307.39,2988
2025-07-31T09:30:00.000Z,3307.71,3308.72,3304.88,3305.59,3162
2025-07-31T09:45:00.000Z,3305.58,3309.23,3305.56,3306.63,2345
2025-07-31T10:00:00.000Z,3306.64,3308.05,3305.34,3306.19,2331
2025-07-31T10:15:00.000Z,3306.23,3306.28,3303.39,3304.6,2835
2025-07-31T10:30:00.000Z,3304.59,3305.1,3300.81,3300.84,2910
2025-07-31T10:45:00.000Z,3300.85,3301.1,3293.8,3296.19,4853
2025-07-31T11:00:00.000Z,3296.43,3303.01,3295.13,3301.19,5014
2025-07-31T11:15:00.000Z,3301.2,3303.45,3299.76,3302.19,4046
2025-07-31T11:30:00.000Z,3302.14,3307.34,3302.12,3305.23,3552
2025-07-31T11:45:00.000Z,3305.18,3307.73,3303.4,3306.19,2963
2025-07-31T12:00:00.000Z,3306.14,3307.39,3304.24,3307.22,3490
2025-07-31T12:15:00.000Z,3307.23,3307.78,3304.5,3306.86,4892
2025-07-31T12:30:00.000Z,3306.28,3310.41,3303.96,3308.47,5374
2025-07-31T12:45:00.000Z,3308.46,3311.04,3307.25,3307.6,3830
2025-07-31T13:00:00.000Z,3307.61,3309.24,3304.7,3309,5715
2025-07-31T13:15:00.000Z,3309.2,3310.36,3306.61,3308.49,4238
2025-07-31T13:30:00.000Z,3308.18,3308.8,3302.79,3303.83,7581
2025-07-31T13:45:00.000Z,3303.76,3304.77,3300.54,3301.36,8180
2025-07-31T14:00:00.000Z,3301.1,3302.26,3298.58,3300.64,6613
2025-07-31T14:15:00.000Z,3301.02,3303.06,3295.54,3296.62,6884
2025-07-31T14:30:00.000Z,3296.63,3298.19,3291.38,3297.52,6475
2025-07-31T14:45:00.000Z,3297.57,3297.67,3293.19,3296.17,6440
2025-07-31T15:00:00.000Z,3296.05,3296.84,3291.26,3296.37,6242
2025-07-31T15:15:00.000Z,3296.4,3298.96,3295.1,3295.53,4992
2025-07-31T15:30:00.000Z,3295.42,3298.04,3292.84,3293.71,4825
2025-07-31T15:45:00.000Z,3293.72,3295.87,3292.94,3295.47,3921
2025-07-31T16:00:00.000Z,3295.46,3295.57,3289.65,3291.13,5639
2025-07-31T16:15:00.000Z,3291.05,3293.53,3289.68,3292.46,4684
2025-07-31T16:30:00.000Z,3292.48,3296.24,3291.31,3296.02,4174
2025-07-31T16:45:00.000Z,3295.99,3297.27,3294.77,3294.97,3629
2025-07-31T17:00:00.000Z,3294.96,3298.36,3294.7,3297.3,3583
2025-07-31T17:15:00.000Z,3297.48,3298.34,3295.43,3296.07,4171
2025-07-31T17:30:00.000Z,3295.9,3296.54,3294.51,3295.26,3811
2025-07-31T17:45:00.000Z,3295.26,3295.45,3294,3294.91,3519
2025-07-31T18:00:00.000Z,3294.98,3295.02,3292.74,3294.51,2471
2025-07-31T18:15:00.000Z,3294.47,3297.05,3293.58,3296.47,2513
2025-07-31T18:30:00.000Z,3296.43,3296.62,3294.33,3295.33,2467
2025-07-31T18:45:00.000Z,3295.29,3296.2,3294.92,3295.71,2160
2025-07-31T19:00:00.000Z,3295.69,3296.3,3294.56,3294.62,1993
2025-07-31T19:15:00.000Z,3294.62,3294.67,3290.49,3291.01,2511
2025-07-31T19:30:00.000Z,3290.98,3294.64,3290.98,3294.42,2734
2025-07-31T19:45:00.000Z,3294.48,3294.8,3290.49,3290.93,4895
2025-07-31T20:00:00.000Z,3290.95,3293.68,3290.81,3292.53,2468
2025-07-31T20:15:00.000Z,3292.54,3292.54,3290.77,3291.8,1313
2025-07-31T20:30:00.000Z,3291.78,3292.06,3290.71,3291.67,1232
2025-07-31T20:45:00.000Z,3291.73,3291.73,3289.57,3289.62,1060
2025-07-31T22:00:00.000Z,3290.43,3292.47,3288.65,3291.27,1288
2025-07-31T22:15:00.000Z,3291.26,3293.72,3291.01,3293.37,1033
2025-07-31T22:30:00.000Z,3293.12,3294.07,3292.73,3293.97,969
2025-07-31T22:45:00.000Z,3293.98,3295.04,3293.51,3294.9,1149
2025-07-31T23:00:00.000Z,3294.87,3295,3290.34,3290.52,2564
2025-07-31T23:15:00.000Z,3290.45,3292.34,3288.29,3292.13,2006
2025-07-31T23:30:00.000Z,3292.05,3292.34,3289.88,3291.52,1623
2025-07-31T23:45:00.000Z,3291.64,3291.84,3288.03,3288.5,1785
2025-08-01T00:00:00.000Z,3288.51,3289.16,3286.62,3288.36,2868
2025-08-01T00:15:00.000Z,3288.34,3289.99,3286.44,3288.62,2726
2025-08-01T00:30:00.000Z,3288.57,3293.77,3288.08,3292.82,2694
2025-08-01T00:45:00.000Z,3292.92,3293.08,3289.58,3290.32,2995
2025-08-01T01:00:00.000Z,3290.21,3293.48,3289.89,3291.81,4080
2025-08-01T01:15:00.000Z,3291.77,3293.08,3288.72,3290.32,2606
2025-08-01T01:30:00.000Z,3290.3,3291.63,3286,3287.81,3235
2025-08-01T01:45:00.000Z,3287.8,3288.33,3281.52,3283.66,4204
2025-08-01T02:00:00.000Z,3283.45,3291.08,3283.32,3290.95,4700
2025-08-01T02:15:00.000Z,3290.99,3291.14,3287.89,3289.41,2970
2025-08-01T02:30:00.000Z,3289.45,3290.07,3287.02,3289.28,3142
2025-08-01T02:45:00.000Z,3289.38,3292.4,3288.01,3291.69,2971
2025-08-01T03:00:00.000Z,3291.67,3297.04,3291.66,3295.94,3703
2025-08-01T03:15:00.000Z,3295.99,3296.23,3291.38,3292.59,2197
2025-08-01T03:30:00.000Z,3292.53,3293.03,3291.37,3291.86,2196
2025-08-01T03:45:00.000Z,3291.95,3293.27,3290.52,3291.32,1943
2025-08-01T04:00:00.000Z,3291.31,3293.82,3290.26,3291.3,2360
2025-08-01T04:15:00.000Z,3291.29,3293.23,3290.95,3292.71,1646
2025-08-01T04:30:00.000Z,3292.72,3295.44,3291.79,3291.88,2104
2025-08-01T04:45:00.000Z,3291.89,3292.42,3289.99,3292.07,2412
2025-08-01T05:00:00.000Z,3292.07,3294.57,3291.76,3292.5,2215
2025-08-01T05:15:00.000Z,3292.52,3294.29,3291.7,3293.05,1564
2025-08-01T05:30:00.000Z,3293.09,3295.41,3292.53,3295.41,1940
2025-08-01T05:45:00.000Z,3295.42,3300.33,3294.76,3296.55,4046
2025-08-01T06:00:00.000Z,3296.53,3297.48,3294.92,3294.93,3174
2025-08-01T06:15:00.000Z,3295.08,3295.94,3291.67,3292.01,4321
2025-08-01T06:30:00.000Z,3292.02,3293.08,3290.53,3291.52,3434
2025-08-01T06:45:00.000Z,3291.48,3292.29,3290.66,3292.29,2265
2025-08-01T07:00:00.000Z,3292.35,3292.82,3289.55,3292.44,3133
2025-08-01T07:15:00.000Z,3292.28,3293.34,3289.74,3290.86,3288
2025-08-01T07:30:00.000Z,3291.04,3291.04,3285.59,3287.3,3820
2025-08-01T07:45:00.000Z,3287.44,3289.59,3285.22,3286.71,3197
2025-08-01T08:00:00.000Z,3286.64,3288.79,3285.33,3287.81,3758
2025-08-01T08:15:00.000Z,3287.6,3289.63,3286.53,3287.92,2776
2025-08-01T08:30:00.000Z,3287.91,3289.97,3286.65,3289.26,2438
2025-08-01T08:45:00.000Z,3289.25,3294.44,3289.06,3294.25,2622
2025-08-01T09:00:00.000Z,3294.22,3295.51,3293.11,3295.1,3059
2025-08-01T09:15:00.000Z,3295.22,3296.26,3293.67,3294.37,2609
2025-08-01T09:30:00.000Z,3294.35,3295.69,3292.89,3295.61,3214
2025-08-01T09:45:00.000Z,3295.66,3296.31,3292.7,3294.41,2690
2025-08-01T10:00:00.000Z,3294.49,3296.25,3294,3294.56,2079
2025-08-01T10:15:00.000Z,3294.51,3295.02,3293.41,3293.97,1772
2025-08-01T10:30:00.000Z,3294.16,3298,3293.31,3295.77,2775
2025-08-01T10:45:00.000Z,3295.79,3303.06,3294.81,3298.3,4184
2025-08-01T11:00:00.000Z,3298.63,3301.27,3298.41,3300.72,3308
2025-08-01T11:15:00.000Z,3300.65,3301.38,3298.81,3299.92,3150
2025-08-01T11:30:00.000Z,3299.84,3301.38,3298.75,3299.46,2756
2025-08-01T11:45:00.000Z,3299.48,3300.47,3296.85,3300.34,2686
2025-08-01T12:00:00.000Z,3300.38,3301.24,3297.43,3300.92,3512
2025-08-01T12:15:00.000Z,3300.95,3304.06,3300.47,3301.54,4908
2025-08-01T12:30:00.000Z,3301.32,3340.7,3301.32,3339.1,13119
2025-08-01T12:45:00.000Z,3338.85,3345.14,3335.49,3341.19,11202
2025-08-01T13:00:00.000Z,3341.24,3351.06,3339.52,3350.88,10655
2025-08-01T13:15:00.000Z,3350.91,3354.68,3349.1,3351.7,9832
2025-08-01T13:30:00.000Z,3351.94,3353.23,3342.05,3347.88,10986
2025-08-01T13:45:00.000Z,3347.24,3349.94,3338.83,3342.04,8955
2025-08-01T14:00:00.000Z,3344.88,3351.63,3344.14,3348.88,10897
2025-08-01T14:15:00.000Z,3348.9,3355.05,3345.3,3345.98,9556
2025-08-01T14:30:00.000Z,3345.96,3346.68,3341.27,3344.91,8680
2025-08-01T14:45:00.000Z,3344.71,3347.76,3341.26,3345.84,6536
2025-08-01T15:00:00.000Z,3345.83,3350.52,3341.55,3349.25,7157
2025-08-01T15:15:00.000Z,3349.29,3351.01,3348.56,3349.53,6898
2025-08-01T15:30:00.000Z,3349.54,3351.1,3346.86,3348.74,5871
2025-08-01T15:45:00.000Z,3348.69,3350.49,3347.24,3348.54,4682
2025-08-01T16:00:00.000Z,3348.57,3349.4,3344.29,3345.44,4355
2025-08-01T16:15:00.000Z,3345.43,3346.12,3340.71,3341.1,5318
2025-08-01T16:30:00.000Z,3341.11,3343.63,3340.5,3342.51,4150
2025-08-01T16:45:00.000Z,3342.52,3348.75,3341.01,3347.25,4766
2025-08-01T17:00:00.000Z,3347.19,3349.43,3346.6,3346.61,4818
2025-08-01T17:15:00.000Z,3346.68,3349.06,3345.55,3347.38,4036
2025-08-01T17:30:00.000Z,3347.32,3349.18,3346.86,3347.94,3276
2025-08-01T17:45:00.000Z,3347.9,3348.58,3347.11,3348.15,2332
2025-08-01T18:00:00.000Z,3348.19,3349.85,3345.86,3348.18,3285
2025-08-01T18:15:00.000Z,3348.2,3349.43,3346.38,3349.25,3634
2025-08-01T18:30:00.000Z,3349.23,3351.03,3348.05,3350.78,3105
2025-08-01T18:45:00.000Z,3350.79,3351.25,3347.43,3347.57,3342
2025-08-01T19:00:00.000Z,3347.64,3349.81,3347.6,3349.1,2785
2025-08-01T19:15:00.000Z,3348.84,3351.14,3348.49,3351.04,2363
2025-08-01T19:30:00.000Z,3351.02,3360.97,3350.94,3360.26,7219
2025-08-01T19:45:00.000Z,3360.31,3361.23,3356.48,3357.14,6013
2025-08-01T20:00:00.000Z,3357.12,3360.15,3356.98,3360.07,2869
2025-08-01T20:15:00.000Z,3360.13,3360.86,3359.71,3360.37,1687
2025-08-01T20:30:00.000Z,3360.38,3362.49,3360.36,3362.34,1853
2025-08-01T20:45:00.000Z,3362.3,3363.18,3361.8,3362.93,1198
2025-08-03T22:00:00.000Z,3365.5,3369.01,3360.06,3360.31,3883
2025-08-03T22:15:00.000Z,3360.52,3361.63,3359.03,3360.59,2071
2025-08-03T22:30:00.000Z,3360.58,3360.69,3357.55,3359.93,1895
2025-08-03T22:45:00.000Z,3359.84,3360.01,3358.18,3359.09,1315
2025-08-03T23:00:00.000Z,3359.15,3359.34,3357.73,3358.34,1269
2025-08-03T23:15:00.000Z,3358.32,3358.32,3354.56,3355.93,1536
2025-08-03T23:30:00.000Z,3356.03,3358.75,3355.92,3357.7,1300
2025-08-03T23:45:00.000Z,3357.66,3361.99,3357.48,3361.93,2378
2025-08-04T00:00:00.000Z,3361.99,3362.24,3356.03,3356.2,3687
2025-08-04T00:15:00.000Z,3356.22,3356.78,3354.46,3355.42,2772
2025-08-04T00:30:00.000Z,3355.46,3355.47,3351.67,3352.23,3561
2025-08-04T00:45:00.000Z,3352.23,3352.98,3350.14,3352.09,3152
2025-08-04T01:00:00.000Z,3352.05,3353.54,3349.41,3349.61,5052
2025-08-04T01:15:00.000Z,3349.55,3351.25,3344.95,3347.51,4497
2025-08-04T01:30:00.000Z,3347.52,3350.31,3346.5,3349.15,4653
2025-08-04T01:45:00.000Z,3349.14,3353.16,3348.93,3352.16,2951
2025-08-04T02:00:00.000Z,3352.15,3352.67,3350.17,3351.05,3046
2025-08-04T02:15:00.000Z,3351.01,3355.14,3350.89,3354.01,2608
2025-08-04T02:30:00.000Z,3353.97,3354.01,3352.01,3353.42,2218
2025-08-04T02:45:00.000Z,3353.37,3354.68,3352.55,3354.21,2493
2025-08-04T03:00:00.000Z,3354.2,3357.59,3354.2,3355.79,3685
2025-08-04T03:15:00.000Z,3355.8,3357.41,3354.35,3356.79,2601
2025-08-04T03:30:00.000Z,3356.77,3358.1,3355.51,3357.86,2284
2025-08-04T03:45:00.000Z,3357.83,3360.72,3357.77,3360.25,2727
2025-08-04T04:00:00.000Z,3360.21,3361.02,3359.93,3360.96,1728
2025-08-04T04:15:00.000Z,3360.97,3361.28,3360.3,3360.83,1750
2025-08-04T04:30:00.000Z,3360.83,3362.03,3359.5,3360.58,2470
2025-08-04T04:45:00.000Z,3360.52,3360.94,3358.66,3358.87,1765
2025-08-04T05:00:00.000Z,3358.88,3360.9,3358.8,3359.79,1630
2025-08-04T05:15:00.000Z,3359.75,3360.64,3358.02,3358.75,2468
2025-08-04T05:30:00.000Z,3358.6,3359.35,3355.38,3356.74,2723
2025-08-04T05:45:00.000Z,3356.77,3357.78,3355.98,3357.41,2511
2025-08-04T06:00:00.000Z,3357.16,3360.86,3355.48,3359.07,4056
2025-08-04T06:15:00.000Z,3359.07,3359.2,3353.49,3353.6,2765
2025-08-04T06:30:00.000Z,3353.69,3360.7,3353.65,3360.13,3815
2025-08-04T06:45:00.000Z,3360.15,3362.56,3359.88,3362.52,3258
2025-08-04T07:00:00.000Z,3362.55,3362.55,3359.01,3361.22,3878
2025-08-04T07:15:00.000Z,3361.13,3361.54,3353.25,3353.8,3964
2025-08-04T07:30:00.000Z,3353.76,3356.47,3351.72,3354.95,4380
2025-08-04T07:45:00.000Z,3355.01,3356.09,3353.51,3355.7,3476
2025-08-04T08:00:00.000Z,3355.87,3357.06,3354.05,3356.3,3542
2025-08-04T08:15:00.000Z,3356.25,3359.87,3356.14,3358.88,3058
2025-08-04T08:30:00.000Z,3358.87,3359.24,3357.01,3358.33,3357
2025-08-04T08:45:00.000Z,3358.22,3359.82,3357.98,3358.45,2958
2025-08-04T09:00:00.000Z,3358.43,3361.12,3358.09,3359.2,3357
2025-08-04T09:15:00.000Z,3359.11,3361.81,3357.88,3361.03,2628
2025-08-04T09:30:00.000Z,3360.97,3361.15,3357.68,3359.28,3219
2025-08-04T09:45:00.000Z,3359.35,3359.55,3356.9,3357.97,2340
2025-08-04T10:00:00.000Z,3357.95,3358.83,3356.74,3357.98,2750
2025-08-04T10:15:00.000Z,3357.97,3358.33,3352.9,3356.4,2903
2025-08-04T10:30:00.000Z,3356.44,3358.34,3356.13,3358.04,2793
2025-08-04T10:45:00.000Z,3357.97,3358.32,3356.88,3357.85,2641
2025-08-04T11:00:00.000Z,3357.84,3364.55,3357.55,3363.78,4430
2025-08-04T11:15:00.000Z,3363.79,3368.04,3363.79,3367.64,3435
2025-08-04T11:30:00.000Z,3367.66,3368.31,3365.57,3368.19,3081
2025-08-04T11:45:00.000Z,3368.17,3370.68,3367.61,3370.29,4057
2025-08-04T12:00:00.000Z,3370.3,3371.46,3367.03,3367.11,4603
2025-08-04T12:15:00.000Z,3367.09,3368.71,3363.69,3363.76,4498
2025-08-04T12:30:00.000Z,3363.75,3364.56,3361.04,3363.14,5138
2025-08-04T12:45:00.000Z,3363.12,3368.89,3363.03,3367.76,4186
2025-08-04T13:00:00.000Z,3367.85,3373.48,3367.05,3373.25,6085
2025-08-04T13:15:00.000Z,3373.23,3377.37,3372.9,3375.6,6397
2025-08-04T13:30:00.000Z,3375.64,3378.02,3373.41,3376.08,7076
2025-08-04T13:45:00.000Z,3376.09,3385.43,3376.08,3383.35,7464
2025-08-04T14:00:00.000Z,3383.39,3384.6,3376.67,3377.41,7195
2025-08-04T14:15:00.000Z,3377.42,3378.66,3374.8,3377.4,6401
2025-08-04T14:30:00.000Z,3377.41,3379.78,3376.76,3376.76,4692
2025-08-04T14:45:00.000Z,3376.74,3376.84,3371.87,3374.01,6733
2025-08-04T15:00:00.000Z,3374,3375.65,3371.61,3374.03,6127
2025-08-04T15:15:00.000Z,3374.04,3374.87,3371.4,3372.21,4663
2025-08-04T15:30:00.000Z,3372.22,3375.84,3370.66,3375.64,4215
2025-08-04T15:45:00.000Z,3375.63,3376.09,3373.89,3374.3,3728
2025-08-04T16:00:00.000Z,3374.34,3378.12,3373.63,3377.58,3941
2025-08-04T16:15:00.000Z,3377.59,3378.01,3372.84,3373.89,3765
2025-08-04T16:30:00.000Z,3373.92,3373.92,3371.2,3371.67,3472
2025-08-04T16:45:00.000Z,3371.68,3372.39,3370.53,3370.99,2911
2025-08-04T17:00:00.000Z,3371.01,3373.11,3370.6,3371.91,2866
2025-08-04T17:15:00.000Z,3371.91,3373.26,3371.04,3372.38,3186
2025-08-04T17:30:00.000Z,3372.27,3374.3,3371.8,3372.84,2795
2025-08-04T17:45:00.000Z,3372.88,3374.26,3371.88,3374.03,3077
2025-08-04T18:00:00.000Z,3373.99,3375.22,3373.18,3374.28,1903
2025-08-04T18:15:00.000Z,3374.18,3376.83,3374.04,3375.84,2465
2025-08-04T18:30:00.000Z,3375.89,3376.62,3375.04,3375.71,2287
2025-08-04T18:45:00.000Z,3375.69,3376.71,3375.46,3375.79,2292
2025-08-04T19:00:00.000Z,3375.79,3377.14,3375.66,3376.17,2016
2025-08-04T19:15:00.000Z,3376.07,3376.89,3375.31,3376.62,2239
2025-08-04T19:30:00.000Z,3376.61,3377.1,3375.65,3376,2273
2025-08-04T19:45:00.000Z,3376.03,3376.34,3374.43,3375.98,3250
2025-08-04T20:00:00.000Z,3375.81,3376.39,3374.69,3376.24,1416
2025-08-04T20:15:00.000Z,3376.04,3377.09,3375.54,3375.92,1213
2025-08-04T20:30:00.000Z,3375.92,3376.01,3373.26,3373.4,933
2025-08-04T20:45:00.000Z,3373.43,3374.12,3373.04,3373.49,764
2025-08-04T22:00:00.000Z,3374.41,3376.4,3373.91,3374.7,965
2025-08-04T22:15:00.000Z,3374.57,3375.62,3374.38,3374.59,672
2025-08-04T22:30:00.000Z,3374.45,3375.25,3373.68,3374.17,680
2025-08-04T22:45:00.000Z,3374.19,3374.93,3374.03,3374.68,839
2025-08-04T23:00:00.000Z,3374.69,3378.9,3374.66,3378.69,1852
2025-08-04T23:15:00.000Z,3378.63,3379.34,3377.68,3379.11,1463
2025-08-04T23:30:00.000Z,3379.16,3379.58,3376.64,3377.44,1428
2025-08-04T23:45:00.000Z,3377.43,3378.39,3376.33,3377.32,1426
2025-08-05T00:00:00.000Z,3377.34,3378.88,3375.85,3376.98,1958
2025-08-05T00:15:00.000Z,3377.07,3378.53,3376.6,3377.42,1887
2025-08-05T00:30:00.000Z,3377.49,3380.12,3377.49,3379.45,2010
2025-08-05T00:45:00.000Z,3379.42,3381.23,3378.96,3379.76,2527
2025-08-05T01:00:00.000Z,3379.8,3382.36,3379.23,3379.58,3679
2025-08-05T01:15:00.000Z,3379.57,3380.21,3377.89,3379.91,2619
2025-08-05T01:30:00.000Z,3379.86,3382.15,3379.52,3380.6,2878
2025-08-05T01:45:00.000Z,3380.62,3381.49,3378.96,3378.98,1630
2025-08-05T02:00:00.000Z,3378.96,3381.3,3378.13,3380.48,2202
2025-08-05T02:15:00.000Z,3380.5,3381.32,3375.58,3375.87,2160
2025-08-05T02:30:00.000Z,3375.6,3378.11,3374.38,3375.36,3026
2025-08-05T02:45:00.000Z,3375.28,3376.17,3373.61,3373.61,1959
2025-08-05T03:00:00.000Z,3373.58,3375.06,3373.23,3373.32,2073
2025-08-05T03:15:00.000Z,3373.29,3375.3,3372.77,3373.26,2317
2025-08-05T03:30:00.000Z,3373.27,3374.01,3372.44,3372.84,1374
2025-08-05T03:45:00.000Z,3372.86,3374.73,3372.06,3372.07,1863
2025-08-05T04:00:00.000Z,3371.95,3373.14,3371.16,3372.39,1645
2025-08-05T04:15:00.000Z,3372.43,3372.75,3371.58,3372.36,1512
2025-08-05T04:30:00.000Z,3372.37,3372.37,3371.31,3371.71,1309
2025-08-05T04:45:00.000Z,3371.73,3372.44,3370.89,3371.06,1469
2025-08-05T05:00:00.000Z,3371.04,3371.15,3368.5,3368.78,2655
2025-08-05T05:15:00.000Z,3368.82,3370.66,3367.59,3369.22,2405
2025-08-05T05:30:00.000Z,3369.29,3371.96,3368.99,3370.48,2661
2025-08-05T05:45:00.000Z,3370.43,3374.03,3370.09,3373.94,2096
2025-08-05T06:00:00.000Z,3373.93,3374.08,3369.87,3370.68,2482
2025-08-05T06:15:00.000Z,3370.59,3370.83,3368.51,3369.45,2445
2025-08-05T06:30:00.000Z,3369.4,3370.4,3366.37,3366.37,2814
2025-08-05T06:45:00.000Z,3366.21,3368.03,3365.72,3366.24,2998
2025-08-05T07:00:00.000Z,3366.23,3371.02,3366.11,3369.42,4172
2025-08-05T07:15:00.000Z,3369.43,3374.59,3369.04,3374.18,4179
2025-08-05T07:30:00.000Z,3374.24,3375.5,3372.27,3373.45,3271
2025-08-05T07:45:00.000Z,3373.46,3374.34,3371.15,3373.66,3571
2025-08-05T08:00:00.000Z,3373.63,3373.63,3370.65,3372,3855
2025-08-05T08:15:00.000Z,3372.01,3374.67,3371.37,3372.8,3046
2025-08-05T08:30:00.000Z,3372.74,3373.39,3368.6,3368.97,2627
2025-08-05T08:45:00.000Z,3368.83,3369.32,3366.05,3366.11,3916
2025-08-05T09:00:00.000Z,3366.13,3366.29,3364,3365.25,2711
2025-08-05T09:15:00.000Z,3365.24,3366.15,3364.86,3364.92,2554
2025-08-05T09:30:00.000Z,3364.97,3365.1,3362.12,3363.67,3366
2025-08-05T09:45:00.000Z,3363.63,3365.27,3358.81,3359.6,3696
2025-08-05T10:00:00.000Z,3359.61,3361.68,3354.86,3356.64,4056
2025-08-05T10:15:00.000Z,3356.67,3358.21,3354.49,3356.25,3406
2025-08-05T10:30:00.000Z,3356.23,3357.92,3355.72,3357.75,2715
2025-08-05T10:45:00.000Z,3357.72,3357.9,3352.8,3353.03,3456
2025-08-05T11:00:00.000Z,3353,3354.11,3351.3,3353.3,3465
2025-08-05T11:15:00.000Z,3353.32,3353.89,3351.83,3352.14,2853
2025-08-05T11:30:00.000Z,3352.13,3352.68,3349.93,3351.37,3343
2025-08-05T11:45:00.000Z,3351.33,3354.26,3350.94,3351.4,3199
2025-08-05T12:00:00.000Z,3351.37,3355.12,3349.92,3353.12,3839
2025-08-05T12:15:00.000Z,3353.1,3360.82,3352.13,3360.82,5404
2025-08-05T12:30:00.000Z,3360.86,3365.79,3360.19,3363.82,5883
2025-08-05T12:45:00.000Z,3363.83,3366.98,3362.79,3366.1,4163
2025-08-05T13:00:00.000Z,3366.17,3369.06,3365.82,3368.94,5244
2025-08-05T13:15:00.000Z,3368.82,3371.61,3368.52,3370.23,4021
2025-08-05T13:30:00.000Z,3370.24,3379.55,3369.19,3376.73,8064
2025-08-05T13:45:00.000Z,3376.69,3378.39,3372.03,3373.21,6537
2025-08-05T14:00:00.000Z,3376.08,3380.62,3370.56,3372.78,9626
2025-08-05T14:15:00.000Z,3372.8,3382.32,3372.8,3379.83,7663
2025-08-05T14:30:00.000Z,3379.77,3384.52,3378.66,3384.21,7131
2025-08-05T14:45:00.000Z,3384.08,3386.57,3382.36,3385.25,6416
2025-08-05T15:00:00.000Z,3385.26,3387.37,3384.33,3386.21,5498
2025-08-05T15:15:00.000Z,3386.47,3387.96,3383.65,3384.74,4411
2025-08-05T15:30:00.000Z,3384.88,3386.66,3382.2,3386.6,4715
2025-08-05T15:45:00.000Z,3386.59,3390.05,3386.59,3389.54,3954
2025-08-05T16:00:00.000Z,3389.55,3390.4,3386.47,3387.01,3655
2025-08-05T16:15:00.000Z,3386.98,3387.19,3381.55,3382.49,3900
2025-08-05T16:30:00.000Z,3382.68,3383.06,3376.89,3380.45,4469
2025-08-05T16:45:00.000Z,3380.52,3382.18,3378.79,3382.04,2982
2025-08-05T17:00:00.000Z,3382.08,3382.18,3380.02,3381.02,2180
2025-08-05T17:15:00.000Z,3381.01,3382.38,3378.99,3380.06,3031
2025-08-05T17:30:00.000Z,3380.05,3382.79,3379.86,3381.76,2529
2025-08-05T17:45:00.000Z,3381.72,3381.85,3378.99,3380.08,2942
2025-08-05T18:00:00.000Z,3380.09,3380.57,3378.86,3379.11,2520
2025-08-05T18:15:00.000Z,3379.13,3381.11,3378.38,3379.67,3057
2025-08-05T18:30:00.000Z,3379.68,3380.87,3378.71,3379.72,2242
2025-08-05T18:45:00.000Z,3379.74,3380.61,3379.29,3379.95,2667
2025-08-05T19:00:00.000Z,3379.95,3380.26,3378.08,3380.07,2132
2025-08-05T19:15:00.000Z,3380.1,3381.3,3379.55,3379.64,1856
2025-08-05T19:30:00.000Z,3379.7,3380.95,3379.15,3379.55,1685
2025-08-05T19:45:00.000Z,3379.58,3380.75,3378.88,3378.96,2471
2025-08-05T20:00:00.000Z,3378.94,3380.17,3378.75,3379.71,1045
2025-08-05T20:15:00.000Z,3379.7,3380.45,3379.39,3379.77,768
2025-08-05T20:30:00.000Z,3379.78,3380.26,3378.42,3379.57,1003
2025-08-05T20:45:00.000Z,3379.59,3380.68,3378.86,3380.28,846
2025-08-05T22:00:00.000Z,3380.36,3381.87,3379.71,3379.82,893
2025-08-05T22:15:00.000Z,3379.81,3379.85,3378.84,3379.01,896
2025-08-05T22:30:00.000Z,3379.01,3379.74,3378,3379.53,835
2025-08-05T22:45:00.000Z,3379.54,3380.34,3379.44,3379.68,718
2025-08-05T23:00:00.000Z,3379.6,3381.24,3378.96,3380.81,1171
2025-08-05T23:15:00.000Z,3380.8,3382.04,3380.66,3381.82,1041
2025-08-05T23:30:00.000Z,3381.9,3383.17,3381.69,3382.65,1579
2025-08-05T23:45:00.000Z,3382.66,3383.91,3382.12,3383.13,1461
2025-08-06T00:00:00.000Z,3383.12,3383.59,3381.51,3382.93,2195
2025-08-06T00:15:00.000Z,3382.95,3385.19,3382.62,3384.83,1938
2025-08-06T00:30:00.000Z,3384.81,3385.26,3380.91,3382.7,2403
2025-08-06T00:45:00.000Z,3382.56,3383.62,3380.84,3383.4,2260
2025-08-06T01:00:00.000Z,3383.15,3383.53,3377.54,3377.91,3222
2025-08-06T01:15:00.000Z,3377.89,3379.05,3376,3377.95,3250
2025-08-06T01:30:00.000Z,3377.94,3381.52,3377.84,3379.2,3206
2025-08-06T01:45:00.000Z,3379.21,3379.41,3373.07,3376.01,3433
2025-08-06T02:00:00.000Z,3375.92,3377.79,3374.24,3375.1,2952
2025-08-06T02:15:00.000Z,3375.11,3376.54,3374.18,3375.37,2026
2025-08-06T02:30:00.000Z,3375.17,3377.53,3375,3376.2,2029
2025-08-06T02:45:00.000Z,3376.25,3376.64,3374.3,3376.29,1638
2025-08-06T03:00:00.000Z,3376.28,3377.25,3375.35,3375.59,1956
2025-08-06T03:15:00.000Z,3375.6,3378.27,3375.37,3376.9,1786
2025-08-06T03:30:00.000Z,3376.97,3377.18,3373.43,3375.1,2077
2025-08-06T03:45:00.000Z,3375.04,3375.19,3373.88,3374.48,1178
2025-08-06T04:00:00.000Z,3374.55,3375.53,3374.36,3374.58,960
2025-08-06T04:15:00.000Z,3374.51,3376.37,3374.48,3374.91,1163
2025-08-06T04:30:00.000Z,3374.89,3376.02,3374.35,3374.75,1199
2025-08-06T04:45:00.000Z,3374.81,3375,3372.2,3372.38,1495
2025-08-06T05:00:00.000Z,3372.48,3373.15,3371.16,3371.99,1711
2025-08-06T05:15:00.000Z,3371.97,3372.61,3370.61,3371.66,1536
2025-08-06T05:30:00.000Z,3371.73,3373.73,3370.65,3370.77,2638
2025-08-06T05:45:00.000Z,3370.69,3374.57,3370.58,3374.2,2323
2025-08-06T06:00:00.000Z,3374.21,3376.77,3373.15,3375.47,2260
2025-08-06T06:15:00.000Z,3375.45,3377.94,3375.03,3377.15,2587
2025-08-06T06:30:00.000Z,3377.12,3378.6,3376.44,3376.95,2036
2025-08-06T06:45:00.000Z,3376.94,3377.34,3373.81,3375.15,2329
2025-08-06T07:00:00.000Z,3375.08,3375.08,3371.19,3372.03,3107
2025-08-06T07:15:00.000Z,3372,3372.71,3368.98,3370.19,3000
2025-08-06T07:30:00.000Z,3370.17,3375.08,3370.01,3374.52,2762
2025-08-06T07:45:00.000Z,3374.54,3377.1,3373.29,3373.45,3235
2025-08-06T08:00:00.000Z,3373.33,3374.6,3368.49,3369.15,3995
2025-08-06T08:15:00.000Z,3369.22,3370.27,3365.2,3366.68,3332
2025-08-06T08:30:00.000Z,3366.64,3367.54,3364.86,3366.38,2969
2025-08-06T08:45:00.000Z,3366.35,3367.02,3364.87,3365.11,2151
2025-08-06T09:00:00.000Z,3365.12,3367.33,3365,3365.89,3140
2025-08-06T09:15:00.000Z,3365.87,3367.74,3364.09,3364.5,2744
2025-08-06T09:30:00.000Z,3364.41,3364.41,3362.36,3362.4,3045
2025-08-06T09:45:00.000Z,3362.2,3362.39,3358.15,3358.79,4286
2025-08-06T10:00:00.000Z,3358.79,3362.95,3358.17,3362.88,3834
2025-08-06T10:15:00.000Z,3362.89,3365.54,3361.97,3363.7,3700
2025-08-06T10:30:00.000Z,3363.71,3363.71,3360.06,3361.1,2797
2025-08-06T10:45:00.000Z,3361.2,3365.27,3360.49,3363.6,2611
2025-08-06T11:00:00.000Z,3363.5,3364.39,3360.67,3364.33,2365
2025-08-06T11:15:00.000Z,3364.3,3366.6,3363.59,3366.15,2723
2025-08-06T11:30:00.000Z,3366.24,3366.98,3364.88,3365.55,2451
2025-08-06T11:45:00.000Z,3365.56,3365.78,3363.94,3365.07,2186
2025-08-06T12:00:00.000Z,3365.09,3365.17,3360.53,3360.62,3914
2025-08-06T12:15:00.000Z,3360.62,3365.32,3360.17,3364.4,4224
2025-08-06T12:30:00.000Z,3364.31,3364.86,3360.66,3364.29,4773
2025-08-06T12:45:00.000Z,3364.29,3369.22,3363.33,3367.46,4878
2025-08-06T13:00:00.000Z,3367.45,3371.39,3367.14,3368.53,5648
2025-08-06T13:15:00.000Z,3368.52,3370.54,3368.02,3369.08,4687
2025-08-06T13:30:00.000Z,3369.38,3370.95,3365.12,3366.04,7699
2025-08-06T13:45:00.000Z,3366.02,3373.53,3365.59,3371.65,6710
2025-08-06T14:00:00.000Z,3371.62,3373.85,3369.46,3371.85,5762
2025-08-06T14:15:00.000Z,3371.82,3376.52,3371.26,3376.32,4853
2025-08-06T14:30:00.000Z,3376.28,3377.38,3374.55,3377.23,5157
2025-08-06T14:45:00.000Z,3377.29,3379.32,3375.96,3379.32,4338
2025-08-06T15:00:00.000Z,3379.3,3379.91,3377.21,3377.99,4557
2025-08-06T15:15:00.000Z,3378,3378.36,3375.54,3376.43,4049
2025-08-06T15:30:00.000Z,3376.46,3376.73,3370.14,3375.49,6355
2025-08-06T15:45:00.000Z,3375.46,3379.07,3375.35,3377.44,5263
2025-08-06T16:00:00.000Z,3377.48,3379.47,3375.43,3375.44,3979
2025-08-06T16:15:00.000Z,3375.4,3376.05,3372.8,3374.77,3603
2025-08-06T16:30:00.000Z,3374.72,3376.9,3374.18,3376.13,3238
2025-08-06T16:45:00.000Z,3376.22,3376.8,3374.16,3376.08,3945
2025-08-06T17:00:00.000Z,3376.11,3377.55,3373.9,3374.44,4152
2025-08-06T17:15:00.000Z,3374.43,3374.7,3370.81,3372.58,4256
2025-08-06T17:30:00.000Z,3372.59,3376.16,3372.35,3375.49,3760
2025-08-06T17:45:00.000Z,3375.44,3376.24,3374.3,3374.47,2348
2025-08-06T18:00:00.000Z,3374.44,3374.49,3369.96,3370.03,3678
2025-08-06T18:15:00.000Z,3370.08,3370.53,3368.93,3369.62,3249
2025-08-06T18:30:00.000Z,3369.61,3372.71,3369.57,3372.65,2798
2025-08-06T18:45:00.000Z,3372.66,3374.44,3371.29,3371.53,2862
2025-08-06T19:00:00.000Z,3371.54,3371.82,3370.38,3371.03,2707
2025-08-06T19:15:00.000Z,3371.01,3373.09,3370.86,3371.71,4501
2025-08-06T19:30:00.000Z,3371.76,3372.73,3371.35,3371.74,2203
2025-08-06T19:45:00.000Z,3371.79,3372.01,3370.33,3371.65,2784
2025-08-06T20:00:00.000Z,3371.55,3372.15,3369.96,3370.14,1700
2025-08-06T20:15:00.000Z,3370.13,3370.17,3368.49,3368.72,1730
2025-08-06T20:30:00.000Z,3368.76,3368.83,3366.93,3367.3,2042
2025-08-06T20:45:00.000Z,3367.26,3369.2,3367.04,3368.99,1242
2025-08-06T22:00:00.000Z,3369.18,3374.81,3368.88,3371.74,1956
2025-08-06T22:15:00.000Z,3371.76,3372.36,3369.82,3371.16,2192
2025-08-06T22:30:00.000Z,3371.15,3372.28,3370.12,3372.09,1342
2025-08-06T22:45:00.000Z,3372.08,3372.4,3370.64,3371.94,1527
2025-08-06T23:00:00.000Z,3371.95,3371.95,3368.68,3370.24,1564
2025-08-06T23:15:00.000Z,3370.18,3371.21,3368.68,3368.89,1529
2025-08-06T23:30:00.000Z,3368.87,3369.43,3367.7,3368.67,1844
2025-08-06T23:45:00.000Z,3368.66,3370.75,3368.51,3370.05,2218
2025-08-07T00:00:00.000Z,3370.19,3370.63,3365.28,3369.77,3155
2025-08-07T00:15:00.000Z,3369.82,3372.85,3369.24,3372.29,4494
2025-08-07T00:30:00.000Z,3372.44,3374.73,3371.41,3371.5,4709
2025-08-07T00:45:00.000Z,3371.44,3373.44,3370,3372.08,3998
2025-08-07T01:00:00.000Z,3372.1,3376.48,3369.96,3376.35,5766
2025-08-07T01:15:00.000Z,3376.47,3378.17,3374.99,3377.87,4117
2025-08-07T01:30:00.000Z,3377.86,3382.03,3377.47,3381.62,5112
2025-08-07T01:45:00.000Z,3381.73,3382.53,3379.6,3382.28,3458
2025-08-07T02:00:00.000Z,3382.26,3383.87,3380.41,3381.84,3719
2025-08-07T02:15:00.000Z,3381.86,3381.86,3378.47,3378.9,3936
2025-08-07T02:30:00.000Z,3378.88,3381.39,3378.2,3380.89,2369
2025-08-07T02:45:00.000Z,3380.9,3381.62,3379.53,3379.56,2095
2025-08-07T03:00:00.000Z,3379.56,3379.69,3376.93,3377.85,2600
2025-08-07T03:15:00.000Z,3377.98,3378.38,3376.48,3378.05,1822
2025-08-07T03:30:00.000Z,3378.12,3379.02,3376.93,3377.47,2160
2025-08-07T03:45:00.000Z,3377.51,3380.32,3377.46,3379.68,2995
2025-08-07T04:00:00.000Z,3379.79,3380.24,3377.89,3378.5,2102
2025-08-07T04:15:00.000Z,3378.51,3380.65,3377.41,3377.84,2659
2025-08-07T04:30:00.000Z,3377.83,3379.61,3377.77,3378.69,1591
2025-08-07T04:45:00.000Z,3378.68,3379.57,3376.8,3377.57,1696
2025-08-07T05:00:00.000Z,3377.64,3380.83,3377.33,3378.79,3580
2025-08-07T05:15:00.000Z,3378.75,3379.79,3377.18,3379.73,2754
2025-08-07T05:30:00.000Z,3379.5,3379.76,3372.32,3372.41,4051
2025-08-07T05:45:00.000Z,3372.33,3375.85,3371.53,3375.47,4353
2025-08-07T06:00:00.000Z,3375.58,3379.04,3375.08,3378.5,5060
2025-08-07T06:15:00.000Z,3378.48,3380.85,3377.53,3380.31,4996
2025-08-07T06:30:00.000Z,3380.36,3386.16,3380.05,3385.37,3325
2025-08-07T06:45:00.000Z,3385.4,3387.79,3383.99,3387.69,3705
2025-08-07T07:00:00.000Z,3388,3388.36,3386.24,3387.85,3948
2025-08-07T07:15:00.000Z,3387.86,3393.75,3387.79,3392.22,4526
2025-08-07T07:30:00.000Z,3392.25,3396.36,3392.1,3394.66,6238
2025-08-07T07:45:00.000Z,3394.68,3397.27,3393.24,3395.96,4505
2025-08-07T08:00:00.000Z,3396.26,3396.46,3380.07,3381.57,8171
2025-08-07T08:15:00.000Z,3381.65,3382.01,3373.36,3374.37,7535
2025-08-07T08:30:00.000Z,3374.21,3379.51,3372.4,3378.47,6081
2025-08-07T08:45:00.000Z,3378.44,3382.36,3377.49,3378.23,5760
2025-08-07T09:00:00.000Z,3378.37,3381.34,3376.41,3380.9,5120
2025-08-07T09:15:00.000Z,3380.95,3381.25,3376.49,3376.74,5171
2025-08-07T09:30:00.000Z,3376.71,3378.52,3373.3,3378.34,5979
2025-08-07T09:45:00.000Z,3378.37,3380.55,3376.43,3376.66,3600
2025-08-07T10:00:00.000Z,3376.75,3377.67,3374.52,3377.67,4025
2025-08-07T10:15:00.000Z,3377.65,3378.84,3374.35,3374.44,3888
2025-08-07T10:30:00.000Z,3374.41,3378.43,3374.28,3377.31,3815
2025-08-07T10:45:00.000Z,3377.29,3377.29,3371.68,3372.98,4465
2025-08-07T11:00:00.000Z,3372.95,3380.28,3371.7,3380.26,5061
2025-08-07T11:15:00.000Z,3380.25,3383.06,3378.96,3382,5601
2025-08-07T11:30:00.000Z,3382.05,3383.23,3375.78,3378.96,6200
2025-08-07T11:45:00.000Z,3379.04,3379.22,3376.3,3378.18,5080
2025-08-07T12:00:00.000Z,3378.23,3380.38,3375.33,3376.29,4863
2025-08-07T12:15:00.000Z,3376.31,3381.87,3376.22,3380.8,4634
2025-08-07T12:30:00.000Z,3381.56,3389.78,3381.56,3384.96,6329
2025-08-07T12:45:00.000Z,3384.76,3385.18,3379.79,3380.78,6770
2025-08-07T13:00:00.000Z,3380.85,3385.35,3380.03,3384.68,6617
2025-08-07T13:15:00.000Z,3384.94,3387.46,3382.32,3386.65,6035
2025-08-07T13:30:00.000Z,3386.61,3391.03,3385.9,3390.48,9504
2025-08-07T13:45:00.000Z,3390.47,3393.73,3384.68,3385,8908
2025-08-07T14:00:00.000Z,3384.78,3390.15,3374.58,3390.15,11742
2025-08-07T14:15:00.000Z,3390.18,3390.27,3379.48,3382.15,10224
2025-08-07T14:30:00.000Z,3382.13,3389.21,3380.69,3387.38,8166
2025-08-07T14:45:00.000Z,3387.45,3389.23,3385.68,3387.79,7040
2025-08-07T15:00:00.000Z,3387.8,3390.05,3386.63,3389.39,6083
2025-08-07T15:15:00.000Z,3389.48,3390.32,3384.27,3385.91,5248
2025-08-07T15:30:00.000Z,3385.9,3388.83,3385.2,3386.19,4032
2025-08-07T15:45:00.000Z,3386.18,3390.85,3386.09,3390.11,4120
2025-08-07T16:00:00.000Z,3390.13,3392.61,3389.97,3390.68,4532
2025-08-07T16:15:00.000Z,3390.63,3391.62,3389.31,3389.77,3025
2025-08-07T16:30:00.000Z,3389.74,3390.22,3387.08,3388.38,3491
2025-08-07T16:45:00.000Z,3388.4,3390.05,3387.94,3388.76,2519
2025-08-07T17:00:00.000Z,3388.77,3388.95,3384.75,3385.46,4872
2025-08-07T17:15:00.000Z,3385.38,3388.99,3384.25,3388.94,5452
2025-08-07T17:30:00.000Z,3388.85,3392.18,3388.03,3391.59,3576
2025-08-07T17:45:00.000Z,3391.6,3393,3391.6,3392.26,3124
2025-08-07T18:00:00.000Z,3392.29,3393.91,3391.31,3391.32,2847
2025-08-07T18:15:00.000Z,3391.12,3392.3,3389.02,3389.07,3144
2025-08-07T18:30:00.000Z,3389.12,3390.94,3388.3,3389.07,3210
2025-08-07T18:45:00.000Z,3389.08,3390.03,3387.58,3388.19,2506
2025-08-07T19:00:00.000Z,3388.17,3389.58,3387.31,3388.78,2630
2025-08-07T19:15:00.000Z,3388.78,3390.15,3388.65,3389.77,2915
2025-08-07T19:30:00.000Z,3389.76,3399.88,3389.76,3399.54,8164
2025-08-07T19:45:00.000Z,3399.62,3400.71,3396.97,3399.76,5987
2025-08-07T20:00:00.000Z,3399.74,3400.77,3397.93,3399.93,4936
2025-08-07T20:15:00.000Z,3399.94,3401.6,3399.47,3401.05,3438
2025-08-07T20:30:00.000Z,3400.97,3402,3396.46,3398.46,4057
2025-08-07T20:45:00.000Z,3398.47,3398.58,3391.89,3395.65,3857
2025-08-07T22:00:00.000Z,3402.94,3407.26,3390.45,3392.66,2392
2025-08-07T22:15:00.000Z,3394.06,3394.19,3388.85,3391.74,3152
2025-08-07T22:30:00.000Z,3391.77,3403.68,3390.15,3401.06,4428
2025-08-07T22:45:00.000Z,3400.52,3406.23,3394.49,3404.72,3762
2025-08-07T23:00:00.000Z,3404.64,3407.38,3397.62,3399.12,1877
2025-08-07T23:15:00.000Z,3398.91,3400.97,3397.18,3398.27,1968
2025-08-07T23:30:00.000Z,3398.35,3402.35,3396.3,3400.54,1377
2025-08-07T23:45:00.000Z,3400.56,3402.34,3393.29,3400.4,2833
2025-08-08T00:00:00.000Z,3400.48,3402.41,3397.16,3399.78,8494
2025-08-08T00:15:00.000Z,3399.81,3400.02,3390.8,3392.06,7846
2025-08-08T00:30:00.000Z,3392.02,3394.29,3389.46,3394.15,6845
2025-08-08T00:45:00.000Z,3394.09,3395.44,3386.82,3389.94,7508
2025-08-08T01:00:00.000Z,3390.02,3390.71,3381.87,3384.69,9518
2025-08-08T01:15:00.000Z,3384.7,3385.8,3381.56,3384.48,8640
2025-08-08T01:30:00.000Z,3384.51,3385.36,3381.04,3382.95,6137
2025-08-08T01:45:00.000Z,3382.95,3385.73,3382.2,3383.39,5861
2025-08-08T02:00:00.000Z,3383.51,3387.68,3383.13,3387.34,4467
2025-08-08T02:15:00.000Z,3387.37,3388.12,3386.12,3386.67,4828
2025-08-08T02:30:00.000Z,3386.57,3389.79,3386.14,3388.75,5450
2025-08-08T02:45:00.000Z,3388.76,3389.8,3386.96,3388.28,4857
2025-08-08T03:00:00.000Z,3388.26,3388.54,3382.6,3386.08,5687
2025-08-08T03:15:00.000Z,3386.1,3389.7,3384.89,3388.64,4819
2025-08-08T03:30:00.000Z,3388.64,3397.76,3387.86,3395.77,6593
2025-08-08T03:45:00.000Z,3395.75,3396.84,3394.04,3395.87,5641
2025-08-08T04:00:00.000Z,3395.84,3397.05,3394.89,3396.55,4230
2025-08-08T04:15:00.000Z,3396.56,3398.96,3395.79,3397.86,3695
2025-08-08T04:30:00.000Z,3397.83,3398.76,3395.88,3397.51,4984
2025-08-08T04:45:00.000Z,3397.5,3399.28,3393.14,3394.3,5723
2025-08-08T05:00:00.000Z,3394.16,3395.87,3392.49,3394,4460
2025-08-08T05:15:00.000Z,3394.04,3395.74,3390.85,3391.77,4472
2025-08-08T05:30:00.000Z,3391.75,3393.99,3389.86,3392.26,4227
2025-08-08T05:45:00.000Z,3392.32,3394.52,3391.41,3392.2,3798
2025-08-08T06:00:00.000Z,3392.16,3397.65,3391.87,3394.74,6079
2025-08-08T06:15:00.000Z,3394.96,3395.77,3392.45,3393.84,5430
2025-08-08T06:30:00.000Z,3393.82,3395.13,3389.39,3390.16,5628
2025-08-08T06:45:00.000Z,3390.15,3394.95,3388.75,3393.42,5327
2025-08-08T07:00:00.000Z,3393.52,3400.4,3393.41,3395.98,6272
2025-08-08T07:15:00.000Z,3396.03,3397.54,3394.26,3394.96,5009
2025-08-08T07:30:00.000Z,3395.04,3400.08,3391.38,3398.47,9171
2025-08-08T07:45:00.000Z,3398.45,3404.14,3397.46,3402.09,7442
2025-08-08T08:00:00.000Z,3402.14,3402.66,3400.04,3400.73,5767
2025-08-08T08:15:00.000Z,3400.74,3401.59,3397.96,3399.23,4249
2025-08-08T08:30:00.000Z,3399.22,3399.84,3397.17,3399.01,8162
2025-08-08T08:45:00.000Z,3399.06,3399.28,3394.08,3394.25,6360
2025-08-08T09:00:00.000Z,3394.24,3399.23,3393.91,3398.49,6580
2025-08-08T09:15:00.000Z,3398.5,3401.29,3398.42,3399.35,5141
2025-08-08T09:30:00.000Z,3399.37,3401.33,3396.67,3400.49,5874
2025-08-08T09:45:00.000Z,3400.48,3401.51,3399.85,3400.73,5444
2025-08-08T10:00:00.000Z,3400.71,3400.9,3395.69,3397.1,5658
2025-08-08T10:15:00.000Z,3397.12,3397.13,3389.4,3390.31,6156
2025-08-08T10:30:00.000Z,3390.38,3391.66,3386.59,3388.33,7628
2025-08-08T10:45:00.000Z,3388.21,3389.38,3384.29,3385.1,6244
2025-08-08T11:00:00.000Z,3385.06,3388.42,3384.17,3385.36,7239
2025-08-08T11:15:00.000Z,3385.35,3385.87,3380.52,3381.65,6043
2025-08-08T11:30:00.000Z,3381.61,3387.13,3381.19,3386.95,7763
2025-08-08T11:45:00.000Z,3386.87,3388.41,3383.63,3386.05,6809
2025-08-08T12:00:00.000Z,3386.03,3390.35,3385,3387.27,7512
2025-08-08T12:15:00.000Z,3387.48,3396.49,3385.54,3394.39,8251
2025-08-08T12:30:00.000Z,3394.46,3401.82,3394.45,3398.57,11140
2025-08-08T12:45:00.000Z,3398.64,3399.35,3388.06,3391.39,10878
2025-08-08T13:00:00.000Z,3391.38,3395.82,3387.95,3395.64,10220
2025-08-08T13:15:00.000Z,3395.61,3395.69,3387.41,3392.23,9957
2025-08-08T13:30:00.000Z,3392.39,3397.76,3389.61,3396.47,10171
2025-08-08T13:45:00.000Z,3396.48,3401.58,3396.03,3400.15,8945
2025-08-08T14:00:00.000Z,3400.16,3401.02,3383.8,3387.94,10678
2025-08-08T14:15:00.000Z,3388,3390.28,3382.94,3383.07,9374
2025-08-08T14:30:00.000Z,3383.02,3388.57,3381.13,3386.86,7262
2025-08-08T14:45:00.000Z,3386.84,3391.15,3385.99,3390.61,6366
2025-08-08T15:00:00.000Z,3390.65,3392.61,3388.7,3391.12,6290
2025-08-08T15:15:00.000Z,3391.1,3395.24,3389.56,3393.28,6212
2025-08-08T15:30:00.000Z,3393.3,3394.71,3391.03,3392.42,5856
2025-08-08T15:45:00.000Z,3392.49,3395.25,3390.94,3395.18,7027
2025-08-08T16:00:00.000Z,3395.43,3397.47,3394.05,3395.22,5377
2025-08-08T16:15:00.000Z,3395.27,3398.61,3393.52,3397.86,6360
2025-08-08T16:30:00.000Z,3397.85,3400.72,3397.75,3398.47,5800
2025-08-08T16:45:00.000Z,3398.46,3400.44,3397.53,3397.59,4598
2025-08-08T17:00:00.000Z,3397.54,3399.01,3395.33,3398.74,5833
2025-08-08T17:15:00.000Z,3398.73,3398.97,3395.82,3398.42,5857
2025-08-08T17:30:00.000Z,3398.53,3399.54,3395.99,3397.06,4105
2025-08-08T17:45:00.000Z,3397.1,3398.18,3382.52,3382.52,4484
2025-08-08T18:00:00.000Z,3383.37,3403.77,3379.22,3397.05,11583
2025-08-08T18:15:00.000Z,3397.1,3398.8,3389.49,3394.34,10353
2025-08-08T18:30:00.000Z,3394.39,3397.03,3390.61,3395.59,7199
2025-08-08T18:45:00.000Z,3395.58,3400.6,3393.37,3395.45,6224
2025-08-08T19:00:00.000Z,3395.41,3400.82,3394.16,3397.94,6676
2025-08-08T19:15:00.000Z,3397.91,3399.51,3393.19,3394.37,5998
2025-08-08T19:30:00.000Z,3394.16,3398.7,3392.2,3396.31,7165
2025-08-08T19:45:00.000Z,3396.47,3399.51,3395.4,3398.61,6778
2025-08-08T20:00:00.000Z,3398.57,3398.87,3394.63,3394.91,3698
2025-08-08T20:15:00.000Z,3394.92,3396.35,3393.5,3395.5,3410
2025-08-08T20:30:00.000Z,3395.45,3398.25,3392.1,3397.75,2410
2025-08-08T20:45:00.000Z,3397.64,3398.01,3392.82,3395.95,708
2025-08-10T22:00:00.000Z,3397.25,3405.06,3390.16,3393.93,3826
2025-08-10T22:15:00.000Z,3394.2,3396.53,3391.96,3394.73,1793
2025-08-10T22:30:00.000Z,3394.55,3394.55,3392.14,3393.61,1354
2025-08-10T22:45:00.000Z,3393.47,3395.64,3393.07,3395.24,904
2025-08-10T23:00:00.000Z,3395.23,3396.88,3393.18,3393.72,1381
2025-08-10T23:15:00.000Z,3393.62,3395.87,3392.49,3394.6,974
2025-08-10T23:30:00.000Z,3394.47,3394.91,3393.1,3393.75,1194
2025-08-10T23:45:00.000Z,3393.71,3394.11,3390.1,3391.29,2203
2025-08-11T00:00:00.000Z,3391.39,3391.64,3386.52,3387.44,4184
2025-08-11T00:15:00.000Z,3387.32,3390.07,3386.01,3387.89,3056
2025-08-11T00:30:00.000Z,3387.89,3388.08,3382.43,3383.69,3055
2025-08-11T00:45:00.000Z,3383.75,3384.62,3381.32,3381.43,3940
2025-08-11T01:00:00.000Z,3381.42,3383.81,3367.69,3372.86,8047
2025-08-11T01:15:00.000Z,3372.88,3376.06,3371.62,3375.16,4687
2025-08-11T01:30:00.000Z,3375.26,3375.55,3370.96,3374.64,4136
2025-08-11T01:45:00.000Z,3374.65,3379.89,3373.75,3377.52,5121
2025-08-11T02:00:00.000Z,3377.51,3378.84,3373,3373.16,5178
2025-08-11T02:15:00.000Z,3373.28,3377.35,3369.66,3377.3,3965
2025-08-11T02:30:00.000Z,3377.25,3378.32,3373.9,3376.12,3839
2025-08-11T02:45:00.000Z,3376.12,3379.93,3375.97,3377.04,3710
2025-08-11T03:00:00.000Z,3376.98,3378.45,3375.97,3377.95,2626
2025-08-11T03:15:00.000Z,3377.99,3379.69,3377.81,3378.47,2774
2025-08-11T03:30:00.000Z,3378.4,3380.14,3374.04,3374.9,2876
2025-08-11T03:45:00.000Z,3374.87,3378.76,3374.46,3378.21,2731
2025-08-11T04:00:00.000Z,3378.23,3378.59,3376.15,3377.86,2663
2025-08-11T04:15:00.000Z,3377.88,3379.82,3376.65,3377.83,2224
2025-08-11T04:30:00.000Z,3377.84,3378.77,3376.44,3377.43,1700
2025-08-11T04:45:00.000Z,3377.51,3377.67,3375.49,3375.88,1651
2025-08-11T05:00:00.000Z,3375.87,3379.24,3373.9,3378.69,3293
2025-08-11T05:15:00.000Z,3378.68,3380.08,3377.14,3377.14,2971
2025-08-11T05:30:00.000Z,3377.16,3377.85,3375.03,3376.35,3143
2025-08-11T05:45:00.000Z,3376.33,3378.8,3376.31,3377.05,2255
2025-08-11T06:00:00.000Z,3376.81,3376.91,3371.51,3373.31,3641
2025-08-11T06:15:00.000Z,3373.28,3374.02,3366.23,3366.42,4666
2025-08-11T06:30:00.000Z,3366.4,3369.3,3363.7,3366.11,5936
2025-08-11T06:45:00.000Z,3365.97,3368.82,3364.04,3365.75,4097
2025-08-11T07:00:00.000Z,3365.76,3365.84,3359.5,3363.06,5557
2025-08-11T07:15:00.000Z,3363.07,3366.39,3362.76,3365.41,4227
2025-08-11T07:30:00.000Z,3365.4,3365.66,3358.75,3362.34,5570
2025-08-11T07:45:00.000Z,3362.23,3362.34,3357.11,3360.16,6023
2025-08-11T08:00:00.000Z,3360.08,3362.97,3358.83,3358.89,5451
2025-08-11T08:15:00.000Z,3358.93,3365.93,3358.81,3364.89,4469
2025-08-11T08:30:00.000Z,3364.91,3365.61,3362.09,3363.14,3035
2025-08-11T08:45:00.000Z,3363.28,3364.41,3361.38,3361.93,3651
2025-08-11T09:00:00.000Z,3361.73,3361.73,3355.88,3355.97,3811
2025-08-11T09:15:00.000Z,3356.02,3363.7,3354.36,3363.44,4655
2025-08-11T09:30:00.000Z,3363.39,3363.6,3357.25,3358.66,4425
2025-08-11T09:45:00.000Z,3358.68,3359.28,3352.97,3353.33,4669
2025-08-11T10:00:00.000Z,3353.3,3359.79,3353.14,3359.71,4238
2025-08-11T10:15:00.000Z,3359.65,3363.92,3359.4,3360.82,4084
2025-08-11T10:30:00.000Z,3360.8,3363.46,3360.25,3360.75,3400
2025-08-11T10:45:00.000Z,3360.77,3360.98,3358.23,3358.54,3070
2025-08-11T11:00:00.000Z,3358.78,3358.85,3353.49,3354.43,4423
2025-08-11T11:15:00.000Z,3354.49,3355.9,3350.03,3351.96,5134
2025-08-11T11:30:00.000Z,3351.87,3353.67,3349.81,3353.63,5073
2025-08-11T11:45:00.000Z,3353.59,3355.53,3351.28,3355.32,4563
2025-08-11T12:00:00.000Z,3355.21,3357.04,3353.23,3353.69,4828
2025-08-11T12:15:00.000Z,3353.61,3356.69,3347.37,3349.11,5947
2025-08-11T12:30:00.000Z,3348.35,3355.38,3344.27,3355.03,7851
2025-08-11T12:45:00.000Z,3354.95,3357.47,3352.92,3356.77,5363
2025-08-11T13:00:00.000Z,3356.68,3358.75,3348.69,3350.1,6992
2025-08-11T13:15:00.000Z,3350.11,3352.67,3348.4,3350.57,5840
2025-08-11T13:30:00.000Z,3350.66,3358.47,3349.58,3357.98,8135
2025-08-11T13:45:00.000Z,3358.01,3362.83,3358.01,3358.63,6968
2025-08-11T14:00:00.000Z,3358.67,3359.38,3354.79,3358.52,7187
2025-08-11T14:15:00.000Z,3358.55,3359.22,3351.78,3351.96,6189
2025-08-11T14:30:00.000Z,3351.78,3352.44,3341.48,3346.63,7777
2025-08-11T14:45:00.000Z,3346.65,3348.95,3344.74,3346.25,5899
2025-08-11T15:00:00.000Z,3346.3,3348.86,3344.83,3346.24,5606
2025-08-11T15:15:00.000Z,3346.26,3350.14,3345.98,3349.79,3917
2025-08-11T15:30:00.000Z,3349.78,3352.2,3347.91,3349.26,4427
2025-08-11T15:45:00.000Z,3349.07,3349.73,3347.63,3349.4,4375
2025-08-11T16:00:00.000Z,3349.41,3350.19,3345.18,3347.56,5295
2025-08-11T16:15:00.000Z,3347.55,3349.41,3346.33,3346.39,2936
2025-08-11T16:30:00.000Z,3346.4,3347.04,3342.72,3344.34,3228
2025-08-11T16:45:00.000Z,3344.37,3344.63,3342.47,3344.16,4456
2025-08-11T17:00:00.000Z,3344.25,3344.6,3342.22,3343.06,3138
2025-08-11T17:15:00.000Z,3343.04,3345.56,3341.83,3345.23,3616
2025-08-11T17:30:00.000Z,3345.28,3358.55,3341.06,3358.17,10078
2025-08-11T17:45:00.000Z,3358.18,3358.75,3354.96,3357.59,5185
2025-08-11T18:00:00.000Z,3357.62,3358.65,3353.78,3354.28,4403
2025-08-11T18:15:00.000Z,3354.3,3356.21,3352.29,3355.2,3715
2025-08-11T18:30:00.000Z,3355.27,3356.94,3353.96,3355.91,2901
2025-08-11T18:45:00.000Z,3355.9,3356.62,3354.19,3356.14,2708
2025-08-11T19:00:00.000Z,3356.16,3356.82,3352.76,3353.28,2146
2025-08-11T19:15:00.000Z,3353.17,3353.71,3351.74,3352.88,2062
2025-08-11T19:30:00.000Z,3352.82,3354.07,3352.05,3353.95,2068
2025-08-11T19:45:00.000Z,3353.97,3354.29,3350.43,3351.48,3469
2025-08-11T20:00:00.000Z,3351.53,3351.78,3350.2,3350.34,2082
2025-08-11T20:15:00.000Z,3350.35,3351.28,3349.58,3349.64,1816
2025-08-11T20:30:00.000Z,3349.67,3349.84,3346.28,3346.92,2641
2025-08-11T20:45:00.000Z,3346.74,3347.18,3341.3,3341.52,2513
2025-08-11T22:00:00.000Z,3342.64,3346.63,3342.14,3346.16,1869
2025-08-11T22:15:00.000Z,3346.17,3346.43,3344.14,3344.66,1470
2025-08-11T22:30:00.000Z,3344.64,3345.29,3342.8,3343.25,1691
2025-08-11T22:45:00.000Z,3343.23,3347.08,3343.22,3346.96,1496
2025-08-11T23:00:00.000Z,3346.92,3347.8,3346.2,3347.5,1615
2025-08-11T23:15:00.000Z,3347.56,3349.49,3346.81,3346.82,1083
2025-08-11T23:30:00.000Z,3346.76,3349.04,3346.46,3347.78,1095
2025-08-11T23:45:00.000Z,3347.83,3349.49,3347.77,3348.91,1023
2025-08-12T00:00:00.000Z,3348.84,3351.24,3347.35,3351.17,2160
2025-08-12T00:15:00.000Z,3351.18,3353.18,3350.07,3350.55,3003
2025-08-12T00:30:00.000Z,3350.56,3354.96,3350.2,3354.8,3127
2025-08-12T00:45:00.000Z,3354.9,3355.62,3354.18,3354.39,2619
2025-08-12T01:00:00.000Z,3354.36,3357.29,3352.82,3356.43,3821
2025-08-12T01:15:00.000Z,3356.38,3357.33,3349.82,3351.09,3473
2025-08-12T01:30:00.000Z,3351.05,3351.68,3346.17,3350.09,4048
2025-08-12T01:45:00.000Z,3350.11,3352.42,3348.86,3349.73,3893
2025-08-12T02:00:00.000Z,3349.68,3352.71,3349.62,3351.05,2712
2025-08-12T02:15:00.000Z,3351.08,3352.99,3350.17,3352.74,1907
2025-08-12T02:30:00.000Z,3352.79,3354.29,3350.12,3350.5,2222
2025-08-12T02:45:00.000Z,3350.44,3353.57,3350.03,3352.97,1805
2025-08-12T03:00:00.000Z,3352.99,3355.26,3352.97,3354.81,2315
2025-08-12T03:15:00.000Z,3354.85,3354.87,3350.92,3351.1,2363
2025-08-12T03:30:00.000Z,3351.1,3351.5,3349.26,3350.18,1814
2025-08-12T03:45:00.000Z,3350.22,3350.8,3348.04,3349.26,1708
2025-08-12T04:00:00.000Z,3349.28,3352.28,3348.49,3351.16,1622
2025-08-12T04:15:00.000Z,3351.21,3352.72,3351.09,3351.9,1370
2025-08-12T04:30:00.000Z,3351.98,3354.23,3349.56,3354.15,2210
2025-08-12T04:45:00.000Z,3354.12,3355.63,3353,3354.42,2032
2025-08-12T05:00:00.000Z,3354.26,3354.89,3353.01,3353.66,1507
2025-08-12T05:15:00.000Z,3353.25,3354.72,3352.81,3353.03,1850
2025-08-12T05:30:00.000Z,3353.06,3354.17,3352.17,3352.41,2541
2025-08-12T05:45:00.000Z,3352.39,3355.64,3350.4,3354.52,2437
2025-08-12T06:00:00.000Z,3354.84,3354.84,3347.01,3348.45,3697
2025-08-12T06:15:00.000Z,3348.44,3348.44,3342.24,3344.84,5097
2025-08-12T06:30:00.000Z,3344.89,3349.04,3342.31,3348.81,3197
2025-08-12T06:45:00.000Z,3348.82,3348.88,3343.67,3345.39,2580
2025-08-12T07:00:00.000Z,3345.14,3348.11,3343.77,3344.91,2505
2025-08-12T07:15:00.000Z,3344.92,3349.19,3344.82,3349.14,1974
2025-08-12T07:30:00.000Z,3349.28,3358.09,3348.37,3355.45,4097
2025-08-12T07:45:00.000Z,3355.5,3357.34,3352.54,3355.62,3090
2025-08-12T08:00:00.000Z,3355.6,3355.8,3351.46,3353.02,2614
2025-08-12T08:15:00.000Z,3353,3353.73,3348.58,3349.8,2461
2025-08-12T08:30:00.000Z,3349.76,3350.97,3345.99,3346.99,2547
2025-08-12T08:45:00.000Z,3346.9,3349.18,3345.5,3347.96,2815
2025-08-12T09:00:00.000Z,3347.93,3351.74,3346.84,3350.96,3190
2025-08-12T09:15:00.000Z,3350.94,3351.46,3348.31,3348.31,1740
2025-08-12T09:30:00.000Z,3348.75,3349.14,3347.26,3348.11,1837
2025-08-12T09:45:00.000Z,3348.12,3348.6,3344.5,3345.5,2225
2025-08-12T10:00:00.000Z,3345.43,3348.66,3344.06,3348.44,3151
2025-08-12T10:15:00.000Z,3348.46,3350.54,3347.07,3349.38,2983
2025-08-12T10:30:00.000Z,3349.36,3350.13,3345,3345,2612
2025-08-12T10:45:00.000Z,3345.01,3346.72,3343.97,3344.63,3179
2025-08-12T11:00:00.000Z,3344.74,3345.09,3341.83,3343.83,3983
2025-08-12T11:15:00.000Z,3343.87,3343.91,3339.34,3343.06,3574
2025-08-12T11:30:00.000Z,3342.99,3346.37,3336.03,3346.37,5384
2025-08-12T11:45:00.000Z,3346.33,3348.29,3344.59,3347.46,3336
2025-08-12T12:00:00.000Z,3347.55,3348.33,3343.79,3344.19,4091
2025-08-12T12:15:00.000Z,3344.32,3344.68,3338.56,3339.19,5365
2025-08-12T12:30:00.000Z,3340.15,3354.55,3339.18,3349.64,10743
2025-08-12T12:45:00.000Z,3349.85,3358.04,3347.97,3349.89,8681
2025-08-12T13:00:00.000Z,3349.86,3354.09,3342.52,3344.03,8757
2025-08-12T13:15:00.000Z,3343.79,3350.06,3343.67,3347.52,7179
2025-08-12T13:30:00.000Z,3347.57,3355.73,3340.1,3354.92,8709
2025-08-12T13:45:00.000Z,3354.81,3357.16,3343.59,3345.46,11081
2025-08-12T14:00:00.000Z,3345.38,3346.49,3335.74,3335.88,9400
2025-08-12T14:15:00.000Z,3335.83,3337.46,3331.07,3335.12,9951
2025-08-12T14:30:00.000Z,3335.13,3338.82,3333.45,3336.17,6033
2025-08-12T14:45:00.000Z,3336.08,3338.48,3332.3,3337.44,7043
2025-08-12T15:00:00.000Z,3337.42,3344.75,3336.94,3343.01,6620
2025-08-12T15:15:00.000Z,3343.02,3359.08,3341.83,3354.65,8590
2025-08-12T15:30:00.000Z,3354.74,3358.2,3349.77,3353.35,8301
2025-08-12T15:45:00.000Z,3353.31,3354.22,3349.03,3349.81,5731
2025-08-12T16:00:00.000Z,3349.8,3350.48,3346.64,3346.94,5546
2025-08-12T16:15:00.000Z,3346.93,3349.15,3345.84,3348.94,5147
2025-08-12T16:30:00.000Z,3348.88,3351.17,3347.19,3348.94,4633
2025-08-12T16:45:00.000Z,3348.95,3349.88,3347.22,3349.38,3921
2025-08-12T17:00:00.000Z,3349.36,3349.93,3347.9,3349.93,3897
2025-08-12T17:15:00.000Z,3349.72,3350.55,3347.2,3348,4839
2025-08-12T17:30:00.000Z,3348.02,3349.83,3347.7,3348.25,3177
2025-08-12T17:45:00.000Z,3348.25,3349.01,3346.43,3348.98,2778
2025-08-12T18:00:00.000Z,3348.97,3350.8,3348.35,3349.06,2765
2025-08-12T18:15:00.000Z,3349.13,3350.51,3347.91,3348.96,3147
2025-08-12T18:30:00.000Z,3349,3349.51,3347.37,3348.54,2386
2025-08-12T18:45:00.000Z,3348.53,3349.64,3348.12,3349,2856
2025-08-12T19:00:00.000Z,3348.92,3349.35,3345.53,3346.53,2968
2025-08-12T19:15:00.000Z,3346.54,3348.33,3345.85,3348.14,2150
2025-08-12T19:30:00.000Z,3348.12,3349.26,3347.42,3347.81,2550
2025-08-12T19:45:00.000Z,3347.87,3348.48,3346.68,3347.58,3004
2025-08-12T20:00:00.000Z,3347.52,3347.73,3345.91,3346.59,2368
2025-08-12T20:15:00.000Z,3346.65,3348.32,3346.54,3348.01,1517
2025-08-12T20:30:00.000Z,3348.02,3349.24,3347.31,3349.14,1472
2025-08-12T20:45:00.000Z,3349.16,3349.89,3347.17,3347.73,958
2025-08-12T22:00:00.000Z,3348.64,3351.49,3348.57,3351.24,1379
2025-08-12T22:15:00.000Z,3351.17,3353.57,3351.12,3351.89,1398
2025-08-12T22:30:00.000Z,3351.84,3352.17,3350.27,3350.27,1160
2025-08-12T22:45:00.000Z,3350.22,3351.47,3349.88,3350.5,1082
2025-08-12T23:00:00.000Z,3350.45,3351.69,3350.12,3351.16,1321
2025-08-12T23:15:00.000Z,3351.15,3351.98,3350.9,3351.34,888
2025-08-12T23:30:00.000Z,3351.45,3352.03,3350.69,3351.44,1387
2025-08-12T23:45:00.000Z,3351.4,3351.4,3349.62,3350.48,1332
2025-08-13T00:00:00.000Z,3350.49,3350.66,3346.04,3347.77,3508
2025-08-13T00:15:00.000Z,3347.76,3347.76,3343.73,3346.52,3669
2025-08-13T00:30:00.000Z,3346.5,3346.9,3344.57,3345.31,2165
2025-08-13T00:45:00.000Z,3345.34,3345.88,3342.64,3343.56,2580
2025-08-13T01:00:00.000Z,3343.57,3348.63,3343.38,3348.48,3769
2025-08-13T01:15:00.000Z,3348.37,3349.19,3342.59,3345.65,4440
2025-08-13T01:30:00.000Z,3345.66,3350,3345.3,3349.52,3914
2025-08-13T01:45:00.000Z,3349.51,3352.05,3349.09,3350.81,3711
2025-08-13T02:00:00.000Z,3350.88,3351.54,3346.6,3346.82,3836
2025-08-13T02:15:00.000Z,3346.83,3352.02,3346.71,3351.89,3239
2025-08-13T02:30:00.000Z,3351.99,3353.31,3349.41,3352.91,3071
2025-08-13T02:45:00.000Z,3352.92,3354.3,3351.18,3351.69,2906
2025-08-13T03:00:00.000Z,3351.6,3352.06,3349.38,3350.91,2482
2025-08-13T03:15:00.000Z,3350.89,3352.88,3348.44,3351.39,3013
2025-08-13T03:30:00.000Z,3351.39,3351.43,3349.49,3351.15,1666
2025-08-13T03:45:00.000Z,3351.16,3351.36,3349.21,3349.55,1627
2025-08-13T04:00:00.000Z,3349.56,3352.16,3348.11,3351.58,2203
2025-08-13T04:15:00.000Z,3351.52,3352.29,3350.1,3350.55,1478
2025-08-13T04:30:00.000Z,3350.51,3350.82,3349.12,3350.13,1102
2025-08-13T04:45:00.000Z,3350.08,3351.74,3349.81,3351.68,1146
2025-08-13T05:00:00.000Z,3351.64,3351.93,3348.41,3350.04,2050
2025-08-13T05:15:00.000Z,3350.03,3351.2,3348.94,3350.88,1381
2025-08-13T05:30:00.000Z,3351.14,3351.14,3345.82,3345.97,3142
2025-08-13T05:45:00.000Z,3345.93,3349.43,3345.54,3349.19,2441
2025-08-13T06:00:00.000Z,3349.18,3353.89,3348.9,3353.5,3303
2025-08-13T06:15:00.000Z,3353.51,3356.57,3353.51,3355.09,3652
2025-08-13T06:30:00.000Z,3355.08,3356.43,3353.73,3354.74,3544
2025-08-13T06:45:00.000Z,3354.99,3357.59,3354.82,3357.15,3206
2025-08-13T07:00:00.000Z,3356.56,3359.24,3353.92,3358.05,3615
2025-08-13T07:15:00.000Z,3358.02,3360.83,3356.19,3359.11,3489
2025-08-13T07:30:00.000Z,3359.05,3360.88,3356.43,3356.84,2722
2025-08-13T07:45:00.000Z,3356.74,3358.73,3354.44,3354.72,3375
2025-08-13T08:00:00.000Z,3354.71,3355.75,3352.81,3353.86,3716
2025-08-13T08:15:00.000Z,3353.84,3355.76,3352.86,3353.88,3586
2025-08-13T08:30:00.000Z,3353.89,3360.22,3353.71,3359.97,3432
2025-08-13T08:45:00.000Z,3359.99,3363.39,3358.61,3360.22,3946
2025-08-13T09:00:00.000Z,3360.24,3360.93,3358.69,3359.33,2328
2025-08-13T09:15:00.000Z,3359.31,3363.37,3358.86,3362.16,2415
2025-08-13T09:30:00.000Z,3362.09,3366.19,3361.85,3365.29,4348
2025-08-13T09:45:00.000Z,3365.27,3366.58,3363.94,3364.67,3731
2025-08-13T10:00:00.000Z,3364.68,3366.2,3363.15,3364.03,2527
2025-08-13T10:15:00.000Z,3364.1,3365.9,3363.62,3364.06,1955
2025-08-13T10:30:00.000Z,3364.21,3366.66,3364.21,3365.56,2359
2025-08-13T10:45:00.000Z,3365.61,3366.9,3363.74,3366.14,2665
2025-08-13T11:00:00.000Z,3366.1,3367.09,3361.18,3362.67,3419
2025-08-13T11:15:00.000Z,3362.77,3363.15,3359.39,3360.23,3945
2025-08-13T11:30:00.000Z,3360.19,3362.16,3359,3359,4230
2025-08-13T11:45:00.000Z,3359,3362.35,3358.87,3362.25,2911
2025-08-13T12:00:00.000Z,3362.38,3363.74,3356.42,3357.3,4899
2025-08-13T12:15:00.000Z,3357.37,3361.8,3356.36,3358.63,4352
2025-08-13T12:30:00.000Z,3358.62,3359.99,3355.48,3358.4,5658
2025-08-13T12:45:00.000Z,3358.37,3360.9,3357.35,3358.05,4139
2025-08-13T13:00:00.000Z,3357.84,3358.16,3354.45,3357.55,5310
2025-08-13T13:15:00.000Z,3357.56,3358.34,3354.13,3357.38,4127
2025-08-13T13:30:00.000Z,3357.11,3362.4,3356.27,3362.27,6302
2025-08-13T13:45:00.000Z,3362.28,3365.83,3360.06,3365.05,6470
2025-08-13T14:00:00.000Z,3365.08,3370.72,3363.11,3366.67,7499
2025-08-13T14:15:00.000Z,3366.77,3367.38,3363.37,3365.06,5728
2025-08-13T14:30:00.000Z,3364.99,3366.7,3363.22,3364.11,4415
2025-08-13T14:45:00.000Z,3364.07,3364.23,3361.04,3363.1,4650
2025-08-13T15:00:00.000Z,3363.27,3363.68,3358.01,3358.32,4973
2025-08-13T15:15:00.000Z,3358.36,3358.4,3355.62,3355.84,4664
2025-08-13T15:30:00.000Z,3355.86,3357.34,3354.32,3355.29,3839
2025-08-13T15:45:00.000Z,3355.28,3357.77,3354.93,3357.66,3076
2025-08-13T16:00:00.000Z,3357.76,3359.54,3357.11,3359.16,3118
2025-08-13T16:15:00.000Z,3359.17,3360.35,3358.82,3359.62,3027
2025-08-13T16:30:00.000Z,3359.59,3360.84,3357.03,3357.31,2514
2025-08-13T16:45:00.000Z,3357.3,3359.61,3357.3,3357.91,2018
2025-08-13T17:00:00.000Z,3358.04,3358.87,3357.19,3358.39,1866
2025-08-13T17:15:00.000Z,3358.42,3359.35,3356.89,3357.52,2768
2025-08-13T17:30:00.000Z,3357.53,3357.81,3353.26,3354.38,2450
2025-08-13T17:45:00.000Z,3354.44,3355.2,3352.67,3353.58,2294
2025-08-13T18:00:00.000Z,3353.65,3354.33,3351.25,3353,2352
2025-08-13T18:15:00.000Z,3353.11,3353.24,3349.89,3350.94,2386
2025-08-13T18:30:00.000Z,3350.93,3353.24,3350.86,3352.55,1828
2025-08-13T18:45:00.000Z,3352.62,3354.39,3352.6,3353.71,1700
2025-08-13T19:00:00.000Z,3353.71,3354.2,3352.65,3353.93,1657
2025-08-13T19:15:00.000Z,3353.94,3356.82,3353.64,3355.59,1721
2025-08-13T19:30:00.000Z,3355.6,3356.15,3354.61,3355.68,1726
2025-08-13T19:45:00.000Z,3355.69,3358.76,3355.52,3357.78,2834
2025-08-13T20:00:00.000Z,3357.79,3358.12,3356.35,3357.63,1300
2025-08-13T20:15:00.000Z,3357.61,3357.61,3356.53,3357,1040
2025-08-13T20:30:00.000Z,3357.01,3357.01,3355.67,3355.94,887
2025-08-13T20:45:00.000Z,3356.15,3356.27,3355.38,3355.69,501
2025-08-13T22:00:00.000Z,3356.91,3358.98,3356.55,3356.85,1419
2025-08-13T22:15:00.000Z,3356.89,3357.89,3356.83,3356.96,738
2025-08-13T22:30:00.000Z,3356.98,3358.22,3356.55,3357.53,969
2025-08-13T22:45:00.000Z,3357.48,3358.14,3357.28,3357.56,927
2025-08-13T23:00:00.000Z,3357.59,3361.21,3357.43,3360.02,1821
2025-08-13T23:15:00.000Z,3360.03,3361.28,3359.67,3360.9,970
2025-08-13T23:30:00.000Z,3360.96,3362.9,3360.7,3362.81,1409
2025-08-13T23:45:00.000Z,3362.8,3363.42,3361.44,3362.71,1432
2025-08-14T00:00:00.000Z,3362.74,3368.48,3362.71,3367.87,3957
2025-08-14T00:15:00.000Z,3367.85,3373.03,3367.85,3372.9,3532
2025-08-14T00:30:00.000Z,3372.93,3374.61,3369.62,3371.06,3819
2025-08-14T00:45:00.000Z,3371.03,3371.95,3369.16,3369.52,2742
2025-08-14T01:00:00.000Z,3369.49,3370.82,3367.27,3368.98,4781
2025-08-14T01:15:00.000Z,3368.98,3370.2,3365.3,3366.13,4350
2025-08-14T01:30:00.000Z,3366.34,3367.91,3365.17,3366.71,3940
2025-08-14T01:45:00.000Z,3366.57,3370.55,3366.27,3367.34,4244
2025-08-14T02:00:00.000Z,3367.34,3369.22,3365.69,3368.62,3250
2025-08-14T02:15:00.000Z,3368.63,3368.86,3365.13,3365.34,2880
2025-08-14T02:30:00.000Z,3365.33,3368.38,3364.37,3367.71,2966
2025-08-14T02:45:00.000Z,3367.72,3367.79,3362.7,3362.78,3234
2025-08-14T03:00:00.000Z,3362.69,3363.97,3358.6,3359.96,4577
2025-08-14T03:15:00.000Z,3359.94,3359.96,3357.03,3357.43,3841
2025-08-14T03:30:00.000Z,3357.4,3358.37,3355.55,3357.26,3288
2025-08-14T03:45:00.000Z,3357.26,3360.36,3356.48,3360.35,3149
2025-08-14T04:00:00.000Z,3360.45,3361.21,3359.27,3360.29,1773
2025-08-14T04:15:00.000Z,3360.23,3361.04,3359.67,3360.88,1459
2025-08-14T04:30:00.000Z,3360.87,3361.69,3358.5,3360.73,2417
2025-08-14T04:45:00.000Z,3360.71,3361.61,3360.32,3360.43,1304
2025-08-14T05:00:00.000Z,3360.42,3361.48,3359.26,3361.25,1854
2025-08-14T05:15:00.000Z,3361.21,3361.81,3358.56,3359.1,2385
2025-08-14T05:30:00.000Z,3359.11,3359.29,3356.11,3358.97,3416
2025-08-14T05:45:00.000Z,3358.96,3359.65,3358.05,3358.78,2578
2025-08-14T06:00:00.000Z,3358.36,3361.26,3355.94,3359.41,3837
2025-08-14T06:15:00.000Z,3359.33,3359.4,3356.37,3358.97,3768
2025-08-14T06:30:00.000Z,3358.95,3360,3357.31,3358.62,3896
2025-08-14T06:45:00.000Z,3358.61,3362.22,3357.96,3361.97,3735
2025-08-14T07:00:00.000Z,3361.95,3366.34,3361.58,3362.61,5111
2025-08-14T07:15:00.000Z,3362.56,3365.06,3361.47,3362.57,3408
2025-08-14T07:30:00.000Z,3362.51,3362.63,3352.26,3352.37,4750
2025-08-14T07:45:00.000Z,3352.35,3352.53,3343.65,3345.96,5804
2025-08-14T08:00:00.000Z,3345.91,3347.54,3341.44,3344.58,5817
2025-08-14T08:15:00.000Z,3344.32,3349.84,3341.76,3349.69,4547
2025-08-14T08:30:00.000Z,3349.64,3350.32,3344.43,3346.36,4160
2025-08-14T08:45:00.000Z,3346.4,3348.19,3345.92,3346.18,3460
2025-08-14T09:00:00.000Z,3346.17,3355.26,3345.07,3354.85,4971
2025-08-14T09:15:00.000Z,3354.78,3359.09,3354.58,3356.17,4929
2025-08-14T09:30:00.000Z,3356.23,3358.06,3354.54,3354.92,3908
2025-08-14T09:45:00.000Z,3354.91,3358.21,3353.87,3356.46,3245
2025-08-14T10:00:00.000Z,3356.45,3358.75,3355.31,3358.14,2195
2025-08-14T10:15:00.000Z,3358.16,3358.75,3356.26,3357.59,2460
2025-08-14T10:30:00.000Z,3357.55,3358.99,3353.45,3354.14,2672
2025-08-14T10:45:00.000Z,3354.43,3355.12,3352.12,3354.97,2600
2025-08-14T11:00:00.000Z,3354.98,3357.09,3353.23,3354.36,2927
2025-08-14T11:15:00.000Z,3354.37,3355.53,3352.48,3355.23,3382
2025-08-14T11:30:00.000Z,3355.2,3356.84,3353.2,3354.2,2307
2025-08-14T11:45:00.000Z,3354.06,3355.75,3353.77,3355.4,2888
2025-08-14T12:00:00.000Z,3355.43,3358.39,3354.79,3355.4,3564
2025-08-14T12:15:00.000Z,3355.34,3356.05,3352.64,3352.64,4641
2025-08-14T12:30:00.000Z,3350.83,3353.56,3342,3352.94,10416
2025-08-14T12:45:00.000Z,3352.86,3356.38,3349.07,3350.59,8317
2025-08-14T13:00:00.000Z,3350.47,3355.88,3348.92,3352.88,7767
2025-08-14T13:15:00.000Z,3352.86,3355.97,3344.96,3345.33,7899
2025-08-14T13:30:00.000Z,3344.97,3349.36,3344.5,3348.29,8667
2025-08-14T13:45:00.000Z,3348.31,3348.87,3343.82,3344.13,7446
2025-08-14T14:00:00.000Z,3344.1,3345.93,3334.18,3338.29,8830
2025-08-14T14:15:00.000Z,3338.35,3346,3337.24,3344.79,7687
2025-08-14T14:30:00.000Z,3344.77,3346.56,3340.51,3340.78,6962
2025-08-14T14:45:00.000Z,3340.71,3342.3,3339.11,3340.6,6334
2025-08-14T15:00:00.000Z,3340.71,3341.77,3335.43,3336.95,6489
2025-08-14T15:15:00.000Z,3336.9,3340.57,3335.99,3339.5,4802
2025-08-14T15:30:00.000Z,3339.62,3342.54,3337.93,3340.5,4283
2025-08-14T15:45:00.000Z,3340.51,3342.81,3339.68,3341.76,3741
2025-08-14T16:00:00.000Z,3341.9,3342.03,3333.26,3334.16,4704
2025-08-14T16:15:00.000Z,3334.07,3334.85,3329.77,3332.08,6849
2025-08-14T16:30:00.000Z,3332.1,3335.29,3330.69,3334.05,4366
2025-08-14T16:45:00.000Z,3334.04,3335.11,3332.83,3334.36,3415
2025-08-14T17:00:00.000Z,3334.27,3337.23,3331.82,3337.13,3768
2025-08-14T17:15:00.000Z,3337.16,3338.51,3336.11,3336.95,3741
2025-08-14T17:30:00.000Z,3337.01,3337.42,3335.52,3337.28,3144
2025-08-14T17:45:00.000Z,3337.2,3338.31,3335.89,3337.8,2234
2025-08-14T18:00:00.000Z,3337.93,3338.29,3336.09,3336.82,2471
2025-08-14T18:15:00.000Z,3336.86,3337.9,3336.03,3336.99,2700
2025-08-14T18:30:00.000Z,3337.02,3339.3,3336.78,3338.61,2070
2025-08-14T18:45:00.000Z,3338.59,3339.08,3338.12,3338.26,1885
2025-08-14T19:00:00.000Z,3338.13,3340.89,3337.94,3340.74,2066
2025-08-14T19:15:00.000Z,3340.74,3340.95,3339.46,3340.43,1787
2025-08-14T19:30:00.000Z,3340.44,3340.94,3339.12,3339.48,1732
2025-08-14T19:45:00.000Z,3339.55,3340.16,3337.85,3337.87,2573
2025-08-14T20:00:00.000Z,3337.88,3338.44,3334.97,3335.17,1616
2025-08-14T20:15:00.000Z,3335.2,3335.86,3334.47,3335.52,1575
2025-08-14T20:30:00.000Z,3335.44,3335.85,3334.83,3335.23,1104
2025-08-14T20:45:00.000Z,3335.16,3335.83,3334.46,3334.85,927
2025-08-14T22:00:00.000Z,3335.68,3337.63,3335.26,3335.4,980
2025-08-14T22:15:00.000Z,3335.35,3335.4,3332.65,3333.89,1456
2025-08-14T22:30:00.000Z,3333.92,3334.67,3333.01,3333.9,1617
2025-08-14T22:45:00.000Z,3333.74,3333.86,3332.4,3333.26,1593
2025-08-14T23:00:00.000Z,3333.29,3333.89,3332.12,3333.5,1521
2025-08-14T23:15:00.000Z,3333.47,3334.51,3333.32,3334.44,958
2025-08-14T23:30:00.000Z,3334.39,3336.39,3333.78,3336.23,1077
2025-08-14T23:45:00.000Z,3336.18,3336.54,3334.72,3335.56,1217
2025-08-15T00:00:00.000Z,3335.51,3335.83,3332.29,3333.19,2440
2025-08-15T00:15:00.000Z,3333.2,3336.07,3333.08,3335.82,1747
2025-08-15T00:30:00.000Z,3335.99,3336.61,3334.64,3336.45,1616
2025-08-15T00:45:00.000Z,3336.51,3338.66,3335.63,3336.96,2870
2025-08-15T01:00:00.000Z,3337.03,3337.51,3335.08,3336.53,3298
2025-08-15T01:15:00.000Z,3336.6,3337.03,3333.25,3336.67,2970
2025-08-15T01:30:00.000Z,3336.63,3338.88,3335.15,3338.45,3438
2025-08-15T01:45:00.000Z,3338.5,3340.16,3337.76,3339.49,3073
2025-08-15T02:00:00.000Z,3339.5,3339.96,3338.14,3338.44,2466
2025-08-15T02:15:00.000Z,3338.49,3339.13,3336.57,3337.93,2672
2025-08-15T02:30:00.000Z,3337.95,3340.09,3337.32,3339.18,2541
2025-08-15T02:45:00.000Z,3339.2,3340.73,3338.94,3340.39,2321
2025-08-15T03:00:00.000Z,3340.49,3340.93,3339.96,3340.86,2139
2025-08-15T03:15:00.000Z,3340.85,3340.99,3340.05,3340.77,1835
2025-08-15T03:30:00.000Z,3340.75,3344.15,3340.72,3342.18,2583
2025-08-15T03:45:00.000Z,3342.18,3344.69,3342.18,3343.35,1641
2025-08-15T04:00:00.000Z,3343.26,3345.37,3343.23,3345.22,2009
2025-08-15T04:15:00.000Z,3345.21,3346.15,3344.71,3345.63,2087
2025-08-15T04:30:00.000Z,3345.62,3346.66,3343.37,3345.06,2562
2025-08-15T04:45:00.000Z,3345.09,3345.5,3344.01,3345.36,2094
2025-08-15T05:00:00.000Z,3345.37,3348.67,3345.1,3345.82,2644
2025-08-15T05:15:00.000Z,3345.8,3345.88,3342.99,3343.36,2175
2025-08-15T05:30:00.000Z,3343.09,3346.68,3341.92,3346.63,2481
2025-08-15T05:45:00.000Z,3346.62,3347.33,3343.19,3343.71,2561
2025-08-15T06:00:00.000Z,3343.75,3343.88,3341.37,3342,3278
2025-08-15T06:15:00.000Z,3341.98,3344.05,3340.96,3341.52,2854
2025-08-15T06:30:00.000Z,3341.55,3343.99,3340.94,3341.86,2073
2025-08-15T06:45:00.000Z,3341.76,3343.5,3340.12,3340.35,2098
2025-08-15T07:00:00.000Z,3340.41,3342.9,3340.07,3342.13,2735
2025-08-15T07:15:00.000Z,3342.02,3345.74,3341.76,3344.66,3134
2025-08-15T07:30:00.000Z,3344.64,3345.12,3340.22,3343.31,3598
2025-08-15T07:45:00.000Z,3343.33,3346.56,3342.65,3346.2,3533
2025-08-15T08:00:00.000Z,3346.19,3348.16,3341.59,3341.61,3498
2025-08-15T08:15:00.000Z,3341.64,3342.3,3338.89,3339.39,3553
2025-08-15T08:30:00.000Z,3339.3,3341.28,3338.29,3339.33,2301
2025-08-15T08:45:00.000Z,3339.34,3342.78,3339.18,3341.21,3638
2025-08-15T09:00:00.000Z,3341.2,3342.28,3338.46,3339.52,3562
2025-08-15T09:15:00.000Z,3339.34,3344.96,3338.67,3344.26,3109
2025-08-15T09:30:00.000Z,3344.19,3344.8,3340.44,3341.79,3396
2025-08-15T09:45:00.000Z,3341.8,3343.15,3340.93,3342.71,2107
2025-08-15T10:00:00.000Z,3342.72,3342.72,3339.28,3340.01,2805
2025-08-15T10:15:00.000Z,3340.09,3341.1,3337.35,3338.07,2929
2025-08-15T10:30:00.000Z,3338.1,3339.55,3336.97,3338.36,2454
2025-08-15T10:45:00.000Z,3338.11,3340.43,3336.16,3337.64,2905
2025-08-15T11:00:00.000Z,3337.73,3340.62,3337.07,3339.67,2908
2025-08-15T11:15:00.000Z,3339.68,3340.28,3337.71,3340.01,2393
2025-08-15T11:30:00.000Z,3339.97,3343.92,3339.78,3343.27,3558
2025-08-15T11:45:00.000Z,3343.31,3344.07,3341.93,3342.32,3295
2025-08-15T12:00:00.000Z,3342.35,3342.83,3338.55,3338.92,3504
2025-08-15T12:15:00.000Z,3338.72,3339.76,3336.99,3337.04,4990
2025-08-15T12:30:00.000Z,3337.05,3343.64,3333.58,3342.84,7865
2025-08-15T12:45:00.000Z,3342.84,3343.85,3340.31,3342.67,5763
2025-08-15T13:00:00.000Z,3342.69,3345.87,3340.45,3341.41,5908
2025-08-15T13:15:00.000Z,3341.42,3341.62,3336.36,3338.46,6178
2025-08-15T13:30:00.000Z,3338.32,3340.13,3334.84,3336.34,6682
2025-08-15T13:45:00.000Z,3336.33,3337.21,3332.95,3335.59,6645
2025-08-15T14:00:00.000Z,3335.19,3341.01,3335.06,3338.84,6337
2025-08-15T14:15:00.000Z,3338.85,3342.64,3338.3,3338.45,6192
2025-08-15T14:30:00.000Z,3338.41,3343.28,3338.41,3341.98,5067
2025-08-15T14:45:00.000Z,3342.02,3343.59,3340.4,3341.77,4072
2025-08-15T15:00:00.000Z,3341.81,3344.59,3341.77,3342.43,4538
2025-08-15T15:15:00.000Z,3342.42,3344,3341.86,3343.3,3469
2025-08-15T15:30:00.000Z,3343.32,3345.13,3342.17,3342.59,3030
2025-08-15T15:45:00.000Z,3342.6,3343.64,3341.33,3342.33,3193
2025-08-15T16:00:00.000Z,3342.3,3342.43,3339.61,3339.61,3136
2025-08-15T16:15:00.000Z,3339.74,3340.29,3337.1,3338.69,3383
2025-08-15T16:30:00.000Z,3338.74,3339.41,3337.38,3338.39,3000
2025-08-15T16:45:00.000Z,3338.41,3338.44,3335.73,3338.12,3053
2025-08-15T17:00:00.000Z,3338.11,3338.85,3335,3335.72,3022
2025-08-15T17:15:00.000Z,3335.67,3337.49,3335.65,3336.37,2440
2025-08-15T17:30:00.000Z,3336.4,3337.27,3335.59,3336.63,2199
2025-08-15T17:45:00.000Z,3336.64,3336.71,3335.42,3336.02,2191
2025-08-15T18:00:00.000Z,3336.11,3336.39,3334.62,3336.21,2625
2025-08-15T18:15:00.000Z,3336.2,3338.24,3336.2,3337.09,2197
2025-08-15T18:30:00.000Z,3337.12,3337.61,3336.54,3336.71,1543
2025-08-15T18:45:00.000Z,3336.66,3336.73,3335.55,3335.93,2259
2025-08-15T19:00:00.000Z,3335.94,3336.31,3334.39,3335.3,2328
2025-08-15T19:15:00.000Z,3335.46,3337.37,3335.21,3337.18,1922
2025-08-15T19:30:00.000Z,3337.22,3338.24,3336.88,3336.96,2872
2025-08-15T19:45:00.000Z,3337.01,3339.57,3336.65,3339.1,2728
2025-08-15T20:00:00.000Z,3339,3339.41,3338.03,3338.03,1468
2025-08-15T20:15:00.000Z,3338.05,3338.25,3336.28,3336.69,1422
2025-08-15T20:30:00.000Z,3336.66,3337.23,3335.96,3336.06,1393
2025-08-15T20:45:00.000Z,3336.1,3336.68,3332.56,3335.68,894
2025-08-17T22:00:00.000Z,3336.28,3339,3332.63,3333.37,2596
2025-08-17T22:15:00.000Z,3333.22,3335.27,3332.99,3334.99,1533
2025-08-17T22:30:00.000Z,3334.81,3335.09,3333.91,3334.62,1050
2025-08-17T22:45:00.000Z,3334.61,3334.97,3333.95,3334.23,603
2025-08-17T23:00:00.000Z,3334.28,3334.33,3329.86,3330.18,1782
2025-08-17T23:15:00.000Z,3330.18,3330.69,3323.45,3328.99,3689
2025-08-17T23:30:00.000Z,3329.02,3329.48,3327.77,3328.17,1499
2025-08-17T23:45:00.000Z,3328.16,3328.33,3325.7,3326.95,2037
2025-08-18T00:00:00.000Z,3327.08,3334.93,3326.63,3334.78,3480
2025-08-18T00:15:00.000Z,3334.75,3342.03,3334.13,3340.16,5247
2025-08-18T00:30:00.000Z,3340.25,3341.41,3338.77,3340.64,3580
2025-08-18T00:45:00.000Z,3340.51,3342.75,3340.19,3340.54,3156
2025-08-18T01:00:00.000Z,3340.51,3344.01,3339.97,3342.67,4728
2025-08-18T01:15:00.000Z,3342.72,3343.9,3339.68,3340.31,3244
2025-08-18T01:30:00.000Z,3340.44,3345.44,3339.47,3344.2,3928
2025-08-18T01:45:00.000Z,3344.22,3347.28,3343.62,3346.74,4009
2025-08-18T02:00:00.000Z,3346.76,3347.49,3344.4,3344.43,2809
2025-08-18T02:15:00.000Z,3344.31,3344.57,3342.3,3342.64,2285
2025-08-18T02:30:00.000Z,3342.7,3344.61,3342.59,3343.98,3376
2025-08-18T02:45:00.000Z,3343.96,3344.29,3342.57,3343.3,1807
2025-08-18T03:00:00.000Z,3343.25,3345.86,3343.23,3344.01,2288
2025-08-18T03:15:00.000Z,3344,3346.87,3343.85,3346.6,2230
2025-08-18T03:30:00.000Z,3346.62,3348.47,3346.41,3348.26,2171
2025-08-18T03:45:00.000Z,3348.28,3351.72,3346.42,3346.95,3924
2025-08-18T04:00:00.000Z,3346.93,3350.8,3346.71,3350.7,2410
2025-08-18T04:15:00.000Z,3350.76,3352.62,3350.46,3352.21,2487
2025-08-18T04:30:00.000Z,3352.2,3355.44,3352.2,3355,3226
2025-08-18T04:45:00.000Z,3355.08,3358.05,3355,3357.42,3376
2025-08-18T05:00:00.000Z,3357.37,3358.27,3354.81,3355.12,3043
2025-08-18T05:15:00.000Z,3355.11,3355.4,3351.12,3351.14,2865
2025-08-18T05:30:00.000Z,3351.03,3351.42,3346.52,3348,5060
2025-08-18T05:45:00.000Z,3348.01,3351.1,3346.92,3349.45,4028
2025-08-18T06:00:00.000Z,3349.45,3351.17,3348.88,3349.61,2999
2025-08-18T06:15:00.000Z,3349.58,3349.81,3346.12,3349.44,3883
2025-08-18T06:30:00.000Z,3349.53,3350.69,3348.2,3349.43,2759
2025-08-18T06:45:00.000Z,3349.42,3350.41,3347.77,3349.47,3440
2025-08-18T07:00:00.000Z,3349.44,3354.2,3348.17,3353.72,4441
2025-08-18T07:15:00.000Z,3353.56,3355.64,3352.32,3352.32,3788
2025-08-18T07:30:00.000Z,3352.31,3352.7,3348.95,3350.66,2764
2025-08-18T07:45:00.000Z,3350.61,3351.22,3347.19,3349,3360
2025-08-18T08:00:00.000Z,3348.99,3349.85,3344.58,3345.37,3517
2025-08-18T08:15:00.000Z,3345.36,3347.93,3344.62,3347.8,3654
2025-08-18T08:30:00.000Z,3347.83,3348.87,3346.68,3348.73,3050
2025-08-18T08:45:00.000Z,3348.75,3349.77,3347.61,3348.65,1936
2025-08-18T09:00:00.000Z,3348.55,3351.06,3348.2,3350.3,1841
2025-08-18T09:15:00.000Z,3350.25,3350.46,3348.13,3348.61,1932
2025-08-18T09:30:00.000Z,3348.56,3351.66,3347.8,3349.34,3034
2025-08-18T09:45:00.000Z,3349.46,3350.52,3347.54,3348.1,2271
2025-08-18T10:00:00.000Z,3348.06,3350.26,3347.86,3349.96,2009
2025-08-18T10:15:00.000Z,3349.94,3351.31,3347.96,3348.64,2071
2025-08-18T10:30:00.000Z,3348.63,3350.03,3347.93,3349.31,2271
2025-08-18T10:45:00.000Z,3349.31,3349.59,3346.48,3346.59,1467
2025-08-18T11:00:00.000Z,3346.69,3348.72,3346.48,3347.99,1819
2025-08-18T11:15:00.000Z,3348,3348.72,3347.4,3348.5,2071
2025-08-18T11:30:00.000Z,3348.47,3348.62,3346.67,3346.88,1605
2025-08-18T11:45:00.000Z,3346.86,3346.97,3344.54,3345.36,2155
2025-08-18T12:00:00.000Z,3345.45,3348.02,3345.08,3347.03,2281
2025-08-18T12:15:00.000Z,3347.01,3347.64,3345.3,3346.34,2740
2025-08-18T12:30:00.000Z,3346.47,3348.68,3345.89,3347.81,3547
2025-08-18T12:45:00.000Z,3347.8,3347.9,3343.11,3344.68,3340
2025-08-18T13:00:00.000Z,3344.45,3344.88,3341.03,3341.21,4782
2025-08-18T13:15:00.000Z,3341.16,3344.14,3340.3,3343.05,4450
2025-08-18T13:30:00.000Z,3342.95,3343.88,3337.84,3339.96,5082
2025-08-18T13:45:00.000Z,3340.04,3340.09,3335.68,3336.6,4399
2025-08-18T14:00:00.000Z,3336.62,3338.37,3332.42,3335.5,5855
2025-08-18T14:15:00.000Z,3335.47,3337.27,3334.95,3335.77,3953
2025-08-18T14:30:00.000Z,3335.78,3338.67,3334.69,3335.52,3701
2025-08-18T14:45:00.000Z,3335.58,3335.99,3332.87,3334.31,4568
2025-08-18T15:00:00.000Z,3334.52,3335.2,3332.22,3334.5,3854
2025-08-18T15:15:00.000Z,3334.53,3335.81,3333.4,3334.62,3010
2025-08-18T15:30:00.000Z,3334.59,3335.62,3333.15,3335.03,2589
2025-08-18T15:45:00.000Z,3334.92,3336.76,3333.91,3335.6,3051
2025-08-18T16:00:00.000Z,3335.64,3335.83,3331.86,3333.35,3080
2025-08-18T16:15:00.000Z,3333.34,3333.34,3331.82,3332.37,2355
2025-08-18T16:30:00.000Z,3332.41,3334.52,3331.74,3332.63,2180
2025-08-18T16:45:00.000Z,3332.39,3334.41,3332.31,3334.17,2206
2025-08-18T17:00:00.000Z,3334.17,3334.33,3331.66,3333.83,2439
2025-08-18T17:15:00.000Z,3333.78,3334.14,3331.95,3332.55,2571
2025-08-18T17:30:00.000Z,3332.54,3334.49,3332.32,3334.35,1775
2025-08-18T17:45:00.000Z,3334.36,3334.82,3332.9,3333.58,1623
2025-08-18T18:00:00.000Z,3333.54,3333.75,3332.63,3332.98,1054
2025-08-18T18:15:00.000Z,3332.99,3333.14,3331.99,3332.84,1288
2025-08-18T18:30:00.000Z,3332.89,3333.38,3331.47,3331.97,1006
2025-08-18T18:45:00.000Z,3331.89,3332.47,3331.51,3331.93,973
2025-08-18T19:00:00.000Z,3332.12,3332.14,3330.18,3331.08,1760
2025-08-18T19:15:00.000Z,3331.09,3332.23,3330.46,3331.82,1215
2025-08-18T19:30:00.000Z,3331.87,3332.72,3331.34,3331.38,1243
2025-08-18T19:45:00.000Z,3331.4,3334.21,3331.38,3333.49,1732
2025-08-18T20:00:00.000Z,3333.52,3334.23,3333.24,3333.41,972
2025-08-18T20:15:00.000Z,3333.49,3333.72,3333.13,3333.18,689
2025-08-18T20:30:00.000Z,3333.23,3333.9,3332.48,3332.78,758
2025-08-18T20:45:00.000Z,3332.78,3333.01,3332.09,3332.37,593
2025-08-18T22:00:00.000Z,3333.51,3334.21,3332.82,3332.96,1164
2025-08-18T22:15:00.000Z,3332.89,3334.62,3332.89,3333.82,857
2025-08-18T22:30:00.000Z,3333.84,3334.31,3333.31,3333.32,688
2025-08-18T22:45:00.000Z,3333.34,3334.34,3332.97,3334.34,615
2025-08-18T23:00:00.000Z,3334.4,3334.64,3333.46,3333.53,891
2025-08-18T23:15:00.000Z,3333.48,3333.53,3331.62,3332.16,926
2025-08-18T23:30:00.000Z,3332.17,3333.1,3331.28,3332.75,1379
2025-08-18T23:45:00.000Z,3332.65,3332.65,3330.33,3330.8,1249
2025-08-19T00:00:00.000Z,3330.79,3337.73,3325.96,3336.08,4564
2025-08-19T00:15:00.000Z,3336.07,3339.06,3335.52,3337.23,2741
2025-08-19T00:30:00.000Z,3337.24,3338.35,3334.87,3335.86,1858
2025-08-19T00:45:00.000Z,3335.86,3336.23,3332.54,3335.1,2197
2025-08-19T01:00:00.000Z,3335.11,3335.59,3330.2,3331.34,4339
2025-08-19T01:15:00.000Z,3331.33,3335.2,3330.84,3332.45,3579
2025-08-19T01:30:00.000Z,3332.5,3334.01,3330.92,3333.07,3258
2025-08-19T01:45:00.000Z,3333.03,3335.53,3332.47,3332.87,2747
2025-08-19T02:00:00.000Z,3332.88,3332.99,3329.34,3332.08,3605
2025-08-19T02:15:00.000Z,3332.07,3334.73,3331.68,3333.45,2185
2025-08-19T02:30:00.000Z,3333.49,3334.7,3333.03,3333.64,1790
2025-08-19T02:45:00.000Z,3333.7,3338.04,3332.22,3337.93,2304
2025-08-19T03:00:00.000Z,3337.97,3341.22,3337.43,3341.12,3029
2025-08-19T03:15:00.000Z,3341.11,3341.53,3340.18,3340.86,2606
2025-08-19T03:30:00.000Z,3340.82,3341.51,3337.87,3338.25,1851
2025-08-19T03:45:00.000Z,3338.24,3338.4,3337,3337.69,1850
2025-08-19T04:00:00.000Z,3337.65,3338.03,3335.92,3336.89,1581
2025-08-19T04:15:00.000Z,3336.83,3338.01,3335.66,3336.23,1631
2025-08-19T04:30:00.000Z,3336.23,3338.03,3334.37,3335.06,2071
2025-08-19T04:45:00.000Z,3335.16,3337.84,3335.02,3337.6,1133
2025-08-19T05:00:00.000Z,3337.53,3338.63,3337.32,3337.99,1467
2025-08-19T05:15:00.000Z,3337.96,3340.52,3336.31,3339.73,2398
2025-08-19T05:30:00.000Z,3339.74,3340.55,3337.79,3338.46,2090
2025-08-19T05:45:00.000Z,3338.53,3339.12,3335.72,3336.13,2241
2025-08-19T06:00:00.000Z,3336.01,3338.08,3335.08,3337.23,2370
2025-08-19T06:15:00.000Z,3337.22,3338.8,3335.92,3336.34,2071
2025-08-19T06:30:00.000Z,3336.33,3337.38,3334.64,3334.74,2124
2025-08-19T06:45:00.000Z,3334.75,3336.84,3334.4,3336.02,2207
2025-08-19T07:00:00.000Z,3336.12,3341.73,3334.95,3338.51,3410
2025-08-19T07:15:00.000Z,3338.55,3341.14,3338.51,3339.73,2655
2025-08-19T07:30:00.000Z,3339.76,3340.08,3337.49,3339.69,2505
2025-08-19T07:45:00.000Z,3339.69,3340.85,3338.54,3340.77,1746
2025-08-19T08:00:00.000Z,3340.64,3340.87,3336.69,3336.84,2293
2025-08-19T08:15:00.000Z,3336.83,3339.41,3336.49,3338.54,1850
2025-08-19T08:30:00.000Z,3338.52,3338.97,3337.49,3338.42,1542
2025-08-19T08:45:00.000Z,3338.42,3339.41,3336.98,3337.85,1824
2025-08-19T09:00:00.000Z,3337.84,3339.34,3337.27,3337.35,2187
2025-08-19T09:15:00.000Z,3337.28,3338.34,3336.92,3337.88,1413
2025-08-19T09:30:00.000Z,3337.8,3339.3,3336.85,3338.8,1475
2025-08-19T09:45:00.000Z,3339.02,3339.66,3338.35,3339.28,1454
2025-08-19T10:00:00.000Z,3339.3,3343.03,3339.2,3342.72,2477
2025-08-19T10:15:00.000Z,3342.73,3345.27,3342.69,3343.81,2761
2025-08-19T10:30:00.000Z,3343.79,3343.9,3342.19,3342.52,1561
2025-08-19T10:45:00.000Z,3342.52,3343.83,3341.66,3343.51,1766
2025-08-19T11:00:00.000Z,3343.59,3344.77,3342.79,3342.98,2149
2025-08-19T11:15:00.000Z,3343.01,3343.38,3341.03,3341.65,1370
2025-08-19T11:30:00.000Z,3341.67,3341.97,3339.23,3341.28,1751
2025-08-19T11:45:00.000Z,3341.3,3342.22,3339.69,3339.72,2747
2025-08-19T12:00:00.000Z,3339.75,3340.56,3336.77,3336.86,2976
2025-08-19T12:15:00.000Z,3336.84,3339.99,3336.04,3338,2880
2025-08-19T12:30:00.000Z,3338.01,3338.01,3334.52,3335.79,3813
2025-08-19T12:45:00.000Z,3335.83,3337.31,3334.21,3334.73,2806
2025-08-19T13:00:00.000Z,3334.71,3335.49,3325.65,3329.6,5894
2025-08-19T13:15:00.000Z,3329.57,3332.98,3328.59,3331.7,4602
2025-08-19T13:30:00.000Z,3331.7,3338.27,3331.47,3337.94,6396
2025-08-19T13:45:00.000Z,3338.01,3339.38,3333.65,3333.87,5219
2025-08-19T14:00:00.000Z,3333.89,3336.94,3332.14,3334.67,4434
2025-08-19T14:15:00.000Z,3334.68,3336.37,3333.6,3335.39,4007
2025-08-19T14:30:00.000Z,3335.4,3336.58,3325.5,3326.15,6331
2025-08-19T14:45:00.000Z,3326.33,3326.89,3320.84,3325.3,7002
2025-08-19T15:00:00.000Z,3325.5,3326.58,3321.52,3323.12,5407
2025-08-19T15:15:00.000Z,3323.23,3326.71,3322.16,3324.14,3891
2025-08-19T15:30:00.000Z,3324.15,3326.22,3322.39,3323.09,2949
2025-08-19T15:45:00.000Z,3323.04,3323.72,3321.76,3322.61,2953
2025-08-19T16:00:00.000Z,3322.61,3324.35,3320.41,3320.75,2792
2025-08-19T16:15:00.000Z,3320.8,3322.61,3318.64,3319.39,3294
2025-08-19T16:30:00.000Z,3319.38,3320.62,3317.96,3319.15,3159
2025-08-19T16:45:00.000Z,3319.18,3320.41,3316.94,3317.4,2913
2025-08-19T17:00:00.000Z,3317.35,3318.9,3316.72,3317.74,3382
2025-08-19T17:15:00.000Z,3317.77,3318.79,3314.89,3315.53,3569
2025-08-19T17:30:00.000Z,3315.52,3319.99,3315.41,3319.22,3328
2025-08-19T17:45:00.000Z,3319.14,3319.47,3317.38,3317.43,2127
2025-08-19T18:00:00.000Z,3317.4,3318.41,3316.8,3318.01,2281
2025-08-19T18:15:00.000Z,3318.03,3319.03,3318,3318.85,1537
2025-08-19T18:30:00.000Z,3318.85,3319.46,3318.02,3318.14,1658
2025-08-19T18:45:00.000Z,3318.13,3320.05,3318.03,3318.31,2658
2025-08-19T19:00:00.000Z,3318.45,3318.73,3316.48,3317.16,2989
2025-08-19T19:15:00.000Z,3317.2,3318.09,3316.47,3316.93,2279
2025-08-19T19:30:00.000Z,3316.94,3317.3,3315.5,3315.96,2863
2025-08-19T19:45:00.000Z,3315.96,3316.65,3315.51,3315.84,2953
2025-08-19T20:00:00.000Z,3315.77,3316.67,3315.23,3315.46,1099
2025-08-19T20:15:00.000Z,3315.47,3316.89,3314.88,3316.64,1553
2025-08-19T20:30:00.000Z,3316.67,3317.44,3315.42,3315.55,1267
2025-08-19T20:45:00.000Z,3315.55,3316.05,3314.85,3315.37,935
2025-08-19T22:00:00.000Z,3315.62,3317.45,3315.51,3316.52,932
2025-08-19T22:15:00.000Z,3316.55,3317.29,3315.96,3317.04,723
2025-08-19T22:30:00.000Z,3317.12,3317.12,3315.84,3316.51,798
2025-08-19T22:45:00.000Z,3316.45,3317.29,3315.67,3316.73,1022
2025-08-19T23:00:00.000Z,3316.71,3316.71,3314.87,3315.12,1425
2025-08-19T23:15:00.000Z,3315.18,3315.8,3314.76,3315.45,1226
2025-08-19T23:30:00.000Z,3315.43,3316.54,3314.9,3315.47,1193
2025-08-19T23:45:00.000Z,3315.45,3315.57,3312.8,3314.17,1624
2025-08-20T00:00:00.000Z,3314.02,3316.1,3313.19,3313.81,2683
2025-08-20T00:15:00.000Z,3313.79,3314.83,3313.14,3313.6,1947
2025-08-20T00:30:00.000Z,3313.51,3314.4,3312.84,3313.72,1712
2025-08-20T00:45:00.000Z,3313.63,3316.81,3313.03,3315.92,2972
2025-08-20T01:00:00.000Z,3315.9,3316.7,3312.06,3313.4,4250
2025-08-20T01:15:00.000Z,3313.29,3315.71,3311.44,3311.98,3725
2025-08-20T01:30:00.000Z,3312.02,3317.15,3311.46,3317,4240
2025-08-20T01:45:00.000Z,3316.99,3317.73,3315.02,3315.28,3208
2025-08-20T02:00:00.000Z,3315.24,3316.09,3313.04,3314.33,3268
2025-08-20T02:15:00.000Z,3314.32,3316.99,3313.58,3314.58,2627
2025-08-20T02:30:00.000Z,3314.51,3315.43,3312.51,3312.87,3411
2025-08-20T02:45:00.000Z,3312.86,3315.07,3312.33,3313.95,2477
2025-08-20T03:00:00.000Z,3313.94,3317.39,3313.91,3316.56,2940
2025-08-20T03:15:00.000Z,3316.49,3318.09,3315.27,3317.25,2681
2025-08-20T03:30:00.000Z,3317.23,3318.53,3316.55,3317.86,1450
2025-08-20T03:45:00.000Z,3317.84,3318.43,3317.01,3317.47,1295
2025-08-20T04:00:00.000Z,3317.48,3318.76,3317.1,3318.74,1393
2025-08-20T04:15:00.000Z,3318.75,3319.33,3318.11,3318.36,1049
2025-08-20T04:30:00.000Z,3318.39,3320.81,3318.21,3320.25,1746
2025-08-20T04:45:00.000Z,3320.24,3320.96,3318.52,3318.6,1706
2025-08-20T05:00:00.000Z,3318.59,3320.34,3318.59,3319.25,1635
2025-08-20T05:15:00.000Z,3319.32,3319.32,3318.05,3318.49,1319
2025-08-20T05:30:00.000Z,3318.58,3321.25,3318.36,3320.23,2497
2025-08-20T05:45:00.000Z,3320.18,3323.73,3319.77,3323.31,2286
2025-08-20T06:00:00.000Z,3323.32,3325.47,3322.48,3325.43,3679
2025-08-20T06:15:00.000Z,3325.39,3325.96,3323.02,3323.38,2799
2025-08-20T06:30:00.000Z,3323.4,3324.83,3323.03,3324.27,1906
2025-08-20T06:45:00.000Z,3324.26,3324.59,3322.22,3323.02,2284
2025-08-20T07:00:00.000Z,3322.95,3326,3321.53,3325.98,2163
2025-08-20T07:15:00.000Z,3326.02,3327.47,3324.29,3324.5,2629
2025-08-20T07:30:00.000Z,3324.5,3326.21,3323.56,3325.51,2020
2025-08-20T07:45:00.000Z,3325.52,3326.57,3323.94,3324.83,2018
2025-08-20T08:00:00.000Z,3324.8,3324.91,3322.92,3322.92,2023
2025-08-20T08:15:00.000Z,3322.94,3323.72,3321.51,3321.55,2253
2025-08-20T08:30:00.000Z,3321.6,3323.89,3320.85,3323.73,2162
2025-08-20T08:45:00.000Z,3323.54,3325.68,3323.07,3324.98,1804
2025-08-20T09:00:00.000Z,3324.86,3327.02,3323.54,3326.89,2207
2025-08-20T09:15:00.000Z,3326.97,3327.34,3325.33,3325.53,2068
2025-08-20T09:30:00.000Z,3325.55,3327.35,3325.37,3325.79,1760
2025-08-20T09:45:00.000Z,3325.75,3327.26,3325.51,3326.11,1989
2025-08-20T10:00:00.000Z,3326.1,3327.11,3325.18,3325.77,1470
2025-08-20T10:15:00.000Z,3325.78,3326.9,3323.86,3326.83,2554
2025-08-20T10:30:00.000Z,3326.92,3327.87,3326.15,3327.11,2045
2025-08-20T10:45:00.000Z,3327.04,3327.53,3325.49,3326.37,1848
2025-08-20T11:00:00.000Z,3326.39,3329.03,3325.72,3328.89,2978
2025-08-20T11:15:00.000Z,3328.93,3331.18,3328.54,3330.84,2891
2025-08-20T11:30:00.000Z,3330.55,3331.61,3328.91,3328.91,3610
2025-08-20T11:45:00.000Z,3328.92,3332.84,3328.92,3332.29,3545
2025-08-20T12:00:00.000Z,3332.45,3335.43,3332.1,3334.92,4391
2025-08-20T12:15:00.000Z,3334.9,3338.3,3334.66,3337.91,4843
2025-08-20T12:30:00.000Z,3338,3341.75,3337.57,3339.75,5647
2025-08-20T12:45:00.000Z,3339.69,3344.75,3339.15,3342.83,3755
2025-08-20T13:00:00.000Z,3342.82,3343.44,3340.22,3343.08,4987
2025-08-20T13:15:00.000Z,3343.14,3343.57,3338.88,3340.78,3663
2025-08-20T13:30:00.000Z,3340.79,3348.31,3340.49,3346.67,5863
2025-08-20T13:45:00.000Z,3346.76,3346.92,3340.38,3344.8,6753
2025-08-20T14:00:00.000Z,3344.86,3345.89,3340.59,3342.06,5267
2025-08-20T14:15:00.000Z,3342.08,3344.71,3340.02,3344.4,4056
2025-08-20T14:30:00.000Z,3344.58,3346.8,3344.18,3346.22,3812
2025-08-20T14:45:00.000Z,3346.23,3350.16,3345.59,3346.87,5330
2025-08-20T15:00:00.000Z,3346.89,3346.96,3342.06,3342.76,3678
2025-08-20T15:15:00.000Z,3342.83,3343.01,3339.43,3341.18,3568
2025-08-20T15:30:00.000Z,3341.21,3342.99,3339.87,3340.48,3123
2025-08-20T15:45:00.000Z,3340.53,3341.52,3338.85,3340.68,2461
2025-08-20T16:00:00.000Z,3340.64,3343.86,3340.62,3343.27,2585
2025-08-20T16:15:00.000Z,3343.24,3345.76,3342.8,3343.71,2862
2025-08-20T16:30:00.000Z,3343.72,3345.6,3343.62,3345.55,1783
2025-08-20T16:45:00.000Z,3345.5,3345.98,3344.05,3345.16,2270
2025-08-20T17:00:00.000Z,3345.07,3346.3,3344.03,3346.06,2369
2025-08-20T17:15:00.000Z,3346.08,3346.3,3345.26,3345.55,2855
2025-08-20T17:30:00.000Z,3345.59,3346.26,3345.2,3346.04,2619
2025-08-20T17:45:00.000Z,3346.01,3348.03,3345.4,3346.92,2321
2025-08-20T18:00:00.000Z,3346.7,3347.09,3344.1,3344.76,2900
2025-08-20T18:15:00.000Z,3344.73,3345.35,3343.96,3344.21,2792
2025-08-20T18:30:00.000Z,3344.22,3346.29,3344.16,3345.34,2501
2025-08-20T18:45:00.000Z,3345.31,3346.18,3345.12,3345.66,2231
2025-08-20T19:00:00.000Z,3345.65,3348.03,3345.01,3347.83,2126
2025-08-20T19:15:00.000Z,3347.79,3349.26,3347.68,3348.59,2464
2025-08-20T19:30:00.000Z,3348.58,3349.09,3347.42,3348.04,2036
2025-08-20T19:45:00.000Z,3348.06,3349.17,3347.96,3348.75,3655
2025-08-20T20:00:00.000Z,3348.64,3348.95,3347.5,3347.64,1160
2025-08-20T20:15:00.000Z,3347.68,3349.12,3347.44,3349.09,1119
2025-08-20T20:30:00.000Z,3349.11,3349.23,3348.06,3348.47,991
2025-08-20T20:45:00.000Z,3348.47,3348.47,3347.22,3347.63,1007
2025-08-20T22:00:00.000Z,3349.35,3352.17,3349.26,3350.82,1288
2025-08-20T22:15:00.000Z,3350.83,3351.27,3348.67,3350.14,1641
2025-08-20T22:30:00.000Z,3350.09,3351.11,3349.18,3350,1173
2025-08-20T22:45:00.000Z,3349.94,3350.54,3349.43,3349.6,900
2025-08-20T23:00:00.000Z,3349.5,3349.52,3347.21,3347.82,1195
2025-08-20T23:15:00.000Z,3347.81,3348.4,3347.09,3347.93,1266
2025-08-20T23:30:00.000Z,3347.8,3348.25,3346.62,3346.67,961
2025-08-20T23:45:00.000Z,3346.6,3347.85,3346.26,3346.89,1406
2025-08-21T00:00:00.000Z,3346.73,3346.73,3344.09,3344.57,2050
2025-08-21T00:15:00.000Z,3344.56,3345.48,3342.39,3343.78,1813
2025-08-21T00:30:00.000Z,3343.7,3343.84,3342.48,3343.84,1442
2025-08-21T00:45:00.000Z,3343.75,3343.86,3341.45,3342.22,2194
2025-08-21T01:00:00.000Z,3342.31,3343.86,3340.67,3343.86,2493
2025-08-21T01:15:00.000Z,3343.87,3344.64,3341.68,3342.73,2365
2025-08-21T01:30:00.000Z,3342.72,3346.23,3341.46,3344.63,2684
2025-08-21T01:45:00.000Z,3344.58,3345,3342.52,3342.76,1860
2025-08-21T02:00:00.000Z,3342.66,3343.91,3341.48,3342.94,1849
2025-08-21T02:15:00.000Z,3342.96,3343.18,3340.39,3341.11,1737
2025-08-21T02:30:00.000Z,3341.19,3342.36,3341.02,3341.8,2051
2025-08-21T02:45:00.000Z,3341.8,3344.93,3341.7,3344.51,2243
2025-08-21T03:00:00.000Z,3344.47,3344.69,3342.88,3343.86,1540
2025-08-21T03:15:00.000Z,3343.85,3344.72,3342.75,3342.84,1761
2025-08-21T03:30:00.000Z,3342.73,3343.14,3341.87,3342.26,1252
2025-08-21T03:45:00.000Z,3342.25,3342.65,3339.6,3339.87,1808
2025-08-21T04:00:00.000Z,3339.87,3340.52,3339.23,3339.66,1102
2025-08-21T04:15:00.000Z,3339.77,3339.96,3338.61,3339.84,1267
2025-08-21T04:30:00.000Z,3339.87,3340.91,3338.52,3338.7,1271
2025-08-21T04:45:00.000Z,3338.71,3339.05,3337.9,3338.2,984
2025-08-21T05:00:00.000Z,3338.23,3338.42,3336.96,3337.27,1357
2025-08-21T05:15:00.000Z,3337.28,3339.79,3337.03,3338.81,1946
2025-08-21T05:30:00.000Z,3338.84,3340.6,3338.58,3339.03,2463
2025-08-21T05:45:00.000Z,3339.11,3340.15,3338.59,3338.72,1483
2025-08-21T06:00:00.000Z,3338.74,3339.86,3337.85,3338.36,2475
2025-08-21T06:15:00.000Z,3338.35,3338.49,3334.27,3334.53,3307
2025-08-21T06:30:00.000Z,3334.52,3337.93,3334.5,3337.42,2626
2025-08-21T06:45:00.000Z,3337.14,3337.14,3335.31,3336.59,2300
2025-08-21T07:00:00.000Z,3336.57,3338.69,3335.38,3338.62,2323
2025-08-21T07:15:00.000Z,3338.74,3339.2,3336.91,3337.94,2167
2025-08-21T07:30:00.000Z,3338.04,3340.57,3337.17,3340.01,2229
2025-08-21T07:45:00.000Z,3340.02,3341.55,3338.63,3339.67,1804
2025-08-21T08:00:00.000Z,3339.65,3340.52,3338.94,3340.27,1827
2025-08-21T08:15:00.000Z,3340.28,3340.68,3339.22,3339.89,1425
2025-08-21T08:30:00.000Z,3340.12,3340.87,3338.57,3338.74,1731
2025-08-21T08:45:00.000Z,3338.74,3341.3,3337.69,3339.55,2820
2025-08-21T09:00:00.000Z,3339.56,3340.63,3337.98,3340.38,2192
2025-08-21T09:15:00.000Z,3340.39,3340.58,3338.42,3339.38,1810
2025-08-21T09:30:00.000Z,3339.3,3340.28,3338.56,3339.4,1633
2025-08-21T09:45:00.000Z,3339.39,3342.17,3339.39,3340.66,2026
2025-08-21T10:00:00.000Z,3340.78,3341.6,3339.1,3340.33,1664
2025-08-21T10:15:00.000Z,3340.31,3340.51,3338.54,3339.44,1277
2025-08-21T10:30:00.000Z,3339.32,3339.32,3328.83,3330.3,3750
2025-08-21T10:45:00.000Z,3330.29,3331.66,3327.47,3328.42,4100
2025-08-21T11:00:00.000Z,3328.61,3329.63,3325.15,3329.45,4321
2025-08-21T11:15:00.000Z,3329.43,3332.8,3328.89,3331.02,3063
2025-08-21T11:30:00.000Z,3331,3334.23,3330.16,3333.72,3037
2025-08-21T11:45:00.000Z,3333.71,3334.37,3332.23,3333.58,3009
2025-08-21T12:00:00.000Z,3333.59,3342.68,3333.59,3341.4,4005
2025-08-21T12:15:00.000Z,3341.51,3342.1,3336.33,3337.73,4547
2025-08-21T12:30:00.000Z,3337.16,3345.07,3336.53,3339.16,6582
2025-08-21T12:45:00.000Z,3339.22,3343.16,3337.83,3341.85,4241
2025-08-21T13:00:00.000Z,3341.83,3343.49,3339.13,3342.24,4973
2025-08-21T13:15:00.000Z,3342.19,3345.53,3341.37,3345.28,3954
2025-08-21T13:30:00.000Z,3345.45,3347.55,3344.84,3345.2,5447
2025-08-21T13:45:00.000Z,3341.02,3341.31,3336.07,3339.36,7527
2025-08-21T14:00:00.000Z,3339.34,3345.47,3337.93,3344.88,7327
2025-08-21T14:15:00.000Z,3344.78,3345.51,3342.38,3344.78,5078
2025-08-21T14:30:00.000Z,3344.8,3348.04,3342.6,3342.83,5724
2025-08-21T14:45:00.000Z,3342.86,3344.71,3341.47,3344.17,4332
2025-08-21T15:00:00.000Z,3344.19,3345.17,3338.55,3338.78,4456
2025-08-21T15:15:00.000Z,3338.76,3344.66,3337.51,3342.93,4202
2025-08-21T15:30:00.000Z,3342.94,3345.94,3341.16,3345.61,4787
2025-08-21T15:45:00.000Z,3345.64,3346.15,3342.97,3343.6,3143
2025-08-21T16:00:00.000Z,3343.56,3343.85,3341.53,3341.86,2526
2025-08-21T16:15:00.000Z,3341.78,3342.13,3339.95,3340.96,2724
2025-08-21T16:30:00.000Z,3340.89,3341.36,3338.97,3340.91,2765
2025-08-21T16:45:00.000Z,3340.82,3341.23,3338.28,3339.69,2605
2025-08-21T17:00:00.000Z,3339.65,3342.02,3339.41,3341.2,2376
2025-08-21T17:15:00.000Z,3341.16,3341.37,3337.77,3338.42,2246
2025-08-21T17:30:00.000Z,3338.43,3340.18,3337.97,3338.05,2033
2025-08-21T17:45:00.000Z,3338.04,3338.77,3336.87,3337.01,1868
2025-08-21T18:00:00.000Z,3337.04,3338.38,3336.53,3337.38,2121
2025-08-21T18:15:00.000Z,3337.37,3339.37,3337.3,3338.58,2036
2025-08-21T18:30:00.000Z,3338.51,3339.11,3338.1,3338.7,1561
2025-08-21T18:45:00.000Z,3338.57,3339.53,3338.44,3339.32,1378
2025-08-21T19:00:00.000Z,3339.47,3340.36,3338.93,3340.17,1604
2025-08-21T19:15:00.000Z,3340.16,3341.67,3340.07,3341.53,1765
2025-08-21T19:30:00.000Z,3341.53,3341.98,3340.69,3340.71,1431
2025-08-21T19:45:00.000Z,3340.74,3341.21,3337.93,3338.71,2122
2025-08-21T20:00:00.000Z,3338.75,3339.14,3338.04,3338.39,813
2025-08-21T20:15:00.000Z,3338.4,3338.7,3337.92,3338.56,834
2025-08-21T20:30:00.000Z,3338.6,3338.95,3337.85,3338.11,807
2025-08-21T20:45:00.000Z,3338.12,3338.6,3337.59,3338.58,584
2025-08-21T22:00:00.000Z,3338.68,3340.01,3338.22,3339.07,754
2025-08-21T22:15:00.000Z,3339.01,3340.51,3338.79,3340.27,820
2025-08-21T22:30:00.000Z,3340.21,3340.57,3339.72,3340.14,1157
2025-08-21T22:45:00.000Z,3340.21,3340.32,3338.8,3338.9,1086
2025-08-21T23:00:00.000Z,3338.97,3339.49,3337.98,3338.09,743
2025-08-21T23:15:00.000Z,3337.97,3338.23,3337.34,3337.95,637
2025-08-21T23:30:00.000Z,3337.85,3339.41,3337.48,3338.75,783
2025-08-21T23:45:00.000Z,3338.57,3339.47,3337.9,3338.37,771
2025-08-22T00:00:00.000Z,3338.32,3338.32,3336.33,3336.46,1460
2025-08-22T00:15:00.000Z,3336.43,3338.35,3335.01,3337.55,2343
2025-08-22T00:30:00.000Z,3337.55,3339.07,3337.07,3337.4,1477
2025-08-22T00:45:00.000Z,3337.32,3339.73,3336.85,3339.5,1426
2025-08-22T01:00:00.000Z,3339.6,3340.18,3338.48,3338.89,1913
2025-08-22T01:15:00.000Z,3338.88,3338.94,3336.66,3337.3,2252
2025-08-22T01:30:00.000Z,3337.35,3338.47,3336.16,3337.94,2191
2025-08-22T01:45:00.000Z,3337.99,3338.2,3333.57,3334.02,2639
2025-08-22T02:00:00.000Z,3334.13,3336.2,3333.28,3334.35,2737
2025-08-22T02:15:00.000Z,3334.33,3335.85,3334.16,3335.05,2011
2025-08-22T02:30:00.000Z,3335.03,3335.53,3333.4,3333.8,2210
2025-08-22T02:45:00.000Z,3333.81,3334.43,3332.77,3333.98,1673
2025-08-22T03:00:00.000Z,3333.92,3333.95,3331.63,3332.39,2011
2025-08-22T03:15:00.000Z,3332.33,3334.17,3332.33,3333.53,1859
2025-08-22T03:30:00.000Z,3333.52,3335.31,3333.29,3334,1959
2025-08-22T03:45:00.000Z,3334.03,3334.03,3331.67,3331.88,1497
2025-08-22T04:00:00.000Z,3331.96,3332.61,3331.45,3331.78,1587
2025-08-22T04:15:00.000Z,3331.8,3331.88,3329.1,3329.36,1429
2025-08-22T04:30:00.000Z,3329.35,3329.87,3328.51,3329.03,1498
2025-08-22T04:45:00.000Z,3329.04,3329.32,3327.95,3328.3,1295
2025-08-22T05:00:00.000Z,3328.24,3328.75,3327.72,3328.5,1439
2025-08-22T05:15:00.000Z,3328.51,3329.69,3327.1,3329.53,1717
2025-08-22T05:30:00.000Z,3329.5,3330.24,3327.99,3330.13,2545
2025-08-22T05:45:00.000Z,3330.07,3331.33,3329.18,3330.09,2212
2025-08-22T06:00:00.000Z,3329.89,3330.24,3327.59,3329.41,2468
2025-08-22T06:15:00.000Z,3329.61,3330.37,3326.96,3327.49,2423
2025-08-22T06:30:00.000Z,3327.48,3327.79,3326.13,3326.13,2486
2025-08-22T06:45:00.000Z,3326.25,3329.47,3325.67,3329.43,2447
2025-08-22T07:00:00.000Z,3329.38,3333.86,3328.87,3333.09,2761
2025-08-22T07:15:00.000Z,3333.1,3335.01,3332.23,3332.39,3188
2025-08-22T07:30:00.000Z,3332.37,3332.44,3328.02,3328.27,2564
2025-08-22T07:45:00.000Z,3328.28,3328.28,3325.76,3327.38,3072
2025-08-22T08:00:00.000Z,3327.4,3329.22,3325.92,3328.62,2701
2025-08-22T08:15:00.000Z,3328.59,3330.6,3325.34,3329.11,3299
2025-08-22T08:30:00.000Z,3329.21,3330.47,3327.88,3328.19,2149
2025-08-22T08:45:00.000Z,3328.21,3330.42,3327,3328.79,2160
2025-08-22T09:00:00.000Z,3328.78,3331.23,3328.72,3331.03,1766
2025-08-22T09:15:00.000Z,3331.04,3331.33,3328.17,3328.29,1523
2025-08-22T09:30:00.000Z,3328.16,3331.63,3328.16,3330.49,2043
2025-08-22T09:45:00.000Z,3330.49,3331.2,3329.35,3330.11,1446
2025-08-22T10:00:00.000Z,3330.11,3331.43,3330.06,3330.59,1574
2025-08-22T10:15:00.000Z,3330.6,3330.76,3328.89,3330.36,1419
2025-08-22T10:30:00.000Z,3330.35,3331.19,3329.08,3330.25,1489
2025-08-22T10:45:00.000Z,3330.22,3331.64,3329.8,3330.92,1392
2025-08-22T11:00:00.000Z,3330.92,3331.04,3329.1,3329.48,1681
2025-08-22T11:15:00.000Z,3329.49,3329.49,3327.8,3329.37,1829
2025-08-22T11:30:00.000Z,3329.34,3330.95,3328.47,3329.12,1979
2025-08-22T11:45:00.000Z,3329.16,3330.02,3327.61,3329.31,2096
2025-08-22T12:00:00.000Z,3329.3,3329.49,3325.07,3325.6,3629
2025-08-22T12:15:00.000Z,3325.52,3329.86,3325.42,3325.96,4740
2025-08-22T12:30:00.000Z,3325.97,3327.1,3321.4,3324.27,5307
2025-08-22T12:45:00.000Z,3324.47,3326.32,3323.3,3323.48,3908
2025-08-22T13:00:00.000Z,3323.44,3326.97,3323.28,3324.77,4638
2025-08-22T13:15:00.000Z,3324.77,3329.31,3324.64,3328.75,3996
2025-08-22T13:30:00.000Z,3328.98,3336.21,3328.72,3333.59,6374
2025-08-22T13:45:00.000Z,3333.6,3335.56,3331.9,3333.74,4745
2025-08-22T14:00:00.000Z,3334.38,3361.14,3334.38,3358.95,13272
2025-08-22T14:15:00.000Z,3358.91,3367.69,3357.17,3365.84,11643
2025-08-22T14:30:00.000Z,3365.89,3374.05,3365.89,3373.39,9665
2025-08-22T14:45:00.000Z,3373.4,3376.73,3372.45,3373.77,7181
2025-08-22T15:00:00.000Z,3373.91,3377.74,3373.02,3376.46,7171
2025-08-22T15:15:00.000Z,3376.47,3377.97,3374.18,3376.83,5669
2025-08-22T15:30:00.000Z,3376.79,3378.73,3371.78,3371.78,5447
2025-08-22T15:45:00.000Z,3371.92,3373.12,3367.36,3367.89,6256
2025-08-22T16:00:00.000Z,3368.03,3374.17,3367.82,3371.46,4639
2025-08-22T16:15:00.000Z,3371.44,3373.56,3368.55,3368.84,3829
2025-08-22T16:30:00.000Z,3368.77,3372.14,3368.77,3370.74,2934
2025-08-22T16:45:00.000Z,3370.64,3371.46,3369.01,3370.55,2535
2025-08-22T17:00:00.000Z,3370.59,3373.11,3370.44,3371.97,2103
2025-08-22T17:15:00.000Z,3371.98,3373.96,3371.64,3373.89,2914
2025-08-22T17:30:00.000Z,3373.84,3374.82,3373.27,3374.22,2327
2025-08-22T17:45:00.000Z,3374.34,3375.42,3374.04,3374.16,2083
2025-08-22T18:00:00.000Z,3374.13,3375.02,3373.08,3373.77,2164
2025-08-22T18:15:00.000Z,3373.75,3373.9,3370.96,3372.62,2341
2025-08-22T18:30:00.000Z,3372.65,3373.96,3371.98,3372.16,1925
2025-08-22T18:45:00.000Z,3372.14,3373.85,3371.72,3372.67,2146
2025-08-22T19:00:00.000Z,3372.72,3372.81,3370.74,3370.77,2012
2025-08-22T19:15:00.000Z,3370.76,3370.84,3368.78,3369.93,2286
2025-08-22T19:30:00.000Z,3369.94,3370.27,3368.86,3370.08,2213
2025-08-22T19:45:00.000Z,3370.07,3373.58,3370.03,3373.14,4030
2025-08-22T20:00:00.000Z,3373.16,3373.56,3371.1,3371.1,1670
2025-08-22T20:15:00.000Z,3371.11,3371.38,3370.03,3371.07,1587
2025-08-22T20:30:00.000Z,3371.06,3371.58,3370.59,3371.48,646
2025-08-22T20:45:00.000Z,3371.48,3371.77,3368.87,3371.13,465
2025-08-24T22:00:00.000Z,3371.12,3372.11,3366.95,3367.63,1971
2025-08-24T22:15:00.000Z,3367.72,3368.63,3367.45,3367.74,888
2025-08-24T22:30:00.000Z,3367.6,3367.65,3366.01,3366.23,1031
2025-08-24T22:45:00.000Z,3366.2,3367.67,3365.83,3367.19,894
2025-08-24T23:00:00.000Z,3367.2,3368.32,3366.33,3367.62,902
2025-08-24T23:15:00.000Z,3367.52,3368.04,3366.74,3367.31,665
2025-08-24T23:30:00.000Z,3367.33,3367.76,3366.74,3367.18,1090
2025-08-24T23:45:00.000Z,3367.23,3370.93,3366.96,3369.06,1668
2025-08-25T00:00:00.000Z,3369.01,3369.6,3364.31,3365.31,2430
2025-08-25T00:15:00.000Z,3365.32,3366.26,3364.48,3364.81,1302
2025-08-25T00:30:00.000Z,3364.77,3365.51,3364.33,3364.78,1179
2025-08-25T00:45:00.000Z,3364.74,3365.56,3363.29,3364.79,1909
2025-08-25T01:00:00.000Z,3364.85,3367.71,3363.96,3364.39,3465
2025-08-25T01:15:00.000Z,3364.48,3366.08,3364.15,3364.71,2723
2025-08-25T01:30:00.000Z,3364.71,3364.99,3361.85,3362.17,2683
2025-08-25T01:45:00.000Z,3362.13,3363.12,3360.63,3362.8,2130
2025-08-25T02:00:00.000Z,3362.84,3362.84,3359.69,3360.54,2145
2025-08-25T02:15:00.000Z,3360.55,3362.62,3360.03,3362.35,1821
2025-08-25T02:30:00.000Z,3362.27,3364.89,3362.27,3363.78,1731
2025-08-25T02:45:00.000Z,3363.74,3365.09,3363.14,3364.36,1671
2025-08-25T03:00:00.000Z,3364.35,3366.69,3364.07,3366.52,1793
2025-08-25T03:15:00.000Z,3366.51,3367.3,3365.29,3366.17,1893
2025-08-25T03:30:00.000Z,3366.26,3367.46,3365.92,3367.45,1413
2025-08-25T03:45:00.000Z,3367.46,3367.97,3367.04,3367.17,1075
2025-08-25T04:00:00.000Z,3367.17,3367.55,3363.74,3365.7,1580
2025-08-25T04:15:00.000Z,3365.69,3366.16,3364.88,3365.53,1018
2025-08-25T04:30:00.000Z,3365.49,3366.89,3365.44,3365.69,822
2025-08-25T04:45:00.000Z,3365.77,3366.77,3365.1,3365.96,812
2025-08-25T05:00:00.000Z,3365.97,3365.99,3364.2,3365.34,1222
2025-08-25T05:15:00.000Z,3365.24,3365.36,3363.62,3363.71,866
2025-08-25T05:30:00.000Z,3364.01,3365.05,3363.69,3364.75,1314
2025-08-25T05:45:00.000Z,3364.81,3365.03,3362.97,3364.55,1116
2025-08-25T06:00:00.000Z,3364.53,3367.75,3364.46,3367.67,1908
2025-08-25T06:15:00.000Z,3367.65,3369.3,3367.4,3368.59,1737
2025-08-25T06:30:00.000Z,3368.63,3368.86,3365.9,3368.08,1921
2025-08-25T06:45:00.000Z,3368.11,3369.51,3367.85,3368.86,1845
2025-08-25T07:00:00.000Z,3368.89,3369.83,3367.35,3367.79,1647
2025-08-25T07:15:00.000Z,3367.8,3368.9,3366.34,3368.88,1452
2025-08-25T07:30:00.000Z,3368.94,3369.45,3366.52,3368.24,1711
2025-08-25T07:45:00.000Z,3368.28,3368.75,3366.01,3366.16,1257
2025-08-25T08:00:00.000Z,3366.27,3366.75,3364.63,3365.58,1971
2025-08-25T08:15:00.000Z,3365.59,3365.67,3363.67,3363.83,1594
2025-08-25T08:30:00.000Z,3363.82,3364.79,3363.43,3363.94,1306
2025-08-25T08:45:00.000Z,3364.03,3365.3,3363.49,3363.87,1342
2025-08-25T09:00:00.000Z,3363.8,3364.27,3362.39,3362.64,1066
2025-08-25T09:15:00.000Z,3362.56,3362.96,3361.92,3362.62,1399
2025-08-25T09:30:00.000Z,3362.57,3366.2,3362.08,3366.15,1890
2025-08-25T09:45:00.000Z,3366.12,3367.99,3365.89,3367.32,1830
2025-08-25T10:00:00.000Z,3367.46,3368.42,3367,3367.76,1714
2025-08-25T10:15:00.000Z,3367.67,3368.12,3365.09,3365.25,1794
2025-08-25T10:30:00.000Z,3365.19,3367.89,3365.1,3367,1329
2025-08-25T10:45:00.000Z,3366.97,3367.22,3365.08,3365.97,1331
2025-08-25T11:00:00.000Z,3365.92,3368.3,3365.62,3366.79,1584
2025-08-25T11:15:00.000Z,3366.8,3368.4,3366.25,3367.78,1545
2025-08-25T11:30:00.000Z,3367.83,3370,3367.83,3369.76,1951
2025-08-25T11:45:00.000Z,3369.79,3371.45,3369.64,3370.54,1937
2025-08-25T12:00:00.000Z,3370.55,3371.16,3368.45,3368.62,2094
2025-08-25T12:15:00.000Z,3368.63,3370.33,3368.2,3368.82,1927
2025-08-25T12:30:00.000Z,3369.11,3369.11,3365.44,3365.69,2779
2025-08-25T12:45:00.000Z,3365.7,3366.47,3364.2,3364.47,2480
2025-08-25T13:00:00.000Z,3364.46,3364.85,3362.12,3363.7,2896
2025-08-25T13:15:00.000Z,3363.71,3365.15,3362.36,3363.93,3102
2025-08-25T13:30:00.000Z,3364.02,3368.29,3363.71,3368.06,5093
2025-08-25T13:45:00.000Z,3368.22,3371.3,3366.47,3370.75,4589
2025-08-25T14:00:00.000Z,3370.84,3374.16,3369.99,3373.74,5296
2025-08-25T14:15:00.000Z,3373.75,3374.11,3369.17,3371,4264
2025-08-25T14:30:00.000Z,3370.99,3374.35,3370.99,3374.19,3714
2025-08-25T14:45:00.000Z,3374.24,3375.42,3373.62,3374.33,3618
2025-08-25T15:00:00.000Z,3374.32,3376.03,3373.88,3375.39,3082
2025-08-25T15:15:00.000Z,3375.38,3376.2,3373.73,3374.07,3346
2025-08-25T15:30:00.000Z,3374.01,3374.21,3371.86,3372.99,2788
2025-08-25T15:45:00.000Z,3373.03,3374.72,3372.64,3374.05,2579
2025-08-25T16:00:00.000Z,3374.04,3374.04,3372.48,3373.17,2113
2025-08-25T16:15:00.000Z,3373.14,3373.51,3372.35,3372.84,2421
2025-08-25T16:30:00.000Z,3372.85,3373.93,3371.67,3373.23,2143
2025-08-25T16:45:00.000Z,3373.34,3374.27,3372.55,3373.81,2238
2025-08-25T17:00:00.000Z,3373.81,3374.71,3373.11,3374.18,1941
2025-08-25T17:15:00.000Z,3374.19,3374.79,3372.75,3372.95,2391
2025-08-25T17:30:00.000Z,3372.94,3372.94,3371.26,3372.55,2664
2025-08-25T17:45:00.000Z,3372.52,3372.88,3370.84,3371.04,1951
2025-08-25T18:00:00.000Z,3371.05,3372.31,3370.51,3372.17,1844
2025-08-25T18:15:00.000Z,3372.25,3373.25,3371.59,3372.44,2100
2025-08-25T18:30:00.000Z,3372.45,3372.67,3371.64,3372.04,1948
2025-08-25T18:45:00.000Z,3372.01,3372.01,3369.79,3370.5,1968
2025-08-25T19:00:00.000Z,3370.59,3370.81,3368.04,3368.74,2442
2025-08-25T19:15:00.000Z,3368.75,3369.27,3367.84,3368.34,1705
2025-08-25T19:30:00.000Z,3368.32,3369.15,3367.22,3367.31,1805
2025-08-25T19:45:00.000Z,3367.33,3367.63,3365.18,3365.37,2688
2025-08-25T20:00:00.000Z,3365.41,3366.01,3364.89,3365.14,1420
2025-08-25T20:15:00.000Z,3365.18,3365.71,3364.47,3364.95,1388
2025-08-25T20:30:00.000Z,3364.94,3365.42,3364.23,3364.54,974
2025-08-25T20:45:00.000Z,3364.55,3365.69,3364.06,3365.09,934
2025-08-25T22:00:00.000Z,3365.48,3367.06,3364.42,3365.09,1476
2025-08-25T22:15:00.000Z,3365.08,3365.41,3364.1,3364.52,1466
2025-08-25T22:30:00.000Z,3364.57,3364.63,3363.62,3364.34,822
2025-08-25T22:45:00.000Z,3364.38,3365.15,3364.15,3364.23,791
2025-08-25T23:00:00.000Z,3364.21,3364.21,3358.17,3358.42,1875
2025-08-25T23:15:00.000Z,3358.4,3358.4,3353.69,3355.69,3421
2025-08-25T23:30:00.000Z,3355.68,3355.68,3351.91,3353.87,2900
2025-08-25T23:45:00.000Z,3353.79,3355.11,3351.59,3354.88,2146
2025-08-26T00:00:00.000Z,3354.99,3370.79,3351.19,3368.95,7090
2025-08-26T00:15:00.000Z,3368.97,3380.15,3368.6,3377.6,7244
2025-08-26T00:30:00.000Z,3377.27,3382.84,3377.14,3381.98,5956
2025-08-26T00:45:00.000Z,3381.86,3386.38,3381.76,3383.05,6960
2025-08-26T01:00:00.000Z,3383.04,3384.97,3375.04,3375.78,6261
2025-08-26T01:15:00.000Z,3375.77,3376.22,3372.44,3373.92,4970
2025-08-26T01:30:00.000Z,3373.9,3376.34,3371.69,3376.12,4649
2025-08-26T01:45:00.000Z,3376.18,3377.88,3373,3376.77,3552
2025-08-26T02:00:00.000Z,3376.7,3378.94,3376.36,3376.87,3487
2025-08-26T02:15:00.000Z,3376.93,3378.58,3376.01,3377.59,2457
2025-08-26T02:30:00.000Z,3377.55,3378.01,3374.53,3375.57,3269
2025-08-26T02:45:00.000Z,3375.57,3375.57,3372.79,3375.34,2945
2025-08-26T03:00:00.000Z,3375.26,3375.42,3370,3370.8,3125
2025-08-26T03:15:00.000Z,3370.94,3372.81,3369.81,3372.2,2909
2025-08-26T03:30:00.000Z,3371.9,3373.9,3371.84,3372.63,1924
2025-08-26T03:45:00.000Z,3372.64,3373.49,3371.77,3372.13,1622
2025-08-26T04:00:00.000Z,3372.1,3373.69,3372.04,3373.29,1278
2025-08-26T04:15:00.000Z,3373.28,3376,3373.23,3375.47,1797
2025-08-26T04:30:00.000Z,3375.48,3377.99,3375.34,3377.64,2009
2025-08-26T04:45:00.000Z,3377.56,3378.85,3376.68,3377.25,2158
2025-08-26T05:00:00.000Z,3377.24,3378.97,3374.68,3375.1,1990
2025-08-26T05:15:00.000Z,3375.04,3375.09,3372.75,3373.3,1929
2025-08-26T05:30:00.000Z,3373.29,3377.52,3372.43,3377.32,3174
2025-08-26T05:45:00.000Z,3377.41,3378.13,3375.19,3376.56,2785
2025-08-26T06:00:00.000Z,3376.47,3376.72,3374.96,3376.31,2177
2025-08-26T06:15:00.000Z,3376.35,3376.51,3372.41,3373.45,3009
2025-08-26T06:30:00.000Z,3373.4,3376.86,3373.2,3374.97,2554
2025-08-26T06:45:00.000Z,3375.02,3377.68,3374.95,3376.18,2872
2025-08-26T07:00:00.000Z,3376.14,3376.93,3370.25,3372.03,3656
2025-08-26T07:15:00.000Z,3372.27,3372.92,3367.2,3370.8,4098
2025-08-26T07:30:00.000Z,3370.77,3377.9,3370.62,3377.6,3486
2025-08-26T07:45:00.000Z,3377.49,3379.12,3375.78,3376.69,3621
2025-08-26T08:00:00.000Z,3376.65,3379.51,3376.61,3376.78,3581
2025-08-26T08:15:00.000Z,3376.92,3378.91,3375.61,3378.89,2870
2025-08-26T08:30:00.000Z,3378.83,3379.83,3377.3,3377.68,2269
2025-08-26T08:45:00.000Z,3377.64,3378.92,3376.58,3376.72,2226
2025-08-26T09:00:00.000Z,3376.71,3377.52,3374.5,3376.98,2319
2025-08-26T09:15:00.000Z,3376.87,3378.58,3374.41,3375.27,2450
2025-08-26T09:30:00.000Z,3375.31,3375.31,3371.52,3372.44,3589
2025-08-26T09:45:00.000Z,3372.61,3373.6,3369.47,3372.02,3998
2025-08-26T10:00:00.000Z,3372,3375.1,3370.91,3371.63,2240
2025-08-26T10:15:00.000Z,3371.67,3372.92,3370.37,3370.62,1440
2025-08-26T10:30:00.000Z,3370.61,3370.7,3367.19,3369.31,3537
2025-08-26T10:45:00.000Z,3369.36,3372.56,3368.97,3371.96,2077
2025-08-26T11:00:00.000Z,3372.28,3377.16,3370.64,3376.37,3783
2025-08-26T11:15:00.000Z,3376.32,3378.41,3375.81,3378.35,3180
2025-08-26T11:30:00.000Z,3378.32,3379.66,3376.29,3378.95,3366
2025-08-26T11:45:00.000Z,3378.92,3380.35,3376.64,3377.48,3252
2025-08-26T12:00:00.000Z,3377.5,3379.25,3375.94,3377.91,3824
2025-08-26T12:15:00.000Z,3377.93,3379.76,3376.59,3376.86,3919
2025-08-26T12:30:00.000Z,3376.68,3378.9,3375.68,3378.14,3362
2025-08-26T12:45:00.000Z,3378.18,3378.41,3370.96,3371.92,3902
2025-08-26T13:00:00.000Z,3371.94,3374.53,3370.46,3372.6,6434
2025-08-26T13:15:00.000Z,3372.5,3373.72,3370.67,3373.68,3973
2025-08-26T13:30:00.000Z,3373.63,3378.16,3373.53,3377.44,6732
2025-08-26T13:45:00.000Z,3377.38,3377.57,3372.66,3375.73,5981
2025-08-26T14:00:00.000Z,3375.43,3375.88,3370.44,3371.48,6702
2025-08-26T14:15:00.000Z,3371.45,3376.3,3370.27,3374.21,4935
2025-08-26T14:30:00.000Z,3374.2,3377.03,3373.64,3376.44,4289
2025-08-26T14:45:00.000Z,3376.45,3379.55,3375.97,3379.29,4821
2025-08-26T15:00:00.000Z,3379.31,3382.06,3378.62,3381.4,4742
2025-08-26T15:15:00.000Z,3381.37,3383.56,3379.56,3381.95,4381
2025-08-26T15:30:00.000Z,3381.97,3384.9,3381.63,3384.8,4087
2025-08-26T15:45:00.000Z,3384.96,3389.29,3383.85,3386.63,4771
2025-08-26T16:00:00.000Z,3386.71,3387.66,3384.66,3385.21,4152
2025-08-26T16:15:00.000Z,3385.12,3385.88,3383.09,3384.57,3744
2025-08-26T16:30:00.000Z,3384.55,3385.92,3383.28,3383.35,2574
2025-08-26T16:45:00.000Z,3383.34,3383.52,3382.51,3382.97,2590
2025-08-26T17:00:00.000Z,3382.99,3384.08,3382.64,3383.36,2347
2025-08-26T17:15:00.000Z,3383.34,3385.87,3383.2,3383.86,3123
2025-08-26T17:30:00.000Z,3383.77,3384.18,3381.57,3381.89,2251
2025-08-26T17:45:00.000Z,3381.97,3382.98,3381.56,3381.65,2439
2025-08-26T18:00:00.000Z,3381.63,3382.43,3380.14,3382.35,2948
2025-08-26T18:15:00.000Z,3382.36,3383.21,3381.38,3382.85,2275
2025-08-26T18:30:00.000Z,3382.86,3384.54,3382.83,3384.46,2041
2025-08-26T18:45:00.000Z,3384.44,3385.66,3384.44,3385.56,2406
2025-08-26T19:00:00.000Z,3385.61,3388.81,3385.11,3388.23,2871
2025-08-26T19:15:00.000Z,3388.27,3389.26,3388.05,3388.38,2367
2025-08-26T19:30:00.000Z,3388.39,3389.39,3387.83,3388.93,2368
2025-08-26T19:45:00.000Z,3388.97,3390.83,3388.93,3389.67,4186
2025-08-26T20:00:00.000Z,3389.66,3390.98,3389.19,3390.01,1854
2025-08-26T20:15:00.000Z,3389.98,3390.95,3389.79,3390.31,1096
2025-08-26T20:30:00.000Z,3390.28,3391.14,3390.02,3390.95,974
2025-08-26T20:45:00.000Z,3390.93,3393.49,3390.62,3393.29,1018
2025-08-26T22:00:00.000Z,3393.46,3394.12,3389.39,3389.4,2172
2025-08-26T22:15:00.000Z,3389.42,3390.34,3388.75,3389.66,1115
2025-08-26T22:30:00.000Z,3389.69,3391.87,3389.69,3390.64,1310
2025-08-26T22:45:00.000Z,3390.61,3391.29,3390.19,3390.92,957
2025-08-26T23:00:00.000Z,3391,3391.99,3390.5,3391.57,1067
2025-08-26T23:15:00.000Z,3391.55,3392.9,3391.4,3391.52,1023
2025-08-26T23:30:00.000Z,3391.53,3392.13,3390.19,3390.41,950
2025-08-26T23:45:00.000Z,3390.4,3391.7,3389.89,3390.82,1261
2025-08-27T00:00:00.000Z,3390.78,3392.43,3389.59,3392.24,2209
2025-08-27T00:15:00.000Z,3392.29,3393.37,3390.68,3391.25,2001
2025-08-27T00:30:00.000Z,3391.24,3392.6,3388.91,3389.32,2365
2025-08-27T00:45:00.000Z,3389.33,3391.14,3389.02,3389.5,2360
2025-08-27T01:00:00.000Z,3389.52,3389.98,3386.2,3386.29,4101
2025-08-27T01:15:00.000Z,3386.31,3386.86,3384.3,3384.61,3002
2025-08-27T01:30:00.000Z,3384.65,3386.12,3383.27,3385.99,2932
2025-08-27T01:45:00.000Z,3385.92,3387.81,3385.01,3386.18,2525
2025-08-27T02:00:00.000Z,3386.13,3386.92,3384.85,3385.78,2099
2025-08-27T02:15:00.000Z,3385.81,3386.59,3384.39,3385.66,1963
2025-08-27T02:30:00.000Z,3385.5,3386.38,3382.11,3383.64,2764
2025-08-27T02:45:00.000Z,3383.64,3385.18,3383.15,3384.05,1409
2025-08-27T03:00:00.000Z,3384.1,3384.37,3383.51,3383.91,1558
2025-08-27T03:15:00.000Z,3383.79,3383.84,3381.8,3381.96,1567
2025-08-27T03:30:00.000Z,3381.97,3382.92,3381.2,3382.42,1944
2025-08-27T03:45:00.000Z,3382.45,3383.13,3380.5,3380.51,1816
2025-08-27T04:00:00.000Z,3380.51,3381.2,3378.93,3379.59,1976
2025-08-27T04:15:00.000Z,3379.61,3379.62,3377.13,3377.23,2290
2025-08-27T04:30:00.000Z,3377.24,3377.76,3374.67,3374.85,2335
2025-08-27T04:45:00.000Z,3374.83,3375.76,3373.82,3374.94,2424
2025-08-27T05:00:00.000Z,3374.95,3376.14,3374.03,3374.75,2750
2025-08-27T05:15:00.000Z,3374.69,3377.37,3374.17,3375.76,2330
2025-08-27T05:30:00.000Z,3375.7,3378.8,3375.67,3377.59,3151
2025-08-27T05:45:00.000Z,3377.65,3378.88,3375.76,3377.1,2591
2025-08-27T06:00:00.000Z,3377.05,3379.7,3377.05,3379.42,2785
2025-08-27T06:15:00.000Z,3379.38,3381.87,3379.35,3380.96,3152
2025-08-27T06:30:00.000Z,3380.95,3381.52,3378.25,3379.78,2717
2025-08-27T06:45:00.000Z,3379.77,3380.16,3376.23,3377.41,2586
2025-08-27T07:00:00.000Z,3377.33,3378.21,3374.12,3374.49,2962
2025-08-27T07:15:00.000Z,3374.52,3376.46,3373.74,3375,2457
2025-08-27T07:30:00.000Z,3375.06,3378.2,3374.38,3378.18,2708
2025-08-27T07:45:00.000Z,3378.17,3381.57,3377.69,3381.44,3163
2025-08-27T08:00:00.000Z,3381.38,3383.85,3380.93,3382.02,3922
2025-08-27T08:15:00.000Z,3382.03,3384.98,3381.98,3384.23,3534
2025-08-27T08:30:00.000Z,3384.25,3384.58,3381.74,3383.58,2642
2025-08-27T08:45:00.000Z,3383.67,3384.68,3382.93,3384.51,1724
2025-08-27T09:00:00.000Z,3384.5,3385.4,3383.7,3384.63,2332
2025-08-27T09:15:00.000Z,3384.62,3384.94,3382.42,3382.62,2101
2025-08-27T09:30:00.000Z,3382.47,3383.64,3381.57,3381.74,2599
2025-08-27T09:45:00.000Z,3381.73,3382.35,3377.53,3378.11,3758
2025-08-27T10:00:00.000Z,3378.14,3379.21,3376.7,3377.93,3549
2025-08-27T10:15:00.000Z,3377.61,3378.33,3376.36,3376.47,3406
2025-08-27T10:30:00.000Z,3376.39,3377.92,3374.77,3375.88,3588
2025-08-27T10:45:00.000Z,3375.85,3377.16,3374.91,3375.58,4380
2025-08-27T11:00:00.000Z,3375.6,3377.32,3374.59,3376.83,3344
2025-08-27T11:15:00.000Z,3376.79,3376.89,3374.06,3375.33,2680
2025-08-27T11:30:00.000Z,3375.31,3375.94,3373.75,3374.84,2876
2025-08-27T11:45:00.000Z,3374.86,3378.14,3374.85,3376.72,3038
2025-08-27T12:00:00.000Z,3376.68,3377.56,3374.22,3376.9,2998
2025-08-27T12:15:00.000Z,3376.94,3382.79,3376.54,3381.62,3805
2025-08-27T12:30:00.000Z,3381.65,3382.66,3379.61,3381.32,4789
2025-08-27T12:45:00.000Z,3381.4,3382.71,3380.02,3381.12,3993
2025-08-27T13:00:00.000Z,3381.14,3384.1,3380.51,3382.34,4398
2025-08-27T13:15:00.000Z,3382.38,3384.73,3381.75,3381.88,3365
2025-08-27T13:30:00.000Z,3381.93,3382.12,3377.53,3378.21,7284
2025-08-27T13:45:00.000Z,3378.22,3378.54,3375.5,3377.81,5935
2025-08-27T14:00:00.000Z,3377.71,3379.99,3376.03,3379.53,5239
2025-08-27T14:15:00.000Z,3379.68,3383.55,3379,3383.03,4151
2025-08-27T14:30:00.000Z,3383.01,3384.04,3380.91,3383.6,4875
2025-08-27T14:45:00.000Z,3383.62,3386.88,3383.09,3386.45,4396
2025-08-27T15:00:00.000Z,3386.44,3390.42,3385.16,3389.2,5181
2025-08-27T15:15:00.000Z,3389.19,3390.17,3386.04,3387.85,5197
2025-08-27T15:30:00.000Z,3387.96,3389.6,3386.92,3388.91,3575
2025-08-27T15:45:00.000Z,3388.85,3388.93,3386.45,3388.01,3155
2025-08-27T16:00:00.000Z,3388.2,3389.69,3387.5,3388.83,3026
2025-08-27T16:15:00.000Z,3388.82,3391.12,3388.05,3391.1,2934
2025-08-27T16:30:00.000Z,3391.07,3395.96,3390.18,3394.51,5435
2025-08-27T16:45:00.000Z,3394.67,3398.75,3394.02,3395.51,5515
2025-08-27T17:00:00.000Z,3395.52,3397.43,3394.85,3396.21,3540
2025-08-27T17:15:00.000Z,3396.2,3397.26,3395.79,3396.48,3285
2025-08-27T17:30:00.000Z,3396.44,3396.92,3394.92,3395.81,2749
2025-08-27T17:45:00.000Z,3395.72,3396.38,3394.95,3395.12,2855
2025-08-27T18:00:00.000Z,3395.13,3395.2,3392.3,3393.49,2897
2025-08-27T18:15:00.000Z,3393.49,3395.55,3393.49,3395.34,2279
2025-08-27T18:30:00.000Z,3395.35,3396.06,3394.21,3396.06,1859
2025-08-27T18:45:00.000Z,3396.03,3396.26,3394.42,3394.52,2472
2025-08-27T19:00:00.000Z,3394.49,3396.25,3393.7,3395.62,2879
2025-08-27T19:15:00.000Z,3395.59,3395.88,3394.72,3395.43,2238
2025-08-27T19:30:00.000Z,3395.45,3395.68,3394.02,3395.36,2137
2025-08-27T19:45:00.000Z,3395.37,3396.31,3394.54,3396.21,3337
2025-08-27T20:00:00.000Z,3396.19,3396.38,3394.6,3395.09,1390
2025-08-27T20:15:00.000Z,3395.11,3395.94,3394.09,3395.64,1729
2025-08-27T20:30:00.000Z,3395.64,3396.47,3395.57,3396.16,1310
2025-08-27T20:45:00.000Z,3396.12,3397.57,3395.31,3396.74,1661
2025-08-27T22:00:00.000Z,3396.86,3398.95,3396.17,3396.84,1699
2025-08-27T22:15:00.000Z,3396.82,3397.63,3394.8,3396.29,1004
2025-08-27T22:30:00.000Z,3396.23,3397.57,3395.75,3397.08,1219
2025-08-27T22:45:00.000Z,3397.11,3397.27,3395.61,3395.75,546
2025-08-27T23:00:00.000Z,3395.72,3398.98,3395.68,3397.74,1451
2025-08-27T23:15:00.000Z,3397.71,3398.49,3397.31,3398.27,797
2025-08-27T23:30:00.000Z,3398.22,3399.01,3397.92,3398.66,1048
2025-08-27T23:45:00.000Z,3398.76,3399.19,3395.06,3395.66,1843
2025-08-28T00:00:00.000Z,3395.65,3397.15,3394.53,3394.65,2271
2025-08-28T00:15:00.000Z,3394.67,3397.86,3394.65,3395.48,1568
2025-08-28T00:30:00.000Z,3395.46,3397.59,3394.97,3397.24,1936
2025-08-28T00:45:00.000Z,3397.37,3397.95,3391.11,3391.92,2751
2025-08-28T01:00:00.000Z,3391.97,3392.8,3389.3,3390.61,4465
2025-08-28T01:15:00.000Z,3390.58,3390.83,3387.5,3388.06,3721
2025-08-28T01:30:00.000Z,3388.05,3389.56,3385.69,3386.23,4008
2025-08-28T01:45:00.000Z,3386.28,3386.75,3385.44,3385.84,2871
2025-08-28T02:00:00.000Z,3385.61,3387.98,3384.6,3386.24,3478
2025-08-28T02:15:00.000Z,3386.37,3387.71,3385.63,3386.78,2155
2025-08-28T02:30:00.000Z,3386.81,3388.33,3384.48,3388.17,2907
2025-08-28T02:45:00.000Z,3387.97,3391.35,3387.92,3391.35,2502
2025-08-28T03:00:00.000Z,3391.37,3392.39,3390.4,3391.74,2478
2025-08-28T03:15:00.000Z,3391.84,3392.1,3390.29,3390.43,2098
2025-08-28T03:30:00.000Z,3390.47,3391.75,3389.96,3390.04,1719
2025-08-28T03:45:00.000Z,3389.95,3390.49,3388.8,3390.13,1962
2025-08-28T04:00:00.000Z,3390.09,3390.26,3388.61,3389.84,1373
2025-08-28T04:15:00.000Z,3389.89,3391.75,3389.8,3391.1,1367
2025-08-28T04:30:00.000Z,3391.13,3392.19,3390.22,3391.2,1612
2025-08-28T04:45:00.000Z,3391.25,3391.27,3389.68,3390.26,1544
2025-08-28T05:00:00.000Z,3390.19,3390.61,3389.59,3389.89,1631
2025-08-28T05:15:00.000Z,3389.88,3390.63,3389.19,3390.32,1675
2025-08-28T05:30:00.000Z,3390.36,3390.75,3387.64,3388.16,2898
2025-08-28T05:45:00.000Z,3388.18,3389.11,3387.7,3389.05,2470
2025-08-28T06:00:00.000Z,3389.1,3392.61,3388.99,3390.66,3719
2025-08-28T06:15:00.000Z,3390.65,3392.03,3388.73,3390.16,3049
2025-08-28T06:30:00.000Z,3390.12,3395.54,3389.81,3395.34,3084
2025-08-28T06:45:00.000Z,3395.32,3395.58,3393.87,3395.27,2924
2025-08-28T07:00:00.000Z,3395.23,3396.87,3393.8,3396.6,3180
2025-08-28T07:15:00.000Z,3396.7,3397.66,3394.13,3395.23,3101
2025-08-28T07:30:00.000Z,3395.14,3395.71,3393.66,3394.95,2391
2025-08-28T07:45:00.000Z,3394.97,3396.06,3394.21,3395.79,2067
2025-08-28T08:00:00.000Z,3395.75,3397.42,3393.89,3394.59,3214
2025-08-28T08:15:00.000Z,3394.63,3396.69,3393.98,3395.62,2301
2025-08-28T08:30:00.000Z,3395.6,3400.02,3395.31,3398.44,3644
2025-08-28T08:45:00.000Z,3398.39,3401.02,3398.35,3400.65,3029
2025-08-28T09:00:00.000Z,3400.67,3401.41,3400.13,3400.86,2298
2025-08-28T09:15:00.000Z,3400.98,3401.6,3399.32,3399.35,1842
2025-08-28T09:30:00.000Z,3399.41,3400.26,3398.39,3399.41,2233
2025-08-28T09:45:00.000Z,3399.39,3400.28,3398.67,3399.16,1812
2025-08-28T10:00:00.000Z,3399.21,3399.22,3393.78,3395.15,4007
2025-08-28T10:15:00.000Z,3395.14,3396.91,3394.35,3396.71,3513
2025-08-28T10:30:00.000Z,3396.76,3398.68,3395.12,3397.04,2672
2025-08-28T10:45:00.000Z,3397.14,3397.93,3396.11,3397,2182
2025-08-28T11:00:00.000Z,3396.98,3398.2,3396.23,3397.55,2148
2025-08-28T11:15:00.000Z,3397.63,3404.23,3397.26,3404.14,2941
2025-08-28T11:30:00.000Z,3404.15,3407.61,3403.91,3404.68,5579
2025-08-28T11:45:00.000Z,3404.67,3406.17,3403.86,3403.99,2966
2025-08-28T12:00:00.000Z,3403.94,3408.73,3403.6,3406.54,4296
2025-08-28T12:15:00.000Z,3406.59,3408.42,3406.23,3406.56,4161
2025-08-28T12:30:00.000Z,3406.54,3406.99,3401.26,3402.56,6686
2025-08-28T12:45:00.000Z,3402.54,3403.01,3396.81,3397.21,6174
2025-08-28T13:00:00.000Z,3397.19,3400.38,3394.17,3398.21,6672
2025-08-28T13:15:00.000Z,3398.23,3405.59,3398.08,3404.7,5907
2025-08-28T13:30:00.000Z,3404.74,3407.65,3401.75,3405.83,7246
2025-08-28T13:45:00.000Z,3405.81,3410.43,3404.44,3407.34,7613
2025-08-28T14:00:00.000Z,3407.35,3411.74,3406.48,3411.61,6519
2025-08-28T14:15:00.000Z,3411.58,3411.94,3407.42,3410.9,5696
2025-08-28T14:30:00.000Z,3410.77,3413.42,3409.85,3411.82,5797
2025-08-28T14:45:00.000Z,3411.73,3412.9,3410.58,3412.19,4402
2025-08-28T15:00:00.000Z,3412.22,3413.12,3410.89,3411.6,3892
2025-08-28T15:15:00.000Z,3411.62,3411.67,3405.37,3406.3,5152
2025-08-28T15:30:00.000Z,3406.31,3407.66,3404.48,3406.38,4333
2025-08-28T15:45:00.000Z,3406.4,3410.92,3406.16,3410.92,3570
2025-08-28T16:00:00.000Z,3410.92,3414.31,3409.88,3413.68,4674
2025-08-28T16:15:00.000Z,3413.72,3415.64,3413.61,3415.48,4578
2025-08-28T16:30:00.000Z,3415.47,3417.19,3414.32,3414.61,4406
2025-08-28T16:45:00.000Z,3414.62,3417.72,3414.31,3415.46,3362
2025-08-28T17:00:00.000Z,3415.39,3416.83,3414.93,3415.52,3919
2025-08-28T17:15:00.000Z,3415.53,3416.32,3414.5,3415.07,3601
2025-08-28T17:30:00.000Z,3415.19,3416.29,3415.09,3416.08,3417
2025-08-28T17:45:00.000Z,3416.07,3418.74,3415.73,3417.96,4358
2025-08-28T18:00:00.000Z,3417.93,3418.4,3417.49,3418.07,3282
2025-08-28T18:15:00.000Z,3418.1,3418.83,3417.29,3418.08,2897
2025-08-28T18:30:00.000Z,3418.13,3418.84,3417.86,3418.79,2343
2025-08-28T18:45:00.000Z,3418.72,3420.35,3417.72,3420.02,3885
2025-08-28T19:00:00.000Z,3420.02,3420.32,3418.18,3418.56,3081
2025-08-28T19:15:00.000Z,3418.52,3419.96,3418.49,3419.4,3346
2025-08-28T19:30:00.000Z,3419.48,3419.58,3417.91,3418.42,3114
2025-08-28T19:45:00.000Z,3418.43,3423.1,3418.39,3421.97,4764
2025-08-28T20:00:00.000Z,3422.13,3422.28,3419.24,3419.39,2491
2025-08-28T20:15:00.000Z,3419.39,3419.73,3416.86,3417.21,2044
2025-08-28T20:30:00.000Z,3417.07,3417.61,3416.34,3416.4,1061
2025-08-28T20:45:00.000Z,3416.45,3417.15,3416.05,3416.39,856
2025-08-28T22:00:00.000Z,3416.52,3418.03,3415.63,3417.23,1330
2025-08-28T22:15:00.000Z,3417.25,3417.87,3416.3,3416.76,751
2025-08-28T22:30:00.000Z,3416.77,3417.02,3415.63,3416.34,854
2025-08-28T22:45:00.000Z,3416.31,3416.96,3416.07,3416.75,649
2025-08-28T23:00:00.000Z,3416.65,3416.74,3415.98,3416.21,696
2025-08-28T23:15:00.000Z,3416.27,3416.61,3415.61,3415.82,506
2025-08-28T23:30:00.000Z,3415.89,3416.14,3415,3415.14,677
2025-08-28T23:45:00.000Z,3415.15,3415.68,3414.66,3414.71,1397
2025-08-29T00:00:00.000Z,3414.7,3417.37,3414.57,3417.15,2749
2025-08-29T00:15:00.000Z,3417.2,3417.81,3412.96,3414.65,2720
2025-08-29T00:30:00.000Z,3414.67,3415.17,3413.35,3413.47,2109
2025-08-29T00:45:00.000Z,3413.48,3415.17,3412.95,3413.46,2614
2025-08-29T01:00:00.000Z,3413.45,3413.48,3411.13,3411.64,3690
2025-08-29T01:15:00.000Z,3411.64,3412.52,3409.75,3410.2,3287
2025-08-29T01:30:00.000Z,3410.31,3410.6,3407.84,3410.47,4076
2025-08-29T01:45:00.000Z,3410.39,3410.78,3409.03,3409.91,3630
2025-08-29T02:00:00.000Z,3409.82,3412.79,3409.82,3412.79,3151
2025-08-29T02:15:00.000Z,3412.7,3413.38,3411.48,3412.05,2185
2025-08-29T02:30:00.000Z,3412.03,3413.94,3411.91,3413.55,2193
2025-08-29T02:45:00.000Z,3413.53,3413.87,3410.95,3411.2,2552
2025-08-29T03:00:00.000Z,3411.22,3412.17,3409.86,3410.02,2423
2025-08-29T03:15:00.000Z,3410.01,3412.11,3410.01,3411.88,2052
2025-08-29T03:30:00.000Z,3411.91,3413.5,3410.77,3412.55,1710
2025-08-29T03:45:00.000Z,3412.38,3412.92,3410.7,3410.7,1237
2025-08-29T04:00:00.000Z,3410.53,3411.26,3408.37,3409.28,2749
2025-08-29T04:15:00.000Z,3409.23,3409.6,3407.44,3408.42,2242
2025-08-29T04:30:00.000Z,3408.41,3409.12,3407.98,3408.58,1396
2025-08-29T04:45:00.000Z,3408.58,3409.36,3407.99,3408.85,1577
2025-08-29T05:00:00.000Z,3408.86,3409.49,3407.66,3407.66,1972
2025-08-29T05:15:00.000Z,3407.61,3408.44,3406.95,3408,1770
2025-08-29T05:30:00.000Z,3408.15,3410.26,3407.9,3409.49,2498
2025-08-29T05:45:00.000Z,3409.48,3410.72,3409.3,3410.37,2002
2025-08-29T06:00:00.000Z,3410.33,3412.66,3410.3,3411.42,2847
2025-08-29T06:15:00.000Z,3411.43,3412.3,3411.22,3411.56,1923
2025-08-29T06:30:00.000Z,3411.56,3411.67,3407.82,3409.31,2639
2025-08-29T06:45:00.000Z,3409.32,3410.74,3408.54,3410.19,2034
2025-08-29T07:00:00.000Z,3410.18,3412.67,3409.53,3409.75,2355
2025-08-29T07:15:00.000Z,3409.72,3410.12,3406.7,3407.16,3437
2025-08-29T07:30:00.000Z,3407.17,3410.26,3406.46,3409.83,3423
2025-08-29T07:45:00.000Z,3409.87,3412.59,3409.73,3412.06,3398
2025-08-29T08:00:00.000Z,3412.03,3414.01,3411.18,3413.89,3502
2025-08-29T08:15:00.000Z,3413.81,3414.75,3412.06,3412.53,2729
2025-08-29T08:30:00.000Z,3412.54,3414.12,3412.07,3412.77,2589
2025-08-29T08:45:00.000Z,3412.81,3412.95,3409.71,3410.27,3274
2025-08-29T09:00:00.000Z,3410.4,3410.6,3408.85,3409.49,3330
2025-08-29T09:15:00.000Z,3409.53,3411.01,3408.52,3408.75,3357
2025-08-29T09:30:00.000Z,3408.7,3408.93,3406.97,3408.06,3243
2025-08-29T09:45:00.000Z,3408.03,3408.73,3406.87,3407.42,3348
2025-08-29T10:00:00.000Z,3407.43,3408.79,3406.34,3406.6,3449
2025-08-29T10:15:00.000Z,3406.61,3407.46,3405.68,3406.45,2601
2025-08-29T10:30:00.000Z,3406.43,3407.67,3405.46,3407.07,2260
2025-08-29T10:45:00.000Z,3407.08,3407.38,3404.57,3405.43,2123
2025-08-29T11:00:00.000Z,3405.42,3405.93,3404.21,3404.92,1965
2025-08-29T11:15:00.000Z,3405.04,3407.41,3404.84,3407.27,2396
2025-08-29T11:30:00.000Z,3407.23,3408.56,3406.93,3408.14,3263
2025-08-29T11:45:00.000Z,3408.07,3411.21,3407.64,3410.65,3598
2025-08-29T12:00:00.000Z,3410.4,3410.97,3408.26,3408.62,3317
2025-08-29T12:15:00.000Z,3408.63,3410.87,3406.59,3408.18,4126
2025-08-29T12:30:00.000Z,3408.69,3414.26,3408.16,3412.65,7318
2025-08-29T12:45:00.000Z,3412.61,3416.78,3412.54,3416.42,5021
2025-08-29T13:00:00.000Z,3416.71,3419.17,3413.54,3418.7,6336
2025-08-29T13:15:00.000Z,3418.71,3420.35,3416.38,3417.47,5585
2025-08-29T13:30:00.000Z,3417.34,3426.28,3417.3,3424.58,7492
2025-08-29T13:45:00.000Z,3424.57,3429,3423.18,3428.23,6929
2025-08-29T14:00:00.000Z,3428.44,3437.27,3428.44,3435.13,8719
2025-08-29T14:15:00.000Z,3435.14,3436.71,3432.32,3435.86,8838
2025-08-29T14:30:00.000Z,3436.04,3440.12,3436.02,3436.13,8148
2025-08-29T14:45:00.000Z,3436.14,3441.08,3433.35,3441.01,8172
2025-08-29T15:00:00.000Z,3440.99,3442.56,3438.96,3442.24,7536
2025-08-29T15:15:00.000Z,3442.32,3446.21,3442.25,3444.8,7722
2025-08-29T15:30:00.000Z,3445.04,3447.62,3444.34,3447.18,5783
2025-08-29T15:45:00.000Z,3447.18,3447.62,3444.99,3445.61,7205
2025-08-29T16:00:00.000Z,3445.59,3448.4,3444.01,3444.23,6986
2025-08-29T16:15:00.000Z,3444.23,3446.34,3442.17,3445.64,5129
2025-08-29T16:30:00.000Z,3445.74,3447.63,3445.26,3447.07,4679
2025-08-29T16:45:00.000Z,3447.1,3449.35,3446,3449.16,5031
2025-08-29T17:00:00.000Z,3449.02,3450.07,3447.17,3447.28,4964
2025-08-29T17:15:00.000Z,3447.21,3450.04,3446.41,3447.95,4931
2025-08-29T17:30:00.000Z,3448.01,3448.2,3443.69,3444.51,3741
2025-08-29T17:45:00.000Z,3444.51,3445.22,3441.02,3443.67,4493
2025-08-29T18:00:00.000Z,3443.66,3444.33,3440.94,3442.83,4510
2025-08-29T18:15:00.000Z,3442.67,3445.59,3442.67,3444.75,3342
2025-08-29T18:30:00.000Z,3444.76,3445.68,3443.74,3444.06,2513
2025-08-29T18:45:00.000Z,3444.01,3445.34,3442.86,3442.86,3450
2025-08-29T19:00:00.000Z,3442.91,3444.45,3441.53,3444.07,3282
2025-08-29T19:15:00.000Z,3444.06,3445.72,3443.64,3444.1,3990
2025-08-29T19:30:00.000Z,3444.11,3447.99,3443.52,3447.95,4407
2025-08-29T19:45:00.000Z,3447.94,3453.91,3447.61,3452.5,6510
2025-08-29T20:00:00.000Z,3452.51,3452.61,3445.5,3446.78,5067
2025-08-29T20:15:00.000Z,3446.84,3450.22,3446.41,3450.05,2536
2025-08-29T20:30:00.000Z,3450.09,3450.09,3447.06,3448.43,1271
2025-08-29T20:45:00.000Z,3448.63,3448.63,3446.92,3447.67,682
2025-08-31T22:00:00.000Z,3446.18,3447.53,3442.33,3445.94,3136
2025-08-31T22:15:00.000Z,3445.61,3448.59,3445.31,3447.91,1924
2025-08-31T22:30:00.000Z,3447.8,3452.45,3447.69,3449.79,2126
2025-08-31T22:45:00.000Z,3449.82,3450.61,3449.11,3450.15,1122
2025-08-31T23:00:00.000Z,3450.21,3450.86,3448.61,3448.85,1145
2025-08-31T23:15:00.000Z,3448.86,3448.86,3446.62,3446.73,900
2025-08-31T23:30:00.000Z,3446.7,3447.07,3444.68,3445.15,1061
2025-08-31T23:45:00.000Z,3445.37,3449.45,3445,3447.98,1989
2025-09-01T00:00:00.000Z,3447.87,3447.87,3443.12,3443.57,2680
2025-09-01T00:15:00.000Z,3443.27,3445.68,3442.62,3445.27,2199
2025-09-01T00:30:00.000Z,3445.29,3445.99,3443.19,3443.42,2123
2025-09-01T00:45:00.000Z,3443.39,3444.15,3442.49,3444,1854
2025-09-01T01:00:00.000Z,3444.05,3445.46,3438.85,3439.34,4249
2025-09-01T01:15:00.000Z,3439.32,3440.35,3436.99,3438.98,4009
2025-09-01T01:30:00.000Z,3438.95,3447.09,3438.3,3447.02,4545
2025-09-01T01:45:00.000Z,3447,3459.24,3446.26,3457.16,6593
2025-09-01T02:00:00.000Z,3457.33,3471.27,3455.14,3458.51,9101
2025-09-01T02:15:00.000Z,3458.54,3469.11,3455.81,3466.28,7948
2025-09-01T02:30:00.000Z,3466.36,3476.32,3465.4,3475.33,9052
2025-09-01T02:45:00.000Z,3475.33,3484.73,3474.3,3483.67,8540
2025-09-01T03:00:00.000Z,3483.71,3486.03,3469.83,3473.38,8405
2025-09-01T03:15:00.000Z,3473.35,3476.15,3469.61,3471.57,5521
2025-09-01T03:30:00.000Z,3471.41,3476.39,3471.23,3473.97,5015
2025-09-01T03:45:00.000Z,3474.07,3475.63,3473.53,3474.53,3235
2025-09-01T04:00:00.000Z,3474.64,3475.5,3473.51,3474.93,2620
2025-09-01T04:15:00.000Z,3474.92,3479.39,3472.82,3473.97,4275
2025-09-01T04:30:00.000Z,3474.03,3475.46,3472.09,3474.8,3925
2025-09-01T04:45:00.000Z,3474.86,3476.04,3474.34,3474.97,2418
2025-09-01T05:00:00.000Z,3474.98,3478.08,3474.48,3474.54,3750
2025-09-01T05:15:00.000Z,3474.49,3478.41,3474.24,3478.04,4429
2025-09-01T05:30:00.000Z,3478.03,3482.8,3474.44,3476.27,6382
2025-09-01T05:45:00.000Z,3476.26,3481.61,3476.23,3477.2,5841
2025-09-01T06:00:00.000Z,3477.05,3483.46,3476.76,3482.38,5206
2025-09-01T06:15:00.000Z,3482.35,3486.16,3481.4,3485.39,5860
2025-09-01T06:30:00.000Z,3485.44,3489.8,3483.07,3487.92,5555
2025-09-01T06:45:00.000Z,3487.92,3488.18,3478.41,3479.17,5931
2025-09-01T07:00:00.000Z,3479.38,3480.77,3474.6,3475.71,5912
2025-09-01T07:15:00.000Z,3475.7,3476.55,3470.16,3472.01,5261
2025-09-01T07:30:00.000Z,3472.06,3472.37,3467.74,3471.3,5237
2025-09-01T07:45:00.000Z,3471.31,3478.08,3470.86,3477.8,4862
2025-09-01T08:00:00.000Z,3477.75,3479.37,3474.44,3477.15,4212
2025-09-01T08:15:00.000Z,3477.23,3479.82,3475.71,3479.03,4147
2025-09-01T08:30:00.000Z,3479.2,3479.48,3476.51,3477.93,3650
2025-09-01T08:45:00.000Z,3477.95,3479.16,3476.67,3476.87,3534
2025-09-01T09:00:00.000Z,3476.85,3477.02,3473.02,3474.21,3754
2025-09-01T09:15:00.000Z,3474.27,3474.54,3470.65,3471.36,3501
2025-09-01T09:30:00.000Z,3471.38,3472.65,3468.62,3469.44,3989
2025-09-01T09:45:00.000Z,3469.45,3470.59,3467.25,3469.41,3634
2025-09-01T10:00:00.000Z,3469.44,3474.01,3466.31,3469.73,4814
2025-09-01T10:15:00.000Z,3469.71,3472.55,3467.21,3470.9,4428
2025-09-01T10:30:00.000Z,3470.97,3472.89,3470.09,3470.6,2818
2025-09-01T10:45:00.000Z,3470.3,3471.78,3468.8,3470.48,2932
2025-09-01T11:00:00.000Z,3470.31,3471.14,3469.63,3470.47,3114
2025-09-01T11:15:00.000Z,3470.44,3472.05,3469.76,3471.28,3734
2025-09-01T11:30:00.000Z,3471.33,3473.4,3469.16,3470.88,3414
2025-09-01T11:45:00.000Z,3470.81,3472.93,3467.59,3470.09,3440
2025-09-01T12:00:00.000Z,3470.05,3471.53,3467.45,3469.97,3514
2025-09-01T12:15:00.000Z,3470.03,3470.3,3467.06,3469.86,3900
2025-09-01T12:30:00.000Z,3469.93,3470.45,3468.57,3469.32,3692
2025-09-01T12:45:00.000Z,3469.34,3470.78,3469.01,3469.27,3266
2025-09-01T13:00:00.000Z,3469.26,3477.92,3468.73,3477.35,5884
2025-09-01T13:15:00.000Z,3477.33,3478.42,3475.12,3477.88,3955
2025-09-01T13:30:00.000Z,3477.82,3478.77,3475.42,3477.08,4270
2025-09-01T13:45:00.000Z,3477.09,3478.97,3475.23,3475.25,3030
2025-09-01T14:00:00.000Z,3475.17,3478.77,3474.23,3477.98,3729
2025-09-01T14:15:00.000Z,3477.95,3481.36,3475.75,3477.71,3925
2025-09-01T14:30:00.000Z,3477.73,3479.51,3473.6,3474.53,3794
2025-09-01T14:45:00.000Z,3474.57,3477.32,3474.37,3475.65,3234
2025-09-01T15:00:00.000Z,3475.48,3478.62,3475.2,3478.36,2447
2025-09-01T15:15:00.000Z,3478.39,3479.01,3475.21,3475.39,2469
2025-09-01T15:30:00.000Z,3475.46,3477.39,3474.45,3475.4,2799
2025-09-01T15:45:00.000Z,3475.48,3475.71,3473.47,3474.14,1890
2025-09-01T16:00:00.000Z,3474.15,3474.19,3472.24,3473.69,2232
2025-09-01T16:15:00.000Z,3473.71,3474.46,3473.2,3474.1,1304
2025-09-01T16:30:00.000Z,3473.66,3476.46,3473.55,3476.18,1241
2025-09-01T16:45:00.000Z,3476.29,3477.59,3475.93,3477.22,1334
2025-09-01T17:00:00.000Z,3477.23,3477.42,3476.21,3476.97,1226
2025-09-01T17:15:00.000Z,3476.96,3477.83,3476.05,3477.5,1539
2025-09-01T17:30:00.000Z,3477.61,3478.89,3477.6,3478.08,1253
2025-09-01T17:45:00.000Z,3478.05,3478.09,3477.24,3477.89,1229
2025-09-01T18:00:00.000Z,3477.84,3477.94,3476.15,3476.57,1334
2025-09-01T18:15:00.000Z,3476.72,3477.67,3475.93,3475.97,1438
2025-09-01T18:30:00.000Z,3475.96,3476.14,3475.28,3475.72,254
2025-09-01T18:45:00.000Z,3475.42,3477.07,3475.14,3475.75,164
2025-09-01T22:00:00.000Z,3475.68,3479.64,3474.29,3477.6,2867
2025-09-01T22:15:00.000Z,3477.61,3478.73,3476.9,3478.3,1568
2025-09-01T22:30:00.000Z,3478.24,3479.31,3476.88,3477.56,1780
2025-09-01T22:45:00.000Z,3477.53,3478.32,3475.24,3475.24,1059
2025-09-01T23:00:00.000Z,3475.43,3478.68,3474.42,3476.61,1598
2025-09-01T23:15:00.000Z,3476.6,3481.32,3476.59,3477.88,1445
2025-09-01T23:30:00.000Z,3477.91,3480.12,3477.57,3478.86,1202
2025-09-01T23:45:00.000Z,3478.87,3480.85,3478.87,3479.25,2334
2025-09-02T00:00:00.000Z,3479.07,3482.9,3478.26,3480.91,5064
2025-09-02T00:15:00.000Z,3480.94,3483.71,3480.86,3483.12,3231
2025-09-02T00:30:00.000Z,3483.03,3485.01,3478.56,3480.32,4280
2025-09-02T00:45:00.000Z,3480.33,3480.79,3478.15,3479.12,4319
2025-09-02T01:00:00.000Z,3479.11,3489.28,3476.9,3488.72,7155
2025-09-02T01:15:00.000Z,3488.77,3497.63,3487.94,3497.32,7526
2025-09-02T01:30:00.000Z,3497.29,3502.35,3495.1,3502.35,6143
2025-09-02T01:45:00.000Z,3502.45,3508.66,3489.34,3497.71,10236
2025-09-02T02:00:00.000Z,3497.7,3500.55,3493.72,3494.15,8513
2025-09-02T02:15:00.000Z,3494.23,3494.87,3491.35,3492.89,4790
2025-09-02T02:30:00.000Z,3492.85,3498.22,3491.98,3497.82,5729
2025-09-02T02:45:00.000Z,3497.86,3497.93,3494.77,3496.15,4513
2025-09-02T03:00:00.000Z,3495.82,3495.96,3492.4,3494.44,4102
2025-09-02T03:15:00.000Z,3494.43,3494.45,3490.63,3493.29,4088
2025-09-02T03:30:00.000Z,3493.34,3494.27,3490.07,3492.8,3219
2025-09-02T03:45:00.000Z,3492.76,3495.93,3492.49,3495.05,2714
2025-09-02T04:00:00.000Z,3495.03,3496.14,3493.39,3495.16,3383
2025-09-02T04:15:00.000Z,3495.17,3496.22,3493.31,3494.15,2907
2025-09-02T04:30:00.000Z,3494.16,3498.03,3493.57,3497.92,3158
2025-09-02T04:45:00.000Z,3497.94,3498.21,3495.84,3496.7,1754
2025-09-02T05:00:00.000Z,3496.66,3497.67,3494.69,3495.5,2620
2025-09-02T05:15:00.000Z,3495.49,3496.86,3492.52,3493.3,2644
2025-09-02T05:30:00.000Z,3493.27,3497.28,3491.92,3495.99,5160
2025-09-02T05:45:00.000Z,3496,3496.7,3492.4,3492.93,4123
2025-09-02T06:00:00.000Z,3492.92,3495.62,3490.26,3490.32,5606
2025-09-02T06:15:00.000Z,3490.38,3491.53,3484.17,3485.47,6776
2025-09-02T06:30:00.000Z,3485.45,3490.33,3485.01,3485.62,5998
2025-09-02T06:45:00.000Z,3485.66,3486.35,3483.19,3485.53,4955
2025-09-02T07:00:00.000Z,3485.83,3488.12,3483.98,3483.99,5604
2025-09-02T07:15:00.000Z,3483.73,3485.74,3480.21,3483.87,6893
2025-09-02T07:30:00.000Z,3483.8,3485.88,3480.15,3484.18,5386
2025-09-02T07:45:00.000Z,3484.1,3484.42,3472.11,3476.84,8243
2025-09-02T08:00:00.000Z,3476.81,3477.79,3470.04,3476.89,8606
2025-09-02T08:15:00.000Z,3476.86,3478.44,3475.51,3476.95,5764
2025-09-02T08:30:00.000Z,3476.9,3480.32,3476.63,3479.73,4789
2025-09-02T08:45:00.000Z,3479.72,3481.34,3474.62,3477.54,5280
2025-09-02T09:00:00.000Z,3477.56,3479.74,3476.01,3477.16,4505
2025-09-02T09:15:00.000Z,3476.99,3480.33,3476.97,3479.89,4487
2025-09-02T09:30:00.000Z,3479.8,3479.81,3477.53,3477.77,4186
2025-09-02T09:45:00.000Z,3477.72,3479.48,3476.46,3476.73,4140
2025-09-02T10:00:00.000Z,3476.67,3483.41,3475.69,3481.12,5226
2025-09-02T10:15:00.000Z,3481.02,3482.5,3479.13,3480.09,4305
2025-09-02T10:30:00.000Z,3480.13,3484.98,3480.08,3483.36,4505
2025-09-02T10:45:00.000Z,3483.37,3485.62,3482.56,3485.49,4866
2025-09-02T11:00:00.000Z,3485.45,3486.59,3483.29,3483.55,5153
2025-09-02T11:15:00.000Z,3483.57,3483.93,3479.25,3479.44,4372
2025-09-02T11:30:00.000Z,3479.47,3485.55,3478.47,3483.99,5099
2025-09-02T11:45:00.000Z,3483.96,3490.01,3483.59,3489.8,5211
2025-09-02T12:00:00.000Z,3489.84,3494.13,3489.26,3490.51,6799
2025-09-02T12:15:00.000Z,3490.52,3490.52,3480.46,3482.58,9070
2025-09-02T12:30:00.000Z,3482.61,3488.36,3474.33,3476.49,8547
2025-09-02T12:45:00.000Z,3476.73,3487.17,3476.4,3481.98,7686
2025-09-02T13:00:00.000Z,3482.13,3485.57,3478.15,3483.16,7751
2025-09-02T13:15:00.000Z,3483.15,3485.17,3480.48,3485.16,6343
2025-09-02T13:30:00.000Z,3485.26,3490.22,3478.85,3489.19,10852
2025-09-02T13:45:00.000Z,3489.21,3493.57,3482.92,3489.66,9704
2025-09-02T14:00:00.000Z,3489.53,3499.26,3488.44,3498,11648
2025-09-02T14:15:00.000Z,3498.01,3504.96,3496.42,3502.31,10340
2025-09-02T14:30:00.000Z,3502.45,3510.42,3495.2,3510.26,9399
2025-09-02T14:45:00.000Z,3510.29,3514.05,3508.09,3511.17,9896
2025-09-02T15:00:00.000Z,3511.13,3516.67,3509.59,3511.64,8534
2025-09-02T15:15:00.000Z,3511.57,3514.41,3510.24,3512.85,6459
2025-09-02T15:30:00.000Z,3512.78,3515.15,3511.62,3514.49,6339
2025-09-02T15:45:00.000Z,3514.53,3520.42,3514.39,3520.4,7124
2025-09-02T16:00:00.000Z,3520.61,3526.19,3518.12,3526.19,7203
2025-09-02T16:15:00.000Z,3526.19,3526.37,3519.99,3524.85,6166
2025-09-02T16:30:00.000Z,3524.86,3528.76,3524.24,3526.17,5855
2025-09-02T16:45:00.000Z,3526.09,3528.76,3525.32,3527.78,6220
2025-09-02T17:00:00.000Z,3527.86,3528.08,3521.81,3527.28,5705
2025-09-02T17:15:00.000Z,3527.36,3528.74,3525.81,3528.07,5095
2025-09-02T17:30:00.000Z,3528.1,3530,3524.78,3526.4,5034
2025-09-02T17:45:00.000Z,3526.47,3529.82,3525.94,3529.31,4156
2025-09-02T18:00:00.000Z,3529.33,3530.08,3527.83,3529.16,4044
2025-09-02T18:15:00.000Z,3529.19,3530.55,3528.4,3529.89,3562
2025-09-02T18:30:00.000Z,3529.83,3532.11,3529.09,3529.1,4328
2025-09-02T18:45:00.000Z,3529.16,3529.87,3525.22,3528.41,4860
2025-09-02T19:00:00.000Z,3528.44,3536.08,3528.44,3535.8,5409
2025-09-02T19:15:00.000Z,3535.81,3538.13,3535.34,3536.49,4905
2025-09-02T19:30:00.000Z,3536.47,3539.95,3536.3,3538.93,4899
2025-09-02T19:45:00.000Z,3539,3540,3533.2,3537.05,6012
2025-09-02T20:00:00.000Z,3537.52,3537.7,3535.04,3535.63,2691
2025-09-02T20:15:00.000Z,3535.65,3536.49,3533.39,3536.48,1861
2025-09-02T20:30:00.000Z,3536.4,3536.7,3534.62,3534.73,1534
2025-09-02T20:45:00.000Z,3534.73,3535.98,3533.13,3533.22,1720
2025-09-02T22:00:00.000Z,3532.68,3534.69,3531.06,3533.19,1856
2025-09-02T22:15:00.000Z,3533.2,3534.89,3532.79,3532.84,1551
2025-09-02T22:30:00.000Z,3532.85,3533.54,3529.37,3529.38,1458
2025-09-02T22:45:00.000Z,3529.31,3530.37,3529.1,3529.31,1036
2025-09-02T23:00:00.000Z,3529.56,3530.24,3527.87,3528.6,1210
2025-09-02T23:15:00.000Z,3528.68,3529.8,3527.77,3527.78,1140
2025-09-02T23:30:00.000Z,3527.8,3528.11,3526.17,3526.47,1721
2025-09-02T23:45:00.000Z,3526.42,3532.98,3526.42,3530.04,3780
2025-09-03T00:00:00.000Z,3530.03,3531.01,3527.95,3530.59,2661
2025-09-03T00:15:00.000Z,3530.77,3546.66,3530.71,3537.19,7374
2025-09-03T00:30:00.000Z,3537.07,3542.99,3535.03,3540.27,5100
2025-09-03T00:45:00.000Z,3540.43,3543.35,3535.57,3536,5269
2025-09-03T01:00:00.000Z,3535.89,3541.6,3534.79,3537.88,7655
2025-09-03T01:15:00.000Z,3537.87,3538.78,3531.79,3537.34,5278
2025-09-03T01:30:00.000Z,3537.47,3541.06,3535.99,3537.62,5360
2025-09-03T01:45:00.000Z,3537.62,3539.63,3534.89,3538.7,3981
2025-09-03T02:00:00.000Z,3538.66,3545.8,3537.88,3540.03,5017
2025-09-03T02:15:00.000Z,3540.01,3544.02,3539.65,3540.69,3493
2025-09-03T02:30:00.000Z,3540.58,3541.46,3535.69,3538.23,5325
2025-09-03T02:45:00.000Z,3538.22,3540.18,3531.25,3531.75,4884
2025-09-03T03:00:00.000Z,3531.71,3533.21,3530.09,3530.74,5125
2025-09-03T03:15:00.000Z,3530.81,3533.4,3529.72,3531.06,4920
2025-09-03T03:30:00.000Z,3530.94,3532.6,3529.35,3530.16,2901
2025-09-03T03:45:00.000Z,3530.11,3533.07,3530.11,3530.7,2691
2025-09-03T04:00:00.000Z,3530.72,3532.73,3530.65,3532.02,3228
2025-09-03T04:15:00.000Z,3532.03,3534.86,3531.98,3534.11,3426
2025-09-03T04:30:00.000Z,3534.12,3538.05,3534.12,3537.35,4133
2025-09-03T04:45:00.000Z,3537.33,3538.24,3535.96,3536.81,3152
2025-09-03T05:00:00.000Z,3536.83,3537.82,3534.34,3535.72,3308
2025-09-03T05:15:00.000Z,3535.73,3536.13,3532.88,3534.7,3172
2025-09-03T05:30:00.000Z,3534.69,3534.81,3531.88,3532.41,4225
2025-09-03T05:45:00.000Z,3532.45,3533.27,3526.85,3529.83,4601
2025-09-03T06:00:00.000Z,3529.81,3533.39,3529.81,3533.01,4631
2025-09-03T06:15:00.000Z,3533.01,3534.78,3531.12,3533.28,3739
2025-09-03T06:30:00.000Z,3533.26,3537.3,3532.49,3536.76,4715
2025-09-03T06:45:00.000Z,3536.75,3537.3,3533.92,3535.28,3599
2025-09-03T07:00:00.000Z,3535.21,3536.27,3533.35,3534.84,3967
2025-09-03T07:15:00.000Z,3534.9,3535.15,3529.13,3531.92,5335
2025-09-03T07:30:00.000Z,3531.93,3536.93,3531.61,3534.28,4524
2025-09-03T07:45:00.000Z,3534.3,3535.73,3533.69,3533.83,3404
2025-09-03T08:00:00.000Z,3533.7,3539.88,3533.69,3536.69,5080
2025-09-03T08:15:00.000Z,3536.65,3541.13,3535.89,3540.99,4413
2025-09-03T08:30:00.000Z,3540.91,3541.02,3536.09,3538.62,4011
2025-09-03T08:45:00.000Z,3538.48,3540.59,3538.39,3540.02,3098
2025-09-03T09:00:00.000Z,3540.04,3541.8,3539.58,3540.08,3253
2025-09-03T09:15:00.000Z,3539.91,3541.15,3538.15,3538.2,3661
2025-09-03T09:30:00.000Z,3538.16,3539.16,3535.78,3537.12,4450
2025-09-03T09:45:00.000Z,3537.16,3538.8,3533.83,3534.15,3417
2025-09-03T10:00:00.000Z,3534.21,3535.88,3532.78,3533.43,3609
2025-09-03T10:15:00.000Z,3533.43,3536.99,3532.25,3536.81,2969
2025-09-03T10:30:00.000Z,3536.77,3538.7,3535.13,3535.13,3579
2025-09-03T10:45:00.000Z,3535.14,3541.79,3535.02,3540,3429
2025-09-03T11:00:00.000Z,3540.05,3547.85,3539.7,3546.24,5132
2025-09-03T11:15:00.000Z,3546.28,3547.15,3544.67,3545.69,4120
2025-09-03T11:30:00.000Z,3545.66,3549.62,3545.52,3548.78,5557
2025-09-03T11:45:00.000Z,3548.9,3549.29,3544.75,3547.56,5022
2025-09-03T12:00:00.000Z,3547.58,3549.34,3544.29,3545.77,5863
2025-09-03T12:15:00.000Z,3545.81,3547.89,3541.32,3547.15,6733
2025-09-03T12:30:00.000Z,3547.2,3548.67,3544.26,3545.65,6732
2025-09-03T12:45:00.000Z,3545.64,3551.46,3544.9,3550.46,5716
2025-09-03T13:00:00.000Z,3550.61,3557.35,3549.41,3557.27,7999
2025-09-03T13:15:00.000Z,3557.24,3561.11,3553.54,3560.3,7230
2025-09-03T13:30:00.000Z,3560.4,3561.37,3549.34,3551.72,9943
2025-09-03T13:45:00.000Z,3551.72,3555.39,3549.84,3553.51,9032
2025-09-03T14:00:00.000Z,3553.66,3558.59,3551.53,3553.46,9666
2025-09-03T14:15:00.000Z,3553.54,3565.77,3553.54,3563,9492
2025-09-03T14:30:00.000Z,3562.99,3564.8,3559.09,3561.96,9578
2025-09-03T14:45:00.000Z,3561.91,3564.14,3554.28,3558.38,8666
2025-09-03T15:00:00.000Z,3558.44,3563.79,3557.42,3563.39,7417
2025-09-03T15:15:00.000Z,3563.29,3565.06,3562.11,3564.53,6257
2025-09-03T15:30:00.000Z,3564.54,3567.21,3561.16,3564,5442
2025-09-03T15:45:00.000Z,3563.98,3565.57,3561.59,3563.89,5150
2025-09-03T16:00:00.000Z,3563.88,3565.9,3562.12,3565.4,5350
2025-09-03T16:15:00.000Z,3565.39,3567.96,3564.16,3567.77,5259
2025-09-03T16:30:00.000Z,3567.74,3569.32,3566.93,3569.04,4367
2025-09-03T16:45:00.000Z,3569.01,3572.59,3568.5,3572.42,4299
2025-09-03T17:00:00.000Z,3572.67,3573.02,3570.22,3572.18,4402
2025-09-03T17:15:00.000Z,3572.21,3572.69,3570.58,3571.76,4612
2025-09-03T17:30:00.000Z,3571.73,3574.42,3571.65,3574.2,3765
2025-09-03T17:45:00.000Z,3574.21,3575.96,3573.44,3574.38,4075
2025-09-03T18:00:00.000Z,3574.5,3578.33,3574.38,3578.18,5133
2025-09-03T18:15:00.000Z,3578.16,3578.42,3574.59,3574.59,5259
2025-09-03T18:30:00.000Z,3574.56,3574.69,3565.43,3569.36,9267
2025-09-03T18:45:00.000Z,3569.3,3572,3568.12,3570.39,6328
2025-09-03T19:00:00.000Z,3570.46,3571.63,3567.82,3569.5,4936
2025-09-03T19:15:00.000Z,3569.42,3569.98,3561.68,3563.84,6428
2025-09-03T19:30:00.000Z,3563.92,3565.79,3561.56,3563.54,6023
2025-09-03T19:45:00.000Z,3563.63,3564.64,3561.19,3563.7,5473
2025-09-03T20:00:00.000Z,3563.76,3564.52,3561.8,3563.91,3254
2025-09-03T20:15:00.000Z,3563.88,3565.95,3563.79,3564.35,2171
2025-09-03T20:30:00.000Z,3564.35,3564.45,3560.93,3562.02,2423
2025-09-03T20:45:00.000Z,3562.01,3562.11,3558.74,3559.3,1661
2025-09-03T22:00:00.000Z,3560.54,3561.62,3558.54,3560.11,3077
2025-09-03T22:15:00.000Z,3560.14,3563.5,3559.8,3563.45,2209
2025-09-03T22:30:00.000Z,3563.47,3564,3561.6,3562.31,2131
2025-09-03T22:45:00.000Z,3562.33,3563.85,3561.19,3561.83,2916
2025-09-03T23:00:00.000Z,3561.81,3561.82,3554.3,3554.85,4231
2025-09-03T23:15:00.000Z,3554.91,3561.15,3554.76,3557.87,3997
2025-09-03T23:30:00.000Z,3557.88,3558.77,3555,3558.19,2695
2025-09-03T23:45:00.000Z,3558.21,3560.59,3556.35,3560.29,1755
2025-09-04T00:00:00.000Z,3560.51,3560.94,3551.92,3556.55,4430
2025-09-04T00:15:00.000Z,3556.46,3560.81,3555.79,3559.99,3892
2025-09-04T00:30:00.000Z,3560.01,3560.35,3556.91,3557.74,3672
2025-09-04T00:45:00.000Z,3557.73,3562.4,3557.33,3561.43,3856
2025-09-04T01:00:00.000Z,3561.44,3563.09,3556.82,3561.26,6383
2025-09-04T01:15:00.000Z,3561.22,3561.32,3551.81,3552.22,5718
2025-09-04T01:30:00.000Z,3552.23,3553.08,3543.67,3547.87,7476
2025-09-04T01:45:00.000Z,3547.86,3548.61,3544.36,3546.24,5317
2025-09-04T02:00:00.000Z,3546.25,3550.58,3540.84,3542.32,6994
2025-09-04T02:15:00.000Z,3542.31,3546.87,3540.69,3545.27,4839
2025-09-04T02:30:00.000Z,3545.24,3546.27,3537.45,3537.58,6652
2025-09-04T02:45:00.000Z,3537.57,3538.19,3526.4,3530.78,8375
2025-09-04T03:00:00.000Z,3530.66,3531.74,3511.48,3514.86,7713
2025-09-04T03:15:00.000Z,3514.91,3530.48,3514.48,3529.75,7887
2025-09-04T03:30:00.000Z,3529.77,3531.44,3526.02,3529.6,4009
2025-09-04T03:45:00.000Z,3529.7,3530.15,3526.23,3529.03,3434
2025-09-04T04:00:00.000Z,3528.84,3534.22,3528.84,3531.07,3859
2025-09-04T04:15:00.000Z,3531.06,3532.07,3528.63,3530.81,2599
2025-09-04T04:30:00.000Z,3530.88,3531.31,3529.91,3530.13,1711
2025-09-04T04:45:00.000Z,3530.13,3533.09,3529.9,3532.91,1729
2025-09-04T05:00:00.000Z,3532.92,3533.21,3529.43,3531.43,2891
2025-09-04T05:15:00.000Z,3531.41,3531.83,3528.61,3531.21,3079
2025-09-04T05:30:00.000Z,3531.22,3533.73,3529.51,3531.86,5477
2025-09-04T05:45:00.000Z,3531.78,3533.94,3525.29,3527.35,5171
2025-09-04T06:00:00.000Z,3527.44,3532.62,3524.5,3531.96,5162
2025-09-04T06:15:00.000Z,3531.99,3538.85,3530.94,3537.62,4944
2025-09-04T06:30:00.000Z,3537.61,3541.68,3535.2,3538.84,5808
2025-09-04T06:45:00.000Z,3538.68,3539.54,3535.29,3536,4492
2025-09-04T07:00:00.000Z,3536.13,3540.19,3532.66,3537.16,6094
2025-09-04T07:15:00.000Z,3537.01,3538.98,3535.25,3537.54,3932
2025-09-04T07:30:00.000Z,3537.7,3540.4,3536.74,3539.59,2744
2025-09-04T07:45:00.000Z,3539.61,3541.15,3538.41,3541.02,2445
2025-09-04T08:00:00.000Z,3541.01,3545.51,3540.99,3544.22,3729
2025-09-04T08:15:00.000Z,3544.13,3544.57,3539.67,3543.39,3938
2025-09-04T08:30:00.000Z,3543.37,3545.12,3540.67,3542.08,4153
2025-09-04T08:45:00.000Z,3542.1,3542.34,3537.31,3541.22,3534
2025-09-04T09:00:00.000Z,3541.14,3544.85,3540.66,3543.9,3570
2025-09-04T09:15:00.000Z,3543.91,3544.34,3538.98,3539.26,3444
2025-09-04T09:30:00.000Z,3539.16,3540.95,3537.75,3540.23,3393
2025-09-04T09:45:00.000Z,3540.29,3541.26,3536.69,3538.65,3402
2025-09-04T10:00:00.000Z,3538.7,3546.9,3538.34,3545.21,3414
2025-09-04T10:15:00.000Z,3545.2,3545.75,3538.73,3540.75,4324
2025-09-04T10:30:00.000Z,3540.7,3542.13,3539.66,3540.22,2794
2025-09-04T10:45:00.000Z,3540.23,3541.82,3538.59,3540.87,2876
2025-09-04T11:00:00.000Z,3541.01,3541.42,3536.57,3539.91,3753
2025-09-04T11:15:00.000Z,3539.9,3541.03,3536.65,3539.97,3060
2025-09-04T11:30:00.000Z,3539.9,3545.49,3539.5,3544.59,4548
2025-09-04T11:45:00.000Z,3544.6,3549.84,3543,3545.48,5227
2025-09-04T12:00:00.000Z,3545.2,3549.3,3544.72,3548.01,4906
2025-09-04T12:15:00.000Z,3547.99,3552.03,3544.01,3545.96,6797
2025-09-04T12:30:00.000Z,3545.95,3548.65,3541.2,3545.69,7392
2025-09-04T12:45:00.000Z,3545.67,3548.39,3542.1,3548.32,5681
2025-09-04T13:00:00.000Z,3548.34,3548.34,3539.88,3546.34,7482
2025-09-04T13:15:00.000Z,3546.32,3554.25,3544.98,3552.69,6190
2025-09-04T13:30:00.000Z,3552.44,3558.76,3549.16,3551.01,9317
2025-09-04T13:45:00.000Z,3550.98,3551,3542.97,3546.94,9098
2025-09-04T14:00:00.000Z,3544.17,3546.12,3535.09,3544.68,10667
2025-09-04T14:15:00.000Z,3544.75,3545,3535.29,3541.68,8768
2025-09-04T14:30:00.000Z,3541.8,3546.36,3540.01,3545.18,7913
2025-09-04T14:45:00.000Z,3545.19,3546.05,3540.72,3545.81,7367
2025-09-04T15:00:00.000Z,3545.99,3548.96,3543.75,3546.89,6484
2025-09-04T15:15:00.000Z,3547.05,3548.69,3542.32,3543.95,5481
2025-09-04T15:30:00.000Z,3543.96,3550.59,3543.96,3549.91,5280
2025-09-04T15:45:00.000Z,3549.91,3553.24,3549.9,3552.76,4954
2025-09-04T16:00:00.000Z,3552.78,3554.65,3551.69,3553.77,4445
2025-09-04T16:15:00.000Z,3553.78,3556.17,3551.31,3553.03,4641
2025-09-04T16:30:00.000Z,3553.06,3554.73,3552.01,3552.01,3942
2025-09-04T16:45:00.000Z,3551.9,3552.77,3549.16,3552.43,3991
2025-09-04T17:00:00.000Z,3552.42,3555.45,3551.78,3552.1,4011
2025-09-04T17:15:00.000Z,3552.11,3552.71,3547.36,3549.3,4169
2025-09-04T17:30:00.000Z,3549.31,3549.59,3544.97,3546.54,4295
2025-09-04T17:45:00.000Z,3546.55,3546.55,3542.55,3542.81,4133
2025-09-04T18:00:00.000Z,3542.82,3545.37,3542.68,3543.33,3993
2025-09-04T18:15:00.000Z,3543.37,3546.48,3542.92,3545.67,2694
2025-09-04T18:30:00.000Z,3545.68,3547.68,3544.82,3546.77,3109
2025-09-04T18:45:00.000Z,3546.78,3548.32,3545.55,3546.27,2593
2025-09-04T19:00:00.000Z,3546.11,3548.26,3545.56,3547.43,2769
2025-09-04T19:15:00.000Z,3547.36,3550.3,3547.06,3549.29,2798
2025-09-04T19:30:00.000Z,3549.29,3551.05,3549.14,3550.33,3266
2025-09-04T19:45:00.000Z,3550.31,3550.51,3548.82,3549.83,3071
2025-09-04T20:00:00.000Z,3549.86,3550.57,3549.2,3549.56,1433
2025-09-04T20:15:00.000Z,3549.6,3549.9,3548.55,3549.74,1270
2025-09-04T20:30:00.000Z,3549.79,3549.79,3544.48,3544.73,1404
2025-09-04T20:45:00.000Z,3544.78,3545.66,3544.1,3545.53,1017
2025-09-04T22:00:00.000Z,3546.07,3546.56,3540.45,3540.52,1980
2025-09-04T22:15:00.000Z,3540.57,3543.43,3540.43,3542.12,890
2025-09-04T22:30:00.000Z,3542.15,3543.39,3540.52,3540.52,1062
2025-09-04T22:45:00.000Z,3540.53,3541.49,3540.06,3540.98,1299
2025-09-04T23:00:00.000Z,3541.08,3542.68,3540.84,3541.95,1393
2025-09-04T23:15:00.000Z,3541.98,3544.62,3541.25,3542.72,1810
2025-09-04T23:30:00.000Z,3542.71,3552.13,3542.7,3550.8,2825
2025-09-04T23:45:00.000Z,3550.78,3554.47,3550.6,3552.54,3127
2025-09-05T00:00:00.000Z,3552.53,3556.34,3550.46,3550.91,4821
2025-09-05T00:15:00.000Z,3550.9,3552.6,3548.94,3551.18,3723
2025-09-05T00:30:00.000Z,3551.19,3554.66,3551.15,3551.61,3352
2025-09-05T00:45:00.000Z,3551.66,3552.95,3549.34,3552.16,4301
2025-09-05T01:00:00.000Z,3552.18,3556.51,3551.26,3552.35,6103
2025-09-05T01:15:00.000Z,3552.29,3555.27,3551.43,3555.07,3923
2025-09-05T01:30:00.000Z,3555.08,3556,3552.21,3553.09,4084
2025-09-05T01:45:00.000Z,3553.08,3553.65,3550,3552.44,4421
2025-09-05T02:00:00.000Z,3552.45,3555.31,3551.1,3551.53,4763
2025-09-05T02:15:00.000Z,3551.51,3552.93,3549.63,3550.25,2639
2025-09-05T02:30:00.000Z,3550.19,3550.91,3545.96,3550.1,4572
2025-09-05T02:45:00.000Z,3550.09,3552.27,3548.38,3550.74,3512
2025-09-05T03:00:00.000Z,3550.73,3554.47,3548.59,3553.83,3112
2025-09-05T03:15:00.000Z,3553.84,3555.43,3553.03,3555.06,3388
2025-09-05T03:30:00.000Z,3555.05,3558.33,3555.05,3557.81,3211
2025-09-05T03:45:00.000Z,3557.71,3559.05,3556.64,3558.29,2698
2025-09-05T04:00:00.000Z,3558.41,3558.79,3556.33,3557.53,2792
2025-09-05T04:15:00.000Z,3557.54,3558.49,3556.95,3557.62,2312
2025-09-05T04:30:00.000Z,3557.59,3559.03,3556.16,3558.36,2252
2025-09-05T04:45:00.000Z,3558.37,3558.86,3557.12,3558.39,1899
2025-09-05T05:00:00.000Z,3558.42,3560.91,3557.17,3557.42,2755
2025-09-05T05:15:00.000Z,3557.43,3558.39,3555.83,3556.99,1929
2025-09-05T05:30:00.000Z,3557,3560.05,3555.84,3556.12,3632
2025-09-05T05:45:00.000Z,3555.95,3558.73,3555.68,3557.72,4112
2025-09-05T06:00:00.000Z,3557.76,3558.06,3551.06,3551.11,4864
2025-09-05T06:15:00.000Z,3551.04,3552.66,3548.39,3551.29,5570
2025-09-05T06:30:00.000Z,3551.31,3553.77,3551.24,3552.61,4217
2025-09-05T06:45:00.000Z,3552.51,3553.67,3552.11,3552.46,3247
2025-09-05T07:00:00.000Z,3552.47,3554.24,3549.38,3550.2,4807
2025-09-05T07:15:00.000Z,3550.21,3551.04,3548.22,3549.06,4118
2025-09-05T07:30:00.000Z,3548.97,3550.02,3547.23,3549.7,3226
2025-09-05T07:45:00.000Z,3549.73,3550.71,3546.64,3548.11,3212
2025-09-05T08:00:00.000Z,3548.05,3549.01,3546.32,3546.92,4290
2025-09-05T08:15:00.000Z,3546.91,3549.37,3544.86,3549.08,3412
2025-09-05T08:30:00.000Z,3549.16,3549.78,3547.4,3548.85,2211
2025-09-05T08:45:00.000Z,3548.7,3549.82,3544.78,3545.98,2883
2025-09-05T09:00:00.000Z,3545.97,3551.05,3545.93,3549,3194
2025-09-05T09:15:00.000Z,3549.06,3551.12,3548.23,3548.38,2925
2025-09-05T09:30:00.000Z,3548.43,3551.64,3547.69,3551.42,2815
2025-09-05T09:45:00.000Z,3551.44,3553.8,3550.77,3552.37,2619
2025-09-05T10:00:00.000Z,3552.4,3552.79,3550.59,3550.59,1957
2025-09-05T10:15:00.000Z,3550.6,3552.4,3550.2,3552.19,2270
2025-09-05T10:30:00.000Z,3552.18,3552.29,3549.36,3550.35,2572
2025-09-05T10:45:00.000Z,3550.36,3552.92,3550.19,3551.82,3396
2025-09-05T11:00:00.000Z,3551.85,3555.05,3551.52,3552.29,3489
2025-09-05T11:15:00.000Z,3552.3,3553.2,3548.64,3548.81,3410
2025-09-05T11:30:00.000Z,3548.84,3552.16,3548.4,3551.46,2288
2025-09-05T11:45:00.000Z,3551.44,3553.25,3547.73,3553.19,4133
2025-09-05T12:00:00.000Z,3553.3,3554.65,3548.69,3551.42,6850
2025-09-05T12:15:00.000Z,3551.44,3554.81,3549.65,3554.22,6954
2025-09-05T12:30:00.000Z,3554.25,3586.75,3554.24,3583.39,13101
2025-09-05T12:45:00.000Z,3583.56,3583.56,3572.03,3580.18,11239
2025-09-05T13:00:00.000Z,3580.92,3583.4,3573.21,3581.53,10667
2025-09-05T13:15:00.000Z,3581.47,3584.94,3575.04,3579.04,9214
2025-09-05T13:30:00.000Z,3579.67,3585.3,3575.38,3584.48,10968
2025-09-05T13:45:00.000Z,3584.46,3595.21,3584.34,3594.34,10826
2025-09-05T14:00:00.000Z,3594.41,3597.95,3591.98,3592.92,9936
2025-09-05T14:15:00.000Z,3592.84,3595.63,3577.72,3578.87,10604
2025-09-05T14:30:00.000Z,3578.89,3586.7,3573.41,3580.17,11422
2025-09-05T14:45:00.000Z,3580.15,3590.32,3579.47,3590.24,9549
2025-09-05T15:00:00.000Z,3590.14,3592.39,3583.83,3584.26,9523
2025-09-05T15:15:00.000Z,3584.25,3590.4,3581.78,3589.22,8850
2025-09-05T15:30:00.000Z,3589.23,3594.21,3589.01,3593.8,6136
2025-09-05T15:45:00.000Z,3593.8,3595.45,3591.76,3591.85,7174
2025-09-05T16:00:00.000Z,3591.87,3599.13,3591.06,3597.1,6590
2025-09-05T16:15:00.000Z,3597.13,3599.89,3596.48,3599.52,6472
2025-09-05T16:30:00.000Z,3599.56,3600.05,3592.58,3594.8,6675
2025-09-05T16:45:00.000Z,3594.83,3597.99,3593.92,3595.18,6204
2025-09-05T17:00:00.000Z,3595.25,3596.08,3590.37,3592.79,6793
2025-09-05T17:15:00.000Z,3592.76,3596.9,3592.38,3595.99,5374
2025-09-05T17:30:00.000Z,3595.87,3597.4,3593.12,3594.94,5051
2025-09-05T17:45:00.000Z,3595.03,3597.31,3595.03,3596.43,4423
2025-09-05T18:00:00.000Z,3596.5,3597.23,3592.48,3592.74,4669
2025-09-05T18:15:00.000Z,3592.75,3595.36,3592.63,3594.68,4742
2025-09-05T18:30:00.000Z,3594.66,3595.19,3592.66,3594.46,3683
2025-09-05T18:45:00.000Z,3594.45,3596.57,3594.25,3595.5,4218
2025-09-05T19:00:00.000Z,3595.47,3595.9,3592.6,3592.87,3488
2025-09-05T19:15:00.000Z,3592.86,3595.32,3592.78,3593.61,4048
2025-09-05T19:30:00.000Z,3593.57,3594.34,3592.61,3593.31,3639
2025-09-05T19:45:00.000Z,3593.31,3596.01,3592.62,3594.64,6181
2025-09-05T20:00:00.000Z,3594.65,3595.4,3587.34,3589.82,4106
2025-09-05T20:15:00.000Z,3589.74,3590.61,3588.73,3590.07,2526
2025-09-05T20:30:00.000Z,3590.1,3590.47,3588.53,3589.7,1535
2025-09-05T20:45:00.000Z,3589.73,3589.73,3585.97,3587.08,1040
2025-09-07T22:00:00.000Z,3579.08,3596.76,3577.9,3590.79,8619
2025-09-07T22:15:00.000Z,3590.77,3595.21,3586.98,3593.63,7082
2025-09-07T22:30:00.000Z,3593.65,3595.05,3590.18,3592.98,3888
2025-09-07T22:45:00.000Z,3592.96,3593.96,3590.89,3592.11,3087
2025-09-07T23:00:00.000Z,3592.28,3593.6,3588.52,3588.65,3623
2025-09-07T23:15:00.000Z,3588.6,3591.17,3587.76,3589.71,2734
2025-09-07T23:30:00.000Z,3589.67,3591.38,3589.25,3591.06,1900
2025-09-07T23:45:00.000Z,3591.05,3593.91,3589.46,3591.13,3415
2025-09-08T00:00:00.000Z,3591.17,3591.17,3586.92,3589.17,4870
2025-09-08T00:15:00.000Z,3589.2,3591.58,3587.53,3589.66,4504
2025-09-08T00:30:00.000Z,3589.67,3590.2,3587.2,3590.04,2975
2025-09-08T00:45:00.000Z,3590.05,3594.29,3587.59,3594.23,3836
2025-09-08T01:00:00.000Z,3594.04,3597.03,3585.42,3589.37,8194
2025-09-08T01:15:00.000Z,3589.41,3590.33,3584.9,3585.89,6931
2025-09-08T01:30:00.000Z,3585.85,3589.94,3585.52,3587.43,5969
2025-09-08T01:45:00.000Z,3587.35,3591.26,3586.39,3589.55,5220
2025-09-08T02:00:00.000Z,3589.61,3594.25,3586.62,3587.79,6140
2025-09-08T02:15:00.000Z,3587.67,3591.1,3586.31,3590.11,4033
2025-09-08T02:30:00.000Z,3590.1,3592.53,3587.26,3587.27,5086
2025-09-08T02:45:00.000Z,3587.3,3592.32,3586.52,3590.57,4689
2025-09-08T03:00:00.000Z,3590.6,3592.29,3587.26,3587.34,4541
2025-09-08T03:15:00.000Z,3587.26,3588.76,3584.78,3585.03,3284
2025-09-08T03:30:00.000Z,3584.95,3586.99,3583.87,3584.01,3626
2025-09-08T03:45:00.000Z,3583.95,3584.85,3582.9,3583.53,2091
2025-09-08T04:00:00.000Z,3583.43,3583.63,3579.51,3581.72,3126
2025-09-08T04:15:00.000Z,3581.73,3584.71,3581.55,3583.38,2314
2025-09-08T04:30:00.000Z,3583.38,3583.58,3580.79,3581.36,1658
2025-09-08T04:45:00.000Z,3581.31,3582.6,3580.76,3581.5,1672
2025-09-08T05:00:00.000Z,3581.53,3583.89,3581.08,3582.11,1988
2025-09-08T05:15:00.000Z,3581.83,3584.29,3581.75,3582.88,2251
2025-09-08T05:30:00.000Z,3582.89,3588.08,3581.45,3587.34,3971
2025-09-08T05:45:00.000Z,3587.33,3591.69,3587.12,3591.15,3915
2025-09-08T06:00:00.000Z,3591.34,3594.44,3589.33,3594.23,4642
2025-09-08T06:15:00.000Z,3594.26,3594.47,3590.23,3594.32,3742
2025-09-08T06:30:00.000Z,3594.39,3597.6,3593.27,3597.6,3802
2025-09-08T06:45:00.000Z,3597.64,3598.72,3595.21,3598.01,4225
2025-09-08T07:00:00.000Z,3598.09,3604.84,3596.32,3604.54,4461
2025-09-08T07:15:00.000Z,3604.53,3610.2,3604.45,3608.88,5086
2025-09-08T07:30:00.000Z,3608.93,3613.52,3608.76,3612.84,4443
2025-09-08T07:45:00.000Z,3612.8,3613.15,3606.25,3609.54,5059
2025-09-08T08:00:00.000Z,3609.45,3610.1,3607.15,3608.9,2913
2025-09-08T08:15:00.000Z,3608.83,3617.15,3607.76,3612.71,4863
2025-09-08T08:30:00.000Z,3612.64,3614.6,3611.19,3612.48,3823
2025-09-08T08:45:00.000Z,3612.47,3613.6,3609.61,3611.13,3843
2025-09-08T09:00:00.000Z,3611.14,3613.97,3608.57,3612.9,4588
2025-09-08T09:15:00.000Z,3612.9,3614.3,3611.14,3611.33,4364
2025-09-08T09:30:00.000Z,3611.34,3614.77,3610.47,3614.34,2701
2025-09-08T09:45:00.000Z,3614.2,3614.93,3613.4,3613.73,2159
2025-09-08T10:00:00.000Z,3613.82,3620.97,3613.72,3620.9,2574
2025-09-08T10:15:00.000Z,3620.88,3622.41,3616.27,3618.57,4637
2025-09-08T10:30:00.000Z,3618.77,3619.11,3615.34,3617.51,2952
2025-09-08T10:45:00.000Z,3617.54,3617.57,3613.44,3616.96,3540
2025-09-08T11:00:00.000Z,3617.04,3617.3,3614.32,3616.03,3285
2025-09-08T11:15:00.000Z,3615.9,3617.44,3615.16,3616.82,2898
2025-09-08T11:30:00.000Z,3616.76,3618.09,3612.8,3614.32,3707
2025-09-08T11:45:00.000Z,3614.21,3619.92,3613.45,3619.78,3353
2025-09-08T12:00:00.000Z,3619.69,3621.78,3615.75,3617.77,4840
2025-09-08T12:15:00.000Z,3617.76,3618.31,3614.67,3617.9,4878
2025-09-08T12:30:00.000Z,3617.88,3620.91,3617.58,3620.1,5130
2025-09-08T12:45:00.000Z,3620.13,3625.97,3619.47,3624.19,4434
2025-09-08T13:00:00.000Z,3624.39,3631.89,3623.36,3630.55,8461
2025-09-08T13:15:00.000Z,3630.71,3631,3623.87,3623.87,7698
2025-09-08T13:30:00.000Z,3624.15,3631.8,3620.2,3631.52,9941
2025-09-08T13:45:00.000Z,3631.61,3636.87,3628.44,3633.28,9805
2025-09-08T14:00:00.000Z,3633.35,3637.56,3631.67,3634.86,9216
2025-09-08T14:15:00.000Z,3634.95,3636.38,3629.18,3630.18,8615
2025-09-08T14:30:00.000Z,3630.19,3636.68,3628.9,3635.99,7193
2025-09-08T14:45:00.000Z,3636,3640.85,3635.52,3640.65,7800
2025-09-08T15:00:00.000Z,3640.7,3646.42,3640.41,3645.56,8043
2025-09-08T15:15:00.000Z,3645.62,3645.84,3636.43,3636.48,7388
2025-09-08T15:30:00.000Z,3636.53,3638.03,3633.19,3636.09,6951
2025-09-08T15:45:00.000Z,3636.05,3640.41,3635.91,3639.23,5460
2025-09-08T16:00:00.000Z,3639.23,3640.84,3635.8,3639.68,4629
2025-09-08T16:15:00.000Z,3639.74,3641.71,3638.22,3641.2,4282
2025-09-08T16:30:00.000Z,3641.21,3641.58,3636.61,3639.37,4608
2025-09-08T16:45:00.000Z,3639.45,3640.82,3638.75,3640.63,4613
2025-09-08T17:00:00.000Z,3640.61,3641.11,3633.74,3634.71,4901
2025-09-08T17:15:00.000Z,3634.72,3636.91,3634.72,3636.29,4240
2025-09-08T17:30:00.000Z,3636.34,3637.08,3633.95,3634.49,3562
2025-09-08T17:45:00.000Z,3634.52,3635.5,3632.44,3633.29,4828
2025-09-08T18:00:00.000Z,3633.31,3635.53,3631.79,3634.01,4392
2025-09-08T18:15:00.000Z,3634.06,3634.5,3632.94,3633.52,3362
2025-09-08T18:30:00.000Z,3633.53,3635.23,3632.67,3634.76,3330
2025-09-08T18:45:00.000Z,3634.75,3636.59,3634.11,3635.99,4583
2025-09-08T19:00:00.000Z,3635.95,3636.79,3633.9,3634.27,3526
2025-09-08T19:15:00.000Z,3634.39,3634.58,3632.45,3633.36,3855
2025-09-08T19:30:00.000Z,3633.35,3636.27,3632.65,3635.74,4135
2025-09-08T19:45:00.000Z,3635.72,3637.62,3634.95,3636.57,4329
2025-09-08T20:00:00.000Z,3636.54,3637.92,3635.26,3635.91,1489
2025-09-08T20:15:00.000Z,3635.9,3636.08,3634.47,3634.77,1218
2025-09-08T20:30:00.000Z,3634.9,3636.99,3634.76,3636.9,1411
2025-09-08T20:45:00.000Z,3636.88,3637.47,3635.05,3636.03,1301
2025-09-08T22:00:00.000Z,3635.57,3636.84,3633.94,3634.24,1330
2025-09-08T22:15:00.000Z,3634.18,3635.21,3630.45,3632.13,1361
2025-09-08T22:30:00.000Z,3632.18,3633.2,3628.79,3630.48,2112
2025-09-08T22:45:00.000Z,3630.5,3631.25,3629.11,3629.36,1204
2025-09-08T23:00:00.000Z,3629.54,3631.69,3628.74,3630.33,1682
2025-09-08T23:15:00.000Z,3630.27,3631.15,3628.07,3631.1,1654
2025-09-08T23:30:00.000Z,3631.08,3631.76,3629.96,3630.7,1556
2025-09-08T23:45:00.000Z,3630.71,3636.02,3630.59,3634.78,2480
2025-09-09T00:00:00.000Z,3634.81,3637.02,3633.38,3636.96,3496
2025-09-09T00:15:00.000Z,3636.98,3640.79,3636.38,3636.71,4672
2025-09-09T00:30:00.000Z,3636.55,3639.05,3636.4,3637.66,3193
2025-09-09T00:45:00.000Z,3637.64,3640.03,3637.51,3638.45,2565
2025-09-09T01:00:00.000Z,3638.25,3641.66,3635.95,3639.64,4742
2025-09-09T01:15:00.000Z,3639.65,3646.18,3638.02,3644.44,5439
2025-09-09T01:30:00.000Z,3644.45,3646.54,3642.38,3643.85,5331
2025-09-09T01:45:00.000Z,3643.72,3647.36,3643.58,3646.33,5526
2025-09-09T02:00:00.000Z,3646.34,3653.4,3644.72,3650.93,6950
2025-09-09T02:15:00.000Z,3651.26,3653.79,3650.56,3653.63,5705
2025-09-09T02:30:00.000Z,3653.67,3654.4,3650.81,3652.78,5365
2025-09-09T02:45:00.000Z,3652.83,3652.89,3647.01,3647.5,4461
2025-09-09T03:00:00.000Z,3647.43,3651.87,3643.76,3648.17,5015
2025-09-09T03:15:00.000Z,3648.15,3649.15,3645.41,3648.77,4418
2025-09-09T03:30:00.000Z,3648.78,3649.05,3642.64,3645.27,3495
2025-09-09T03:45:00.000Z,3645.17,3646.83,3644.16,3645.89,2252
2025-09-09T04:00:00.000Z,3645.91,3648.82,3645.7,3648.41,2168
2025-09-09T04:15:00.000Z,3648.5,3651.81,3647.65,3651.62,2361
2025-09-09T04:30:00.000Z,3651.65,3655.09,3651.17,3654.94,2813
2025-09-09T04:45:00.000Z,3654.95,3657.01,3654.43,3654.87,2510
2025-09-09T05:00:00.000Z,3654.76,3656.63,3654.36,3654.86,2274
2025-09-09T05:15:00.000Z,3654.86,3656.32,3652.64,3654.55,2763
2025-09-09T05:30:00.000Z,3654.53,3658.56,3654.51,3656.86,4431
2025-09-09T05:45:00.000Z,3656.87,3659.21,3654.51,3655.16,4070
2025-09-09T06:00:00.000Z,3655.24,3656.28,3638.03,3643.59,8012
2025-09-09T06:15:00.000Z,3643.55,3646.47,3636.64,3638.56,6983
2025-09-09T06:30:00.000Z,3638.58,3649.85,3637.66,3649.68,5554
2025-09-09T06:45:00.000Z,3649.59,3649.83,3644.19,3647.53,4925
2025-09-09T07:00:00.000Z,3647.58,3648.53,3645.16,3646.92,3947
2025-09-09T07:15:00.000Z,3646.93,3650.97,3643.92,3650.65,3858
2025-09-09T07:30:00.000Z,3650.47,3650.67,3645,3645.2,3700
2025-09-09T07:45:00.000Z,3645.15,3645.49,3641.59,3644.24,3760
2025-09-09T08:00:00.000Z,3644.21,3646.07,3641.91,3642.8,4517
2025-09-09T08:15:00.000Z,3642.83,3646.65,3642.27,3645.48,5318
2025-09-09T08:30:00.000Z,3645.49,3650.65,3643.56,3650.28,4494
2025-09-09T08:45:00.000Z,3650.29,3650.99,3646.25,3648.06,3810
2025-09-09T09:00:00.000Z,3648.12,3655.49,3647.69,3655.38,3694
2025-09-09T09:15:00.000Z,3655.32,3656.56,3653.27,3653.6,3444
2025-09-09T09:30:00.000Z,3653.68,3654.72,3651.58,3654.1,3257
2025-09-09T09:45:00.000Z,3654.08,3654.61,3652.26,3653.55,2580
2025-09-09T10:00:00.000Z,3653.56,3655.89,3652.08,3653.6,3133
2025-09-09T10:15:00.000Z,3653.69,3654.22,3652.67,3653.11,2139
2025-09-09T10:30:00.000Z,3653.02,3653.59,3649.47,3650.25,2577
2025-09-09T10:45:00.000Z,3650.27,3652.54,3648.75,3651.84,2840
2025-09-09T11:00:00.000Z,3651.82,3654.06,3651.56,3652.88,2498
2025-09-09T11:15:00.000Z,3652.87,3654.18,3651.35,3652.69,2630
2025-09-09T11:30:00.000Z,3652.81,3654.07,3651.24,3653.02,2869
2025-09-09T11:45:00.000Z,3653.03,3653.1,3646.79,3647.97,4235
2025-09-09T12:00:00.000Z,3648.13,3655.35,3647.26,3654.46,5760
2025-09-09T12:15:00.000Z,3654.35,3654.37,3648.03,3649.37,6336
2025-09-09T12:30:00.000Z,3649.22,3649.74,3643.67,3646.6,8004
2025-09-09T12:45:00.000Z,3646.59,3648.94,3644.18,3647.43,5400
2025-09-09T13:00:00.000Z,3647.4,3654.86,3646.35,3652.7,8935
2025-09-09T13:15:00.000Z,3652.88,3661.68,3652.16,3660.53,7232
2025-09-09T13:30:00.000Z,3660.49,3667.57,3658.23,3663.55,10110
2025-09-09T13:45:00.000Z,3663.22,3668.18,3661.27,3666.08,8572
2025-09-09T14:00:00.000Z,3666.03,3674.65,3642.13,3651.84,13582
2025-09-09T14:15:00.000Z,3651.77,3657.41,3645.78,3653.21,11621
2025-09-09T14:30:00.000Z,3653.13,3654.29,3636.07,3646.47,12321
2025-09-09T14:45:00.000Z,3646.46,3649.09,3643.03,3644.96,9883
2025-09-09T15:00:00.000Z,3645.04,3646.44,3634.98,3634.98,9356
2025-09-09T15:15:00.000Z,3635.05,3641.52,3626.86,3640.13,10545
2025-09-09T15:30:00.000Z,3640.12,3643.82,3636.15,3643.24,8042
2025-09-09T15:45:00.000Z,3643.31,3645.83,3641.68,3645.51,7186
2025-09-09T16:00:00.000Z,3645.51,3649.41,3644.14,3649.01,6815
2025-09-09T16:15:00.000Z,3649.02,3649.33,3644.28,3645.98,5742
2025-09-09T16:30:00.000Z,3646.05,3647.9,3645.27,3645.3,5081
2025-09-09T16:45:00.000Z,3645.25,3647.39,3644.52,3645.05,4448
2025-09-09T17:00:00.000Z,3645.04,3646.45,3643.11,3644,4473
2025-09-09T17:15:00.000Z,3644.01,3645.97,3642.94,3643.25,3995
2025-09-09T17:30:00.000Z,3643.52,3645.28,3641.27,3642,3927
2025-09-09T17:45:00.000Z,3642.03,3644.26,3641.25,3642.78,4606
2025-09-09T18:00:00.000Z,3642.76,3644.48,3642.12,3644.01,3006
2025-09-09T18:15:00.000Z,3644.01,3644.61,3642.68,3643.84,4081
2025-09-09T18:30:00.000Z,3643.82,3645.01,3640.79,3640.81,4020
2025-09-09T18:45:00.000Z,3641,3641.57,3639.74,3640.35,2843
2025-09-09T19:00:00.000Z,3640.4,3641.25,3635.13,3635.48,3557
2025-09-09T19:15:00.000Z,3635.49,3636.4,3634.69,3635.5,3994
2025-09-09T19:30:00.000Z,3635.55,3636.24,3630.9,3632.83,5111
2025-09-09T19:45:00.000Z,3632.91,3632.93,3628.46,3629.34,7030
2025-09-09T20:00:00.000Z,3629.33,3632.82,3629.24,3630.52,2465
2025-09-09T20:15:00.000Z,3630.5,3632.31,3630.28,3632.06,2103
2025-09-09T20:30:00.000Z,3632.08,3632.14,3627.96,3628.54,1688
2025-09-09T20:45:00.000Z,3628.34,3629.73,3625.77,3626.27,1557
2025-09-09T22:00:00.000Z,3620.71,3630.3,3620.38,3630.23,3814
2025-09-09T22:15:00.000Z,3630.2,3630.34,3623.14,3623.99,2477
2025-09-09T22:30:00.000Z,3624.17,3631.6,3624.17,3631.35,2261
2025-09-09T22:45:00.000Z,3631.33,3635.71,3630.73,3635.36,3098
2025-09-09T23:00:00.000Z,3635.39,3639.82,3634.64,3638.95,3263
2025-09-09T23:15:00.000Z,3638.91,3640.75,3637.17,3638.03,2303
2025-09-09T23:30:00.000Z,3638.01,3639.45,3635.23,3636.82,2200
2025-09-09T23:45:00.000Z,3636.65,3637.25,3633.27,3633.42,1686
2025-09-10T00:00:00.000Z,3633.45,3634.32,3629.08,3630.43,4099
2025-09-10T00:15:00.000Z,3630.3,3630.89,3626.39,3627.39,2965
2025-09-10T00:30:00.000Z,3627.58,3630.81,3624.2,3626.12,3901
2025-09-10T00:45:00.000Z,3626.09,3627.21,3621.36,3623.91,4416
2025-09-10T01:00:00.000Z,3623.94,3628.99,3621.82,3626.53,7298
2025-09-10T01:15:00.000Z,3626.58,3627.38,3620.33,3621.1,5954
2025-09-10T01:30:00.000Z,3621.16,3629.54,3620.82,3627.7,4855
2025-09-10T01:45:00.000Z,3627.8,3632.62,3625.92,3630.66,3765
2025-09-10T02:00:00.000Z,3630.93,3635.33,3630.05,3634.21,4477
2025-09-10T02:15:00.000Z,3634.21,3635.35,3632.71,3633.13,2990
2025-09-10T02:30:00.000Z,3633.23,3636.3,3631.32,3635.85,4403
2025-09-10T02:45:00.000Z,3635.77,3638.22,3635.16,3636.23,3312
2025-09-10T03:00:00.000Z,3636.01,3637.01,3633.05,3634.19,2987
2025-09-10T03:15:00.000Z,3634.2,3635.75,3633.64,3634.47,2813
2025-09-10T03:30:00.000Z,3634.44,3636.12,3633.7,3635.92,2395
2025-09-10T03:45:00.000Z,3635.93,3636.93,3634.69,3636.5,1613
2025-09-10T04:00:00.000Z,3636.54,3641.39,3636.45,3641.15,2544
2025-09-10T04:15:00.000Z,3641.16,3642.87,3640.46,3641.14,2104
2025-09-10T04:30:00.000Z,3641.15,3642.72,3640.05,3642.02,2138
2025-09-10T04:45:00.000Z,3642,3643.19,3641.25,3642.8,1320
2025-09-10T05:00:00.000Z,3642.78,3644.48,3642.5,3642.96,2052
2025-09-10T05:15:00.000Z,3642.96,3644.7,3641.71,3644.17,2125
2025-09-10T05:30:00.000Z,3644.15,3645.22,3639.78,3641.88,3169
2025-09-10T05:45:00.000Z,3641.86,3644.31,3640.36,3642.87,2937
2025-09-10T06:00:00.000Z,3642.9,3646.58,3640.88,3646.13,3754
2025-09-10T06:15:00.000Z,3646.16,3647.56,3643.44,3643.85,3700
2025-09-10T06:30:00.000Z,3643.83,3646.91,3640.74,3644.79,4179
2025-09-10T06:45:00.000Z,3644.83,3646.14,3642.82,3643.7,4351
2025-09-10T07:00:00.000Z,3643.93,3647.77,3641.13,3647.06,5117
2025-09-10T07:15:00.000Z,3647.07,3647.98,3643.59,3643.59,3580
2025-09-10T07:30:00.000Z,3643.54,3646.62,3642.26,3644.95,3802
2025-09-10T07:45:00.000Z,3644.91,3648.36,3643.92,3643.93,3528
2025-09-10T08:00:00.000Z,3644.02,3646.45,3642.66,3644.75,3676
2025-09-10T08:15:00.000Z,3644.9,3646.16,3641.86,3644.69,3932
2025-09-10T08:30:00.000Z,3644.68,3647.4,3643.47,3645.69,3115
2025-09-10T08:45:00.000Z,3645.59,3647.6,3644.77,3645.74,3256
2025-09-10T09:00:00.000Z,3645.75,3646.37,3644.91,3646.19,2107
2025-09-10T09:15:00.000Z,3645.59,3647.11,3645.15,3646.1,1924
2025-09-10T09:30:00.000Z,3646.08,3651.24,3645.62,3650.95,3110
2025-09-10T09:45:00.000Z,3651.02,3655.96,3651.02,3655.13,3992
2025-09-10T10:00:00.000Z,3655.02,3655.55,3653.12,3653.74,3878
2025-09-10T10:15:00.000Z,3653.73,3655.75,3651.53,3654.45,3682
2025-09-10T10:30:00.000Z,3654.46,3657.28,3654.03,3654.66,3283
2025-09-10T10:45:00.000Z,3654.68,3657.55,3654.49,3655.26,2732
2025-09-10T11:00:00.000Z,3655.23,3655.41,3650.15,3654.56,4029
2025-09-10T11:15:00.000Z,3654.51,3656.34,3654.51,3654.7,2800
2025-09-10T11:30:00.000Z,3654.67,3654.89,3649.04,3649.07,4284
2025-09-10T11:45:00.000Z,3649.05,3652.12,3648.49,3649.26,4388
2025-09-10T12:00:00.000Z,3649.25,3650.08,3647.75,3648.11,4067
2025-09-10T12:15:00.000Z,3648.09,3650.33,3647.05,3648.83,4458
2025-09-10T12:30:00.000Z,3648.78,3657.34,3642.5,3650.68,10698
2025-09-10T12:45:00.000Z,3650.82,3651.34,3640.33,3644.07,8847
2025-09-10T13:00:00.000Z,3643.91,3648.21,3642.17,3646.22,8341
2025-09-10T13:15:00.000Z,3645.96,3649.17,3645.06,3646.97,6317
2025-09-10T13:30:00.000Z,3647.05,3654.01,3646.77,3650.13,9064
2025-09-10T13:45:00.000Z,3650.12,3651.87,3646.93,3651.16,7646
2025-09-10T14:00:00.000Z,3651.15,3653.96,3649.19,3653.8,8018
2025-09-10T14:15:00.000Z,3653.76,3655.23,3650.26,3652.4,6812
2025-09-10T14:30:00.000Z,3652.51,3655.37,3648.49,3648.73,6626
2025-09-10T14:45:00.000Z,3648.68,3649.35,3643.86,3647.64,7279
2025-09-10T15:00:00.000Z,3647.74,3648.36,3643.9,3647.89,6051
2025-09-10T15:15:00.000Z,3647.96,3648.58,3638.57,3644.21,6984
2025-09-10T15:30:00.000Z,3644.21,3647.71,3644.09,3647.08,5650
2025-09-10T15:45:00.000Z,3647.06,3648.42,3643.82,3644.35,4942
2025-09-10T16:00:00.000Z,3644.33,3646.78,3641.73,3643.36,5025
2025-09-10T16:15:00.000Z,3643.33,3644.81,3640.54,3641.04,4330
2025-09-10T16:30:00.000Z,3641.03,3642.9,3639.84,3641.71,4638
2025-09-10T16:45:00.000Z,3641.65,3643.82,3640.83,3642.8,3790
2025-09-10T17:00:00.000Z,3642.83,3644.09,3642.46,3643.86,3739
2025-09-10T17:15:00.000Z,3643.88,3644.21,3641.63,3642.52,3705
2025-09-10T17:30:00.000Z,3642.51,3647.12,3642.23,3645.78,3888
2025-09-10T17:45:00.000Z,3645.79,3647.58,3645.36,3647.44,3399
2025-09-10T18:00:00.000Z,3647.41,3647.87,3646.33,3647.42,3087
2025-09-10T18:15:00.000Z,3647.4,3649.6,3647.39,3648.61,3590
2025-09-10T18:30:00.000Z,3648.59,3648.71,3644.76,3645.96,3566
2025-09-10T18:45:00.000Z,3645.99,3646.45,3644.52,3645.33,2476
2025-09-10T19:00:00.000Z,3645.36,3646.19,3643.7,3643.72,3110
2025-09-10T19:15:00.000Z,3643.72,3644.01,3639,3639.53,4208
2025-09-10T19:30:00.000Z,3639.34,3639.34,3635.12,3637.66,4495
2025-09-10T19:45:00.000Z,3637.73,3642.5,3636.28,3641.92,4438
2025-09-10T20:00:00.000Z,3641.96,3642.79,3640.37,3641.19,1662
2025-09-10T20:15:00.000Z,3641.18,3641.41,3639.42,3639.61,1350
2025-09-10T20:30:00.000Z,3639.63,3640.49,3637.91,3638.32,1252
2025-09-10T20:45:00.000Z,3638.28,3641.04,3638.25,3640.49,1432
2025-09-10T22:00:00.000Z,3641.67,3644.37,3639.89,3639.93,1306
2025-09-10T22:15:00.000Z,3639.98,3641.28,3637.84,3639.85,1400
2025-09-10T22:30:00.000Z,3639.9,3641.46,3639.29,3640.82,1522
2025-09-10T22:45:00.000Z,3640.72,3640.83,3639.54,3639.68,1074
2025-09-10T23:00:00.000Z,3639.81,3641.98,3638.47,3641.79,1558
2025-09-10T23:15:00.000Z,3641.76,3642.72,3640.89,3642.56,1116
2025-09-10T23:30:00.000Z,3642.64,3644.73,3640.67,3644.29,1471
2025-09-10T23:45:00.000Z,3644.34,3645.43,3643.38,3644.85,1389
2025-09-11T00:00:00.000Z,3644.86,3646.44,3644.46,3646.42,3384
2025-09-11T00:15:00.000Z,3646.44,3647,3644.17,3645.67,2226
2025-09-11T00:30:00.000Z,3645.58,3646.48,3643.62,3645.48,3409
2025-09-11T00:45:00.000Z,3645.46,3645.9,3642.57,3643.85,2695
2025-09-11T01:00:00.000Z,3643.84,3647.54,3642.5,3646.08,3363
2025-09-11T01:15:00.000Z,3646.07,3648.45,3644.32,3648.34,3208
2025-09-11T01:30:00.000Z,3648.32,3648.92,3642.55,3643.06,4080
2025-09-11T01:45:00.000Z,3643.12,3643.72,3639.77,3640.97,3417
2025-09-11T02:00:00.000Z,3640.87,3643.41,3639.71,3642.04,3063
2025-09-11T02:15:00.000Z,3642.03,3642.23,3637.41,3637.94,2204
2025-09-11T02:30:00.000Z,3638.06,3638.61,3635.62,3636.11,3633
2025-09-11T02:45:00.000Z,3636.1,3638.83,3634.27,3637.2,3308
2025-09-11T03:00:00.000Z,3637.21,3637.26,3632.15,3634.2,3534
2025-09-11T03:15:00.000Z,3634.19,3635.48,3632.83,3633.28,3055
2025-09-11T03:30:00.000Z,3633.27,3633.55,3630.43,3630.89,2330
2025-09-11T03:45:00.000Z,3630.97,3633.05,3629.79,3631.85,3053
2025-09-11T04:00:00.000Z,3631.88,3634.22,3631.79,3633.66,2187
2025-09-11T04:15:00.000Z,3633.7,3634.14,3632.43,3633.3,1325
2025-09-11T04:30:00.000Z,3633.29,3634.26,3630.06,3631.57,1730
2025-09-11T04:45:00.000Z,3631.56,3632.02,3630.28,3630.63,1735
2025-09-11T05:00:00.000Z,3630.62,3631.3,3629.66,3630.43,3259
2025-09-11T05:15:00.000Z,3630.44,3631.6,3629.64,3631.11,2846
2025-09-11T05:30:00.000Z,3631.14,3633.3,3625.38,3629.43,5873
2025-09-11T05:45:00.000Z,3629.39,3629.39,3623.34,3625.07,5411
2025-09-11T06:00:00.000Z,3625.07,3633.41,3622.79,3632.49,5058
2025-09-11T06:15:00.000Z,3632.56,3634.25,3630.96,3633.36,3516
2025-09-11T06:30:00.000Z,3633.52,3637.09,3631.75,3636.33,4498
2025-09-11T06:45:00.000Z,3636.24,3637.97,3632.16,3633.18,3584
2025-09-11T07:00:00.000Z,3633.19,3633.28,3625.56,3627.6,5700
2025-09-11T07:15:00.000Z,3627.57,3630.53,3624.1,3626.01,4280
2025-09-11T07:30:00.000Z,3625.95,3629.31,3623.84,3627.93,3668
2025-09-11T07:45:00.000Z,3627.89,3629.97,3626.58,3629.8,2867
2025-09-11T08:00:00.000Z,3629.83,3631.78,3627.11,3629.34,2937
2025-09-11T08:15:00.000Z,3629.35,3630.3,3628.82,3629.23,1980
2025-09-11T08:30:00.000Z,3629.2,3629.41,3626.12,3626.64,2432
2025-09-11T08:45:00.000Z,3626.61,3630.42,3625.41,3626.15,3607
2025-09-11T09:00:00.000Z,3626,3626,3618.6,3618.7,4510
2025-09-11T09:15:00.000Z,3618.71,3619.38,3614.13,3617.1,5657
2025-09-11T09:30:00.000Z,3616.98,3620.86,3616.82,3619.32,3523
2025-09-11T09:45:00.000Z,3619.34,3622.68,3618.92,3621.81,3042
2025-09-11T10:00:00.000Z,3621.83,3622.37,3619.67,3621.92,2868
2025-09-11T10:15:00.000Z,3621.89,3623.71,3620.56,3620.99,2101
2025-09-11T10:30:00.000Z,3621.03,3624.86,3619.85,3622.43,3250
2025-09-11T10:45:00.000Z,3622.44,3623.88,3620.98,3621.87,2832
2025-09-11T11:00:00.000Z,3621.77,3622.13,3619.62,3620.4,3337
2025-09-11T11:15:00.000Z,3620.39,3621.45,3619.79,3621.17,2192
2025-09-11T11:30:00.000Z,3621.18,3621.47,3615.34,3615.65,3388
2025-09-11T11:45:00.000Z,3615.67,3618.1,3615.55,3616.76,3869
2025-09-11T12:00:00.000Z,3616.84,3620.38,3616.45,3619.83,4122
2025-09-11T12:15:00.000Z,3619.84,3626.24,3617.5,3623.72,5629
2025-09-11T12:30:00.000Z,3623.32,3643.88,3612.98,3637.07,12534
2025-09-11T12:45:00.000Z,3637.02,3637.23,3626.1,3628.9,9955
2025-09-11T13:00:00.000Z,3629.44,3637.04,3627.65,3634.06,9670
2025-09-11T13:15:00.000Z,3634.06,3634.32,3620.54,3621.37,10586
2025-09-11T13:30:00.000Z,3621.87,3630.6,3618.33,3628.72,10651
2025-09-11T13:45:00.000Z,3628.83,3633.39,3626.7,3630.16,8497
2025-09-11T14:00:00.000Z,3630.04,3633.93,3626.05,3633.16,9020
2025-09-11T14:15:00.000Z,3633.24,3637.79,3632.53,3634.88,7883
2025-09-11T14:30:00.000Z,3635.04,3635.39,3626.9,3626.9,7290
2025-09-11T14:45:00.000Z,3626.87,3630.71,3626.87,3629.51,6039
2025-09-11T15:00:00.000Z,3629.54,3633.96,3629.54,3633.96,5800
2025-09-11T15:15:00.000Z,3633.98,3638.94,3633.62,3636.63,6042
2025-09-11T15:30:00.000Z,3636.45,3638.02,3633.48,3634.49,4565
2025-09-11T15:45:00.000Z,3634.54,3634.54,3631.25,3633.08,4650
2025-09-11T16:00:00.000Z,3633.05,3641.93,3633.05,3640.06,6204
2025-09-11T16:15:00.000Z,3640.05,3641.01,3636.23,3637.17,5231
2025-09-11T16:30:00.000Z,3637.27,3639.07,3634.57,3635.43,4827
2025-09-11T16:45:00.000Z,3635.39,3637.32,3633.64,3636.14,3954
2025-09-11T17:00:00.000Z,3636.25,3636.53,3631.78,3632.73,4226
2025-09-11T17:15:00.000Z,3632.74,3636.02,3632.73,3634.72,3927
2025-09-11T17:30:00.000Z,3635.08,3636.57,3634.19,3634.71,4163
2025-09-11T17:45:00.000Z,3634.69,3636.18,3633.53,3634.99,3177
2025-09-11T18:00:00.000Z,3635.08,3637.04,3633.95,3634.37,2686
2025-09-11T18:15:00.000Z,3634.36,3634.75,3631.9,3632.04,3716
2025-09-11T18:30:00.000Z,3632.05,3632.81,3630.36,3632.04,3741
2025-09-11T18:45:00.000Z,3632.02,3633.5,3631.71,3632.25,3029
2025-09-11T19:00:00.000Z,3632.3,3636.05,3632.11,3634.33,3276
2025-09-11T19:15:00.000Z,3634.32,3637.03,3633.74,3634.7,3064
2025-09-11T19:30:00.000Z,3634.71,3637.36,3634.3,3636.47,3270
2025-09-11T19:45:00.000Z,3636.49,3637.44,3635.82,3636.93,3508
2025-09-11T20:00:00.000Z,3636.87,3637.63,3635.18,3635.85,1461
2025-09-11T20:15:00.000Z,3635.92,3636.33,3634.79,3635.1,875
2025-09-11T20:30:00.000Z,3634.96,3635.3,3633.08,3633.59,695
2025-09-11T20:45:00.000Z,3633.59,3634.35,3632.97,3633.86,918
2025-09-11T22:00:00.000Z,3633.24,3636.79,3633.22,3636.79,806
2025-09-11T22:15:00.000Z,3637.03,3638.18,3636.32,3637.06,784
2025-09-11T22:30:00.000Z,3636.92,3636.94,3635.02,3635.09,811
2025-09-11T22:45:00.000Z,3635.08,3635.42,3633.05,3634.76,906
2025-09-11T23:00:00.000Z,3634.81,3636.03,3633.23,3633.88,1129
2025-09-11T23:15:00.000Z,3633.85,3635.29,3633.48,3635.22,732
2025-09-11T23:30:00.000Z,3635.17,3635.7,3634.19,3634.85,1173
2025-09-11T23:45:00.000Z,3634.88,3634.88,3631.46,3631.78,1320
2025-09-12T00:00:00.000Z,3631.56,3633.76,3631.56,3633.26,2259
2025-09-12T00:15:00.000Z,3633.35,3633.77,3630.71,3631.19,2989
2025-09-12T00:30:00.000Z,3631.26,3633.59,3630.45,3633.59,2368
2025-09-12T00:45:00.000Z,3633.64,3637.91,3633.64,3636.4,2861
2025-09-12T01:00:00.000Z,3636.53,3643.89,3636.43,3642.78,5832
2025-09-12T01:15:00.000Z,3642.82,3643.31,3638.87,3642.64,4342
2025-09-12T01:30:00.000Z,3642.69,3646.67,3642.41,3645.61,6083
2025-09-12T01:45:00.000Z,3645.74,3647.48,3643.84,3646.27,6109
2025-09-12T02:00:00.000Z,3646.27,3649.62,3644.84,3647.35,5195
2025-09-12T02:15:00.000Z,3647.46,3650.03,3647.07,3649.8,2693
2025-09-12T02:30:00.000Z,3649.78,3650.39,3647.03,3647.61,3080
2025-09-12T02:45:00.000Z,3647.62,3650.76,3646.06,3648.9,4545
2025-09-12T03:00:00.000Z,3648.89,3650.3,3646.51,3650,4839
2025-09-12T03:15:00.000Z,3650.05,3652.32,3649.31,3650.57,3300
2025-09-12T03:30:00.000Z,3650.38,3651.73,3650.19,3651.24,1579
2025-09-12T03:45:00.000Z,3651.34,3653.13,3650.39,3652.85,1750
2025-09-12T04:00:00.000Z,3652.73,3654.19,3651.4,3653.36,2084
2025-09-12T04:15:00.000Z,3653.35,3654.81,3652.95,3654.6,1584
2025-09-12T04:30:00.000Z,3654.76,3655.35,3653.71,3654.56,2219
2025-09-12T04:45:00.000Z,3654.55,3656.03,3654.08,3654.86,2108
2025-09-12T05:00:00.000Z,3654.84,3656.2,3653.83,3655.97,1474
2025-09-12T05:15:00.000Z,3655.96,3656.57,3652.74,3652.85,2098
2025-09-12T05:30:00.000Z,3652.81,3655.68,3652.05,3654.78,3751
2025-09-12T05:45:00.000Z,3654.85,3655.08,3651.95,3653.06,3850
2025-09-12T06:00:00.000Z,3653.07,3653.63,3651.16,3653.33,3885
2025-09-12T06:15:00.000Z,3653.35,3654.07,3649.33,3650.78,2955
2025-09-12T06:30:00.000Z,3650.83,3652.34,3648.4,3649.38,3254
2025-09-12T06:45:00.000Z,3649.19,3650.86,3648.24,3650.46,2919
2025-09-12T07:00:00.000Z,3650.48,3653.78,3649.42,3652.42,3729
2025-09-12T07:15:00.000Z,3652.43,3653.05,3650.51,3652.55,2739
2025-09-12T07:30:00.000Z,3652.44,3652.44,3648.08,3648.35,3210
2025-09-12T07:45:00.000Z,3648.36,3649.79,3647.77,3648.32,2682
2025-09-12T08:00:00.000Z,3648.14,3651.19,3642.93,3643.63,4289
2025-09-12T08:15:00.000Z,3643.52,3645.92,3642.62,3645.1,4668
2025-09-12T08:30:00.000Z,3645.05,3645.65,3643.32,3644.99,3209
2025-09-12T08:45:00.000Z,3645.02,3646.1,3639.63,3641,5240
2025-09-12T09:00:00.000Z,3640.86,3645.55,3637.62,3639.55,5658
2025-09-12T09:15:00.000Z,3639.5,3646.33,3639.48,3646.2,3645
2025-09-12T09:30:00.000Z,3646,3646.96,3642.6,3644.55,3299
2025-09-12T09:45:00.000Z,3644.49,3646.97,3643.73,3646.46,2514
2025-09-12T10:00:00.000Z,3646.47,3648.11,3646.22,3648.03,3002
2025-09-12T10:15:00.000Z,3648.05,3651.42,3647.24,3650.8,3024
2025-09-12T10:30:00.000Z,3650.81,3651.15,3649.32,3649.71,2585
2025-09-12T10:45:00.000Z,3649.65,3652.06,3648.93,3651.15,2641
2025-09-12T11:00:00.000Z,3651.12,3651.98,3649.01,3649.55,2840
2025-09-12T11:15:00.000Z,3649.54,3651.32,3647.82,3648.24,2781
2025-09-12T11:30:00.000Z,3648.27,3649.23,3647.2,3648.06,2810
2025-09-12T11:45:00.000Z,3648.1,3649.34,3646.77,3646.97,3106
2025-09-12T12:00:00.000Z,3647,3648.89,3644.21,3645.88,4150
2025-09-12T12:15:00.000Z,3645.87,3647.23,3640.02,3642.46,5292
2025-09-12T12:30:00.000Z,3642.52,3643.83,3638.23,3638.88,6512
2025-09-12T12:45:00.000Z,3638.86,3645.91,3638.26,3645.36,5885
2025-09-12T13:00:00.000Z,3645.32,3650.06,3643.21,3649.2,6672
2025-09-12T13:15:00.000Z,3649.24,3650.63,3647.65,3648.79,4843
2025-09-12T13:30:00.000Z,3648.3,3652.44,3646.56,3650.91,8005
2025-09-12T13:45:00.000Z,3650.92,3652.5,3646.62,3650.41,5953
2025-09-12T14:00:00.000Z,3650.43,3653.24,3649.45,3652.06,6562
2025-09-12T14:15:00.000Z,3652.03,3654.23,3651.48,3652.67,5987
2025-09-12T14:30:00.000Z,3652.86,3653.48,3648.55,3649.82,4981
2025-09-12T14:45:00.000Z,3649.78,3649.99,3647.32,3647.95,4414
2025-09-12T15:00:00.000Z,3648.03,3648.23,3641.75,3644.03,6005
2025-09-12T15:15:00.000Z,3643.76,3645.76,3642.4,3644.35,4715
2025-09-12T15:30:00.000Z,3644.36,3647.18,3644.22,3646.83,3379
2025-09-12T15:45:00.000Z,3646.81,3646.95,3643.39,3644.37,3211
2025-09-12T16:00:00.000Z,3644.41,3645.27,3642.44,3643.58,3224
2025-09-12T16:15:00.000Z,3643.71,3646.99,3643.52,3646.71,2774
2025-09-12T16:30:00.000Z,3646.72,3647.47,3645.8,3647.23,2356
2025-09-12T16:45:00.000Z,3647.34,3649.57,3647.23,3649.15,2652
2025-09-12T17:00:00.000Z,3649.14,3650.23,3648.26,3649.89,2918
2025-09-12T17:15:00.000Z,3649.75,3650.64,3647.42,3647.77,2763
2025-09-12T17:30:00.000Z,3647.83,3650.04,3647.62,3649.35,2622
2025-09-12T17:45:00.000Z,3649.36,3649.94,3648.47,3648.71,2170
2025-09-12T18:00:00.000Z,3648.78,3648.85,3646.93,3648.44,2100
2025-09-12T18:15:00.000Z,3648.41,3649.02,3647.56,3648.01,2400
2025-09-12T18:30:00.000Z,3647.95,3649.42,3647.65,3648.77,2259
2025-09-12T18:45:00.000Z,3648.82,3649.01,3648.24,3648.35,1953
2025-09-12T19:00:00.000Z,3648.34,3648.4,3646.65,3647.1,1826
2025-09-12T19:15:00.000Z,3647.13,3647.5,3645.89,3645.97,2020
2025-09-12T19:30:00.000Z,3645.98,3646.54,3644.73,3645.77,2948
2025-09-12T19:45:00.000Z,3645.8,3646.78,3643.55,3644.15,3222
2025-09-12T20:00:00.000Z,3644.09,3645.44,3641.73,3642.09,3194
2025-09-12T20:15:00.000Z,3642.1,3643.05,3641.64,3642.62,2263
2025-09-12T20:30:00.000Z,3642.61,3642.79,3641.13,3642.11,1127
2025-09-12T20:45:00.000Z,3642.1,3643.34,3641.8,3643.16,852
2025-09-14T22:00:00.000Z,3643.68,3646.22,3643.31,3643.7,2573
2025-09-14T22:15:00.000Z,3643.75,3644.08,3639.79,3642.43,1965
2025-09-14T22:30:00.000Z,3642.65,3642.72,3641.2,3641.27,1431
2025-09-14T22:45:00.000Z,3641.3,3642.23,3640.05,3642.1,1283
2025-09-14T23:00:00.000Z,3642.13,3642.13,3639.07,3639.72,1850
2025-09-14T23:15:00.000Z,3639.69,3639.91,3637.6,3639.15,1399
2025-09-14T23:30:00.000Z,3639.2,3639.38,3636.78,3637.72,2211
2025-09-14T23:45:00.000Z,3637.64,3638.41,3637.14,3638.09,958
2025-09-15T00:00:00.000Z,3638.06,3641.63,3634.8,3641.19,3871
2025-09-15T00:15:00.000Z,3641.19,3642.48,3639.07,3639.32,2709
2025-09-15T00:30:00.000Z,3639.27,3639.27,3633.53,3634.06,3767
2025-09-15T00:45:00.000Z,3634.09,3634.99,3632,3633.3,2644
2025-09-15T01:00:00.000Z,3633.27,3634.11,3626.42,3628.62,6932
2025-09-15T01:15:00.000Z,3628.55,3632.39,3626.63,3631.76,4374
2025-09-15T01:30:00.000Z,3631.69,3632.83,3628.68,3631.19,4118
2025-09-15T01:45:00.000Z,3631.2,3634.75,3629.83,3634.39,3729
2025-09-15T02:00:00.000Z,3634.4,3640.8,3634.24,3640.76,3808
2025-09-15T02:15:00.000Z,3640.73,3644.76,3640.66,3642.92,3109
2025-09-15T02:30:00.000Z,3642.89,3645.28,3641.77,3644.67,3108
2025-09-15T02:45:00.000Z,3644.34,3644.78,3639.8,3640.97,3979
2025-09-15T03:00:00.000Z,3640.98,3643.46,3640.05,3642.99,2754
2025-09-15T03:15:00.000Z,3642.94,3644.25,3641.03,3643.77,2745
2025-09-15T03:30:00.000Z,3643.78,3645.67,3643.21,3644.79,2859
2025-09-15T03:45:00.000Z,3644.76,3646.36,3644.6,3645.93,1907
2025-09-15T04:00:00.000Z,3645.92,3646.9,3645.09,3645.85,1643
2025-09-15T04:15:00.000Z,3645.77,3646.45,3644.27,3645.01,1748
2025-09-15T04:30:00.000Z,3645.06,3645.12,3644.05,3644.34,1286
2025-09-15T04:45:00.000Z,3644.35,3645.65,3643.52,3645.65,1359
2025-09-15T05:00:00.000Z,3645.61,3645.75,3642.53,3642.83,1648
2025-09-15T05:15:00.000Z,3642.82,3645.74,3642.27,3645.24,2394
2025-09-15T05:30:00.000Z,3645.2,3646.09,3643.34,3643.96,2514
2025-09-15T05:45:00.000Z,3644,3644.74,3643.37,3643.7,2288
2025-09-15T06:00:00.000Z,3643.65,3643.94,3641.73,3642.44,3160
2025-09-15T06:15:00.000Z,3642.52,3643.75,3640.33,3641.85,3508
2025-09-15T06:30:00.000Z,3641.69,3643.79,3638.69,3639.41,3493
2025-09-15T06:45:00.000Z,3639.42,3640.79,3636.56,3636.57,3152
2025-09-15T07:00:00.000Z,3636.54,3637.77,3633.94,3636.04,4403
2025-09-15T07:15:00.000Z,3636.03,3636.48,3633.62,3636.27,3526
2025-09-15T07:30:00.000Z,3636.19,3642.1,3636.04,3641.19,3840
2025-09-15T07:45:00.000Z,3641.13,3644.92,3639.6,3643.79,3420
2025-09-15T08:00:00.000Z,3643.68,3645.12,3641.43,3641.61,3663
2025-09-15T08:15:00.000Z,3641.62,3643.08,3641.05,3641.7,2873
2025-09-15T08:30:00.000Z,3641.69,3643.06,3641.22,3641.86,2440
2025-09-15T08:45:00.000Z,3641.82,3645.66,3640.84,3645.38,2978
2025-09-15T09:00:00.000Z,3645.39,3645.87,3642.9,3644.6,2655
2025-09-15T09:15:00.000Z,3644.61,3645.11,3639.49,3640.32,3009
2025-09-15T09:30:00.000Z,3640.3,3640.37,3635.67,3637.7,4325
2025-09-15T09:45:00.000Z,3637.53,3641.64,3635.85,3641.18,3366
2025-09-15T10:00:00.000Z,3641.2,3644.6,3641.1,3644.38,3562
2025-09-15T10:15:00.000Z,3644.39,3646.32,3644.01,3645.88,3369
2025-09-15T10:30:00.000Z,3645.89,3646.3,3642.15,3642.63,3206
2025-09-15T10:45:00.000Z,3642.64,3642.97,3639.12,3639.92,3885
2025-09-15T11:00:00.000Z,3640.17,3643.03,3639,3643.02,3398
2025-09-15T11:15:00.000Z,3642.99,3645.89,3642.8,3644.49,3022
2025-09-15T11:30:00.000Z,3644.45,3646.55,3643.71,3646.44,3330
2025-09-15T11:45:00.000Z,3646.47,3646.74,3642.26,3642.57,3874
2025-09-15T12:00:00.000Z,3642.6,3643.55,3640.04,3640.58,4498
2025-09-15T12:15:00.000Z,3640.59,3640.71,3636.84,3638.21,5298
2025-09-15T12:30:00.000Z,3638.56,3644.85,3638.03,3644.65,5486
2025-09-15T12:45:00.000Z,3644.9,3650.87,3643.77,3650.27,6396
2025-09-15T13:00:00.000Z,3650.2,3651.07,3646.86,3649.54,5775
2025-09-15T13:15:00.000Z,3649.51,3653.8,3648.14,3653.72,4921
2025-09-15T13:30:00.000Z,3653.63,3664.17,3652.81,3662.83,8050
2025-09-15T13:45:00.000Z,3662.82,3663.94,3656.31,3657.06,6884
2025-09-15T14:00:00.000Z,3657.04,3660.87,3653.89,3659.95,6921
2025-09-15T14:15:00.000Z,3659.96,3660.27,3655.98,3657.74,5163
2025-09-15T14:30:00.000Z,3657.69,3661.98,3656.89,3661.84,5256
2025-09-15T14:45:00.000Z,3661.88,3663.84,3660.51,3663.46,3731
2025-09-15T15:00:00.000Z,3663.56,3665.77,3663.01,3664.77,4742
2025-09-15T15:15:00.000Z,3664.8,3667.65,3663.89,3667.32,4060
2025-09-15T15:30:00.000Z,3667.33,3668.97,3665.97,3668.45,3879
2025-09-15T15:45:00.000Z,3668.36,3681.79,3668.36,3680.38,7696
2025-09-15T16:00:00.000Z,3680.35,3682.33,3677.39,3680.86,5450
2025-09-15T16:15:00.000Z,3680.9,3684.47,3679.4,3684.13,4637
2025-09-15T16:30:00.000Z,3684.19,3685.56,3676.7,3678.77,5426
2025-09-15T16:45:00.000Z,3678.78,3680.79,3674.72,3679.16,4515
2025-09-15T17:00:00.000Z,3679.19,3681.63,3679.09,3679.61,3678
2025-09-15T17:15:00.000Z,3679.65,3681.1,3678.59,3679.98,3284
2025-09-15T17:30:00.000Z,3680.09,3682.56,3679.66,3680.51,3429
2025-09-15T17:45:00.000Z,3680.54,3682.13,3679.89,3681.62,3438
2025-09-15T18:00:00.000Z,3681.59,3682.03,3678.41,3678.59,2819
2025-09-15T18:15:00.000Z,3678.56,3680.35,3677.47,3680.01,2611
2025-09-15T18:30:00.000Z,3680,3680.59,3675.83,3678.3,2923
2025-09-15T18:45:00.000Z,3678.32,3678.62,3675.78,3676.86,3728
2025-09-15T19:00:00.000Z,3676.87,3680.21,3676.6,3680.05,2796
2025-09-15T19:15:00.000Z,3679.99,3680.73,3679.03,3679.28,2776
2025-09-15T19:30:00.000Z,3679.25,3682,3679.2,3682,2956
2025-09-15T19:45:00.000Z,3681.99,3682.69,3680.67,3680.92,4533
2025-09-15T20:00:00.000Z,3680.93,3681.95,3679.1,3681.12,2659
2025-09-15T20:15:00.000Z,3681.11,3681.64,3680.42,3680.53,1432
2025-09-15T20:30:00.000Z,3680.51,3681.2,3679.8,3681.08,1278
2025-09-15T20:45:00.000Z,3681.03,3681.06,3678.22,3679.12,1281
2025-09-15T22:00:00.000Z,3679.64,3681.3,3676.33,3677.96,1691
2025-09-15T22:15:00.000Z,3677.94,3678.79,3676.39,3678.75,1757
2025-09-15T22:30:00.000Z,3678.83,3679.83,3678.01,3678.4,1358
2025-09-15T22:45:00.000Z,3678.37,3678.97,3677.79,3678.84,1024
2025-09-15T23:00:00.000Z,3678.85,3680.21,3678.65,3679.52,999
2025-09-15T23:15:00.000Z,3679.53,3680.38,3677.93,3678.88,1150
2025-09-15T23:30:00.000Z,3678.89,3678.89,3678.04,3678.26,1038
2025-09-15T23:45:00.000Z,3678.32,3678.32,3676.14,3676.87,2146
2025-09-16T00:00:00.000Z,3676.78,3679.64,3676.24,3679.45,3371
2025-09-16T00:15:00.000Z,3679.44,3683.65,3679.03,3683.52,3020
2025-09-16T00:30:00.000Z,3683.53,3685.21,3682.21,3684.22,3041
2025-09-16T00:45:00.000Z,3684.22,3686.97,3682.16,3686.33,3249
2025-09-16T01:00:00.000Z,3686.31,3689.47,3679.1,3680.08,6928
2025-09-16T01:15:00.000Z,3680.04,3680.46,3677.02,3678.43,4733
2025-09-16T01:30:00.000Z,3678.3,3681.67,3677.57,3677.75,4492
2025-09-16T01:45:00.000Z,3677.79,3679.43,3677.25,3679.34,3603
2025-09-16T02:00:00.000Z,3679.22,3682.63,3678.64,3681.75,3974
2025-09-16T02:15:00.000Z,3681.76,3682.2,3680.22,3680.9,2235
2025-09-16T02:30:00.000Z,3680.94,3681.11,3676.33,3677.92,5189
2025-09-16T02:45:00.000Z,3677.91,3680.35,3674.52,3677.63,5341
2025-09-16T03:00:00.000Z,3677.49,3680.56,3676.95,3680.54,3904
2025-09-16T03:15:00.000Z,3680.53,3681.95,3680.15,3681.79,3020
2025-09-16T03:30:00.000Z,3681.8,3683.03,3680.6,3681.34,2698
2025-09-16T03:45:00.000Z,3681.43,3681.96,3680.43,3680.96,1746
2025-09-16T04:00:00.000Z,3680.97,3682.47,3680.45,3682.36,1644
2025-09-16T04:15:00.000Z,3682.33,3683.44,3681.35,3681.92,1542
2025-09-16T04:30:00.000Z,3681.9,3682.8,3680.08,3682.56,1670
2025-09-16T04:45:00.000Z,3682.56,3685.24,3682.18,3684.2,2163
2025-09-16T05:00:00.000Z,3684.15,3684.4,3682.76,3684.04,2221
2025-09-16T05:15:00.000Z,3684.06,3684.44,3683.24,3684.13,1787
2025-09-16T05:30:00.000Z,3684.15,3684.43,3681.34,3681.38,2941
2025-09-16T05:45:00.000Z,3681.36,3683.14,3680.18,3682.65,2855
2025-09-16T06:00:00.000Z,3682.83,3684.64,3681.71,3682.8,3649
2025-09-16T06:15:00.000Z,3682.81,3686.96,3682.43,3685.28,3302
2025-09-16T06:30:00.000Z,3685.09,3689.88,3684.15,3689.88,3799
2025-09-16T06:45:00.000Z,3689.86,3694.11,3688.1,3693.35,4914
2025-09-16T07:00:00.000Z,3693.32,3694.03,3689.64,3692.58,4749
2025-09-16T07:15:00.000Z,3692.64,3693.36,3690.3,3691.73,3373
2025-09-16T07:30:00.000Z,3691.76,3692.49,3687.04,3688.21,3677
2025-09-16T07:45:00.000Z,3688.09,3689.44,3686.24,3686.5,3564
2025-09-16T08:00:00.000Z,3686.38,3696.08,3686.22,3695.93,4030
2025-09-16T08:15:00.000Z,3695.9,3697.13,3693.77,3694.65,4204
2025-09-16T08:30:00.000Z,3694.64,3695.37,3691.74,3695.23,2937
2025-09-16T08:45:00.000Z,3695.27,3696.09,3693.69,3694.28,2688
2025-09-16T09:00:00.000Z,3694.25,3695.73,3692.95,3694.98,2493
2025-09-16T09:15:00.000Z,3694.96,3697.85,3694.25,3695.04,3310
2025-09-16T09:30:00.000Z,3695.08,3697.11,3694.6,3696.41,2978
2025-09-16T09:45:00.000Z,3696.24,3698.88,3696.12,3698.31,3271
2025-09-16T10:00:00.000Z,3698.25,3698.69,3695.94,3696.43,2651
2025-09-16T10:15:00.000Z,3696.44,3697.77,3696.06,3697.38,2416
2025-09-16T10:30:00.000Z,3697.37,3697.56,3693.81,3694.35,3121
2025-09-16T10:45:00.000Z,3694.34,3695.73,3692.77,3693.13,3221
2025-09-16T11:00:00.000Z,3693.17,3694.76,3691.51,3692.69,3779
2025-09-16T11:15:00.000Z,3692.73,3692.94,3690.48,3692.66,3077
2025-09-16T11:30:00.000Z,3692.69,3696.56,3692.11,3696.47,4515
2025-09-16T11:45:00.000Z,3696.44,3699.38,3695.53,3697.05,4652
2025-09-16T12:00:00.000Z,3697.19,3697.35,3693.67,3694.22,4518
2025-09-16T12:15:00.000Z,3694.24,3696.05,3691.04,3691.15,5323
2025-09-16T12:30:00.000Z,3691.25,3692.99,3686.45,3689.4,7592
2025-09-16T12:45:00.000Z,3689.36,3690.49,3687.72,3689.2,6310
2025-09-16T13:00:00.000Z,3689.17,3689.36,3685.42,3687.9,6206
2025-09-16T13:15:00.000Z,3687.88,3694.46,3685.14,3694.23,6282
2025-09-16T13:30:00.000Z,3694.37,3698.47,3692,3693.1,9319
2025-09-16T13:45:00.000Z,3693.23,3698.39,3693.18,3695.64,7722
2025-09-16T14:00:00.000Z,3695.67,3699.48,3693.68,3699.43,8540
2025-09-16T14:15:00.000Z,3699.34,3703.08,3691.97,3692.79,9069
2025-09-16T14:30:00.000Z,3692.74,3695.91,3688.85,3689.39,9767
2025-09-16T14:45:00.000Z,3689.31,3691.02,3685.69,3686.3,8068
2025-09-16T15:00:00.000Z,3686.37,3687.97,3679.96,3684.28,8996
2025-09-16T15:15:00.000Z,3684.05,3688.91,3681.66,3682,7211
2025-09-16T15:30:00.000Z,3682.14,3682.51,3678.82,3680.2,7234
2025-09-16T15:45:00.000Z,3680.24,3686.95,3680.09,3686.22,5631
2025-09-16T16:00:00.000Z,3686.25,3687.83,3684.63,3687.21,4962
2025-09-16T16:15:00.000Z,3687.19,3689.9,3686.58,3689.1,4932
2025-09-16T16:30:00.000Z,3689.05,3691.11,3686.25,3686.56,4887
2025-09-16T16:45:00.000Z,3686.57,3691.18,3686.57,3689.65,5556
2025-09-16T17:00:00.000Z,3689.7,3690.93,3686.88,3688.23,4863
2025-09-16T17:15:00.000Z,3688.3,3689.24,3687.03,3688.42,4745
2025-09-16T17:30:00.000Z,3688.76,3689.19,3686.27,3687.03,4897
2025-09-16T17:45:00.000Z,3686.97,3689.08,3686.92,3687.64,4326
2025-09-16T18:00:00.000Z,3687.62,3688.68,3686.4,3688.37,4453
2025-09-16T18:15:00.000Z,3688.42,3689.18,3687.41,3688.87,4227
2025-09-16T18:30:00.000Z,3688.81,3689.45,3688.38,3688.92,2482
2025-09-16T18:45:00.000Z,3688.91,3690.88,3688.59,3690.59,2834
2025-09-16T19:00:00.000Z,3690.6,3690.86,3688.99,3690.86,2800
2025-09-16T19:15:00.000Z,3690.88,3690.97,3688.76,3688.78,1963
2025-09-16T19:30:00.000Z,3688.62,3689.46,3687.67,3689.23,2901
2025-09-16T19:45:00.000Z,3689.22,3690.69,3689.16,3689.56,3201
2025-09-16T20:00:00.000Z,3689.52,3692.63,3689.49,3692.56,1109
2025-09-16T20:15:00.000Z,3692.56,3693.62,3692.42,3693.55,1111
2025-09-16T20:30:00.000Z,3693.6,3693.72,3692.04,3692.53,1136
2025-09-16T20:45:00.000Z,3692.4,3692.4,3689.23,3689.8,1301
2025-09-16T22:00:00.000Z,3689.06,3691.39,3688.75,3691.31,709
2025-09-16T22:15:00.000Z,3691.32,3691.61,3690.67,3690.99,789
2025-09-16T22:30:00.000Z,3690.95,3692.67,3690.9,3692.56,850
2025-09-16T22:45:00.000Z,3692.56,3692.76,3691.02,3691.87,1352
2025-09-16T23:00:00.000Z,3691.9,3694.85,3691.67,3694.2,1719
2025-09-16T23:15:00.000Z,3694.17,3694.87,3693.44,3694.44,1191
2025-09-16T23:30:00.000Z,3694.5,3694.64,3693.27,3693.27,871
2025-09-16T23:45:00.000Z,3693.38,3695.07,3692.5,3694.16,1941
2025-09-17T00:00:00.000Z,3694.15,3695.22,3692.35,3694.98,2696
2025-09-17T00:15:00.000Z,3695.02,3695.17,3692.43,3693.67,1487
2025-09-17T00:30:00.000Z,3693.63,3694.04,3692.73,3692.73,1894
2025-09-17T00:45:00.000Z,3692.73,3692.73,3691.03,3691.19,2294
2025-09-17T01:00:00.000Z,3691.12,3691.93,3690.01,3690.94,3961
2025-09-17T01:15:00.000Z,3690.93,3691.03,3685.81,3685.81,4608
2025-09-17T01:30:00.000Z,3685.8,3685.92,3676.46,3677.61,8815
2025-09-17T01:45:00.000Z,3677.66,3681.01,3675.97,3679.45,7072
2025-09-17T02:00:00.000Z,3679.32,3681.5,3676.14,3681.23,6022
2025-09-17T02:15:00.000Z,3681.27,3681.66,3677.38,3677.38,4209
2025-09-17T02:30:00.000Z,3677.33,3681.22,3674.2,3680.94,5926
2025-09-17T02:45:00.000Z,3681.06,3683.75,3680.38,3682.04,4695
2025-09-17T03:00:00.000Z,3682.07,3682.98,3679.77,3681.7,2929
2025-09-17T03:15:00.000Z,3681.79,3683.38,3680.82,3681.21,2990
2025-09-17T03:30:00.000Z,3681.18,3682.32,3680.99,3682.1,1722
2025-09-17T03:45:00.000Z,3682.07,3682.48,3680.59,3681.66,1364
2025-09-17T04:00:00.000Z,3681.72,3682.43,3681.14,3681.98,1008
2025-09-17T04:15:00.000Z,3682.1,3682.27,3680.86,3681.05,1200
2025-09-17T04:30:00.000Z,3680.9,3681.92,3680.62,3681.48,1345
2025-09-17T04:45:00.000Z,3681.48,3681.7,3680.29,3680.66,1607
2025-09-17T05:00:00.000Z,3680.67,3685.77,3680.6,3683.44,3507
2025-09-17T05:15:00.000Z,3683.38,3684.09,3679.05,3680.68,3673
2025-09-17T05:30:00.000Z,3680.69,3681.77,3675.74,3678.76,4815
2025-09-17T05:45:00.000Z,3678.65,3679.8,3677.33,3679.1,3300
2025-09-17T06:00:00.000Z,3679.96,3679.96,3674.82,3675.85,3991
2025-09-17T06:15:00.000Z,3675.83,3679.02,3675.19,3675.84,3644
2025-09-17T06:30:00.000Z,3675.77,3676.78,3670.41,3671.39,4550
2025-09-17T06:45:00.000Z,3671.37,3676.55,3671,3675.01,5414
2025-09-17T07:00:00.000Z,3675.05,3677.22,3670.27,3671.17,5289
2025-09-17T07:15:00.000Z,3671.04,3671.46,3666.82,3667.51,4502
2025-09-17T07:30:00.000Z,3667.43,3671.19,3666.52,3670.42,4146
2025-09-17T07:45:00.000Z,3670.57,3670.96,3666.75,3667.04,3400
2025-09-17T08:00:00.000Z,3667.02,3667.22,3664.39,3665.26,4399
2025-09-17T08:15:00.000Z,3665.24,3666.99,3663.25,3666.85,4373
2025-09-17T08:30:00.000Z,3666.84,3667.86,3662.59,3663.97,4679
2025-09-17T08:45:00.000Z,3663.99,3666.73,3663.55,3664.77,4133
2025-09-17T09:00:00.000Z,3664.76,3668.79,3663.83,3668.33,4334
2025-09-17T09:15:00.000Z,3668.33,3670.83,3668.16,3668.61,3907
2025-09-17T09:30:00.000Z,3668.6,3670.03,3667.02,3668.02,3691
2025-09-17T09:45:00.000Z,3668.04,3669.45,3667.35,3667.81,2967
2025-09-17T10:00:00.000Z,3667.75,3669.7,3660.64,3665.06,5540
2025-09-17T10:15:00.000Z,3665.12,3667.91,3665.11,3666.91,4354
2025-09-17T10:30:00.000Z,3666.9,3666.9,3664.4,3666.23,3780
2025-09-17T10:45:00.000Z,3666.35,3667.2,3660.33,3661.39,5622
2025-09-17T11:00:00.000Z,3661.33,3665.13,3659.97,3662.89,5457
2025-09-17T11:15:00.000Z,3662.9,3668.11,3662.4,3667.96,4835
2025-09-17T11:30:00.000Z,3667.94,3668.55,3665.7,3667.91,4597
2025-09-17T11:45:00.000Z,3667.92,3669.84,3664.46,3665.91,5759
2025-09-17T12:00:00.000Z,3665.96,3671.6,3665.62,3669.47,5495
2025-09-17T12:15:00.000Z,3669.46,3671.9,3669.28,3670.57,5060
2025-09-17T12:30:00.000Z,3670.37,3675.22,3669.96,3674.63,5220
2025-09-17T12:45:00.000Z,3674.65,3679.28,3674.42,3678.63,5313
2025-09-17T13:00:00.000Z,3678.69,3679.32,3672.83,3678.43,7392
2025-09-17T13:15:00.000Z,3678.52,3679.24,3674.01,3676.57,5711
2025-09-17T13:30:00.000Z,3676.56,3682.56,3676.37,3679.11,8324
2025-09-17T13:45:00.000Z,3679.26,3679.81,3676.3,3678.76,7486
2025-09-17T14:00:00.000Z,3678.64,3684.29,3676.85,3684.04,7051
2025-09-17T14:15:00.000Z,3684.12,3685.17,3681.78,3683.02,6202
2025-09-17T14:30:00.000Z,3682.99,3685.61,3682.74,3685.36,5271
2025-09-17T14:45:00.000Z,3685.24,3686.05,3682.41,3684.21,5731
2025-09-17T15:00:00.000Z,3684.17,3687.09,3683.43,3685.36,5259
2025-09-17T15:15:00.000Z,3685.39,3686.38,3684.36,3685.29,4532
2025-09-17T15:30:00.000Z,3685.28,3687.08,3684.52,3684.83,4177
2025-09-17T15:45:00.000Z,3684.84,3685.22,3682.79,3684.16,3763
2025-09-17T16:00:00.000Z,3684.14,3686.97,3684.13,3685.77,3447
2025-09-17T16:15:00.000Z,3685.74,3688.52,3685.61,3687.92,3148
2025-09-17T16:30:00.000Z,3687.93,3688.09,3686.06,3686.16,3028
2025-09-17T16:45:00.000Z,3686.17,3687.16,3683.98,3684.7,3737
2025-09-17T17:00:00.000Z,3684.74,3684.8,3682.09,3683.31,3501
2025-09-17T17:15:00.000Z,3683.3,3683.59,3678.59,3682.65,5350
2025-09-17T17:30:00.000Z,3682.71,3685.29,3682.37,3684.44,3802
2025-09-17T17:45:00.000Z,3684.45,3687.71,3684.45,3686.12,3956
2025-09-17T18:00:00.000Z,3691.95,3707.38,3657.45,3687.83,13243
2025-09-17T18:15:00.000Z,3687.82,3692.41,3679.48,3682.33,12929
2025-09-17T18:30:00.000Z,3682.84,3684.67,3660.01,3663.45,14122
2025-09-17T18:45:00.000Z,3663.46,3664.1,3646.14,3650.28,13724
2025-09-17T19:00:00.000Z,3650.64,3664.29,3646.16,3650.77,12667
2025-09-17T19:15:00.000Z,3650.9,3666.85,3648.45,3663.97,11926
2025-09-17T19:30:00.000Z,3663.88,3665.53,3657.58,3661.74,10224
2025-09-17T19:45:00.000Z,3661.67,3663.04,3655.52,3661.82,9128
2025-09-17T20:00:00.000Z,3661.48,3661.67,3658.24,3659.01,3232
2025-09-17T20:15:00.000Z,3659,3660.28,3656.27,3659.1,3361
2025-09-17T20:30:00.000Z,3658.74,3660.26,3657.11,3657.56,1680
2025-09-17T20:45:00.000Z,3657.72,3659.83,3657.72,3659.14,1731
2025-09-17T22:00:00.000Z,3658.44,3665.02,3654.12,3663.33,2891
2025-09-17T22:15:00.000Z,3663.29,3665.27,3661.45,3664.06,1907
2025-09-17T22:30:00.000Z,3664.04,3664.37,3661.02,3663.96,1981
2025-09-17T22:45:00.000Z,3663.96,3664.05,3662.39,3662.81,1622
2025-09-17T23:00:00.000Z,3662.8,3667.4,3662.06,3667.38,2473
2025-09-17T23:15:00.000Z,3667.43,3671.97,3667.05,3671.06,2858
2025-09-17T23:30:00.000Z,3671.07,3671.17,3667.74,3669.52,2157
2025-09-17T23:45:00.000Z,3669.53,3670.69,3668.81,3669.08,1662
2025-09-18T00:00:00.000Z,3669.57,3669.92,3661.35,3663.96,4320
2025-09-18T00:15:00.000Z,3663.93,3665.61,3661.63,3662.22,3135
2025-09-18T00:30:00.000Z,3662.21,3663.41,3658.04,3659.91,3948
2025-09-18T00:45:00.000Z,3659.89,3665.59,3659.68,3665.16,3963
2025-09-18T01:00:00.000Z,3665.26,3668.64,3655.13,3661.08,8697
2025-09-18T01:15:00.000Z,3661.02,3661.02,3653,3654.71,6884
2025-09-18T01:30:00.000Z,3654.72,3658.27,3651.77,3654.64,7605
2025-09-18T01:45:00.000Z,3654.64,3657.28,3652.34,3657.06,5214
2025-09-18T02:00:00.000Z,3657.1,3662.81,3655.39,3662.63,4564
2025-09-18T02:15:00.000Z,3662.61,3663.41,3661.01,3661.84,2301
2025-09-18T02:30:00.000Z,3661.9,3664.55,3659.65,3662.39,4853
2025-09-18T02:45:00.000Z,3662.24,3665.75,3661.98,3664.69,3220
2025-09-18T03:00:00.000Z,3664.65,3665.97,3661.23,3662.68,3351
2025-09-18T03:15:00.000Z,3662.69,3662.96,3660.81,3662.62,2746
2025-09-18T03:30:00.000Z,3662.63,3662.78,3660.37,3660.56,1591
2025-09-18T03:45:00.000Z,3660.61,3661.06,3657.74,3658.33,2349
2025-09-18T04:00:00.000Z,3658.44,3658.79,3656.69,3658.46,2445
2025-09-18T04:15:00.000Z,3658.46,3659.2,3657.8,3658,1854
2025-09-18T04:30:00.000Z,3658.01,3658.35,3655.16,3656.23,2723
2025-09-18T04:45:00.000Z,3656.2,3656.92,3653.38,3653.59,2985
2025-09-18T05:00:00.000Z,3653.6,3655.3,3651.88,3654.5,4196
2025-09-18T05:15:00.000Z,3654.55,3658.38,3654.39,3657.87,2289
2025-09-18T05:30:00.000Z,3657.86,3659.05,3651.78,3654.19,5250
2025-09-18T05:45:00.000Z,3654.21,3654.78,3649.41,3651.46,5565
2025-09-18T06:00:00.000Z,3651.44,3651.89,3633.87,3637.07,9542
2025-09-18T06:15:00.000Z,3637.09,3639.6,3634.19,3638.75,7582
2025-09-18T06:30:00.000Z,3638.74,3640.13,3635.55,3637.29,6063
2025-09-18T06:45:00.000Z,3637.25,3639.63,3636.53,3637.42,5122
2025-09-18T07:00:00.000Z,3637.53,3644.95,3635.47,3644.37,5520
2025-09-18T07:15:00.000Z,3644.46,3650.14,3643.6,3649.42,5300
2025-09-18T07:30:00.000Z,3649.44,3658.96,3648.18,3658.58,5427
2025-09-18T07:45:00.000Z,3658.61,3659.79,3656.9,3658.87,5346
2025-09-18T08:00:00.000Z,3658.94,3659.27,3653.89,3655.12,4577
2025-09-18T08:15:00.000Z,3655.18,3656.9,3653.66,3656.43,3018
2025-09-18T08:30:00.000Z,3656.42,3662.59,3655.19,3662.29,4590
2025-09-18T08:45:00.000Z,3662.34,3665.67,3661.36,3665.44,4158
2025-09-18T09:00:00.000Z,3665.42,3669.23,3664.53,3667.42,5199
2025-09-18T09:15:00.000Z,3667.4,3672.19,3665.81,3671.14,4636
2025-09-18T09:30:00.000Z,3671.14,3672.9,3669.85,3671.65,4379
2025-09-18T09:45:00.000Z,3671.69,3672.25,3669.75,3671.7,2969
2025-09-18T10:00:00.000Z,3671.67,3672.44,3667.41,3667.41,3734
2025-09-18T10:15:00.000Z,3667.42,3669.52,3665.55,3669.2,3708
2025-09-18T10:30:00.000Z,3669.24,3670.3,3665.62,3665.77,3338
2025-09-18T10:45:00.000Z,3665.83,3669.32,3665.56,3667.08,2717
2025-09-18T11:00:00.000Z,3667.25,3668.97,3665.64,3667.75,3934
2025-09-18T11:15:00.000Z,3667.68,3670.86,3665.87,3666.09,3601
2025-09-18T11:30:00.000Z,3666.11,3669.35,3664.35,3667.18,3802
2025-09-18T11:45:00.000Z,3667.19,3668.46,3664.95,3667.09,3787
2025-09-18T12:00:00.000Z,3667.18,3668.54,3665.99,3667.16,3942
2025-09-18T12:15:00.000Z,3667.1,3672.34,3666.25,3671.25,4547
2025-09-18T12:30:00.000Z,3671.24,3671.24,3664.58,3668.94,7021
2025-09-18T12:45:00.000Z,3668.96,3669.9,3662.92,3663.28,6029
2025-09-18T13:00:00.000Z,3663.24,3664.14,3655.52,3658.66,8463
2025-09-18T13:15:00.000Z,3658.77,3661.16,3651.73,3653.87,6912
2025-09-18T13:30:00.000Z,3653.92,3654.89,3629.78,3629.81,10995
2025-09-18T13:45:00.000Z,3630.05,3642.59,3628,3642.14,11059
2025-09-18T14:00:00.000Z,3642.21,3646.09,3638.44,3640.7,9665
2025-09-18T14:15:00.000Z,3640.73,3640.86,3634.39,3635.54,9316
2025-09-18T14:30:00.000Z,3635.52,3643.65,3635.24,3641.96,7504
2025-09-18T14:45:00.000Z,3641.99,3646.38,3638.16,3638.37,7342
2025-09-18T15:00:00.000Z,3638.41,3641.67,3636.81,3639.34,6803
2025-09-18T15:15:00.000Z,3639.32,3642.24,3638.31,3639.31,5225
2025-09-18T15:30:00.000Z,3639.3,3641.25,3638.79,3640.09,4311
2025-09-18T15:45:00.000Z,3640.09,3641.74,3638.89,3641.32,3799
2025-09-18T16:00:00.000Z,3641.31,3644.16,3640.81,3643.25,4653
2025-09-18T16:15:00.000Z,3643.28,3645.81,3643.03,3644.26,3706
2025-09-18T16:30:00.000Z,3644.19,3644.91,3643.33,3643.88,2659
2025-09-18T16:45:00.000Z,3643.96,3647.18,3643.44,3646.15,4034
2025-09-18T17:00:00.000Z,3646.15,3646.74,3643.76,3644.15,4674
2025-09-18T17:15:00.000Z,3644.16,3645.89,3643.46,3644.81,3759
2025-09-18T17:30:00.000Z,3645.09,3645.47,3643.52,3643.84,2958
2025-09-18T17:45:00.000Z,3643.82,3644.41,3643.29,3643.48,2034
2025-09-18T18:00:00.000Z,3643.49,3643.52,3640.31,3641.57,2911
2025-09-18T18:15:00.000Z,3641.56,3642.75,3641.09,3642.48,2221
2025-09-18T18:30:00.000Z,3642.47,3642.97,3641.53,3641.79,3094
2025-09-18T18:45:00.000Z,3641.8,3642.98,3641.26,3641.37,2386
2025-09-18T19:00:00.000Z,3641.36,3642.53,3640.62,3641.9,3293
2025-09-18T19:15:00.000Z,3641.87,3644.02,3641.6,3642.52,2462
2025-09-18T19:30:00.000Z,3642.52,3643.93,3642.41,3643.82,2088
2025-09-18T19:45:00.000Z,3643.86,3647.01,3643.18,3646.62,3810
2025-09-18T20:00:00.000Z,3646.64,3647.11,3645.12,3645.66,1334
2025-09-18T20:15:00.000Z,3645.71,3646.25,3645.19,3645.78,782
2025-09-18T20:30:00.000Z,3645.8,3646.03,3643.86,3644.35,951
2025-09-18T20:45:00.000Z,3644.4,3644.65,3643.55,3643.73,827
2025-09-18T22:00:00.000Z,3643.01,3644.15,3641.93,3642.67,1190
2025-09-18T22:15:00.000Z,3642.66,3643.23,3641.4,3641.51,813
2025-09-18T22:30:00.000Z,3641.51,3642.66,3641.46,3642.14,605
2025-09-18T22:45:00.000Z,3642.1,3642.28,3639.3,3640.13,1022
2025-09-18T23:00:00.000Z,3640.12,3641.77,3639.94,3640.62,1025
2025-09-18T23:15:00.000Z,3640.58,3640.83,3638.81,3639.19,1283
2025-09-18T23:30:00.000Z,3639.1,3639.82,3637.66,3638,1912
2025-09-18T23:45:00.000Z,3637.99,3640.28,3637.88,3640.1,1381
2025-09-19T00:00:00.000Z,3640.18,3642.65,3638.45,3639.34,2619
2025-09-19T00:15:00.000Z,3639.33,3639.82,3636.66,3638.07,3028
2025-09-19T00:30:00.000Z,3638.13,3638.85,3636.18,3638.46,2404
2025-09-19T00:45:00.000Z,3638.47,3641.16,3637.77,3640.04,2940
2025-09-19T01:00:00.000Z,3639.88,3651.16,3639.56,3648.21,5948
2025-09-19T01:15:00.000Z,3648.38,3650.33,3646.56,3647.54,4703
2025-09-19T01:30:00.000Z,3647.56,3648.35,3645.4,3646.16,3914
2025-09-19T01:45:00.000Z,3646.22,3646.54,3632.21,3639.75,6924
2025-09-19T02:00:00.000Z,3639.87,3647.11,3638.85,3646.72,5151
2025-09-19T02:15:00.000Z,3646.79,3646.9,3643.54,3645.57,3418
2025-09-19T02:30:00.000Z,3645.56,3647.55,3643.85,3646.31,4927
2025-09-19T02:45:00.000Z,3646.32,3650.02,3644.32,3647.21,4816
2025-09-19T03:00:00.000Z,3647.19,3647.94,3645.28,3647.06,2683
2025-09-19T03:15:00.000Z,3647.09,3655.01,3646.73,3653.84,4223
2025-09-19T03:30:00.000Z,3653.82,3655.4,3653.31,3655.24,3650
2025-09-19T03:45:00.000Z,3655.28,3656.13,3652.82,3653.6,4265
2025-09-19T04:00:00.000Z,3653.58,3659.48,3653.58,3658.96,3578
2025-09-19T04:15:00.000Z,3658.97,3659.94,3658.02,3659.21,2974
2025-09-19T04:30:00.000Z,3659.19,3659.41,3656.96,3658.62,2961
2025-09-19T04:45:00.000Z,3658.72,3659.63,3657.39,3658.75,2310
2025-09-19T05:00:00.000Z,3658.74,3661.09,3657.25,3657.66,3108
2025-09-19T05:15:00.000Z,3657.64,3659.67,3656.31,3658.44,2585
2025-09-19T05:30:00.000Z,3658.4,3658.64,3652.76,3655.83,5001
2025-09-19T05:45:00.000Z,3655.82,3656.83,3651.45,3652.44,3825
2025-09-19T06:00:00.000Z,3652.29,3654.1,3650.91,3651.77,4528
2025-09-19T06:15:00.000Z,3651.76,3652.11,3646.57,3650.34,4307
2025-09-19T06:30:00.000Z,3650.35,3651.09,3643.26,3647.87,5661
2025-09-19T06:45:00.000Z,3647.86,3648.63,3644.64,3646.99,4442
2025-09-19T07:00:00.000Z,3647.08,3650.56,3644.41,3649.38,4484
2025-09-19T07:15:00.000Z,3649.36,3653.87,3649.1,3652.85,3780
2025-09-19T07:30:00.000Z,3652.84,3653.99,3650.99,3652.51,3200
2025-09-19T07:45:00.000Z,3652.49,3657.55,3652.37,3653.94,3650
2025-09-19T08:00:00.000Z,3653.91,3655,3651.41,3651.77,3732
2025-09-19T08:15:00.000Z,3651.76,3653.78,3649.57,3652.49,3740
2025-09-19T08:30:00.000Z,3652.53,3655.71,3652.3,3654.13,3287
2025-09-19T08:45:00.000Z,3654.14,3656.54,3654.14,3655.68,2693
2025-09-19T09:00:00.000Z,3655.69,3657.51,3655.16,3656.39,2552
2025-09-19T09:15:00.000Z,3656.49,3658.49,3656.49,3656.54,2203
2025-09-19T09:30:00.000Z,3656.59,3657.96,3656.03,3657.61,2427
2025-09-19T09:45:00.000Z,3657.6,3658.7,3655.65,3658.48,2450
2025-09-19T10:00:00.000Z,3658.5,3658.73,3657.02,3658.52,1874
2025-09-19T10:15:00.000Z,3658.5,3659.13,3656.75,3656.87,1947
2025-09-19T10:30:00.000Z,3656.9,3657.92,3655.09,3656.96,2297
2025-09-19T10:45:00.000Z,3656.94,3657.56,3655.06,3655.87,1902
2025-09-19T11:00:00.000Z,3655.63,3655.8,3652.14,3652.66,3158
2025-09-19T11:15:00.000Z,3652.69,3653.45,3650.52,3650.81,3267
2025-09-19T11:30:00.000Z,3650.87,3651.62,3647.26,3647.64,3925
2025-09-19T11:45:00.000Z,3647.56,3649.24,3645.66,3648.4,4413
2025-09-19T12:00:00.000Z,3648.4,3651.07,3646.49,3650.65,4592
2025-09-19T12:15:00.000Z,3650.64,3651.82,3646.81,3647.58,4349
2025-09-19T12:30:00.000Z,3647.56,3649.39,3646.54,3647.27,4487
2025-09-19T12:45:00.000Z,3647.31,3649.7,3644.47,3649.22,3948
2025-09-19T13:00:00.000Z,3649.07,3653.6,3643.57,3653.45,6546
2025-09-19T13:15:00.000Z,3653.4,3655.89,3652.1,3655.89,5630
2025-09-19T13:30:00.000Z,3656.07,3658.85,3653.88,3656.7,7707
2025-09-19T13:45:00.000Z,3656.82,3664.38,3654.42,3663.3,6574
2025-09-19T14:00:00.000Z,3663.31,3664.16,3659.2,3660.45,7148
2025-09-19T14:15:00.000Z,3660.42,3664.43,3656.29,3663.94,7461
2025-09-19T14:30:00.000Z,3664.01,3665.78,3662.45,3664.46,6095
2025-09-19T14:45:00.000Z,3664.38,3669.27,3663.12,3666.86,6762
2025-09-19T15:00:00.000Z,3666.92,3672.43,3665.23,3672.2,7035
2025-09-19T15:15:00.000Z,3672.27,3675.82,3670.76,3671.44,6542
2025-09-19T15:30:00.000Z,3671.44,3671.44,3667.72,3670.19,5644
2025-09-19T15:45:00.000Z,3670.13,3671.42,3668.58,3670.66,3718
2025-09-19T16:00:00.000Z,3670.71,3673.25,3667.94,3668.61,3547
2025-09-19T16:15:00.000Z,3668.72,3669.96,3666.34,3668.11,4295
2025-09-19T16:30:00.000Z,3668.06,3670.38,3667.55,3670.35,3254
2025-09-19T16:45:00.000Z,3670.26,3670.7,3667.31,3668.16,3317
2025-09-19T17:00:00.000Z,3668.11,3671,3667.94,3670.33,3039
2025-09-19T17:15:00.000Z,3670.32,3672.25,3670.2,3671.65,3319
2025-09-19T17:30:00.000Z,3671.75,3673.31,3671.49,3673.11,2891
2025-09-19T17:45:00.000Z,3673.11,3679.35,3673.08,3678.54,5487
2025-09-19T18:00:00.000Z,3678.55,3680.16,3678.09,3679.64,4303
2025-09-19T18:15:00.000Z,3679.62,3682.65,3679.51,3682.15,3928
2025-09-19T18:30:00.000Z,3682.21,3682.49,3680.55,3682.16,3516
2025-09-19T18:45:00.000Z,3682.18,3684,3681.19,3683.54,2775
2025-09-19T19:00:00.000Z,3683.67,3684.34,3682.34,3683.45,3364
2025-09-19T19:15:00.000Z,3683.46,3684.23,3682.98,3683.58,2984
2025-09-19T19:30:00.000Z,3683.59,3683.65,3681.28,3682.98,3836
2025-09-19T19:45:00.000Z,3683.03,3685.2,3682.66,3684.3,3112
2025-09-19T20:00:00.000Z,3684.27,3684.3,3681.39,3681.59,2069
2025-09-19T20:15:00.000Z,3681.58,3683.37,3680.71,3683.15,1810
2025-09-19T20:30:00.000Z,3683.12,3685.08,3682.69,3684.56,1452
2025-09-19T20:45:00.000Z,3684.55,3684.77,3683.52,3684.48,561
2025-09-21T22:00:00.000Z,3687.34,3688.03,3683.59,3687.8,3128
2025-09-21T22:15:00.000Z,3687.83,3692.08,3685.9,3691.2,2677
2025-09-21T22:30:00.000Z,3690.95,3691.13,3688.96,3690.48,2019
2025-09-21T22:45:00.000Z,3690.53,3690.95,3687.43,3688.25,2017
2025-09-21T23:00:00.000Z,3688.19,3689.15,3686.37,3686.84,2077
2025-09-21T23:15:00.000Z,3686.92,3690.33,3686.55,3689.44,1381
2025-09-21T23:30:00.000Z,3689.39,3689.67,3686.33,3686.39,1970
2025-09-21T23:45:00.000Z,3686.37,3687.7,3685.57,3686.13,2511
2025-09-22T00:00:00.000Z,3686.12,3690.69,3685.63,3690.41,3561
2025-09-22T00:15:00.000Z,3690.49,3690.69,3687.66,3689.55,2855
2025-09-22T00:30:00.000Z,3689.68,3690.66,3688.87,3689.39,2142
2025-09-22T00:45:00.000Z,3689.47,3690.9,3687.3,3690.72,2749
2025-09-22T01:00:00.000Z,3690.63,3695.19,3686.98,3694.54,7716
2025-09-22T01:15:00.000Z,3694.62,3696.75,3689.6,3689.99,5618
2025-09-22T01:30:00.000Z,3689.82,3693.32,3687.96,3688.35,5158
2025-09-22T01:45:00.000Z,3688.36,3690.46,3686.63,3689.37,4908
2025-09-22T02:00:00.000Z,3689.31,3691.32,3687.25,3688.47,4431
2025-09-22T02:15:00.000Z,3688.43,3691.51,3687.88,3691.41,2274
2025-09-22T02:30:00.000Z,3691.7,3693.26,3686.25,3686.9,4354
2025-09-22T02:45:00.000Z,3686.91,3688.91,3685.47,3686.39,3793
2025-09-22T03:00:00.000Z,3686.38,3690.35,3685.97,3689.95,3489
2025-09-22T03:15:00.000Z,3689.92,3692.23,3688.78,3691.51,4417
2025-09-22T03:30:00.000Z,3691.49,3695.13,3691,3694.93,2696
2025-09-22T03:45:00.000Z,3694.99,3697.35,3694.49,3695.41,3024
2025-09-22T04:00:00.000Z,3695.32,3695.78,3691.68,3692.21,2869
2025-09-22T04:15:00.000Z,3692.22,3692.44,3690.71,3691.24,2032
2025-09-22T04:30:00.000Z,3691.35,3692.3,3689.99,3691.32,1765
2025-09-22T04:45:00.000Z,3691.25,3692.54,3691.01,3692.16,1694
2025-09-22T05:00:00.000Z,3692.19,3694.11,3691.85,3693.81,1930
2025-09-22T05:15:00.000Z,3693.8,3697.74,3693.8,3696.23,2721
2025-09-22T05:30:00.000Z,3696.09,3699.33,3695.87,3698.18,4471
2025-09-22T05:45:00.000Z,3698.19,3700.17,3696.28,3696.99,3868
2025-09-22T06:00:00.000Z,3697.3,3700.79,3695.59,3700.53,4560
2025-09-22T06:15:00.000Z,3700.57,3706.4,3700,3706.2,4971
2025-09-22T06:30:00.000Z,3706.12,3717.15,3704.98,3716.92,7104
2025-09-22T06:45:00.000Z,3716.78,3719.93,3713.1,3714.42,6876
2025-09-22T07:00:00.000Z,3714.4,3714.67,3709.66,3711.51,5620
2025-09-22T07:15:00.000Z,3711.47,3713.8,3708.56,3713.46,5416
2025-09-22T07:30:00.000Z,3713.51,3716.31,3712.36,3714.08,4956
2025-09-22T07:45:00.000Z,3714.12,3715.14,3712.75,3713.15,3086
2025-09-22T08:00:00.000Z,3712.82,3719.46,3712.36,3717.23,4680
2025-09-22T08:15:00.000Z,3717.26,3719.95,3716.09,3717.7,3947
2025-09-22T08:30:00.000Z,3717.68,3722.22,3717.63,3721.95,3228
2025-09-22T08:45:00.000Z,3721.99,3722.47,3719.69,3720.22,3465
2025-09-22T09:00:00.000Z,3720.29,3721.64,3719.2,3720.46,3012
2025-09-22T09:15:00.000Z,3720.48,3726.73,3720.19,3725.22,3275
2025-09-22T09:30:00.000Z,3725.12,3725.56,3720.56,3720.98,4378
2025-09-22T09:45:00.000Z,3720.99,3724.88,3720.75,3723.19,3314
2025-09-22T10:00:00.000Z,3723.21,3724.1,3720.99,3723,3074
2025-09-22T10:15:00.000Z,3722.93,3727.16,3722.91,3725.17,3136
2025-09-22T10:30:00.000Z,3725.29,3726.68,3723.15,3726.01,2936
2025-09-22T10:45:00.000Z,3726.04,3728.26,3725.95,3727.43,3328
2025-09-22T11:00:00.000Z,3727.51,3727.88,3725.74,3727.2,2818
2025-09-22T11:15:00.000Z,3727.26,3728.24,3725.58,3726.41,2919
2025-09-22T11:30:00.000Z,3726.62,3727.26,3721.58,3721.91,3521
2025-09-22T11:45:00.000Z,3721.92,3724.57,3721.21,3724.54,4413
2025-09-22T12:00:00.000Z,3724.56,3725.38,3720.71,3720.84,4578
2025-09-22T12:15:00.000Z,3721.16,3722.64,3712.12,3715.23,6101
2025-09-22T12:30:00.000Z,3715.15,3718.93,3713.31,3715.08,5854
2025-09-22T12:45:00.000Z,3715.1,3723.28,3715.1,3721.61,5534
2025-09-22T13:00:00.000Z,3721.63,3724.86,3719.49,3722.44,7099
2025-09-22T13:15:00.000Z,3722.38,3725.44,3720.76,3723.21,5760
2025-09-22T13:30:00.000Z,3723.19,3725.18,3715.96,3717.57,9960
2025-09-22T13:45:00.000Z,3717.65,3722.37,3713.74,3722.29,9064
2025-09-22T14:00:00.000Z,3722.34,3723.21,3716.92,3720.05,8468
2025-09-22T14:15:00.000Z,3720.12,3722,3717.05,3721.53,7452
2025-09-22T14:30:00.000Z,3721.63,3722.01,3716.82,3719.11,6356
2025-09-22T14:45:00.000Z,3719.1,3726.22,3718.97,3725.81,6168
2025-09-22T15:00:00.000Z,3725.9,3727.66,3723.57,3725.21,6080
2025-09-22T15:15:00.000Z,3725.09,3731.86,3724.28,3731.4,5628
2025-09-22T15:30:00.000Z,3731.43,3734.17,3730.54,3733.09,5754
2025-09-22T15:45:00.000Z,3733.07,3736.26,3733.04,3736.05,4995
2025-09-22T16:00:00.000Z,3736,3739.15,3735.16,3735.48,5075
2025-09-22T16:15:00.000Z,3735.49,3738.28,3735.42,3736.65,4437
2025-09-22T16:30:00.000Z,3736.71,3739.35,3736.64,3739.32,4163
2025-09-22T16:45:00.000Z,3739.31,3739.47,3736.2,3737.04,3883
2025-09-22T17:00:00.000Z,3737.15,3741.08,3737.15,3739.94,3353
2025-09-22T17:15:00.000Z,3740,3741.65,3738.53,3740.03,4473
2025-09-22T17:30:00.000Z,3740.09,3746.08,3740.09,3745.73,5031
2025-09-22T17:45:00.000Z,3745.74,3747.12,3744.79,3746.53,4306
2025-09-22T18:00:00.000Z,3746.52,3747.08,3745.46,3745.85,3378
2025-09-22T18:15:00.000Z,3745.82,3747.62,3745.11,3746.01,2881
2025-09-22T18:30:00.000Z,3745.95,3746.65,3744.56,3745.37,2942
2025-09-22T18:45:00.000Z,3745.4,3747.96,3745.39,3747.56,2477
2025-09-22T19:00:00.000Z,3747.55,3748.71,3747.22,3747.53,2779
2025-09-22T19:15:00.000Z,3747.49,3748.17,3743.19,3743.63,2919
2025-09-22T19:30:00.000Z,3743.64,3747.24,3742.3,3745.71,2918
2025-09-22T19:45:00.000Z,3745.72,3748.53,3745.34,3747.56,4620
2025-09-22T20:00:00.000Z,3747.53,3748.22,3745.53,3745.56,1526
2025-09-22T20:15:00.000Z,3745.5,3747.8,3745.36,3747.64,1113
2025-09-22T20:30:00.000Z,3747.65,3748.48,3746.87,3747.63,1500
2025-09-22T20:45:00.000Z,3747.64,3748.29,3745.16,3746,1374
2025-09-22T22:00:00.000Z,3745.71,3747.6,3744.7,3744.82,1181
2025-09-22T22:15:00.000Z,3744.83,3745.96,3743.26,3743.26,972
2025-09-22T22:30:00.000Z,3743.28,3745.31,3741.01,3741.6,1706
2025-09-22T22:45:00.000Z,3741.62,3741.85,3738.18,3739.88,2548
2025-09-22T23:00:00.000Z,3739.92,3742.32,3738.99,3742.32,1869
2025-09-22T23:15:00.000Z,3742.31,3749.03,3742.13,3746.77,3455
2025-09-22T23:30:00.000Z,3746.75,3747.98,3745.82,3747.14,1515
2025-09-22T23:45:00.000Z,3747.19,3749.07,3746.47,3747.79,2396
2025-09-23T00:00:00.000Z,3747.82,3748.86,3746.34,3746.76,2831
2025-09-23T00:15:00.000Z,3746.75,3749,3744.86,3748.8,2578
2025-09-23T00:30:00.000Z,3748.7,3749.42,3746.86,3749.27,2891
2025-09-23T00:45:00.000Z,3749.26,3750.57,3746.15,3747.14,4015
2025-09-23T01:00:00.000Z,3747.13,3755.43,3745.64,3754.52,7308
2025-09-23T01:15:00.000Z,3754.57,3757.94,3747.65,3749.8,6647
2025-09-23T01:30:00.000Z,3749.56,3758.64,3747.81,3756.98,5508
2025-09-23T01:45:00.000Z,3757.07,3759.16,3753.25,3754.58,4793
2025-09-23T02:00:00.000Z,3754.55,3755.35,3741.02,3743.59,6600
2025-09-23T02:15:00.000Z,3743.6,3745.34,3741.18,3742.71,5775
2025-09-23T02:30:00.000Z,3742.73,3744.52,3740.02,3742.38,5690
2025-09-23T02:45:00.000Z,3742.23,3743.87,3736.56,3741.9,6027
2025-09-23T03:00:00.000Z,3741.83,3742.31,3739.08,3739.15,4697
2025-09-23T03:15:00.000Z,3739.29,3744.45,3738.99,3742.81,4398
2025-09-23T03:30:00.000Z,3742.6,3744.18,3741.73,3743.91,3304
2025-09-23T03:45:00.000Z,3743.9,3747.21,3743.83,3746.59,2824
2025-09-23T04:00:00.000Z,3746.57,3747.45,3743.54,3745.22,2435
2025-09-23T04:15:00.000Z,3745.23,3746.54,3743.17,3745.98,2388
2025-09-23T04:30:00.000Z,3745.99,3747.33,3744.47,3746.94,1924
2025-09-23T04:45:00.000Z,3746.98,3747.03,3743.5,3744.69,2180
2025-09-23T05:00:00.000Z,3744.64,3747.27,3743.19,3746.27,2354
2025-09-23T05:15:00.000Z,3746.26,3750.24,3746.19,3749.95,2915
2025-09-23T05:30:00.000Z,3749.94,3757.22,3749.38,3757.22,5637
2025-09-23T05:45:00.000Z,3757.23,3758.69,3753.02,3753.11,5145
2025-09-23T06:00:00.000Z,3753.05,3755.69,3751.3,3754.5,5389
2025-09-23T06:15:00.000Z,3754.46,3757.27,3753.33,3756.47,4513
2025-09-23T06:30:00.000Z,3756.57,3756.82,3751.97,3752.91,4531
2025-09-23T06:45:00.000Z,3752.89,3756.55,3752.81,3753.78,4547
2025-09-23T07:00:00.000Z,3753.7,3753.83,3748.9,3752.83,4922
2025-09-23T07:15:00.000Z,3752.94,3755.43,3750.76,3754.76,4020
2025-09-23T07:30:00.000Z,3754.79,3757.33,3753.07,3754.39,4622
2025-09-23T07:45:00.000Z,3754.41,3755.92,3751.86,3753.35,4390
2025-09-23T08:00:00.000Z,3753.26,3755.8,3753.02,3754.93,3741
2025-09-23T08:15:00.000Z,3754.92,3759.5,3754.82,3759.24,4309
2025-09-23T08:30:00.000Z,3759.22,3770.16,3759.07,3770.14,5851
2025-09-23T08:45:00.000Z,3770.09,3775.18,3769.23,3774.3,6514
2025-09-23T09:00:00.000Z,3774.35,3785.11,3774.18,3784.21,6282
2025-09-23T09:15:00.000Z,3784.22,3791.04,3782.15,3786.98,6129
2025-09-23T09:30:00.000Z,3786.88,3787.57,3778.24,3778.24,5867
2025-09-23T09:45:00.000Z,3778.32,3786.16,3778.29,3784.75,5441
2025-09-23T10:00:00.000Z,3784.72,3786.32,3782.71,3786.01,3637
2025-09-23T10:15:00.000Z,3785.99,3787.77,3781.56,3782.47,4215
2025-09-23T10:30:00.000Z,3782.58,3785.28,3782.58,3783.01,3443
2025-09-23T10:45:00.000Z,3783.03,3783.94,3780.74,3782.88,3649
2025-09-23T11:00:00.000Z,3782.84,3784.07,3779.65,3780.26,4332
2025-09-23T11:15:00.000Z,3780.29,3788.66,3779.97,3788.1,5072
2025-09-23T11:30:00.000Z,3788.29,3788.47,3782.23,3783.01,5106
2025-09-23T11:45:00.000Z,3783.02,3784.49,3780.42,3783.39,5282
2025-09-23T12:00:00.000Z,3783.52,3783.72,3777.51,3779.31,6005
2025-09-23T12:15:00.000Z,3779.35,3784.86,3777.45,3781.16,6460
2025-09-23T12:30:00.000Z,3781.27,3784.61,3779.32,3784.3,5922
2025-09-23T12:45:00.000Z,3784.29,3785.3,3783.65,3784.16,4907
2025-09-23T13:00:00.000Z,3784.16,3787.87,3782.89,3786.73,8061
2025-09-23T13:15:00.000Z,3786.84,3787.72,3780.95,3783.48,6491
2025-09-23T13:30:00.000Z,3783.57,3788.58,3780.5,3784.43,7763
2025-09-23T13:45:00.000Z,3784.58,3786.06,3774.13,3783.76,9963
2025-09-23T14:00:00.000Z,3783.77,3784.84,3773.87,3776.95,8841
2025-09-23T14:15:00.000Z,3777.01,3777.96,3767.42,3770.99,9743
2025-09-23T14:30:00.000Z,3771.15,3775.52,3770.89,3773.3,7745
2025-09-23T14:45:00.000Z,3773.04,3775.29,3771.12,3774.02,6628
2025-09-23T15:00:00.000Z,3774.07,3779.54,3772.84,3778.99,5864
2025-09-23T15:15:00.000Z,3779.02,3780.4,3777.47,3780.33,5058
2025-09-23T15:30:00.000Z,3780.36,3782.02,3778.59,3779.14,4949
2025-09-23T15:45:00.000Z,3779.16,3779.58,3775.16,3779.22,4771
2025-09-23T16:00:00.000Z,3779.44,3779.91,3773.68,3774.32,4163
2025-09-23T16:15:00.000Z,3774.31,3780.06,3773.43,3775.29,5567
2025-09-23T16:30:00.000Z,3775.26,3778.04,3765.01,3773.68,9282
2025-09-23T16:45:00.000Z,3773.6,3781.93,3773.52,3779.26,7427
2025-09-23T17:00:00.000Z,3779.36,3781.72,3779.14,3781.17,5346
2025-09-23T17:15:00.000Z,3781.3,3785.65,3779.82,3782.23,5808
2025-09-23T17:30:00.000Z,3782.39,3783,3777,3778.1,6850
2025-09-23T17:45:00.000Z,3778.14,3780.72,3775.84,3777.4,5425
2025-09-23T18:00:00.000Z,3777.48,3781.38,3776.85,3777.53,4947
2025-09-23T18:15:00.000Z,3777.52,3779.4,3777.51,3778.64,4579
2025-09-23T18:30:00.000Z,3778.17,3780.98,3777.25,3780.27,4080
2025-09-23T18:45:00.000Z,3780.28,3780.53,3756.11,3756.71,7870
2025-09-23T19:00:00.000Z,3756.67,3765.31,3755.37,3757.14,9392
2025-09-23T19:15:00.000Z,3757.19,3759.85,3751.98,3758.63,7411
2025-09-23T19:30:00.000Z,3758.6,3766.4,3758.6,3765.28,6161
2025-09-23T19:45:00.000Z,3765.14,3768.16,3763.95,3764.32,6632
2025-09-23T20:00:00.000Z,3764.35,3767.38,3763.77,3765.13,2971
2025-09-23T20:15:00.000Z,3765.07,3765.49,3763.37,3765.05,1860
2025-09-23T20:30:00.000Z,3765.03,3766.49,3763.35,3763.71,1777
2025-09-23T20:45:00.000Z,3763.81,3764.71,3762.36,3763.98,1777
2025-09-23T22:00:00.000Z,3765.36,3767.42,3763.92,3763.92,1487
2025-09-23T22:15:00.000Z,3763.9,3764.51,3761.55,3761.94,1241
2025-09-23T22:30:00.000Z,3761.95,3766.48,3761.95,3765.4,1351
2025-09-23T22:45:00.000Z,3765.37,3765.84,3764.55,3765.38,615
2025-09-23T23:00:00.000Z,3765.3,3769.93,3765,3768.87,1715
2025-09-23T23:15:00.000Z,3768.81,3769.46,3767.05,3769.39,1866
2025-09-23T23:30:00.000Z,3769.38,3769.44,3761.86,3763.49,2810
2025-09-23T23:45:00.000Z,3763.47,3764.16,3762.07,3763.72,2367
2025-09-24T00:00:00.000Z,3763.67,3764.96,3758.82,3759.43,4913
2025-09-24T00:15:00.000Z,3759.56,3765.12,3758.99,3763.68,3373
2025-09-24T00:30:00.000Z,3763.76,3764.84,3761.79,3763.08,2733
2025-09-24T00:45:00.000Z,3763.08,3765.47,3761.6,3765.08,2680
2025-09-24T01:00:00.000Z,3765.28,3771.67,3761.91,3763.21,7137
2025-09-24T01:15:00.000Z,3763.34,3764.26,3758.15,3758.73,6176
2025-09-24T01:30:00.000Z,3758.74,3760.62,3756.97,3759.96,5779
2025-09-24T01:45:00.000Z,3759.98,3760.65,3754.94,3756.38,4680
2025-09-24T02:00:00.000Z,3756.34,3756.86,3753.3,3753.33,4517
2025-09-24T02:15:00.000Z,3753.36,3755.26,3752.22,3752.65,3410
2025-09-24T02:30:00.000Z,3752.66,3755.45,3750.49,3755.18,4759
2025-09-24T02:45:00.000Z,3755.13,3759.23,3753.98,3756.83,4513
2025-09-24T03:00:00.000Z,3756.89,3758.41,3752.11,3757.49,5408
2025-09-24T03:15:00.000Z,3757.43,3761.71,3756.73,3760.91,3827
2025-09-24T03:30:00.000Z,3760.92,3765.34,3760.3,3764.51,3311
2025-09-24T03:45:00.000Z,3764.48,3766.41,3763.5,3765.24,2701
2025-09-24T04:00:00.000Z,3765.21,3767,3765.11,3766.88,1935
2025-09-24T04:15:00.000Z,3766.86,3767.7,3763.14,3764.86,3037
2025-09-24T04:30:00.000Z,3764.81,3768.06,3764.64,3767.72,2302
2025-09-24T04:45:00.000Z,3767.7,3768.21,3766.59,3768.13,1737
2025-09-24T05:00:00.000Z,3768.14,3771,3767.94,3770.52,2694
2025-09-24T05:15:00.000Z,3770.56,3773.37,3769.5,3772.08,2936
2025-09-24T05:30:00.000Z,3772.12,3776.89,3771.29,3774.4,5146
2025-09-24T05:45:00.000Z,3774.41,3776.06,3772.48,3774.79,3961
2025-09-24T06:00:00.000Z,3774.82,3776.03,3772.22,3773.32,4437
2025-09-24T06:15:00.000Z,3773.27,3775.16,3769.1,3771.17,4172
2025-09-24T06:30:00.000Z,3771.25,3773.24,3769.98,3771.93,4140
2025-09-24T06:45:00.000Z,3771.97,3774.93,3771.03,3771.15,3650
2025-09-24T07:00:00.000Z,3771.35,3775.77,3770.63,3773.1,4567
2025-09-24T07:15:00.000Z,3773.11,3776.92,3772.26,3775.28,3321
2025-09-24T07:30:00.000Z,3775.24,3779.17,3774.08,3777.44,3819
2025-09-24T07:45:00.000Z,3777.42,3777.94,3776.02,3777.4,3255
2025-09-24T08:00:00.000Z,3777.45,3777.74,3771.97,3772.45,4027
2025-09-24T08:15:00.000Z,3772.4,3774.43,3770.32,3770.42,3817
2025-09-24T08:30:00.000Z,3770.4,3771.6,3768.47,3769.31,3055
2025-09-24T08:45:00.000Z,3769.42,3770.94,3767.04,3770.05,3008
2025-09-24T09:00:00.000Z,3769.98,3771.65,3769.44,3769.7,2686
2025-09-24T09:15:00.000Z,3769.7,3770.23,3767.01,3767.6,3242
2025-09-24T09:30:00.000Z,3767.68,3769.45,3763.04,3767.75,3867
2025-09-24T09:45:00.000Z,3767.73,3768.86,3766.71,3768.39,2918
2025-09-24T10:00:00.000Z,3768.35,3768.58,3763.93,3764.95,2743
2025-09-24T10:15:00.000Z,3764.94,3765.53,3759.8,3764.02,4269
2025-09-24T10:30:00.000Z,3764,3765.46,3761.55,3762.7,2793
2025-09-24T10:45:00.000Z,3762.53,3763.69,3760.23,3762.16,3134
2025-09-24T11:00:00.000Z,3762.13,3763.77,3759.67,3763.08,3480
2025-09-24T11:15:00.000Z,3762.99,3765.81,3762.99,3765.21,3232
2025-09-24T11:30:00.000Z,3765.19,3768.77,3764.21,3768.24,3557
2025-09-24T11:45:00.000Z,3768.26,3769.53,3767.61,3768.98,3557
2025-09-24T12:00:00.000Z,3768.99,3770.93,3765.53,3766.3,4184
2025-09-24T12:15:00.000Z,3766.49,3771.46,3764.83,3767.5,6621
2025-09-24T12:30:00.000Z,3767.49,3767.52,3764.02,3765.32,5641
2025-09-24T12:45:00.000Z,3765.26,3769.97,3764.87,3767.97,5677
2025-09-24T13:00:00.000Z,3767.99,3771.64,3766.72,3771.47,6096
2025-09-24T13:15:00.000Z,3771.49,3772.83,3767.12,3767.35,5471
2025-09-24T13:30:00.000Z,3767.38,3768.24,3761.15,3762.48,9034
2025-09-24T13:45:00.000Z,3762.51,3765.52,3759,3761.38,7661
2025-09-24T14:00:00.000Z,3761.37,3765.06,3755.4,3759.66,8940
2025-09-24T14:15:00.000Z,3759.61,3762.43,3753.33,3758.72,8544
2025-09-24T14:30:00.000Z,3758.74,3760.03,3753.58,3755.39,7319
2025-09-24T14:45:00.000Z,3755.37,3757.16,3749.6,3752.72,8004
2025-09-24T15:00:00.000Z,3753.01,3756.01,3751.9,3754.46,5777
2025-09-24T15:15:00.000Z,3754.54,3756.55,3750.94,3751,5118
2025-09-24T15:30:00.000Z,3751.04,3751.49,3742.74,3745.45,6990
2025-09-24T15:45:00.000Z,3745.61,3746.64,3739.7,3741.05,6808
2025-09-24T16:00:00.000Z,3741.13,3745.26,3739.42,3740.97,7045
2025-09-24T16:15:00.000Z,3740.96,3743.27,3737.59,3742.11,5555
2025-09-24T16:30:00.000Z,3742.1,3743.02,3735.31,3738.57,4846
2025-09-24T16:45:00.000Z,3738.55,3739.12,3732.25,3735.7,5865
2025-09-24T17:00:00.000Z,3735.71,3738.76,3734.19,3738.49,4341
2025-09-24T17:15:00.000Z,3738.42,3738.63,3733.66,3734.74,4484
2025-09-24T17:30:00.000Z,3734.71,3735.08,3733.17,3733.55,3377
2025-09-24T17:45:00.000Z,3733.56,3735.29,3732.39,3733.13,3122
2025-09-24T18:00:00.000Z,3733.11,3733.97,3727.86,3730.06,4690
2025-09-24T18:15:00.000Z,3730.2,3730.81,3726.66,3729.19,4430
2025-09-24T18:30:00.000Z,3729.22,3731.14,3727.47,3728.33,3969
2025-09-24T18:45:00.000Z,3728.43,3728.75,3722.78,3724.19,4348
2025-09-24T19:00:00.000Z,3724.21,3724.26,3718.87,3720.26,5556
2025-09-24T19:15:00.000Z,3720.33,3721.54,3717.51,3718.39,4524
2025-09-24T19:30:00.000Z,3718.36,3727.54,3718.36,3727.3,4215
2025-09-24T19:45:00.000Z,3727.31,3731.73,3727.08,3730.04,4948
2025-09-24T20:00:00.000Z,3730.03,3732.45,3729.95,3732.35,2239
2025-09-24T20:15:00.000Z,3732.32,3732.35,3730.8,3731.89,1608
2025-09-24T20:30:00.000Z,3731.9,3736.51,3731.57,3736.28,1699
2025-09-24T20:45:00.000Z,3736.3,3737.32,3735.17,3735.74,1544
2025-09-24T22:00:00.000Z,3735.9,3740.41,3735.9,3739.51,1755
2025-09-24T22:15:00.000Z,3740,3745.03,3739.99,3744.62,2122
2025-09-24T22:30:00.000Z,3744.02,3744.16,3739.38,3741.46,2207
2025-09-24T22:45:00.000Z,3741.46,3742.77,3740.54,3741.04,1153
2025-09-24T23:00:00.000Z,3741.07,3742.2,3739.02,3741.68,1437
2025-09-24T23:15:00.000Z,3741.67,3741.73,3739.47,3739.57,959
2025-09-24T23:30:00.000Z,3739.66,3742.39,3739.62,3741.96,1166
2025-09-24T23:45:00.000Z,3741.98,3745.27,3741.73,3742.93,2781
2025-09-25T00:00:00.000Z,3742.91,3749.99,3741.36,3749.94,4812
2025-09-25T00:15:00.000Z,3749.95,3751.37,3748.06,3750.39,4015
2025-09-25T00:30:00.000Z,3750.35,3751.46,3746.51,3748.01,3334
2025-09-25T00:45:00.000Z,3747.98,3749.97,3746.97,3748.87,2958
2025-09-25T01:00:00.000Z,3748.71,3750.35,3740.48,3741.18,6461
2025-09-25T01:15:00.000Z,3741.2,3747.13,3740.45,3744.2,4621
2025-09-25T01:30:00.000Z,3744.28,3744.35,3737.27,3738.28,5152
2025-09-25T01:45:00.000Z,3738.29,3741.17,3732.93,3735.97,5946
2025-09-25T02:00:00.000Z,3735.9,3736.33,3729.54,3732.72,5636
2025-09-25T02:15:00.000Z,3732.73,3735.75,3731.64,3735.55,3170
2025-09-25T02:30:00.000Z,3735.53,3742.16,3735.46,3742.07,5147
2025-09-25T02:45:00.000Z,3742.13,3742.35,3736.32,3739.6,4504
2025-09-25T03:00:00.000Z,3739.59,3739.62,3734.42,3734.99,4078
2025-09-25T03:15:00.000Z,3734.94,3737.22,3734.48,3735.67,3462
2025-09-25T03:30:00.000Z,3735.52,3738.99,3734.74,3738.95,2307
2025-09-25T03:45:00.000Z,3738.96,3738.96,3734.34,3736.54,2809
2025-09-25T04:00:00.000Z,3736.56,3736.59,3732.29,3732.41,2294
2025-09-25T04:15:00.000Z,3732.44,3735.4,3731.67,3734.07,2290
2025-09-25T04:30:00.000Z,3734.14,3740.64,3733.62,3739.65,2986
2025-09-25T04:45:00.000Z,3739.69,3739.92,3737.19,3738.06,1709
2025-09-25T05:00:00.000Z,3738.05,3738.41,3734.42,3735.21,2808
2025-09-25T05:15:00.000Z,3735.15,3736.71,3734.04,3736.43,2542
2025-09-25T05:30:00.000Z,3736.41,3741.19,3735.53,3737.74,3837
2025-09-25T05:45:00.000Z,3737.64,3740.33,3736.34,3738.51,3568
2025-09-25T06:00:00.000Z,3738.64,3747.06,3737.58,3745.84,4697
2025-09-25T06:15:00.000Z,3745.83,3748.21,3744.45,3745,3943
2025-09-25T06:30:00.000Z,3744.65,3746.14,3740.48,3742.08,3438
2025-09-25T06:45:00.000Z,3742.09,3743.83,3739.72,3740.92,3520
2025-09-25T07:00:00.000Z,3741.03,3744.29,3739.94,3742.79,3703
2025-09-25T07:15:00.000Z,3742.81,3745.98,3742.42,3744.79,3353
2025-09-25T07:30:00.000Z,3744.79,3752.04,3742.97,3751.31,5544
2025-09-25T07:45:00.000Z,3751.35,3754.85,3749.67,3752.26,5950
2025-09-25T08:00:00.000Z,3752.23,3759.55,3751.16,3757.29,6734
2025-09-25T08:15:00.000Z,3757.27,3761.6,3756.23,3757.41,5807
2025-09-25T08:30:00.000Z,3757.33,3757.42,3751.41,3753.9,5214
2025-09-25T08:45:00.000Z,3753.89,3757.39,3751.86,3756.42,3930
2025-09-25T09:00:00.000Z,3756.44,3757.2,3754.04,3756.71,3994
2025-09-25T09:15:00.000Z,3756.75,3756.91,3750.29,3750.74,3954
2025-09-25T09:30:00.000Z,3750.72,3756.18,3750.51,3756.1,3497
2025-09-25T09:45:00.000Z,3756.08,3761.1,3755.25,3756.94,4959
2025-09-25T10:00:00.000Z,3756.96,3758.18,3755.7,3756.45,3609
2025-09-25T10:15:00.000Z,3756.43,3758.89,3755.76,3756.96,3127
2025-09-25T10:30:00.000Z,3757.01,3758.14,3755.54,3756.96,3078
2025-09-25T10:45:00.000Z,3757.01,3760.73,3755.57,3757.06,3912
2025-09-25T11:00:00.000Z,3757.04,3757.48,3741.09,3743.59,7410
2025-09-25T11:15:00.000Z,3743.56,3750.59,3743.15,3749.75,5619
2025-09-25T11:30:00.000Z,3749.8,3752.18,3748.86,3751.11,4099
2025-09-25T11:45:00.000Z,3751.13,3754.07,3750.14,3752.99,3652
2025-09-25T12:00:00.000Z,3752.92,3753.77,3749.64,3752.22,4442
2025-09-25T12:15:00.000Z,3752.26,3755.75,3751.77,3754.37,5157
2025-09-25T12:30:00.000Z,3748.62,3753.65,3735.35,3741.65,11041
2025-09-25T12:45:00.000Z,3741.6,3742.4,3730.61,3738.71,10472
2025-09-25T13:00:00.000Z,3738.73,3741.19,3733.21,3736.81,10164
2025-09-25T13:15:00.000Z,3736.87,3745.56,3735.22,3742.09,8800
2025-09-25T13:30:00.000Z,3742.38,3743.27,3724.6,3726.35,10688
2025-09-25T13:45:00.000Z,3726.24,3733.93,3722.09,3733.73,10721
2025-09-25T14:00:00.000Z,3733.72,3734.89,3724.67,3729.68,10364
2025-09-25T14:15:00.000Z,3729.83,3736.43,3725.83,3733.53,8547
2025-09-25T14:30:00.000Z,3733.5,3733.99,3724.02,3727.48,7910
2025-09-25T14:45:00.000Z,3727.43,3733.47,3723.59,3731.41,7703
2025-09-25T15:00:00.000Z,3731.6,3735.55,3728.01,3734.85,6593
2025-09-25T15:15:00.000Z,3734.88,3738.74,3730.39,3730.41,7539
2025-09-25T15:30:00.000Z,3730.41,3736.51,3728.95,3735.88,6549
2025-09-25T15:45:00.000Z,3735.89,3736,3732.91,3735.87,5330
2025-09-25T16:00:00.000Z,3736.05,3742.72,3735.04,3742.27,5496
2025-09-25T16:15:00.000Z,3742.24,3742.55,3735.25,3737.61,5426
2025-09-25T16:30:00.000Z,3737.6,3738.2,3734.21,3735.09,4370
2025-09-25T16:45:00.000Z,3735.1,3735.54,3732.6,3733.65,3522
2025-09-25T17:00:00.000Z,3733.61,3740.77,3732.28,3740.49,3418
2025-09-25T17:15:00.000Z,3740.47,3743.01,3737.05,3739.71,6664
2025-09-25T17:30:00.000Z,3739.8,3742.12,3738.26,3740.38,4279
2025-09-25T17:45:00.000Z,3740.41,3744.17,3739.2,3741.67,3660
2025-09-25T18:00:00.000Z,3741.71,3745.24,3736.67,3739.37,5501
2025-09-25T18:15:00.000Z,3739.36,3750.63,3737.86,3750,5582
2025-09-25T18:30:00.000Z,3750.17,3757.54,3748.82,3755.42,6265
2025-09-25T18:45:00.000Z,3755.44,3758.21,3753.23,3755.2,6055
2025-09-25T19:00:00.000Z,3755.27,3756.71,3751.53,3755.2,5299
2025-09-25T19:15:00.000Z,3755.19,3756.05,3750.9,3751.63,4132
2025-09-25T19:30:00.000Z,3751.74,3752.36,3744.59,3747.42,4564
2025-09-25T19:45:00.000Z,3747.41,3750.88,3745.77,3746.66,4653
2025-09-25T20:00:00.000Z,3746.77,3749.64,3746.12,3749.41,2310
2025-09-25T20:15:00.000Z,3749.4,3750.43,3748.2,3748.75,1946
2025-09-25T20:30:00.000Z,3748.78,3750.69,3748.78,3750.54,1385
2025-09-25T20:45:00.000Z,3750.52,3752.26,3748.93,3749.03,1805
2025-09-25T22:00:00.000Z,3750.1,3750.92,3746.25,3746.47,1185
2025-09-25T22:15:00.000Z,3746.51,3749.47,3746.51,3749.27,776
2025-09-25T22:30:00.000Z,3749.46,3750.96,3748.13,3749.45,1617
2025-09-25T22:45:00.000Z,3749.51,3751.48,3748.56,3748.76,1804
2025-09-25T23:00:00.000Z,3749.04,3749.81,3745.47,3745.55,1189
2025-09-25T23:15:00.000Z,3745.51,3745.68,3737.96,3743.09,3398
2025-09-25T23:30:00.000Z,3743.1,3743.12,3739.64,3741.55,2275
2025-09-25T23:45:00.000Z,3741.74,3745.67,3741.74,3744.69,2692
2025-09-26T00:00:00.000Z,3744.62,3749.02,3741.95,3746.49,4608
2025-09-26T00:15:00.000Z,3746.54,3747.87,3740,3741.69,3294
2025-09-26T00:30:00.000Z,3741.65,3745.53,3741.18,3744.13,3110
2025-09-26T00:45:00.000Z,3744.03,3749.56,3743.55,3749.54,3710
2025-09-26T01:00:00.000Z,3749.56,3753.12,3743.74,3743.79,7315
2025-09-26T01:15:00.000Z,3743.78,3744.03,3738.61,3740.9,6454
2025-09-26T01:30:00.000Z,3740.92,3743.38,3739.69,3743.28,4871
2025-09-26T01:45:00.000Z,3743.25,3744.18,3737.76,3739.17,4656
2025-09-26T02:00:00.000Z,3739.16,3741.03,3738.22,3739.3,3355
2025-09-26T02:15:00.000Z,3738.81,3741.08,3737.74,3740.83,3612
2025-09-26T02:30:00.000Z,3740.92,3742.82,3737.66,3738.63,4051
2025-09-26T02:45:00.000Z,3738.64,3741.33,3738.1,3738.39,3478
2025-09-26T03:00:00.000Z,3738.44,3738.55,3735.2,3735.23,4099
2025-09-26T03:15:00.000Z,3735.19,3742.72,3734.42,3742.52,3118
2025-09-26T03:30:00.000Z,3742.54,3745.4,3742.44,3745.09,3171
2025-09-26T03:45:00.000Z,3745.06,3745.99,3744.59,3745.5,1946
2025-09-26T04:00:00.000Z,3745.58,3746.74,3744.79,3746.7,2212
2025-09-26T04:15:00.000Z,3746.69,3747.63,3744.55,3744.66,2036
2025-09-26T04:30:00.000Z,3744.67,3746.95,3744.47,3745.14,2023
2025-09-26T04:45:00.000Z,3745.13,3747.67,3744.73,3747.61,1963
2025-09-26T05:00:00.000Z,3747.58,3747.74,3744.96,3745.75,1824
2025-09-26T05:15:00.000Z,3745.76,3746.92,3744.59,3746.6,1744
2025-09-26T05:30:00.000Z,3746.61,3749.45,3745.03,3748.36,3137
2025-09-26T05:45:00.000Z,3748.33,3748.75,3741.75,3741.89,3138
2025-09-26T06:00:00.000Z,3741.85,3751.56,3741.38,3751.43,5140
2025-09-26T06:15:00.000Z,3751.42,3753.92,3750.24,3751.64,4990
2025-09-26T06:30:00.000Z,3751.54,3752.8,3744.56,3744.92,5701
2025-09-26T06:45:00.000Z,3744.81,3746.82,3742.22,3743.52,5825
2025-09-26T07:00:00.000Z,3743.51,3744.55,3739.2,3743.2,5653
2025-09-26T07:15:00.000Z,3742.9,3745.77,3742.04,3745.16,5038
2025-09-26T07:30:00.000Z,3745.17,3749.34,3744.38,3748.09,4258
2025-09-26T07:45:00.000Z,3748.11,3749.53,3746.84,3747.97,3036
2025-09-26T08:00:00.000Z,3747.98,3752.06,3747.05,3748.59,4110
2025-09-26T08:15:00.000Z,3748.57,3752.5,3748.57,3750.94,3353
2025-09-26T08:30:00.000Z,3750.88,3755.1,3750.84,3753.33,3317
2025-09-26T08:45:00.000Z,3753.33,3754.03,3751.48,3752.88,2716
2025-09-26T09:00:00.000Z,3752.86,3754.43,3750.84,3750.84,3020
2025-09-26T09:15:00.000Z,3750.81,3751.18,3748.05,3748.68,3530
2025-09-26T09:30:00.000Z,3748.67,3749.63,3747.12,3748.93,2812
2025-09-26T09:45:00.000Z,3748.88,3751.53,3748.01,3751.45,2605
2025-09-26T10:00:00.000Z,3751.3,3754.92,3751.27,3752.61,3352
2025-09-26T10:15:00.000Z,3752.59,3753.24,3748.88,3749.52,3013
2025-09-26T10:30:00.000Z,3749.47,3749.89,3745.44,3745.95,2986
2025-09-26T10:45:00.000Z,3745.86,3745.94,3742.93,3744.55,3653
2025-09-26T11:00:00.000Z,3744.63,3747.17,3744.38,3746.06,3381
2025-09-26T11:15:00.000Z,3746.08,3751.45,3745.66,3751.07,3338
2025-09-26T11:30:00.000Z,3751.16,3752.84,3750.28,3752.01,3441
2025-09-26T11:45:00.000Z,3751.98,3752.33,3748.48,3748.63,3653
2025-09-26T12:00:00.000Z,3748.61,3752.75,3748.32,3751.55,3649
2025-09-26T12:15:00.000Z,3751.54,3753.33,3749.57,3749.72,3884
2025-09-26T12:30:00.000Z,3749.85,3757.3,3746.55,3751.26,9683
2025-09-26T12:45:00.000Z,3751.27,3754.86,3750.89,3752,6681
2025-09-26T13:00:00.000Z,3752.09,3764.63,3751.14,3764.35,9064
2025-09-26T13:15:00.000Z,3764.54,3766.16,3754.42,3757.65,9180
2025-09-26T13:30:00.000Z,3757.35,3760.79,3752.15,3758.18,10332
2025-09-26T13:45:00.000Z,3758.08,3762.54,3757.55,3761.78,9350
2025-09-26T14:00:00.000Z,3761.86,3774.59,3761.57,3772.04,9775
2025-09-26T14:15:00.000Z,3772.16,3783.69,3771.66,3777.65,9188
2025-09-26T14:30:00.000Z,3777.64,3781.45,3774.68,3776.72,8601
2025-09-26T14:45:00.000Z,3776.71,3780.01,3772.85,3778.86,8185
2025-09-26T15:00:00.000Z,3778.69,3779.57,3773.06,3774.62,7241
2025-09-26T15:15:00.000Z,3774.63,3779.31,3774,3779.17,5789
2025-09-26T15:30:00.000Z,3779.2,3780.16,3775.13,3775.94,5992
2025-09-26T15:45:00.000Z,3775.95,3780.91,3775.41,3780.31,5445
2025-09-26T16:00:00.000Z,3780.26,3781.09,3775,3775,6290
2025-09-26T16:15:00.000Z,3774.91,3776.97,3771.35,3773.74,6377
2025-09-26T16:30:00.000Z,3773.75,3777.77,3773.54,3777.57,5149
2025-09-26T16:45:00.000Z,3777.5,3778.06,3773.28,3774.18,3835
2025-09-26T17:00:00.000Z,3774.2,3779.02,3774.09,3778.16,3717
2025-09-26T17:15:00.000Z,3778.1,3780.17,3777.95,3778.81,4459
2025-09-26T17:30:00.000Z,3778.8,3782.99,3777.53,3782.61,4090
2025-09-26T17:45:00.000Z,3782.64,3783.03,3780.67,3782.84,3706
2025-09-26T18:00:00.000Z,3782.85,3783.11,3774.58,3776.09,4727
2025-09-26T18:15:00.000Z,3776.07,3779.01,3775.91,3777.86,2925
2025-09-26T18:30:00.000Z,3777.89,3780.48,3776.99,3778.88,2312
2025-09-26T18:45:00.000Z,3778.89,3780.32,3778.13,3778.46,2253
2025-09-26T19:00:00.000Z,3778.44,3778.44,3772.6,3775.93,4016
2025-09-26T19:15:00.000Z,3775.98,3776.19,3772.13,3772.66,3339
2025-09-26T19:30:00.000Z,3772.7,3773.53,3767.63,3768.53,5085
2025-09-26T19:45:00.000Z,3768.5,3770.21,3764.54,3766.71,4814
2025-09-26T20:00:00.000Z,3766.64,3769.39,3765.01,3765.01,2945
2025-09-26T20:15:00.000Z,3765,3768.68,3764.69,3765.92,2084
2025-09-26T20:30:00.000Z,3765.95,3766.77,3762.07,3762.25,2276
2025-09-26T20:45:00.000Z,3762.34,3763.17,3760.59,3761.09,1140
2025-09-28T22:00:00.000Z,3756.11,3768.52,3756,3768,3679
2025-09-28T22:15:00.000Z,3767.99,3771,3766.4,3767.68,3300
2025-09-28T22:30:00.000Z,3767.61,3770.56,3765.83,3768.31,1841
2025-09-28T22:45:00.000Z,3768.23,3770.52,3767.34,3770.42,1195
2025-09-28T23:00:00.000Z,3770.38,3770.62,3766.62,3767.53,2127
2025-09-28T23:15:00.000Z,3767.54,3769.84,3767.42,3768.68,1868
2025-09-28T23:30:00.000Z,3768.59,3770.47,3767.72,3770.07,1595
2025-09-28T23:45:00.000Z,3770.1,3772.33,3766.34,3766.81,3943
2025-09-29T00:00:00.000Z,3766.8,3774.53,3763.85,3773.95,5168
2025-09-29T00:15:00.000Z,3774.03,3777.6,3772.63,3777.32,3921
2025-09-29T00:30:00.000Z,3777.38,3783.64,3776.96,3782.78,4962
2025-09-29T00:45:00.000Z,3783.04,3787.48,3782.08,3787,5163
2025-09-29T01:00:00.000Z,3787.02,3788.74,3774.58,3776.3,11292
2025-09-29T01:15:00.000Z,3776.14,3780.82,3767.87,3772.58,9835
2025-09-29T01:30:00.000Z,3772.7,3775.24,3768.95,3772.82,8824
2025-09-29T01:45:00.000Z,3772.5,3779.24,3772.01,3778.52,6642
2025-09-29T02:00:00.000Z,3778.51,3787.26,3777.6,3786,6742
2025-09-29T02:15:00.000Z,3785.47,3798.55,3785.47,3793.24,7409
2025-09-29T02:30:00.000Z,3793.15,3796.28,3790.4,3791.77,7490
2025-09-29T02:45:00.000Z,3791.83,3792.97,3787.97,3792.78,6182
2025-09-29T03:00:00.000Z,3792.8,3799.29,3792.66,3797.08,6862
2025-09-29T03:15:00.000Z,3796.99,3797.37,3792.15,3793.4,5806
2025-09-29T03:30:00.000Z,3793.46,3797.51,3793.46,3796.66,4291
2025-09-29T03:45:00.000Z,3796.66,3797.47,3793.75,3794.38,4256
2025-09-29T04:00:00.000Z,3794.28,3795.81,3792.43,3795.66,3379
2025-09-29T04:15:00.000Z,3795.62,3799.66,3792.87,3799.66,4605
2025-09-29T04:30:00.000Z,3799.67,3806.62,3798.34,3804.94,5203
2025-09-29T04:45:00.000Z,3805.02,3808.92,3803.52,3805.06,4707
2025-09-29T05:00:00.000Z,3805.08,3812.02,3803.56,3806.26,5608
2025-09-29T05:15:00.000Z,3806.53,3807.07,3802.21,3805.22,4583
2025-09-29T05:30:00.000Z,3805.32,3809.18,3801.16,3803.61,7272
2025-09-29T05:45:00.000Z,3803.62,3814.47,3803.06,3813.55,6635
2025-09-29T06:00:00.000Z,3813.61,3817.24,3810.77,3816.74,7020
2025-09-29T06:15:00.000Z,3816.65,3818.38,3811.93,3812.69,6875
2025-09-29T06:30:00.000Z,3812.64,3819.77,3811.78,3818.92,6800
2025-09-29T06:45:00.000Z,3818.95,3819,3812.64,3817.36,6878
2025-09-29T07:00:00.000Z,3817.25,3819.28,3813.41,3817.3,6085
2025-09-29T07:15:00.000Z,3817.38,3818.77,3812.29,3814.32,4972
2025-09-29T07:30:00.000Z,3814.33,3815.66,3807.76,3810.64,6069
2025-09-29T07:45:00.000Z,3810.8,3811.15,3804.97,3806.14,6276
2025-09-29T08:00:00.000Z,3806.2,3816.37,3806.2,3815.89,6681
2025-09-29T08:15:00.000Z,3815.91,3816.34,3808.29,3811.48,5483
2025-09-29T08:30:00.000Z,3811.45,3816.45,3811.1,3816.26,4047
2025-09-29T08:45:00.000Z,3816.31,3819.46,3815.39,3818.66,4285
2025-09-29T09:00:00.000Z,3818.62,3819.7,3816.96,3817.68,3427
2025-09-29T09:15:00.000Z,3817.71,3818.76,3815.76,3816.01,3171
2025-09-29T09:30:00.000Z,3816.17,3817.04,3808.41,3810.26,4967
2025-09-29T09:45:00.000Z,3810.31,3810.33,3806.87,3807.48,5481
2025-09-29T10:00:00.000Z,3807.47,3810.36,3806.41,3809.77,4798
2025-09-29T10:15:00.000Z,3809.75,3817.39,3809.31,3815.71,4830
2025-09-29T10:30:00.000Z,3815.7,3818.53,3814.78,3817.42,4367
2025-09-29T10:45:00.000Z,3817.52,3818.39,3814.69,3817.88,4406
2025-09-29T11:00:00.000Z,3817.71,3818.95,3816.37,3818.85,4388
2025-09-29T11:15:00.000Z,3818.84,3824.51,3818.38,3823.57,5912
2025-09-29T11:30:00.000Z,3823.58,3829.26,3822.41,3827.17,5143
2025-09-29T11:45:00.000Z,3827.2,3831.34,3823.99,3828.85,5141
2025-09-29T12:00:00.000Z,3828.8,3830.49,3822.41,3824.42,7472
2025-09-29T12:15:00.000Z,3824.4,3825.33,3816.75,3817.4,7456
2025-09-29T12:30:00.000Z,3817.43,3818.81,3812.52,3816.96,7848
2025-09-29T12:45:00.000Z,3816.99,3818.74,3811.64,3813.58,7375
2025-09-29T13:00:00.000Z,3813.86,3817.4,3809.23,3817.19,8437
2025-09-29T13:15:00.000Z,3817.09,3822.9,3816.08,3821.78,6658
2025-09-29T13:30:00.000Z,3821.9,3828.03,3818.17,3826.11,9253
2025-09-29T13:45:00.000Z,3826.31,3827.41,3819.02,3821.32,9490
2025-09-29T14:00:00.000Z,3821.24,3830.47,3819.4,3825.89,8905
2025-09-29T14:15:00.000Z,3825.87,3828.06,3816.57,3826.8,8615
2025-09-29T14:30:00.000Z,3826.76,3828.45,3824.34,3826.47,7147
2025-09-29T14:45:00.000Z,3826.51,3828.38,3823.21,3828.17,6851
2025-09-29T15:00:00.000Z,3828.2,3832.59,3822.66,3823.99,7514
2025-09-29T15:15:00.000Z,3823.92,3829.69,3822.65,3829.31,5870
2025-09-29T15:30:00.000Z,3829.27,3830.98,3820.84,3830.42,6385
2025-09-29T15:45:00.000Z,3830.48,3833.17,3829.72,3830.32,5398
2025-09-29T16:00:00.000Z,3830.27,3831.17,3828.05,3831.03,4742
2025-09-29T16:15:00.000Z,3831.11,3833.49,3829.54,3831.17,4773
2025-09-29T16:30:00.000Z,3831.15,3832.2,3828.49,3828.56,3937
2025-09-29T16:45:00.000Z,3828.55,3830.62,3828.29,3830.29,3819
2025-09-29T17:00:00.000Z,3830.31,3832.77,3828.87,3829.14,3927
2025-09-29T17:15:00.000Z,3829.15,3829.18,3824.04,3826.22,6403
2025-09-29T17:30:00.000Z,3826.66,3828.68,3825,3828.62,4981
2025-09-29T17:45:00.000Z,3828.56,3830.68,3826.59,3828.85,3960
2025-09-29T18:00:00.000Z,3828.92,3830.2,3823.25,3827.44,3949
2025-09-29T18:15:00.000Z,3827.43,3830.55,3827.28,3829.8,3491
2025-09-29T18:30:00.000Z,3829.78,3830.1,3824.2,3825.88,4018
2025-09-29T18:45:00.000Z,3825.8,3826.96,3823.76,3824.42,3291
2025-09-29T19:00:00.000Z,3824.41,3826.67,3822.52,3826.6,4033
2025-09-29T19:15:00.000Z,3826.52,3829.12,3824.66,3825.84,3644
2025-09-29T19:30:00.000Z,3825.79,3829.42,3825.24,3829.34,3404
2025-09-29T19:45:00.000Z,3829.26,3829.65,3827.45,3828.64,6255
2025-09-29T20:00:00.000Z,3828.67,3829.94,3827.75,3829.68,2119
2025-09-29T20:15:00.000Z,3829.58,3830.06,3827.61,3828.66,1964
2025-09-29T20:30:00.000Z,3828.7,3830.56,3827.68,3830.51,2156
2025-09-29T20:45:00.000Z,3830.46,3834.02,3830.07,3833.34,2759
2025-09-29T22:00:00.000Z,3832.93,3833.3,3828.83,3829.6,1664
2025-09-29T22:15:00.000Z,3829.65,3830.36,3825.53,3826.78,1743
2025-09-29T22:30:00.000Z,3826.89,3829.45,3826.89,3827.92,1241
2025-09-29T22:45:00.000Z,3827.9,3831.06,3827.59,3830.63,1134
2025-09-29T23:00:00.000Z,3830.46,3831,3829.35,3829.87,1028
2025-09-29T23:15:00.000Z,3829.86,3830.64,3828.34,3829.38,1305
2025-09-29T23:30:00.000Z,3829.43,3829.74,3828.01,3829.16,1195
2025-09-29T23:45:00.000Z,3829.12,3833.19,3829.03,3832.75,2577
2025-09-30T00:00:00.000Z,3832.92,3839.45,3830.94,3838.45,6136
2025-09-30T00:15:00.000Z,3838.4,3840.61,3835.47,3838.6,4082
2025-09-30T00:30:00.000Z,3838.62,3840.01,3835.85,3839.69,3355
2025-09-30T00:45:00.000Z,3839.74,3839.87,3834.56,3838.94,4362
2025-09-30T01:00:00.000Z,3838.85,3843.59,3837.98,3842.13,6949
2025-09-30T01:15:00.000Z,3842.15,3847.46,3840.93,3844.18,5743
2025-09-30T01:30:00.000Z,3844.08,3850.81,3842.61,3848.2,6473
2025-09-30T01:45:00.000Z,3848.21,3849.4,3845.88,3848.03,5240
2025-09-30T02:00:00.000Z,3848.02,3851.82,3845,3846.74,6241
2025-09-30T02:15:00.000Z,3846.74,3848.51,3842.51,3845.68,4907
2025-09-30T02:30:00.000Z,3845.69,3848.43,3843.58,3848.43,5232
2025-09-30T02:45:00.000Z,3848.4,3849.82,3847.15,3847.92,3752
2025-09-30T03:00:00.000Z,3848.09,3854.58,3845.79,3853.31,4688
2025-09-30T03:15:00.000Z,3853.34,3859.26,3852.26,3858.04,5087
2025-09-30T03:30:00.000Z,3858.05,3863.74,3857.78,3863.73,4594
2025-09-30T03:45:00.000Z,3863.72,3867.1,3862.54,3864.7,5046
2025-09-30T04:00:00.000Z,3864.66,3865.84,3862.67,3862.76,3417
2025-09-30T04:15:00.000Z,3862.78,3865.82,3861.89,3863.84,3101
2025-09-30T04:30:00.000Z,3863.81,3866.16,3863.25,3864.26,2777
2025-09-30T04:45:00.000Z,3864.25,3866.97,3863.37,3866.94,2396
2025-09-30T05:00:00.000Z,3866.93,3869.95,3862.45,3866.24,4580
2025-09-30T05:15:00.000Z,3866.21,3869.89,3865.92,3867.28,3701
2025-09-30T05:30:00.000Z,3867.29,3869.7,3864.02,3868.7,5533
2025-09-30T05:45:00.000Z,3868.68,3870.32,3865.09,3869.59,4554
2025-09-30T06:00:00.000Z,3869.79,3871.69,3866.59,3866.66,5061
2025-09-30T06:15:00.000Z,3866.62,3867.16,3861.83,3866.52,6405
2025-09-30T06:30:00.000Z,3866.55,3871.49,3866.24,3869.79,5312
2025-09-30T06:45:00.000Z,3869.66,3869.66,3854.68,3855.67,7428
2025-09-30T07:00:00.000Z,3855.76,3859.32,3850.81,3854.14,7687
2025-09-30T07:15:00.000Z,3854.16,3855.31,3848.31,3852.93,5485
2025-09-30T07:30:00.000Z,3852.91,3854.39,3846.25,3847.4,6097
2025-09-30T07:45:00.000Z,3847.41,3850.39,3839.52,3843.73,7060
2025-09-30T08:00:00.000Z,3843.7,3847.09,3832.45,3837.88,8171
2025-09-30T08:15:00.000Z,3837.9,3838.4,3820.23,3823.73,8175
2025-09-30T08:30:00.000Z,3823.72,3823.78,3807.58,3815.62,10034
2025-09-30T08:45:00.000Z,3815.61,3822.1,3814.83,3816.32,8120
2025-09-30T09:00:00.000Z,3816.24,3821.36,3797.41,3799.59,8097
2025-09-30T09:15:00.000Z,3799.39,3806.35,3798.19,3801.59,8071
2025-09-30T09:30:00.000Z,3801.85,3806.65,3799.98,3801.69,6284
2025-09-30T09:45:00.000Z,3801.03,3801.46,3793.06,3798.68,7493
2025-09-30T10:00:00.000Z,3798.66,3806.7,3798.1,3803.28,5991
2025-09-30T10:15:00.000Z,3803.34,3809.97,3802.92,3804.2,5460
2025-09-30T10:30:00.000Z,3804.17,3810.36,3803.23,3809.55,4389
2025-09-30T10:45:00.000Z,3809.53,3814.56,3809.48,3812.04,5175
2025-09-30T11:00:00.000Z,3811.94,3813.49,3806.58,3806.71,5455
2025-09-30T11:15:00.000Z,3806.72,3810.15,3804.43,3809.55,5087
2025-09-30T11:30:00.000Z,3809.51,3817.56,3808.1,3814.96,5538
2025-09-30T11:45:00.000Z,3814.95,3817.66,3812.95,3815.24,4552
2025-09-30T12:00:00.000Z,3815,3816.59,3810.95,3816.17,6215
2025-09-30T12:15:00.000Z,3816.02,3816.59,3811.51,3813.95,5914
2025-09-30T12:30:00.000Z,3813.94,3816.96,3808.86,3810.75,6515
2025-09-30T12:45:00.000Z,3810.72,3821.56,3810.31,3819.34,6428
2025-09-30T13:00:00.000Z,3819.32,3820.11,3813.65,3816.76,6770
2025-09-30T13:15:00.000Z,3816.91,3819.34,3811.52,3815.16,6588
2025-09-30T13:30:00.000Z,3815.34,3825.17,3812.28,3824.88,8737
2025-09-30T13:45:00.000Z,3824.95,3829.77,3822.5,3824.09,8148
2025-09-30T14:00:00.000Z,3823.79,3846.97,3820.27,3843.72,10134
2025-09-30T14:15:00.000Z,3843.92,3852.35,3842.55,3843.95,9714
2025-09-30T14:30:00.000Z,3843.94,3850.04,3842.66,3849.74,8282
2025-09-30T14:45:00.000Z,3849.69,3854.46,3845.32,3853.98,6937
2025-09-30T15:00:00.000Z,3853.9,3854.04,3832.51,3835.28,8670
2025-09-30T15:15:00.000Z,3835.21,3839.72,3831.24,3834.97,8323
2025-09-30T15:30:00.000Z,3834.74,3841.51,3834.38,3838.65,7522
2025-09-30T15:45:00.000Z,3839.1,3840.4,3835.42,3839.06,6681
2025-09-30T16:00:00.000Z,3838.88,3844.59,3837.83,3843.15,5800
2025-09-30T16:15:00.000Z,3843.11,3844.23,3840.73,3843.75,5943
2025-09-30T16:30:00.000Z,3843.73,3845.9,3842.55,3845.55,4454
2025-09-30T16:45:00.000Z,3845.49,3847.85,3844.89,3845.83,4483
2025-09-30T17:00:00.000Z,3845.92,3847.31,3843.68,3845.4,4084
2025-09-30T17:15:00.000Z,3845.43,3848.52,3845.01,3845.51,4660
2025-09-30T17:30:00.000Z,3845.62,3849.19,3844.67,3845.82,4487
2025-09-30T17:45:00.000Z,3845.93,3846.27,3842.58,3843.93,4410
2025-09-30T18:00:00.000Z,3843.98,3844.75,3839.58,3840.92,3997
2025-09-30T18:15:00.000Z,3840.87,3846.4,3840.52,3845.91,4053
2025-09-30T18:30:00.000Z,3845.87,3846.41,3843.66,3845.45,3382
2025-09-30T18:45:00.000Z,3845.43,3848.83,3845.05,3847.9,2974
2025-09-30T19:00:00.000Z,3847.93,3850.56,3846.96,3850.09,3546
2025-09-30T19:15:00.000Z,3850.16,3854.57,3850.09,3853.12,3655
2025-09-30T19:30:00.000Z,3853.17,3855.36,3853.14,3855.03,3953
2025-09-30T19:45:00.000Z,3855,3860.69,3854.36,3858.89,6707
2025-09-30T20:00:00.000Z,3858.93,3858.94,3850.53,3853.02,3857
2025-09-30T20:15:00.000Z,3853.05,3855.26,3852.11,3855.26,2240
2025-09-30T20:30:00.000Z,3855.33,3858.84,3854.7,3856.32,2440
2025-09-30T20:45:00.000Z,3856.39,3859.84,3855.44,3858.53,2073
2025-09-30T22:00:00.000Z,3858.81,3861.44,3856.67,3859.64,2339
2025-09-30T22:15:00.000Z,3859.62,3860.65,3854.71,3854.71,2531
2025-09-30T22:30:00.000Z,3854.65,3859.16,3854.65,3859.04,2371
2025-09-30T22:45:00.000Z,3859.12,3860.8,3858.61,3859.85,1466
2025-09-30T23:00:00.000Z,3860.09,3862.08,3860.05,3861.69,2043
2025-09-30T23:15:00.000Z,3861.69,3862.2,3860.43,3861.48,995
2025-09-30T23:30:00.000Z,3861.45,3861.88,3859.98,3861.52,1529
2025-09-30T23:45:00.000Z,3861.53,3863.01,3860.85,3862.89,2165
2025-10-01T00:00:00.000Z,3862.89,3865.07,3862.34,3864.99,3675
2025-10-01T00:15:00.000Z,3865,3865.19,3861.1,3861.1,2984
2025-10-01T00:30:00.000Z,3861.03,3864.71,3858.54,3863.45,3761
2025-10-01T00:45:00.000Z,3863.44,3864,3860.4,3860.41,2830
2025-10-01T01:00:00.000Z,3860.39,3862.86,3859,3862.11,3912
2025-10-01T01:15:00.000Z,3862.13,3865.09,3861.3,3864.93,4294
2025-10-01T01:30:00.000Z,3864.95,3866.14,3863.76,3865.96,2918
2025-10-01T01:45:00.000Z,3865.95,3868.87,3865.46,3868.83,3917
2025-10-01T02:00:00.000Z,3868.78,3875.17,3867.41,3867.53,7147
2025-10-01T02:15:00.000Z,3867.52,3870.63,3864.67,3866.11,4986
2025-10-01T02:30:00.000Z,3866.11,3867.29,3864.05,3865.66,4569
2025-10-01T02:45:00.000Z,3865.61,3866.85,3858.08,3863.33,4951
2025-10-01T03:00:00.000Z,3863.25,3866.4,3858.75,3862.04,5249
2025-10-01T03:15:00.000Z,3862.03,3864.11,3861.28,3863.63,3196
2025-10-01T03:30:00.000Z,3863.61,3864.28,3855.46,3863.83,6347
2025-10-01T03:45:00.000Z,3863.79,3864.61,3860.73,3861.96,3331
2025-10-01T04:00:00.000Z,3861.95,3864.56,3858.37,3860.66,3547
2025-10-01T04:15:00.000Z,3860.58,3862.59,3859.91,3860.84,2691
2025-10-01T04:30:00.000Z,3860.87,3861.33,3857.4,3858.84,3458
2025-10-01T04:45:00.000Z,3858.85,3864.91,3858.85,3864.8,3177
2025-10-01T05:00:00.000Z,3864.86,3869.83,3863.15,3864.14,5152
2025-10-01T05:15:00.000Z,3864.15,3868.28,3864.11,3865.6,3225
2025-10-01T05:30:00.000Z,3865.63,3866.4,3862.58,3862.8,2951
2025-10-01T05:45:00.000Z,3862.79,3864.2,3862.11,3863.33,3295
2025-10-01T06:00:00.000Z,3863.32,3864.35,3858.54,3858.6,4768
2025-10-01T06:15:00.000Z,3858.47,3861.72,3853.2,3861.72,5678
2025-10-01T06:30:00.000Z,3861.87,3864.7,3859.04,3863.67,4754
2025-10-01T06:45:00.000Z,3863.68,3864.8,3857.83,3859.12,4745
2025-10-01T07:00:00.000Z,3859.22,3867.16,3858.92,3866.8,5207
2025-10-01T07:15:00.000Z,3866.73,3871.24,3866.08,3870.65,5557
2025-10-01T07:30:00.000Z,3870.6,3873.94,3868.1,3868.93,6077
2025-10-01T07:45:00.000Z,3868.79,3879.57,3868.79,3879.11,5958
2025-10-01T08:00:00.000Z,3879.11,3889.01,3879.04,3888.03,7264
2025-10-01T08:15:00.000Z,3887.92,3895.28,3887.85,3891.7,6823
2025-10-01T08:30:00.000Z,3891.71,3893.81,3887.93,3891.78,6460
2025-10-01T08:45:00.000Z,3891.77,3893.64,3890.29,3892.87,4029
2025-10-01T09:00:00.000Z,3892.91,3895.01,3891.85,3893.75,4132
2025-10-01T09:15:00.000Z,3893.59,3893.83,3884.4,3886.04,5551
2025-10-01T09:30:00.000Z,3886.14,3890.99,3883.55,3888.69,5416
2025-10-01T09:45:00.000Z,3888.6,3891.42,3885.26,3888.84,4351
2025-10-01T10:00:00.000Z,3888.91,3889.47,3885.76,3888.9,4064
2025-10-01T10:15:00.000Z,3888.87,3889.46,3886.21,3886.39,4365
2025-10-01T10:30:00.000Z,3886.29,3887.72,3885.18,3887.37,3532
2025-10-01T10:45:00.000Z,3887.36,3889.57,3886.14,3887.63,3577
2025-10-01T11:00:00.000Z,3887.53,3888.5,3881,3883.15,4067
2025-10-01T11:15:00.000Z,3883.11,3885.33,3881.89,3881.94,3956
2025-10-01T11:30:00.000Z,3881.93,3882.49,3877.96,3881.93,4548
2025-10-01T11:45:00.000Z,3881.91,3884.41,3881.01,3883.58,4232
2025-10-01T12:00:00.000Z,3883.74,3885.25,3881.38,3884.26,5092
2025-10-01T12:15:00.000Z,3884.28,3890.98,3875.34,3877.76,10814
2025-10-01T12:30:00.000Z,3877.77,3880.8,3871.95,3875.19,9359
2025-10-01T12:45:00.000Z,3875.18,3877.06,3864.48,3870.27,7959
2025-10-01T13:00:00.000Z,3870.3,3873.89,3865.32,3865.53,7553
2025-10-01T13:15:00.000Z,3865.29,3870.25,3863.02,3869.92,7003
2025-10-01T13:30:00.000Z,3870,3876.89,3868.89,3872.33,9386
2025-10-01T13:45:00.000Z,3872.31,3874.57,3867.62,3872.93,8101
2025-10-01T14:00:00.000Z,3872.85,3875.85,3867.54,3870.15,9604
2025-10-01T14:15:00.000Z,3870.13,3875.76,3868.96,3875.14,7743
2025-10-01T14:30:00.000Z,3875.17,3878.57,3874.55,3877.14,7425
2025-10-01T14:45:00.000Z,3877.05,3878.22,3856.27,3872.99,11934
2025-10-01T15:00:00.000Z,3872.95,3876.76,3866.45,3869.2,9713
2025-10-01T15:15:00.000Z,3868.98,3869.58,3859.41,3859.55,9677
2025-10-01T15:30:00.000Z,3859.62,3866.05,3858.01,3864.42,8413
2025-10-01T15:45:00.000Z,3864.45,3869.68,3863.43,3868.4,6798
2025-10-01T16:00:00.000Z,3868.07,3869.25,3860.62,3867.19,6873
2025-10-01T16:15:00.000Z,3867.12,3870.64,3866.72,3870.33,5526
2025-10-01T16:30:00.000Z,3870.39,3871.41,3869.35,3870.46,5046
2025-10-01T16:45:00.000Z,3870.5,3871.43,3869.35,3870.79,4285
2025-10-01T17:00:00.000Z,3870.8,3871.21,3868.44,3869.79,4032
2025-10-01T17:15:00.000Z,3869.82,3871.84,3868.8,3870.67,4337
2025-10-01T17:30:00.000Z,3870.87,3871.24,3863.69,3864.07,4300
2025-10-01T17:45:00.000Z,3864.09,3865,3860.55,3860.74,5691
2025-10-01T18:00:00.000Z,3860.73,3860.89,3855,3859.79,7180
2025-10-01T18:15:00.000Z,3859.8,3864.82,3859.39,3862.95,5271
2025-10-01T18:30:00.000Z,3862.91,3866.25,3857.97,3859.39,5438
2025-10-01T18:45:00.000Z,3859.43,3863.91,3859.16,3862.1,4906
2025-10-01T19:00:00.000Z,3862.19,3865.9,3861.35,3865.74,4483
2025-10-01T19:15:00.000Z,3865.77,3866.57,3863.48,3864.69,4282
2025-10-01T19:30:00.000Z,3864.68,3869.08,3864.16,3869.02,3631
2025-10-01T19:45:00.000Z,3869.04,3870.89,3866.16,3867.64,4629
2025-10-01T20:00:00.000Z,3867.66,3867.69,3860.28,3862.3,3609
2025-10-01T20:15:00.000Z,3862.34,3863.57,3860.79,3863.31,2158
2025-10-01T20:30:00.000Z,3863.28,3865.02,3862.79,3863.39,1724
2025-10-01T20:45:00.000Z,3863.5,3865.66,3862.97,3865.54,1988
2025-10-01T22:00:00.000Z,3866.24,3870.26,3861.01,3862.79,2479
2025-10-01T22:15:00.000Z,3862.75,3863.3,3858.44,3859.89,1835
2025-10-01T22:30:00.000Z,3859.9,3862.62,3859.04,3862.59,1784
2025-10-01T22:45:00.000Z,3862.57,3863.82,3861.48,3861.93,1241
2025-10-01T23:00:00.000Z,3861.92,3864.33,3861.37,3862.31,2170
2025-10-01T23:15:00.000Z,3862.29,3866.46,3861.66,3865.56,1923
2025-10-01T23:30:00.000Z,3865.57,3865.94,3857.54,3860.78,3213
2025-10-01T23:45:00.000Z,3860.63,3865.16,3860.61,3863.29,2980
2025-10-02T00:00:00.000Z,3862.98,3863.53,3857.42,3858.24,4722
2025-10-02T00:15:00.000Z,3858.17,3860.75,3856.48,3857.92,3625
2025-10-02T00:30:00.000Z,3858,3859.74,3857.02,3858.29,2477
2025-10-02T00:45:00.000Z,3858.26,3861.15,3855.89,3855.99,3939
2025-10-02T01:00:00.000Z,3855.93,3860.09,3852.74,3859.46,5501
2025-10-02T01:15:00.000Z,3859.59,3864.95,3857.8,3863.82,3952
2025-10-02T01:30:00.000Z,3863.84,3865.12,3862.97,3863.27,3469
2025-10-02T01:45:00.000Z,3863.28,3865.05,3862.49,3864.98,3038
2025-10-02T02:00:00.000Z,3864.99,3869.73,3861.41,3869.73,4158
2025-10-02T02:15:00.000Z,3869.74,3869.82,3862.12,3863.86,3884
2025-10-02T02:30:00.000Z,3863.77,3865.27,3862.98,3864.8,2425
2025-10-02T02:45:00.000Z,3864.8,3867.26,3864.14,3865.97,2427
2025-10-02T03:00:00.000Z,3865.94,3868.9,3864.96,3868.87,2423
2025-10-02T03:15:00.000Z,3868.78,3869.3,3866.69,3867.08,2172
2025-10-02T03:30:00.000Z,3866.94,3867.06,3863.83,3864.6,2492
2025-10-02T03:45:00.000Z,3864.58,3867.13,3864.24,3866.52,2141
2025-10-02T04:00:00.000Z,3866.64,3867.49,3865.04,3865.63,1973
2025-10-02T04:15:00.000Z,3865.57,3866.52,3864.8,3865.93,1118
2025-10-02T04:30:00.000Z,3865.94,3866.33,3863.65,3864.75,1645
2025-10-02T04:45:00.000Z,3864.62,3864.76,3861.81,3864.2,1567
2025-10-02T05:00:00.000Z,3864.21,3868.61,3864.2,3867.95,2918
2025-10-02T05:15:00.000Z,3867.92,3871.08,3867.39,3869.26,2647
2025-10-02T05:30:00.000Z,3869.09,3869.44,3866.19,3868.08,2683
2025-10-02T05:45:00.000Z,3868.03,3868.94,3866.6,3867.73,2333
2025-10-02T06:00:00.000Z,3867.73,3872.01,3866.66,3871.79,3812
2025-10-02T06:15:00.000Z,3871.76,3874.22,3871.59,3871.89,3171
2025-10-02T06:30:00.000Z,3871.94,3874.16,3870.4,3870.5,2777
2025-10-02T06:45:00.000Z,3870.43,3870.43,3862,3864.09,4482
2025-10-02T07:00:00.000Z,3864.06,3873.25,3863.65,3873.17,4404
2025-10-02T07:15:00.000Z,3873.2,3874.75,3863.39,3864.58,5219
2025-10-02T07:30:00.000Z,3864.56,3866.7,3861.83,3865.82,5638
2025-10-02T07:45:00.000Z,3865.81,3869.5,3864.4,3868.5,5105
2025-10-02T08:00:00.000Z,3868.45,3868.98,3864.61,3866.99,5056
2025-10-02T08:15:00.000Z,3867.04,3870.64,3866.17,3869.74,3193
2025-10-02T08:30:00.000Z,3869.66,3875.55,3869.1,3875.28,3302
2025-10-02T08:45:00.000Z,3875.41,3878.58,3873.58,3874.44,3280
2025-10-02T09:00:00.000Z,3874.42,3878.34,3873.22,3875.46,3541
2025-10-02T09:15:00.000Z,3875.58,3878.21,3874.16,3875.27,3420
2025-10-02T09:30:00.000Z,3875.3,3879.09,3875.18,3877.64,3840
2025-10-02T09:45:00.000Z,3877.62,3879.64,3875.52,3879.05,3862
2025-10-02T10:00:00.000Z,3879.08,3880.22,3875.8,3876,2909
2025-10-02T10:15:00.000Z,3876.04,3883.76,3876.01,3882.34,3873
2025-10-02T10:30:00.000Z,3882.33,3883.13,3878.92,3881.04,3956
2025-10-02T10:45:00.000Z,3881,3882.39,3879.14,3881.68,2706
2025-10-02T11:00:00.000Z,3881.65,3883.54,3879.69,3883.32,3450
2025-10-02T11:15:00.000Z,3883.31,3885.28,3882.8,3883.46,2985
2025-10-02T11:30:00.000Z,3883.47,3885.87,3881.93,3884.91,4494
2025-10-02T11:45:00.000Z,3884.87,3886.64,3882.61,3886.23,4065
2025-10-02T12:00:00.000Z,3886.29,3892.02,3885.09,3886.55,5738
2025-10-02T12:15:00.000Z,3886.58,3886.75,3880.18,3882.8,6319
2025-10-02T12:30:00.000Z,3882.79,3888.32,3881.35,3882.42,6067
2025-10-02T12:45:00.000Z,3882.49,3884.72,3880.59,3884.37,5403
2025-10-02T13:00:00.000Z,3884.42,3892.02,3884.42,3890.93,6754
2025-10-02T13:15:00.000Z,3890.96,3893.89,3887.29,3893.83,6093
2025-10-02T13:30:00.000Z,3894.2,3896.51,3880.84,3883.09,9504
2025-10-02T13:45:00.000Z,3883.11,3887.4,3873.57,3875.02,9571
2025-10-02T14:00:00.000Z,3875,3876.83,3869.45,3871.44,9936
2025-10-02T14:15:00.000Z,3871.45,3871.96,3857.69,3864.07,9818
2025-10-02T14:30:00.000Z,3864.1,3866.02,3836.36,3837.66,11779
2025-10-02T14:45:00.000Z,3837.95,3840.88,3825.14,3839.89,12316
2025-10-02T15:00:00.000Z,3839.78,3844.78,3830.68,3836.44,10636
2025-10-02T15:15:00.000Z,3836.41,3839.33,3829.37,3835.76,9123
2025-10-02T15:30:00.000Z,3835.74,3835.74,3819.27,3834.83,8979
2025-10-02T15:45:00.000Z,3834.8,3836.16,3826.81,3828.35,8171
2025-10-02T16:00:00.000Z,3827.79,3839.95,3827.19,3837.96,7457
2025-10-02T16:15:00.000Z,3837.66,3844.62,3835.42,3837.87,7591
2025-10-02T16:30:00.000Z,3837.54,3843.2,3835.46,3842.95,6479
2025-10-02T16:45:00.000Z,3842.94,3845.28,3840.46,3844.91,5760
2025-10-02T17:00:00.000Z,3844.81,3847.22,3842.82,3845.58,5427
2025-10-02T17:15:00.000Z,3845.91,3847.62,3842.46,3844.44,5920
2025-10-02T17:30:00.000Z,3844.43,3846.63,3841.23,3842.43,4198
2025-10-02T17:45:00.000Z,3842.45,3846.12,3840.54,3844.25,3666
2025-10-02T18:00:00.000Z,3844.26,3847.02,3843.45,3845.86,3848
2025-10-02T18:15:00.000Z,3845.83,3847.45,3845.18,3847.19,2771
2025-10-02T18:30:00.000Z,3847.16,3848.52,3846.23,3848.1,3061
2025-10-02T18:45:00.000Z,3848.08,3851.34,3847.86,3850.89,3863
2025-10-02T19:00:00.000Z,3850.87,3858.67,3850.6,3854.27,4979
2025-10-02T19:15:00.000Z,3854.33,3859.02,3854.3,3856.95,4077
2025-10-02T19:30:00.000Z,3856.94,3858.01,3855.41,3856.18,3400
2025-10-02T19:45:00.000Z,3856.23,3856.98,3852.76,3855.46,4428
2025-10-02T20:00:00.000Z,3855.55,3859.24,3854.39,3857.11,2154
2025-10-02T20:15:00.000Z,3857.13,3857.56,3856.03,3856.31,1200
2025-10-02T20:30:00.000Z,3856.21,3856.98,3854.74,3855.04,1507
2025-10-02T20:45:00.000Z,3855.05,3856.29,3852.87,3856.08,1187
2025-10-02T22:00:00.000Z,3855.12,3858.51,3852.9,3853.08,1722
2025-10-02T22:15:00.000Z,3853.06,3855.4,3851.99,3854.21,1506
2025-10-02T22:30:00.000Z,3854.24,3857.61,3854.02,3857.34,1726
2025-10-02T22:45:00.000Z,3857.84,3858.28,3856.34,3857.08,1110
2025-10-02T23:00:00.000Z,3857.01,3858.53,3857,3857.57,1252
2025-10-02T23:15:00.000Z,3857.58,3858.68,3856.74,3858.27,1122
2025-10-02T23:30:00.000Z,3858.2,3862.62,3858.02,3861.95,2604
2025-10-02T23:45:00.000Z,3861.94,3863.57,3861.28,3862.23,2367
2025-10-03T00:00:00.000Z,3862.14,3862.45,3857.04,3861.14,3174
2025-10-03T00:15:00.000Z,3861.14,3862.06,3857.42,3858.54,3391
2025-10-03T00:30:00.000Z,3858.56,3859.09,3856.43,3858.34,3026
2025-10-03T00:45:00.000Z,3858.38,3859.04,3856.33,3856.87,2442
2025-10-03T01:00:00.000Z,3856.82,3862.48,3853.3,3856.59,5111
2025-10-03T01:15:00.000Z,3856.6,3857.29,3850.32,3851.53,4458
2025-10-03T01:30:00.000Z,3851.64,3856.32,3847.34,3856.09,5070
2025-10-03T01:45:00.000Z,3856.19,3859.79,3854.47,3858.31,4374
2025-10-03T02:00:00.000Z,3858.28,3858.92,3855.28,3855.94,2983
2025-10-03T02:15:00.000Z,3855.91,3857.77,3853.94,3855.07,2902
2025-10-03T02:30:00.000Z,3855.08,3855.36,3849.26,3849.54,3659
2025-10-03T02:45:00.000Z,3849.43,3852.23,3847.56,3848.05,3209
2025-10-03T03:00:00.000Z,3847.94,3850.92,3845.04,3847.55,3197
2025-10-03T03:15:00.000Z,3847.58,3848.73,3839.68,3839.83,4345
2025-10-03T03:30:00.000Z,3839.84,3842.29,3837.91,3840.81,4696
2025-10-03T03:45:00.000Z,3840.78,3843.78,3839.17,3842.75,3669
2025-10-03T04:00:00.000Z,3842.75,3845.85,3841.61,3845.31,2875
2025-10-03T04:15:00.000Z,3845.3,3848.11,3843.33,3844.91,2667
2025-10-03T04:30:00.000Z,3844.9,3845.89,3843.03,3845.11,2714
2025-10-03T04:45:00.000Z,3845.11,3845.31,3843.29,3843.9,2030
2025-10-03T05:00:00.000Z,3843.94,3850.62,3843.79,3850.58,3452
2025-10-03T05:15:00.000Z,3850.79,3855.31,3850.34,3854.1,4065
2025-10-03T05:30:00.000Z,3854.16,3857.77,3854.07,3855.52,3571
2025-10-03T05:45:00.000Z,3855.54,3859,3853.3,3855.05,3417
2025-10-03T06:00:00.000Z,3854.63,3859.29,3850.84,3859.16,4210
2025-10-03T06:15:00.000Z,3859.24,3860.62,3858.37,3860.62,3132
2025-10-03T06:30:00.000Z,3860.6,3860.91,3857.54,3857.98,3242
2025-10-03T06:45:00.000Z,3857.99,3859.29,3855.36,3859.19,3193
2025-10-03T07:00:00.000Z,3859.18,3860.88,3856.88,3858.63,3724
2025-10-03T07:15:00.000Z,3858.6,3862.94,3857.72,3862.67,3692
2025-10-03T07:30:00.000Z,3862.81,3865.08,3861.34,3864.4,3148
2025-10-03T07:45:00.000Z,3864.4,3865.22,3862.71,3864.23,2661
2025-10-03T08:00:00.000Z,3864.33,3865.65,3861.27,3861.64,3163
2025-10-03T08:15:00.000Z,3861.75,3863.4,3860.07,3862.78,2904
2025-10-03T08:30:00.000Z,3862.52,3863.61,3861.38,3862.96,2553
2025-10-03T08:45:00.000Z,3863.08,3865.33,3860.58,3864.75,2458
2025-10-03T09:00:00.000Z,3864.64,3864.83,3859.78,3860.75,2520
2025-10-03T09:15:00.000Z,3860.86,3861.07,3856.96,3859.27,2859
2025-10-03T09:30:00.000Z,3859.32,3860.79,3857.92,3859.82,2300
2025-10-03T09:45:00.000Z,3859.83,3864.72,3858.61,3864.26,2294
2025-10-03T10:00:00.000Z,3864.27,3865.7,3863.38,3865.28,2509
2025-10-03T10:15:00.000Z,3865.31,3866.04,3862.42,3863.34,2670
2025-10-03T10:30:00.000Z,3863.35,3867.47,3862.07,3865.4,3352
2025-10-03T10:45:00.000Z,3865.39,3867.6,3863.54,3865.73,3765
2025-10-03T11:00:00.000Z,3865.72,3867.04,3862.18,3862.32,3957
2025-10-03T11:15:00.000Z,3862.29,3862.35,3857.5,3858.66,4793
2025-10-03T11:30:00.000Z,3858.71,3861.04,3854.65,3859.91,4450
2025-10-03T11:45:00.000Z,3859.88,3864.41,3859.01,3862.07,3854
2025-10-03T12:00:00.000Z,3862.12,3864.16,3860.77,3864.12,4460
2025-10-03T12:15:00.000Z,3864.13,3865.01,3860.5,3863.5,3849
2025-10-03T12:30:00.000Z,3863.53,3870.74,3862.86,3870.74,5980
2025-10-03T12:45:00.000Z,3870.62,3874.79,3869.47,3873.78,5850
2025-10-03T13:00:00.000Z,3873.87,3877.66,3870.06,3877.13,6718
2025-10-03T13:15:00.000Z,3877.07,3884.45,3875.96,3881.05,6659
2025-10-03T13:30:00.000Z,3880.88,3887.45,3872.65,3886.89,9301
2025-10-03T13:45:00.000Z,3886.71,3890.54,3880.27,3882.62,9152
2025-10-03T14:00:00.000Z,3883.67,3886.12,3866.33,3867.22,10441
2025-10-03T14:15:00.000Z,3867.14,3879.95,3866.98,3879.05,9455
2025-10-03T14:30:00.000Z,3878.91,3880.08,3872.49,3874.88,8926
2025-10-03T14:45:00.000Z,3874.91,3881.07,3874.07,3879.59,7611
2025-10-03T15:00:00.000Z,3879.74,3882.02,3873.8,3880.23,7176
2025-10-03T15:15:00.000Z,3880.24,3889.01,3878.18,3887.72,6987
2025-10-03T15:30:00.000Z,3887.73,3888.83,3884.04,3886.82,6973
2025-10-03T15:45:00.000Z,3886.85,3891.58,3885.27,3889.4,5799
2025-10-03T16:00:00.000Z,3889.44,3889.69,3884.09,3886.36,6218
2025-10-03T16:15:00.000Z,3886.52,3886.54,3880.49,3882.72,5888
2025-10-03T16:30:00.000Z,3882.61,3884.18,3880.89,3882.07,4442
2025-10-03T16:45:00.000Z,3882.14,3884.59,3880.59,3883.7,4558
2025-10-03T17:00:00.000Z,3883.71,3884.8,3880.58,3883.53,4990
2025-10-03T17:15:00.000Z,3883.56,3885.91,3883.32,3883.59,5819
2025-10-03T17:30:00.000Z,3883.83,3885.77,3881.27,3884.67,5444
2025-10-03T17:45:00.000Z,3884.53,3885.18,3876.77,3881.67,6987
2025-10-03T18:00:00.000Z,3881.84,3884.84,3880.04,3882.3,5441
2025-10-03T18:15:00.000Z,3882.4,3885.07,3881.48,3884.24,4083
2025-10-03T18:30:00.000Z,3884.3,3889.15,3884.11,3888.13,4231
2025-10-03T18:45:00.000Z,3888.27,3888.84,3884.48,3886.07,4269
2025-10-03T19:00:00.000Z,3886.03,3888.06,3883.44,3887.5,4719
2025-10-03T19:15:00.000Z,3887.48,3888.61,3885.73,3886.66,2777
2025-10-03T19:30:00.000Z,3886.68,3888.79,3885.87,3886.57,2869
2025-10-03T19:45:00.000Z,3886.55,3889.05,3884.29,3885.58,4294
2025-10-03T20:00:00.000Z,3885.51,3887.12,3884.51,3884.93,2112
2025-10-03T20:15:00.000Z,3884.92,3885,3883.4,3884.33,1244
2025-10-03T20:30:00.000Z,3884.24,3884.75,3882.59,3884.48,1981
2025-10-03T20:45:00.000Z,3884.66,3886.8,3884.02,3886.03,1195
2025-10-05T22:00:00.000Z,3888.36,3891.89,3884.22,3890.45,4122
2025-10-05T22:15:00.000Z,3890.41,3893.89,3888.11,3893.61,4792
2025-10-05T22:30:00.000Z,3893.32,3894.21,3889.98,3893.53,3615
2025-10-05T22:45:00.000Z,3893.31,3899.92,3892.58,3899.27,2907
2025-10-05T23:00:00.000Z,3899.19,3920.59,3897.99,3909.49,8777
2025-10-05T23:15:00.000Z,3909.3,3912.16,3906.96,3910.17,5470
2025-10-05T23:30:00.000Z,3910.27,3911.45,3907.82,3910.83,4448
2025-10-05T23:45:00.000Z,3910.85,3911.44,3907.63,3909.5,5055
2025-10-06T00:00:00.000Z,3909.58,3909.88,3900.06,3904.31,8391
2025-10-06T00:15:00.000Z,3904.17,3906.19,3898.9,3902.25,7045
2025-10-06T00:30:00.000Z,3902.35,3905.94,3900.52,3904.61,6129
2025-10-06T00:45:00.000Z,3904.65,3906.45,3899.87,3900.4,5422
2025-10-06T01:00:00.000Z,3900.5,3907.93,3899.64,3906.05,4652
2025-10-06T01:15:00.000Z,3906.04,3907.37,3901.17,3902.87,4864
2025-10-06T01:30:00.000Z,3902.75,3911,3902.39,3910.06,4207
2025-10-06T01:45:00.000Z,3910.09,3918.29,3909.07,3917.97,4877
2025-10-06T02:00:00.000Z,3917.98,3924.45,3917.44,3923.75,6316
2025-10-06T02:15:00.000Z,3923.72,3923.8,3920.2,3921.79,3488
2025-10-06T02:30:00.000Z,3921.77,3923.21,3918.73,3922.87,3419
2025-10-06T02:45:00.000Z,3922.92,3923.13,3919.49,3920.95,3378
2025-10-06T03:00:00.000Z,3920.89,3926.38,3919.84,3921.72,4062
2025-10-06T03:15:00.000Z,3921.78,3924.8,3920.17,3921.91,3852
2025-10-06T03:30:00.000Z,3921.89,3929.21,3921.53,3928.26,4261
2025-10-06T03:45:00.000Z,3928.29,3931.83,3927.9,3929.39,4830
2025-10-06T04:00:00.000Z,3929.41,3933.08,3928.75,3929.51,5108
2025-10-06T04:15:00.000Z,3929.47,3934.29,3928.72,3933.66,4150
2025-10-06T04:30:00.000Z,3933.69,3939.88,3932.27,3939.88,4843
2025-10-06T04:45:00.000Z,3939.86,3940.07,3934.9,3938.59,4360
2025-10-06T05:00:00.000Z,3938.55,3944.98,3935.76,3939.94,5322
2025-10-06T05:15:00.000Z,3939.97,3940.45,3932.89,3936.86,5710
2025-10-06T05:30:00.000Z,3936.88,3937.01,3927.31,3930.27,5768
2025-10-06T05:45:00.000Z,3930.24,3933.12,3928.31,3932.46,4630
2025-10-06T06:00:00.000Z,3932.68,3932.68,3922.2,3925.82,6639
2025-10-06T06:15:00.000Z,3925.83,3929.92,3924.54,3928.22,5608
2025-10-06T06:30:00.000Z,3928.07,3928.34,3925.08,3927.06,4755
2025-10-06T06:45:00.000Z,3927.11,3934.75,3927.09,3934.32,5086
2025-10-06T07:00:00.000Z,3933.69,3936.18,3932.61,3934.68,5086
2025-10-06T07:15:00.000Z,3934.64,3936.34,3929.22,3932.44,5466
2025-10-06T07:30:00.000Z,3932.49,3936.43,3931.25,3932.88,6793
2025-10-06T07:45:00.000Z,3932.9,3943.8,3932.21,3941.53,7639
2025-10-06T08:00:00.000Z,3941.55,3949.65,3941.52,3947.18,7134
2025-10-06T08:15:00.000Z,3947.21,3949.14,3939.97,3943.64,5814
2025-10-06T08:30:00.000Z,3943.6,3943.66,3935.34,3938.22,5842
2025-10-06T08:45:00.000Z,3938.14,3947.13,3937.89,3942.46,5271
2025-10-06T09:00:00.000Z,3942.5,3944.85,3941.47,3942.76,3883
2025-10-06T09:15:00.000Z,3942.81,3944.05,3938.92,3943.65,3988
2025-10-06T09:30:00.000Z,3943.64,3944.39,3937.61,3938.57,4076
2025-10-06T09:45:00.000Z,3938.64,3942.48,3936.59,3942.4,3649
2025-10-06T10:00:00.000Z,3942.37,3942.63,3932.59,3938.53,5442
2025-10-06T10:15:00.000Z,3938.42,3941.66,3937.13,3939.83,4029
2025-10-06T10:30:00.000Z,3939.84,3946.45,3939.21,3946.45,3721
2025-10-06T10:45:00.000Z,3946.38,3946.48,3941.86,3942.11,3602
2025-10-06T11:00:00.000Z,3941.92,3942.63,3934.6,3936.79,5155
2025-10-06T11:15:00.000Z,3936.79,3938.64,3933.46,3938.58,5530
2025-10-06T11:30:00.000Z,3938.61,3940.28,3934.38,3936.17,6073
2025-10-06T11:45:00.000Z,3936.05,3939.57,3931.12,3938.17,6069
2025-10-06T12:00:00.000Z,3938.13,3941.05,3933.5,3940.03,8298
2025-10-06T12:15:00.000Z,3940.01,3941.22,3928.77,3931.18,9019
2025-10-06T12:30:00.000Z,3931.25,3932.59,3926.55,3931.53,8393
2025-10-06T12:45:00.000Z,3931.39,3938.61,3931.06,3934.08,6104
2025-10-06T13:00:00.000Z,3934.29,3936.72,3930.67,3934.24,7344
2025-10-06T13:15:00.000Z,3934.23,3937.05,3931.89,3933.2,6020
2025-10-06T13:30:00.000Z,3934.19,3944.96,3927.18,3944.76,9243
2025-10-06T13:45:00.000Z,3944.84,3947.02,3940.56,3944.6,8615
2025-10-06T14:00:00.000Z,3944.41,3950.12,3940.35,3948.56,9048
2025-10-06T14:15:00.000Z,3948.52,3950.16,3944.59,3948.04,8195
2025-10-06T14:30:00.000Z,3947.91,3958.53,3946.68,3957.71,8516
2025-10-06T14:45:00.000Z,3957.68,3958.7,3953.59,3955.01,8056
2025-10-06T15:00:00.000Z,3954.91,3958.01,3949.67,3954.95,7842
2025-10-06T15:15:00.000Z,3955.06,3957.84,3948.37,3950.02,8097
2025-10-06T15:30:00.000Z,3950.03,3958.05,3948.18,3956.84,7107
2025-10-06T15:45:00.000Z,3956.85,3963.94,3954.7,3962.46,7512
2025-10-06T16:00:00.000Z,3962.5,3969.96,3946.98,3947.92,9829
2025-10-06T16:15:00.000Z,3947.97,3954.92,3945.83,3952.37,9553
2025-10-06T16:30:00.000Z,3952.52,3955.43,3950.93,3952.25,6129
2025-10-06T16:45:00.000Z,3952.31,3955.1,3951.01,3954.02,5509
2025-10-06T17:00:00.000Z,3954.08,3958.91,3954.08,3956.97,6448
2025-10-06T17:15:00.000Z,3956.95,3957.75,3951.66,3951.9,6173
2025-10-06T17:30:00.000Z,3951.87,3956.29,3951.14,3955.21,5131
2025-10-06T17:45:00.000Z,3955.18,3958.17,3953.08,3957.8,4024
2025-10-06T18:00:00.000Z,3957.81,3959.73,3955.79,3957.35,4941
2025-10-06T18:15:00.000Z,3957.44,3958.97,3957.21,3957.91,3047
2025-10-06T18:30:00.000Z,3957.93,3957.95,3955.8,3957.4,2896
2025-10-06T18:45:00.000Z,3957.46,3960.48,3956.88,3958.34,4058
2025-10-06T19:00:00.000Z,3958.28,3965.07,3958.17,3962.12,4171
2025-10-06T19:15:00.000Z,3962.1,3964.24,3960.83,3964.03,2696
2025-10-06T19:30:00.000Z,3964.17,3964.6,3961.4,3962.31,2889
2025-10-06T19:45:00.000Z,3962.33,3963.92,3958.28,3959.23,4099
2025-10-06T20:00:00.000Z,3959.21,3961.32,3958.48,3959.89,2133
2025-10-06T20:15:00.000Z,3959.91,3961.31,3958.9,3959.54,1566
2025-10-06T20:30:00.000Z,3959.55,3959.69,3957.31,3958.42,1748
2025-10-06T20:45:00.000Z,3958.5,3962.04,3957.92,3960.43,1280
2025-10-06T22:00:00.000Z,3960.06,3972.8,3958.42,3970.99,3725
2025-10-06T22:15:00.000Z,3970.97,3976.09,3969.24,3973.09,5205
2025-10-06T22:30:00.000Z,3973.05,3973.05,3958.91,3963.67,5812
2025-10-06T22:45:00.000Z,3963.64,3969.51,3958.84,3963.29,4888
2025-10-06T23:00:00.000Z,3963.31,3965.66,3961.64,3964.13,3429
2025-10-06T23:15:00.000Z,3964.16,3969.9,3964.16,3969.35,3252
2025-10-06T23:30:00.000Z,3969.34,3972.48,3967.96,3971.85,3535
2025-10-06T23:45:00.000Z,3971.79,3972.6,3967.66,3969.36,3488
2025-10-07T00:00:00.000Z,3969.3,3972.3,3966.48,3970.8,5335
2025-10-07T00:15:00.000Z,3970.81,3977.08,3969.65,3973.99,6111
2025-10-07T00:30:00.000Z,3974.02,3977.24,3965.21,3965.8,6221
2025-10-07T00:45:00.000Z,3965.71,3966.99,3961.41,3962.61,6694
2025-10-07T01:00:00.000Z,3962.59,3963.18,3955.75,3961.72,6871
2025-10-07T01:15:00.000Z,3961.7,3963.65,3958.8,3959.16,5049
2025-10-07T01:30:00.000Z,3959.24,3960.99,3955.8,3959.89,4737
2025-10-07T01:45:00.000Z,3959.87,3959.87,3957.32,3958.08,3737
2025-10-07T02:00:00.000Z,3958.06,3961.79,3957.22,3961.27,3910
2025-10-07T02:15:00.000Z,3961.32,3965.23,3960.8,3964.71,3598
2025-10-07T02:30:00.000Z,3964.66,3966.85,3963.76,3966.19,3168
2025-10-07T02:45:00.000Z,3966.2,3966.82,3964.48,3964.93,2901
2025-10-07T03:00:00.000Z,3964.87,3967.72,3962.91,3967.69,2988
2025-10-07T03:15:00.000Z,3967.72,3969.78,3960.81,3963.48,4357
2025-10-07T03:30:00.000Z,3963.51,3972.86,3962.92,3972.49,4523
2025-10-07T03:45:00.000Z,3972.55,3974.59,3971.31,3973.32,3834
2025-10-07T04:00:00.000Z,3973.31,3975.43,3971.35,3973.61,3825
2025-10-07T04:15:00.000Z,3973.48,3975.21,3972.45,3973.47,2725
2025-10-07T04:30:00.000Z,3973.46,3975.54,3973.05,3973.42,3251
2025-10-07T04:45:00.000Z,3973.45,3976.88,3973.45,3975.8,3742
2025-10-07T05:00:00.000Z,3975.68,3976.7,3960.01,3965.34,5958
2025-10-07T05:15:00.000Z,3965.25,3967.02,3960.54,3963.46,5490
2025-10-07T05:30:00.000Z,3963.47,3966.55,3960.86,3961.29,5577
2025-10-07T05:45:00.000Z,3961.31,3965.71,3960.48,3964.73,4871
2025-10-07T06:00:00.000Z,3964.78,3965.04,3959.64,3964.43,5536
2025-10-07T06:15:00.000Z,3964.44,3966.22,3960.86,3963.9,4632
2025-10-07T06:30:00.000Z,3963.97,3964.35,3955.85,3958.43,4880
2025-10-07T06:45:00.000Z,3958.46,3960.8,3953.74,3954.95,5353
2025-10-07T07:00:00.000Z,3954.92,3956.1,3949.81,3950.23,8244
2025-10-07T07:15:00.000Z,3950.2,3952.03,3943.78,3951.22,9640
2025-10-07T07:30:00.000Z,3951.18,3956.11,3948.31,3949.73,7728
2025-10-07T07:45:00.000Z,3949.7,3951.51,3943.23,3945.87,6690
2025-10-07T08:00:00.000Z,3945.44,3947.88,3940.76,3946.32,7801
2025-10-07T08:15:00.000Z,3946.29,3953.65,3945.05,3950.56,6387
2025-10-07T08:30:00.000Z,3950.62,3953.45,3950.35,3952.63,4752
2025-10-07T08:45:00.000Z,3952.59,3953.84,3950.3,3951.28,4250
2025-10-07T09:00:00.000Z,3951.26,3959.39,3951.09,3958.8,4660
2025-10-07T09:15:00.000Z,3958.86,3963.44,3957.47,3958.26,4908
2025-10-07T09:30:00.000Z,3958.21,3962.76,3957.82,3960.87,4794
2025-10-07T09:45:00.000Z,3960.89,3961.55,3955.11,3955.12,4716
2025-10-07T10:00:00.000Z,3955.14,3958.71,3953.98,3956.89,4569
2025-10-07T10:15:00.000Z,3956.9,3959.76,3956.27,3956.68,3175
2025-10-07T10:30:00.000Z,3956.63,3961.52,3956.18,3958.72,3750
2025-10-07T10:45:00.000Z,3958.64,3962.66,3957.7,3959.91,3564
2025-10-07T11:00:00.000Z,3960.05,3961.74,3958.98,3961.65,3375
2025-10-07T11:15:00.000Z,3961.67,3961.97,3956.49,3957.67,3791
2025-10-07T11:30:00.000Z,3957.66,3966.45,3956.28,3965.91,4455
2025-10-07T11:45:00.000Z,3965.87,3969.05,3962.63,3966.87,5165
2025-10-07T12:00:00.000Z,3966.76,3971.56,3966.62,3970.32,5669
2025-10-07T12:15:00.000Z,3970.3,3972.17,3964.34,3965.75,7003
2025-10-07T12:30:00.000Z,3965.93,3974.07,3964.95,3973.31,6217
2025-10-07T12:45:00.000Z,3973.29,3979.98,3971.64,3979.43,7394
2025-10-07T13:00:00.000Z,3979.26,3985.13,3978.62,3983.26,8122
2025-10-07T13:15:00.000Z,3983.3,3985.56,3977.29,3982.81,8050
2025-10-07T13:30:00.000Z,3982.79,3982.85,3970.38,3972.75,9345
2025-10-07T13:45:00.000Z,3972.76,3981.04,3972.2,3979.24,9193
2025-10-07T14:00:00.000Z,3979.16,3980.31,3969.33,3971.63,10018
2025-10-07T14:15:00.000Z,3971.64,3978.35,3968.98,3977.98,10015
2025-10-07T14:30:00.000Z,3977.92,3986.46,3977.48,3979.32,9543
2025-10-07T14:45:00.000Z,3979.4,3986.66,3979.4,3985.48,7983
2025-10-07T15:00:00.000Z,3985.51,3987.46,3979.07,3986.34,10246
2025-10-07T15:15:00.000Z,3986.36,3990.97,3984.53,3985.04,8972
2025-10-07T15:30:00.000Z,3985,3985.48,3971,3971.98,9280
2025-10-07T15:45:00.000Z,3972.14,3973.1,3961.7,3966.04,12027
2025-10-07T16:00:00.000Z,3966.05,3976.21,3963.05,3964.87,10297
2025-10-07T16:15:00.000Z,3964.89,3973.83,3964.07,3969.34,10346
2025-10-07T16:30:00.000Z,3969.44,3979.51,3968.34,3977.06,8959
2025-10-07T16:45:00.000Z,3976.93,3977.92,3971.44,3976.6,7187
2025-10-07T17:00:00.000Z,3976.61,3985.07,3976.41,3981.69,6937
2025-10-07T17:15:00.000Z,3981.5,3984.32,3979.84,3980.58,7351
2025-10-07T17:30:00.000Z,3980.77,3986.78,3980.44,3986.21,6259
2025-10-07T17:45:00.000Z,3986.22,3987.71,3980.41,3980.7,6701
2025-10-07T18:00:00.000Z,3980.73,3982.39,3974.12,3982.36,7651
2025-10-07T18:15:00.000Z,3982.4,3983.77,3979.69,3980.04,6327
2025-10-07T18:30:00.000Z,3980.09,3983.04,3978.37,3982.42,7186
2025-10-07T18:45:00.000Z,3982.41,3983.1,3979.7,3981.02,4501
2025-10-07T19:00:00.000Z,3981.18,3983.31,3978.47,3979.28,5156
2025-10-07T19:15:00.000Z,3979.24,3982.01,3978.91,3979.89,5676
2025-10-07T19:30:00.000Z,3979.87,3982.59,3978.98,3980.64,4690
2025-10-07T19:45:00.000Z,3980.63,3982.31,3978.9,3980.06,5038
2025-10-07T20:00:00.000Z,3980.11,3981.97,3980.11,3981.74,2402
2025-10-07T20:15:00.000Z,3981.79,3983.24,3980.16,3982.43,1969
2025-10-07T20:30:00.000Z,3982.42,3983.87,3981.5,3983.78,2095
2025-10-07T20:45:00.000Z,3983.8,3986.21,3983.6,3984.73,1766
2025-10-07T22:00:00.000Z,3983.89,3988.98,3983.31,3988.44,2164
2025-10-07T22:15:00.000Z,3988.46,3990.58,3988.19,3990.56,2270
2025-10-07T22:30:00.000Z,3990.52,3990.62,3988.51,3989.99,1591
2025-10-07T22:45:00.000Z,3989.98,3990.07,3986.94,3989.48,1932
2025-10-07T23:00:00.000Z,3989.54,3992.18,3989.41,3989.96,2644
2025-10-07T23:15:00.000Z,3989.94,3992.02,3988.22,3988.9,2445
2025-10-07T23:30:00.000Z,3988.91,3990.81,3988.23,3990.15,2005
2025-10-07T23:45:00.000Z,3990.13,3995.9,3990.13,3994.17,3978
2025-10-08T00:00:00.000Z,3994.1,3997.5,3994.05,3996.71,4027
2025-10-08T00:15:00.000Z,3996.67,3999.14,3996.18,3998.2,3498
2025-10-08T00:30:00.000Z,3998.21,3998.21,3989.39,3994.93,6919
2025-10-08T00:45:00.000Z,3994.83,3997.49,3991.72,3992.17,4473
2025-10-08T01:00:00.000Z,3992.19,3992.19,3984.37,3988.35,7092
2025-10-08T01:15:00.000Z,3988.33,3995.39,3984.81,3993.84,6353
2025-10-08T01:30:00.000Z,3994,3995.8,3990.92,3993.7,5907
2025-10-08T01:45:00.000Z,3993.69,4000.52,3993.47,4000.42,4483
2025-10-08T02:00:00.000Z,4000.41,4004.63,3995.43,4004.63,5896
2025-10-08T02:15:00.000Z,4004.55,4005.86,4001.94,4003.61,6092
2025-10-08T02:30:00.000Z,4003.67,4007.11,4003.48,4006.45,3342
2025-10-08T02:45:00.000Z,4006.49,4011.86,4005.97,4011.77,3789
2025-10-08T03:00:00.000Z,4011.73,4014.53,4010.25,4013.23,3638
2025-10-08T03:15:00.000Z,4013.19,4013.46,4008.75,4011.28,3754
2025-10-08T03:30:00.000Z,4011.29,4013.07,4010.34,4013.01,3429
2025-10-08T03:45:00.000Z,4012.97,4016.37,4010.91,4014.67,5351
2025-10-08T04:00:00.000Z,4014.66,4021.38,4014.58,4019.66,5697
2025-10-08T04:15:00.000Z,4019.55,4020.37,4017.68,4018.44,3351
2025-10-08T04:30:00.000Z,4018.45,4020.06,4016.82,4019.48,3556
2025-10-08T04:45:00.000Z,4019.48,4027.05,4018.56,4026.63,5733
2025-10-08T05:00:00.000Z,4026.45,4029.65,4024.55,4029.49,4751
2025-10-08T05:15:00.000Z,4029.47,4034.55,4028.86,4033.34,5245
2025-10-08T05:30:00.000Z,4033.35,4036.97,4030.02,4030.41,6228
2025-10-08T05:45:00.000Z,4030.54,4032.68,4028.11,4029.02,6487
2025-10-08T06:00:00.000Z,4029.42,4032.68,4026.61,4027.41,5916
2025-10-08T06:15:00.000Z,4027.39,4028.21,4021.17,4026.54,7493
2025-10-08T06:30:00.000Z,4026.52,4031.81,4025.5,4030.73,5683
2025-10-08T06:45:00.000Z,4030.72,4033.08,4029.63,4031.59,4697
2025-10-08T07:00:00.000Z,4031.43,4039.04,4030.06,4036.77,6478
2025-10-08T07:15:00.000Z,4036.83,4037.99,4031.66,4036.21,5891
2025-10-08T07:30:00.000Z,4036.31,4038.67,4034.45,4035.97,5582
2025-10-08T07:45:00.000Z,4035.98,4037.69,4030.93,4034.14,5095
2025-10-08T08:00:00.000Z,4034.17,4039.74,4033.12,4036.75,5808
2025-10-08T08:15:00.000Z,4036.73,4040.35,4034.99,4038.11,4720
2025-10-08T08:30:00.000Z,4038.1,4040.12,4036.3,4038.69,3499
2025-10-08T08:45:00.000Z,4038.7,4040.38,4036.27,4036.27,4711
2025-10-08T09:00:00.000Z,4036.25,4039.95,4032.92,4037.05,4924
2025-10-08T09:15:00.000Z,4037.13,4037.23,4034.97,4035.37,3199
2025-10-08T09:30:00.000Z,4035.39,4040.23,4030.64,4040.22,5859
2025-10-08T09:45:00.000Z,4040.21,4049.49,4039.88,4049.18,6132
2025-10-08T10:00:00.000Z,4049.24,4049.46,4045.12,4046.38,5634
2025-10-08T10:15:00.000Z,4046.39,4046.65,4037.74,4040.23,4668
2025-10-08T10:30:00.000Z,4040.25,4041.34,4033.48,4037.06,7134
2025-10-08T10:45:00.000Z,4037.04,4038.12,4035.22,4037.06,4378
2025-10-08T11:00:00.000Z,4037.05,4037.3,4032.88,4036.32,4952
2025-10-08T11:15:00.000Z,4036.27,4036.99,4033.21,4034.6,4881
2025-10-08T11:30:00.000Z,4034.62,4037.94,4032.06,4034.99,5175
2025-10-08T11:45:00.000Z,4035.01,4038.14,4033.58,4038.08,4739
2025-10-08T12:00:00.000Z,4037.93,4046.37,4036.61,4045.02,6529
2025-10-08T12:15:00.000Z,4045.04,4046.22,4035.63,4040.14,7363
2025-10-08T12:30:00.000Z,4040.13,4040.98,4031.08,4033.89,7654
2025-10-08T12:45:00.000Z,4033.9,4040.56,4033.66,4039.89,6358
2025-10-08T13:00:00.000Z,4039.9,4049.33,4039.09,4045.92,7456
2025-10-08T13:15:00.000Z,4045.97,4047.05,4038.08,4038.52,7517
2025-10-08T13:30:00.000Z,4038.63,4039.32,4026.23,4029.74,11591
2025-10-08T13:45:00.000Z,4029.82,4039.95,4027.71,4038.12,9723
2025-10-08T14:00:00.000Z,4038.14,4044.68,4035.59,4042.39,9625
2025-10-08T14:15:00.000Z,4042.41,4046.18,4037.62,4044.53,8428
2025-10-08T14:30:00.000Z,4044.62,4045.32,4039.3,4042.32,7279
2025-10-08T14:45:00.000Z,4042.23,4049.11,4041.19,4048.11,6035
2025-10-08T15:00:00.000Z,4048.15,4050.59,4037.92,4039.3,8949
2025-10-08T15:15:00.000Z,4039.26,4045.63,4037.11,4044.29,7704
2025-10-08T15:30:00.000Z,4044.34,4048.06,4042.45,4046.01,6926
2025-10-08T15:45:00.000Z,4046.1,4048.47,4044.79,4045.59,5563
2025-10-08T16:00:00.000Z,4045.71,4056.31,4044.27,4055.38,6834
2025-10-08T16:15:00.000Z,4055.35,4056.11,4052.06,4055.61,7338
2025-10-08T16:30:00.000Z,4055.52,4059.06,4055,4057.99,6478
2025-10-08T16:45:00.000Z,4058.1,4058.74,4052.37,4056.51,6536
2025-10-08T17:00:00.000Z,4056.52,4057.96,4054.37,4054.6,4876
2025-10-08T17:15:00.000Z,4054.63,4055.93,4048.09,4048.89,6768
2025-10-08T17:30:00.000Z,4048.87,4050.55,4042.95,4049.58,7908
2025-10-08T17:45:00.000Z,4049.62,4053.56,4049.62,4051.13,5114
2025-10-08T18:00:00.000Z,4051.14,4053.21,4041.21,4042.46,8103
2025-10-08T18:15:00.000Z,4042.44,4049.46,4038.53,4048.4,8834
2025-10-08T18:30:00.000Z,4048.47,4050,4045.99,4047.86,5530
2025-10-08T18:45:00.000Z,4047.83,4050.61,4047.74,4049.87,4822
2025-10-08T19:00:00.000Z,4050.13,4054.54,4031.97,4041.42,9147
2025-10-08T19:15:00.000Z,4041.4,4048.45,4035.79,4044.8,8002
2025-10-08T19:30:00.000Z,4044.78,4044.78,4034.08,4037.6,8561
2025-10-08T19:45:00.000Z,4037.71,4045.99,4037.62,4045.02,7719
2025-10-08T20:00:00.000Z,4044.84,4046.37,4038.76,4041.95,4055
2025-10-08T20:15:00.000Z,4041.89,4044.94,4040.67,4043.8,2803
2025-10-08T20:30:00.000Z,4043.68,4043.7,4038.44,4041.75,2168
2025-10-08T20:45:00.000Z,4041.75,4044.6,4039.92,4040.43,1831
2025-10-08T22:00:00.000Z,4040.21,4040.58,4014.88,4025.52,4607
2025-10-08T22:15:00.000Z,4025.51,4027.64,4023.08,4025.61,3902
2025-10-08T22:30:00.000Z,4025.65,4027.77,4020.37,4022.56,3079
2025-10-08T22:45:00.000Z,4022.53,4023.21,4020.81,4021.17,2667
2025-10-08T23:00:00.000Z,4021.26,4021.92,4011.83,4020.47,5467
2025-10-08T23:15:00.000Z,4020.48,4021.38,4012.28,4013.86,4591
2025-10-08T23:30:00.000Z,4013.96,4019.35,4009.9,4009.96,5864
2025-10-08T23:45:00.000Z,4010.29,4014.8,4001.24,4011.64,8012
2025-10-09T00:00:00.000Z,4011.51,4018.9,4008.75,4018.48,6765
2025-10-09T00:15:00.000Z,4018.61,4027.61,4017.37,4027.24,6739
2025-10-09T00:30:00.000Z,4027.37,4028.02,4023.51,4025.26,5022
2025-10-09T00:45:00.000Z,4025.26,4025.83,4019.14,4022.85,5383
2025-10-09T01:00:00.000Z,4022.9,4024.43,4008.11,4018.6,10474
2025-10-09T01:15:00.000Z,4018.72,4032.3,4018.7,4031.05,10494
2025-10-09T01:30:00.000Z,4031.08,4036.26,4028.53,4033.07,7936
2025-10-09T01:45:00.000Z,4033.04,4033.13,4016.77,4019.64,7825
2025-10-09T02:00:00.000Z,4019.7,4020.76,4010.55,4013.49,7943
2025-10-09T02:15:00.000Z,4013.43,4014.82,4002.48,4013.13,6103
2025-10-09T02:30:00.000Z,4013.12,4017.81,4005.91,4017.76,6427
2025-10-09T02:45:00.000Z,4017.71,4021.28,4015.57,4018.53,4653
2025-10-09T03:00:00.000Z,4018.49,4024.47,4017.09,4020.15,4641
2025-10-09T03:15:00.000Z,4020.16,4025.08,4020.02,4024.38,4447
2025-10-09T03:30:00.000Z,4024.36,4029.38,4023.77,4028.11,3586
2025-10-09T03:45:00.000Z,4028.12,4028.87,4025.27,4026.84,3111
2025-10-09T04:00:00.000Z,4026.85,4033.18,4026.85,4032.7,3227
2025-10-09T04:15:00.000Z,4032.67,4038.47,4031.68,4038.18,3995
2025-10-09T04:30:00.000Z,4038.19,4040.28,4035.87,4038.53,3371
2025-10-09T04:45:00.000Z,4038.62,4040.99,4038.09,4038.84,2939
2025-10-09T05:00:00.000Z,4038.64,4039.14,4034.17,4038.5,4052
2025-10-09T05:15:00.000Z,4038.49,4040.39,4036.5,4038.9,3315
2025-10-09T05:30:00.000Z,4038.91,4043.63,4034.89,4038.76,6083
2025-10-09T05:45:00.000Z,4038.62,4041.34,4035.97,4039.67,4560
2025-10-09T06:00:00.000Z,4040.11,4040.83,4036.19,4037.67,4848
2025-10-09T06:15:00.000Z,4037.63,4039.01,4031.23,4031.51,4962
2025-10-09T06:30:00.000Z,4031.58,4035.96,4028.38,4030.23,6020
2025-10-09T06:45:00.000Z,4030.21,4030.21,4022.55,4025.91,7375
2025-10-09T07:00:00.000Z,4025.87,4032.72,4025.49,4027.19,6876
2025-10-09T07:15:00.000Z,4027.21,4031.43,4024.78,4028.72,5745
2025-10-09T07:30:00.000Z,4028.71,4030.35,4026.61,4028.7,5546
2025-10-09T07:45:00.000Z,4028.67,4032.29,4028.46,4031.4,4702
2025-10-09T08:00:00.000Z,4031.41,4035.04,4030.1,4034.32,4887
2025-10-09T08:15:00.000Z,4034.34,4037.82,4033.64,4036.66,5425
2025-10-09T08:30:00.000Z,4036.64,4040.1,4035.24,4038.58,3917
2025-10-09T08:45:00.000Z,4038.6,4040.34,4038.06,4038.09,2986
2025-10-09T09:00:00.000Z,4038.12,4041.93,4036.42,4040.33,4633
2025-10-09T09:15:00.000Z,4040.28,4040.75,4037.63,4038.39,3838
2025-10-09T09:30:00.000Z,4038.42,4040.02,4034.17,4036.28,4343
2025-10-09T09:45:00.000Z,4036.24,4037.93,4034.81,4037.46,3231
2025-10-09T10:00:00.000Z,4037.62,4039.37,4036.31,4037.71,3182
2025-10-09T10:15:00.000Z,4037.76,4039.29,4036.77,4038.68,2477
2025-10-09T10:30:00.000Z,4038.68,4039.92,4037.94,4038.78,2483
2025-10-09T10:45:00.000Z,4038.88,4044.16,4038.85,4044.12,3162
2025-10-09T11:00:00.000Z,4044.16,4046.55,4037.41,4038.19,5008
2025-10-09T11:15:00.000Z,4038.18,4039.13,4033.52,4035.88,4068
2025-10-09T11:30:00.000Z,4035.88,4044.62,4035.88,4044.17,4299
2025-10-09T11:45:00.000Z,4044.15,4046.45,4042.8,4044.32,5106
2025-10-09T12:00:00.000Z,4044.33,4044.63,4039.9,4040.78,4822
2025-10-09T12:15:00.000Z,4040.81,4043.01,4037.36,4041.12,5970
2025-10-09T12:30:00.000Z,4041.06,4045.46,4039.83,4045.43,5672
2025-10-09T12:45:00.000Z,4045.37,4053.54,4041.82,4053.35,7882
2025-10-09T13:00:00.000Z,4053.44,4057.89,4050.86,4055.8,10056
2025-10-09T13:15:00.000Z,4055.76,4057.9,4048.6,4055.6,8795
2025-10-09T13:30:00.000Z,4055.63,4056.68,4031.11,4031.22,12031
2025-10-09T13:45:00.000Z,4031.2,4034.73,4017.22,4017.22,12998
2025-10-09T14:00:00.000Z,4017.32,4029,4013.11,4023.8,11567
2025-10-09T14:15:00.000Z,4023.86,4029.18,4006.77,4007.22,12332
2025-10-09T14:30:00.000Z,4007.06,4015.47,4004.29,4012,11898
2025-10-09T14:45:00.000Z,4012.07,4029.03,4007.63,4024,9626
2025-10-09T15:00:00.000Z,4023.23,4027.14,4018.16,4025.21,10359
2025-10-09T15:15:00.000Z,4025.24,4028.59,4016.05,4016.13,9033
2025-10-09T15:30:00.000Z,4016.18,4018.38,4006.46,4008.41,12092
2025-10-09T15:45:00.000Z,4008.37,4017.39,4007.93,4014.45,8885
2025-10-09T16:00:00.000Z,4014.42,4021.5,4013.63,4016.65,7056
2025-10-09T16:15:00.000Z,4016.73,4017.74,4009.73,4012.13,8048
2025-10-09T16:30:00.000Z,4011.61,4012.41,3976.44,3986.54,11771
2025-10-09T16:45:00.000Z,3986.58,3986.85,3964.24,3969.12,11785
2025-10-09T17:00:00.000Z,3969.13,3974.52,3950.79,3952.03,11553
2025-10-09T17:15:00.000Z,3951.92,3967.47,3944.74,3958.93,12598
2025-10-09T17:30:00.000Z,3959.32,3963.65,3955.82,3957.04,9727
2025-10-09T17:45:00.000Z,3957.11,3960.43,3945.47,3950.41,10174
2025-10-09T18:00:00.000Z,3950.21,3965.15,3949.7,3961.66,8924
2025-10-09T18:15:00.000Z,3961.69,3968.6,3960.29,3963.18,8146
2025-10-09T18:30:00.000Z,3963.15,3963.69,3955.93,3957.56,7228
2025-10-09T18:45:00.000Z,3957.58,3961.35,3956.54,3957.41,6579
2025-10-09T19:00:00.000Z,3957.53,3974.47,3955.09,3971.87,6818
2025-10-09T19:15:00.000Z,3971.99,3978.08,3969.24,3978.01,7309
2025-10-09T19:30:00.000Z,3978.11,3981.97,3976.57,3979.05,7072
2025-10-09T19:45:00.000Z,3978.96,3981.58,3971.83,3973.03,7058
2025-10-09T20:00:00.000Z,3973.02,3979.01,3973.02,3978.55,3068
2025-10-09T20:15:00.000Z,3978.59,3978.95,3973.82,3976.8,2942
2025-10-09T20:30:00.000Z,3976.76,3977.51,3972.83,3974.36,3005
2025-10-09T20:45:00.000Z,3974.51,3976.48,3972.67,3976.28,1580
2025-10-09T22:00:00.000Z,3975.75,3981.25,3958.36,3968.28,3893
2025-10-09T22:15:00.000Z,3968.27,3980.45,3968.21,3972.22,3623
2025-10-09T22:30:00.000Z,3972.2,3976.29,3971.24,3975.14,2947
2025-10-09T22:45:00.000Z,3975.05,3977.18,3973.79,3975.22,1886
2025-10-09T23:00:00.000Z,3975.26,3978.5,3974.22,3974.79,2429
2025-10-09T23:15:00.000Z,3974.8,3985.62,3974.57,3982.89,3011
2025-10-09T23:30:00.000Z,3982.82,3988.57,3979.05,3988.21,4041
2025-10-09T23:45:00.000Z,3988.21,3990.84,3985.12,3989.63,4582
2025-10-10T00:00:00.000Z,3989.39,3992.13,3985.4,3990.45,5318
2025-10-10T00:15:00.000Z,3990.56,3993.21,3988.84,3991.49,4804
2025-10-10T00:30:00.000Z,3991.48,3993.17,3988.03,3992.72,4038
2025-10-10T00:45:00.000Z,3992.75,3994.35,3989.68,3990.83,3926
2025-10-10T01:00:00.000Z,3990.85,3992.2,3983.66,3984.65,8250
2025-10-10T01:15:00.000Z,3984.6,3984.85,3975.33,3981.4,8334
2025-10-10T01:30:00.000Z,3981.41,3981.62,3969.81,3974.39,7546
2025-10-10T01:45:00.000Z,3974.41,3981.16,3972.27,3973.18,6631
2025-10-10T02:00:00.000Z,3973.21,3982.08,3973.2,3982.08,6412
2025-10-10T02:15:00.000Z,3982.1,3985.47,3981.5,3984.15,3950
2025-10-10T02:30:00.000Z,3984.08,3986.6,3981.73,3982.76,5148
2025-10-10T02:45:00.000Z,3982.75,3984.6,3976.52,3978.53,5216
2025-10-10T03:00:00.000Z,3978.45,3979.15,3970.54,3971.18,6672
2025-10-10T03:15:00.000Z,3971.15,3974.27,3961.59,3970.3,6058
2025-10-10T03:30:00.000Z,3970.13,3973.79,3963.43,3964.59,5742
2025-10-10T03:45:00.000Z,3964.46,3966.85,3960.71,3961.79,5406
2025-10-10T04:00:00.000Z,3961.79,3964.52,3946.99,3947.9,6266
2025-10-10T04:15:00.000Z,3947.91,3958.99,3947.91,3958.86,6401
2025-10-10T04:30:00.000Z,3958.86,3964.01,3957.67,3963.53,5031
2025-10-10T04:45:00.000Z,3963.54,3966.59,3962.55,3966.12,4650
2025-10-10T05:00:00.000Z,3966.08,3972.73,3965.98,3972.21,4861
2025-10-10T05:15:00.000Z,3972.22,3977.69,3972.22,3972.79,5435
2025-10-10T05:30:00.000Z,3972.78,3975.04,3965.52,3974.82,7209
2025-10-10T05:45:00.000Z,3974.73,3976.91,3971.3,3974.7,5907
2025-10-10T06:00:00.000Z,3974.68,3976.01,3967.53,3970.91,6847
2025-10-10T06:15:00.000Z,3970.96,3973.47,3968.11,3971.67,5304
2025-10-10T06:30:00.000Z,3971.79,3976.01,3968.46,3972.4,6932
2025-10-10T06:45:00.000Z,3972.72,3973.48,3962.57,3968.21,7791
2025-10-10T07:00:00.000Z,3968.29,3968.43,3952.45,3958.83,8041
2025-10-10T07:15:00.000Z,3958.87,3966.5,3957.66,3965,7415
2025-10-10T07:30:00.000Z,3965.25,3966.78,3962.18,3964.79,5786
2025-10-10T07:45:00.000Z,3964.73,3976.18,3964.24,3972.02,6389
2025-10-10T08:00:00.000Z,3972.05,3988.16,3970.2,3987.95,7295
2025-10-10T08:15:00.000Z,3987.94,3988.76,3985.5,3986.49,6088
2025-10-10T08:30:00.000Z,3986.48,3990.63,3985.19,3990.56,4262
2025-10-10T08:45:00.000Z,3990.59,3994.4,3990.14,3991.95,5747
2025-10-10T09:00:00.000Z,3992.04,4001.66,3990.26,4000.41,6114
2025-10-10T09:15:00.000Z,4000.44,4001.06,3990.48,3996.22,6064
2025-10-10T09:30:00.000Z,3996.19,4003.8,3994.42,4002.61,5823
2025-10-10T09:45:00.000Z,4002.63,4006.72,3995.25,3995.75,7288
2025-10-10T10:00:00.000Z,3995.69,3997.28,3991.29,3992.86,6940
2025-10-10T10:15:00.000Z,3992.8,3999.11,3990.82,3998.79,4336
2025-10-10T10:30:00.000Z,3998.74,4000.15,3996.87,3998.1,4291
2025-10-10T10:45:00.000Z,3998.11,3999.8,3993,3993.7,5280
2025-10-10T11:00:00.000Z,3993.51,3999.4,3993.08,3998.24,4623
2025-10-10T11:15:00.000Z,3998.3,3999.67,3994.16,3996.91,5388
2025-10-10T11:30:00.000Z,3996.94,3998.56,3991.22,3992.18,6316
2025-10-10T11:45:00.000Z,3992.18,3995.16,3983.19,3987.09,6192
2025-10-10T12:00:00.000Z,3987.12,3991.53,3985.06,3988.41,6206
2025-10-10T12:15:00.000Z,3988.43,3993.42,3986.48,3991.49,7062
2025-10-10T12:30:00.000Z,3991.58,3991.72,3984.56,3986.14,6230
2025-10-10T12:45:00.000Z,3986.08,3989.38,3980.07,3985.71,6233
2025-10-10T13:00:00.000Z,3985.66,3988.88,3979.45,3987.28,8113
2025-10-10T13:15:00.000Z,3987.14,3994.56,3986.19,3992.5,7737
2025-10-10T13:30:00.000Z,3991.92,3997.97,3988.5,3993.19,10674
2025-10-10T13:45:00.000Z,3993.23,3993.23,3975.65,3980.57,11157
2025-10-10T14:00:00.000Z,3979.71,3982.58,3970.77,3980.84,11486
2025-10-10T14:15:00.000Z,3980.79,3987.19,3976.9,3983.19,9173
2025-10-10T14:30:00.000Z,3983.01,3988.4,3980.18,3982.48,7747
2025-10-10T14:45:00.000Z,3982.47,3994.04,3980.6,3989.99,8765
2025-10-10T15:00:00.000Z,3989.97,4011.81,3988.01,4009.19,12435
2025-10-10T15:15:00.000Z,4009.17,4020.13,4003.19,4016.7,11992
2025-10-10T15:30:00.000Z,4016.54,4022.76,4005.38,4007.42,12133
2025-10-10T15:45:00.000Z,4007.53,4007.61,3994.53,3998,12457
2025-10-10T16:00:00.000Z,3997.91,3998.74,3981.61,3989.96,11992
2025-10-10T16:15:00.000Z,3989.72,3992.22,3977.2,3987.74,11471
2025-10-10T16:30:00.000Z,3987.77,3994.91,3985.52,3986.42,9791
2025-10-10T16:45:00.000Z,3986.37,3987.69,3979.76,3983.34,10409
2025-10-10T17:00:00.000Z,3983.46,3983.52,3975.08,3982.13,10666
2025-10-10T17:15:00.000Z,3982.23,3986.8,3981.3,3984.45,9031
2025-10-10T17:30:00.000Z,3984,3992,3978.35,3989,8555
2025-10-10T17:45:00.000Z,3988.98,3990.95,3983.63,3989.89,7239
2025-10-10T18:00:00.000Z,3990.03,3996.8,3984.22,3995.55,6973
2025-10-10T18:15:00.000Z,3995.56,4008.99,3995.38,4004.01,8221
2025-10-10T18:30:00.000Z,4003.93,4004.89,3993.04,3995.55,8018
2025-10-10T18:45:00.000Z,3995.52,4003.69,3994.65,3998.98,7450
2025-10-10T19:00:00.000Z,3998.96,4004.93,3995.87,4004.79,8082
2025-10-10T19:15:00.000Z,4004.82,4008.32,4002.01,4005.15,6748
2025-10-10T19:30:00.000Z,4005.11,4017.57,4005.11,4017.28,8254
2025-10-10T19:45:00.000Z,4017.28,4021.3,4009.92,4011.06,9774
2025-10-10T20:00:00.000Z,4010.97,4015.53,4005.92,4005.92,4926
2025-10-10T20:15:00.000Z,4005.93,4012.9,4005.93,4012.24,4094
2025-10-10T20:30:00.000Z,4012.29,4013.1,4007.5,4012.56,4270
2025-10-10T20:45:00.000Z,4012.59,4019.12,4009.79,4018.11,3208
2025-10-12T22:00:00.000Z,4002.9,4030.18,4002.2,4021.14,4663
2025-10-12T22:15:00.000Z,4020.92,4045.14,4019.41,4040.2,6258
2025-10-12T22:30:00.000Z,4040.23,4040.71,4032.9,4036.53,4589
2025-10-12T22:45:00.000Z,4036.52,4043.09,4032.6,4042.38,3565
2025-10-12T23:00:00.000Z,4042.33,4059.6,4039.76,4048.15,6936
2025-10-12T23:15:00.000Z,4048.08,4054.48,4046.12,4048.97,4850
2025-10-12T23:30:00.000Z,4049.15,4049.84,4036.29,4038.75,5411
2025-10-12T23:45:00.000Z,4038.75,4045.08,4032.09,4035.04,5779
2025-10-13T00:00:00.000Z,4034.62,4035.93,4024.99,4031.88,7312
2025-10-13T00:15:00.000Z,4031.9,4041.71,4024.53,4040.6,7884
2025-10-13T00:30:00.000Z,4040.53,4057.68,4037.63,4057,9484
2025-10-13T00:45:00.000Z,4056.92,4059.56,4042.53,4043.77,7683
2025-10-13T01:00:00.000Z,4044,4053.18,4035.74,4043.97,9848
2025-10-13T01:15:00.000Z,4044.05,4046.84,4037.78,4042.05,7235
2025-10-13T01:30:00.000Z,4042.06,4052.8,4041.31,4049.83,7262
2025-10-13T01:45:00.000Z,4049.83,4054.88,4045.81,4052.9,6009
2025-10-13T02:00:00.000Z,4052.9,4055.58,4042.21,4049.79,6618
2025-10-13T02:15:00.000Z,4049.74,4050.9,4046.1,4046.33,3430
2025-10-13T02:30:00.000Z,4045.93,4050.85,4043.1,4047.62,5763
2025-10-13T02:45:00.000Z,4047.65,4048.89,4041.69,4047.91,3847
2025-10-13T03:00:00.000Z,4047.89,4050.1,4046.24,4050.07,3614
2025-10-13T03:15:00.000Z,4050.03,4052.57,4046.38,4051.55,4898
2025-10-13T03:30:00.000Z,4051.53,4055.47,4049.62,4054.98,4613
2025-10-13T03:45:00.000Z,4054.97,4056.31,4048.06,4051.94,4558
2025-10-13T04:00:00.000Z,4051.93,4054.98,4051.16,4052.87,2995
2025-10-13T04:15:00.000Z,4052.87,4057.06,4052.84,4056.69,3740
2025-10-13T04:30:00.000Z,4056.68,4059.28,4055.64,4057.36,3558
2025-10-13T04:45:00.000Z,4056.87,4057.43,4055.48,4056.17,2726
2025-10-13T05:00:00.000Z,4056.18,4065.53,4054.95,4063.05,4934
2025-10-13T05:15:00.000Z,4063.08,4073.89,4062.32,4071.06,6288
2025-10-13T05:30:00.000Z,4070.99,4077.93,4068.67,4075.47,6770
2025-10-13T05:45:00.000Z,4075.38,4076.26,4061.72,4063.11,6972
2025-10-13T06:00:00.000Z,4063.14,4067.39,4059.44,4065.54,8012
2025-10-13T06:15:00.000Z,4065.49,4071.68,4064.4,4068.8,6812
2025-10-13T06:30:00.000Z,4068.78,4073.67,4067.03,4069.83,5971
2025-10-13T06:45:00.000Z,4069.78,4070.47,4066.61,4069.41,5545
2025-10-13T07:00:00.000Z,4068.91,4072.99,4066.31,4071.63,5872
2025-10-13T07:15:00.000Z,4071.64,4076.11,4068,4074.51,5437
2025-10-13T07:30:00.000Z,4074.49,4075.61,4067.91,4075.2,5300
2025-10-13T07:45:00.000Z,4075.32,4077.38,4069.35,4071.22,4516
2025-10-13T08:00:00.000Z,4071.1,4076.18,4069.89,4075.33,5087
2025-10-13T08:15:00.000Z,4075.37,4076.13,4070.37,4073.62,4848
2025-10-13T08:30:00.000Z,4073.51,4074.05,4068.92,4074.05,5152
2025-10-13T08:45:00.000Z,4074.03,4079.06,4073.08,4077.69,5247
2025-10-13T09:00:00.000Z,4077.72,4079.69,4074.89,4075.97,4172
2025-10-13T09:15:00.000Z,4075.99,4076.58,4071.09,4071.57,3628
2025-10-13T09:30:00.000Z,4071.55,4074.37,4070.24,4073.4,4562
2025-10-13T09:45:00.000Z,4073.34,4079.46,4073.13,4077.21,4903
2025-10-13T10:00:00.000Z,4077.22,4077.31,4071.24,4071.46,5413
2025-10-13T10:15:00.000Z,4071.44,4076.36,4071.42,4076.29,3976
2025-10-13T10:30:00.000Z,4076.35,4079.89,4073.44,4077.85,3823
2025-10-13T10:45:00.000Z,4077.84,4084.96,4077.8,4080.95,4729
2025-10-13T11:00:00.000Z,4080.84,4084.36,4077.27,4081.92,5648
2025-10-13T11:15:00.000Z,4081.95,4084.81,4080.15,4081.35,3597
2025-10-13T11:30:00.000Z,4081.41,4081.5,4076.32,4077.25,4730
2025-10-13T11:45:00.000Z,4077,4078.08,4073.65,4073.92,4777
2025-10-13T12:00:00.000Z,4073.99,4076.97,4073.21,4074.75,5262
2025-10-13T12:15:00.000Z,4074.87,4084.24,4073.71,4083.72,6498
2025-10-13T12:30:00.000Z,4083.91,4085.98,4076.98,4078.26,7712
2025-10-13T12:45:00.000Z,4078.15,4080.86,4075.46,4079.57,5453
2025-10-13T13:00:00.000Z,4079.73,4088.03,4078.05,4087.65,7778
2025-10-13T13:15:00.000Z,4087.64,4092.94,4083.9,4091.25,7009
2025-10-13T13:30:00.000Z,4091.24,4093.25,4081.81,4086.3,10371
2025-10-13T13:45:00.000Z,4086.28,4095.7,4086.2,4094.03,8769
2025-10-13T14:00:00.000Z,4093.98,4096.44,4091.11,4092.27,8444
2025-10-13T14:15:00.000Z,4092.29,4096.85,4090.58,4094.58,8373
2025-10-13T14:30:00.000Z,4094.73,4099.55,4094.73,4096.88,7662
2025-10-13T14:45:00.000Z,4097.07,4103.83,4097.07,4097.28,6819
2025-10-13T15:00:00.000Z,4097.27,4099.6,4091.66,4096.78,7862
2025-10-13T15:15:00.000Z,4096.8,4100.17,4092.81,4093.17,6413
2025-10-13T15:30:00.000Z,4092.98,4100.02,4092.48,4099.82,5802
2025-10-13T15:45:00.000Z,4099.86,4107.33,4097.51,4104.84,6280
2025-10-13T16:00:00.000Z,4104.99,4116.5,4104.94,4115.7,6809
2025-10-13T16:15:00.000Z,4115.62,4116.91,4109.17,4109.84,7187
2025-10-13T16:30:00.000Z,4109.81,4112.23,4105.39,4106.04,6656
2025-10-13T16:45:00.000Z,4106.01,4112.64,4103.54,4105.55,6483
2025-10-13T17:00:00.000Z,4105.58,4107.85,4101.66,4106.65,7362
2025-10-13T17:15:00.000Z,4106.53,4115.28,4104.1,4112.6,7232
2025-10-13T17:30:00.000Z,4112.72,4113.57,4107.08,4107.12,5652
2025-10-13T17:45:00.000Z,4107.15,4108.17,4100.05,4103.58,6243
2025-10-13T18:00:00.000Z,4103.46,4104.24,4099.07,4101.9,5475
2025-10-13T18:15:00.000Z,4101.84,4107.42,4101.78,4104.59,4966
2025-10-13T18:30:00.000Z,4104.32,4107,4101.26,4101.69,5134
2025-10-13T18:45:00.000Z,4101.8,4104.56,4099.78,4101.65,4999
2025-10-13T19:00:00.000Z,4101.68,4102.8,4090.78,4097.89,7189
2025-10-13T19:15:00.000Z,4097.83,4106.59,4097.51,4104.68,5050
2025-10-13T19:30:00.000Z,4104.66,4106.65,4102.08,4104.85,4945
2025-10-13T19:45:00.000Z,4105.02,4110.93,4103.74,4108.51,5994
2025-10-13T20:00:00.000Z,4108.51,4110.12,4106,4108.77,2730
2025-10-13T20:15:00.000Z,4108.78,4110.96,4107.91,4110.52,1733
2025-10-13T20:30:00.000Z,4110.44,4110.47,4107.21,4109.73,1735
2025-10-13T20:45:00.000Z,4109.67,4112.31,4109.55,4109.66,1884
2025-10-13T22:00:00.000Z,4109.82,4113.6,4109.18,4112.77,2119
2025-10-13T22:15:00.000Z,4112.73,4114.07,4108.74,4108.87,2566
2025-10-13T22:30:00.000Z,4108.92,4109.82,4106.53,4108.07,2970
2025-10-13T22:45:00.000Z,4108.14,4115.57,4108.06,4114.75,3078
2025-10-13T23:00:00.000Z,4114.59,4116.71,4112.79,4114.82,3430
2025-10-13T23:15:00.000Z,4114.9,4116.58,4112.89,4115.02,3217
2025-10-13T23:30:00.000Z,4115.04,4131.54,4114.97,4128.68,6389
2025-10-13T23:45:00.000Z,4128.4,4131.84,4125.31,4127.75,5963
2025-10-14T00:00:00.000Z,4127.58,4129.58,4119.86,4123.08,7066
2025-10-14T00:15:00.000Z,4123.08,4126.46,4119.59,4126,5366
2025-10-14T00:30:00.000Z,4126.05,4129.26,4124.76,4128.04,4981
2025-10-14T00:45:00.000Z,4128.08,4130.08,4124.56,4124.66,4920
2025-10-14T01:00:00.000Z,4124.62,4140.87,4123.48,4140.57,10061
2025-10-14T01:15:00.000Z,4140.46,4149.76,4139.26,4146.81,8829
2025-10-14T01:30:00.000Z,4146.84,4149.09,4134.87,4139.74,9482
2025-10-14T01:45:00.000Z,4139.7,4139.98,4132.12,4137.02,8401
2025-10-14T02:00:00.000Z,4137.01,4143.55,4136.76,4141.37,6730
2025-10-14T02:15:00.000Z,4141.35,4143.41,4138.09,4142.21,4588
2025-10-14T02:30:00.000Z,4142.23,4149.78,4141.63,4146.85,6914
2025-10-14T02:45:00.000Z,4146.92,4148.51,4142.76,4145.88,7165
2025-10-14T03:00:00.000Z,4145.85,4155.21,4145.08,4154.66,6454
2025-10-14T03:15:00.000Z,4154.71,4159.45,4154.71,4159.24,6300
2025-10-14T03:30:00.000Z,4159.16,4162.7,4157.78,4162.02,6777
2025-10-14T03:45:00.000Z,4162.09,4166.35,4160.44,4163.14,6371
2025-10-14T04:00:00.000Z,4163.19,4169.25,4160.14,4167.33,5205
2025-10-14T04:15:00.000Z,4167.31,4167.33,4157.55,4163.75,6777
2025-10-14T04:30:00.000Z,4163.79,4164.4,4155.93,4162.62,5785
2025-10-14T04:45:00.000Z,4162.51,4169.84,4162.12,4167.98,4651
2025-10-14T05:00:00.000Z,4167.63,4177.06,4165.18,4176.38,5962
2025-10-14T05:15:00.000Z,4176.46,4179.4,4174.31,4179.26,6431
2025-10-14T05:30:00.000Z,4179.12,4179.59,4119.04,4119.62,12652
2025-10-14T05:45:00.000Z,4119.42,4137.38,4110.02,4121.13,13058
2025-10-14T06:00:00.000Z,4121.17,4134.19,4106.21,4110.79,11384
2025-10-14T06:15:00.000Z,4110.84,4118.68,4090.36,4114.06,11521
2025-10-14T06:30:00.000Z,4114.11,4115.17,4098.54,4098.54,10102
2025-10-14T06:45:00.000Z,4098.73,4112.92,4090.54,4112.34,9137
2025-10-14T07:00:00.000Z,4111.63,4113.18,4102.57,4112.3,7904
2025-10-14T07:15:00.000Z,4112.28,4128.15,4110.49,4123.84,8066
2025-10-14T07:30:00.000Z,4124.27,4126.76,4116.9,4119.83,8087
2025-10-14T07:45:00.000Z,4119.95,4126.81,4119.13,4126.64,6339
2025-10-14T08:00:00.000Z,4126.57,4140.85,4124.72,4140.62,7385
2025-10-14T08:15:00.000Z,4140.71,4144.41,4137.94,4144.28,6196
2025-10-14T08:30:00.000Z,4144.25,4145.02,4129.95,4132.43,7104
2025-10-14T08:45:00.000Z,4132.44,4143.95,4131.91,4143.87,5688
2025-10-14T09:00:00.000Z,4143.95,4144.26,4134.01,4140.72,5809
2025-10-14T09:15:00.000Z,4140.73,4141.72,4137.76,4139.82,5090
2025-10-14T09:30:00.000Z,4139.78,4144.06,4135.49,4136.99,5696
2025-10-14T09:45:00.000Z,4137.06,4137.28,4121.64,4127.29,7733
2025-10-14T10:00:00.000Z,4127.31,4130.21,4124.97,4129.39,5675
2025-10-14T10:15:00.000Z,4129.3,4139.72,4127.28,4139.49,5626
2025-10-14T10:30:00.000Z,4139.53,4144.18,4136.38,4139.61,6050
2025-10-14T10:45:00.000Z,4139.69,4139.76,4128.69,4131.82,6123
2025-10-14T11:00:00.000Z,4131.87,4134.54,4129.16,4129.9,5488
2025-10-14T11:15:00.000Z,4129.94,4137.79,4128.46,4132.24,5591
2025-10-14T11:30:00.000Z,4132.28,4132.39,4126.23,4130.52,4950
2025-10-14T11:45:00.000Z,4130.36,4130.95,4125.68,4130.4,5093
2025-10-14T12:00:00.000Z,4130.45,4134.46,4126.42,4130.13,5137
2025-10-14T12:15:00.000Z,4130.06,4133.66,4116.69,4118.77,7030
2025-10-14T12:30:00.000Z,4118.62,4119.81,4106.99,4109.66,9185
2025-10-14T12:45:00.000Z,4109.65,4113.91,4102.97,4106.47,8466
2025-10-14T13:00:00.000Z,4106.58,4113.4,4097.73,4113.16,10281
2025-10-14T13:15:00.000Z,4113.05,4120.01,4104.92,4110.45,10177
2025-10-14T13:30:00.000Z,4110.07,4128.85,4106.54,4126.96,11196
2025-10-14T13:45:00.000Z,4126.95,4129.45,4114.08,4124.07,11536
2025-10-14T14:00:00.000Z,4123.92,4137.24,4121.26,4134.33,11451
2025-10-14T14:15:00.000Z,4134.31,4136.03,4126.68,4133.12,9400
2025-10-14T14:30:00.000Z,4133,4137.39,4127.8,4130.31,8827
2025-10-14T14:45:00.000Z,4130.3,4134.88,4126.36,4129.18,8320
2025-10-14T15:00:00.000Z,4129.14,4141.12,4126.04,4141.08,8835
2025-10-14T15:15:00.000Z,4141.1,4141.12,4135.69,4137.81,7960
2025-10-14T15:30:00.000Z,4137.84,4142.63,4136.77,4138.93,7813
2025-10-14T15:45:00.000Z,4138.96,4140.29,4131.51,4137.88,7544
2025-10-14T16:00:00.000Z,4137.89,4141.65,4128.75,4130.88,7604
2025-10-14T16:15:00.000Z,4130.86,4138.2,4127.84,4133.53,8743
2025-10-14T16:30:00.000Z,4133.26,4143.57,4128.7,4142.75,9413
2025-10-14T16:45:00.000Z,4142.82,4155.07,4139.77,4140.32,10057
2025-10-14T17:00:00.000Z,4140.29,4149.9,4137.2,4145.51,9301
2025-10-14T17:15:00.000Z,4145.6,4152.86,4141.73,4146.91,9213
2025-10-14T17:30:00.000Z,4146.71,4152.58,4146.19,4149.23,7999
2025-10-14T17:45:00.000Z,4149.24,4149.68,4143.29,4148.02,6545
2025-10-14T18:00:00.000Z,4148.11,4152.49,4147.2,4148.14,6040
2025-10-14T18:15:00.000Z,4148.18,4149.19,4143.02,4145.92,6682
2025-10-14T18:30:00.000Z,4145.9,4149.29,4145.35,4148.44,5143
2025-10-14T18:45:00.000Z,4148.48,4150.5,4147.97,4148.19,6315
2025-10-14T19:00:00.000Z,4148.18,4150.4,4146.3,4149.01,5063
2025-10-14T19:15:00.000Z,4149,4150.16,4147.33,4149.61,4021
2025-10-14T19:30:00.000Z,4149.88,4150.11,4134.57,4139.35,8794
2025-10-14T19:45:00.000Z,4139.62,4144.52,4135.4,4141.56,8455
2025-10-14T20:00:00.000Z,4141.69,4144.89,4139.25,4143.83,3661
2025-10-14T20:15:00.000Z,4143.84,4146.08,4143.18,4143.9,2594
2025-10-14T20:30:00.000Z,4143.93,4143.99,4141.74,4141.98,2257
2025-10-14T20:45:00.000Z,4141.98,4145.25,4141.58,4142.39,1461
2025-10-14T22:00:00.000Z,4142.18,4160.79,4140.67,4160.79,3190
2025-10-14T22:15:00.000Z,4160.75,4163.58,4151.04,4152.27,4771
2025-10-14T22:30:00.000Z,4152.43,4160.1,4150.13,4157.34,3557
2025-10-14T22:45:00.000Z,4157.4,4161.53,4157.09,4158.24,2303
2025-10-14T23:00:00.000Z,4158.35,4161.69,4156.97,4160.22,2625
2025-10-14T23:15:00.000Z,4160.19,4163.89,4158.9,4163.45,2837
2025-10-14T23:30:00.000Z,4163.43,4165.85,4161.93,4165.37,3233
2025-10-14T23:45:00.000Z,4165.37,4167.24,4160.06,4161.48,3448
2025-10-15T00:00:00.000Z,4161.25,4169.54,4158.06,4168.28,5203
2025-10-15T00:15:00.000Z,4168.38,4169.21,4153.68,4155.93,4890
2025-10-15T00:30:00.000Z,4155.98,4168.65,4154.89,4167.12,5044
2025-10-15T00:45:00.000Z,4167.13,4167.78,4159.18,4162.35,4708
2025-10-15T01:00:00.000Z,4162.21,4184.9,4161.91,4178.79,10082
2025-10-15T01:15:00.000Z,4178.75,4186.6,4173.73,4185.35,8377
2025-10-15T01:30:00.000Z,4185.35,4186.29,4175.86,4177.85,7899
2025-10-15T01:45:00.000Z,4177.86,4182.83,4176.1,4181.52,6007
2025-10-15T02:00:00.000Z,4181.64,4184.41,4177.74,4179.75,5897
2025-10-15T02:15:00.000Z,4179.72,4183.86,4178.63,4179.09,3641
2025-10-15T02:30:00.000Z,4179.04,4180.1,4167.09,4171.65,8333
2025-10-15T02:45:00.000Z,4171.69,4177.13,4168.36,4176.47,6289
2025-10-15T03:00:00.000Z,4176.51,4184.6,4176.05,4183.52,5143
2025-10-15T03:15:00.000Z,4183.51,4185.66,4179.62,4183.38,4736
2025-10-15T03:30:00.000Z,4183.37,4185.49,4179.99,4185.06,3554
2025-10-15T03:45:00.000Z,4184.86,4190.53,4184.43,4187,3544
2025-10-15T04:00:00.000Z,4187.11,4187.48,4182.51,4185.14,2893
2025-10-15T04:15:00.000Z,4185.07,4185.43,4173.28,4176.21,3621
2025-10-15T04:30:00.000Z,4176.3,4180.36,4174.17,4179.28,4195
2025-10-15T04:45:00.000Z,4179.31,4179.96,4177.67,4179.72,1972
2025-10-15T05:00:00.000Z,4179.67,4190.49,4176.53,4189.52,4389
2025-10-15T05:15:00.000Z,4189.49,4193.03,4185.98,4192.67,4597
2025-10-15T05:30:00.000Z,4192.69,4193.51,4184.19,4188.45,6634
2025-10-15T05:45:00.000Z,4188.38,4191.66,4184.59,4185.83,5299
2025-10-15T06:00:00.000Z,4185.81,4193.38,4184.3,4191.83,6159
2025-10-15T06:15:00.000Z,4191.84,4192.53,4187.36,4190.2,5281
2025-10-15T06:30:00.000Z,4190.19,4194.22,4187.5,4193.81,4876
2025-10-15T06:45:00.000Z,4193.82,4200.27,4193.35,4199.38,5361
2025-10-15T07:00:00.000Z,4199.31,4200.53,4194.5,4199.43,5148
2025-10-15T07:15:00.000Z,4199.39,4200.46,4197.83,4199.7,3712
2025-10-15T07:30:00.000Z,4199.67,4207.82,4198.82,4204.86,5084
2025-10-15T07:45:00.000Z,4204.78,4209.72,4204.21,4207.66,3743
2025-10-15T08:00:00.000Z,4207.76,4216.11,4207.15,4212.81,5166
2025-10-15T08:15:00.000Z,4212.85,4218.22,4208.46,4210.79,5021
2025-10-15T08:30:00.000Z,4210.82,4216.87,4210.53,4215.34,4190
2025-10-15T08:45:00.000Z,4215.37,4216.71,4207.35,4207.92,4250
2025-10-15T09:00:00.000Z,4208.11,4212.03,4202.58,4202.6,5272
2025-10-15T09:15:00.000Z,4202.93,4203.65,4163.48,4190.12,10124
2025-10-15T09:30:00.000Z,4190.01,4196.61,4188.6,4192.83,6605
2025-10-15T09:45:00.000Z,4192.88,4195.66,4189.74,4192.46,5068
2025-10-15T10:00:00.000Z,4192.37,4200.41,4191.44,4199.03,5069
2025-10-15T10:15:00.000Z,4199.07,4206.16,4195.58,4201.29,4929
2025-10-15T10:30:00.000Z,4200.97,4202.31,4190.34,4191.91,4159
2025-10-15T10:45:00.000Z,4191.87,4203.24,4191.31,4202.75,4594
2025-10-15T11:00:00.000Z,4202.68,4203.56,4197.48,4202.39,4072
2025-10-15T11:15:00.000Z,4202.48,4203.07,4199.94,4202.02,2863
2025-10-15T11:30:00.000Z,4202.02,4204.16,4197.37,4198,4011
2025-10-15T11:45:00.000Z,4198.1,4200.55,4193.53,4198.7,4570
2025-10-15T12:00:00.000Z,4198.75,4202.75,4192.53,4192.65,4781
2025-10-15T12:15:00.000Z,4192.72,4193.78,4180.05,4181.17,9050
2025-10-15T12:30:00.000Z,4180.09,4189.7,4176.48,4185.35,6432
2025-10-15T12:45:00.000Z,4185.34,4192.42,4181.26,4190.68,5998
2025-10-15T13:00:00.000Z,4190.2,4197.46,4182.91,4195.37,8077
2025-10-15T13:15:00.000Z,4195.51,4197.78,4188.89,4194.29,6667
2025-10-15T13:30:00.000Z,4194.14,4198.63,4183.22,4194.83,9335
2025-10-15T13:45:00.000Z,4194.86,4197.31,4187.19,4192.07,9261
2025-10-15T14:00:00.000Z,4191.66,4212.32,4191.66,4208.38,8978
2025-10-15T14:15:00.000Z,4208.29,4211.74,4204.34,4205.89,7241
2025-10-15T14:30:00.000Z,4205.99,4207.18,4194.11,4198.47,7441
2025-10-15T14:45:00.000Z,4198.32,4203.58,4191.56,4199.84,7610
2025-10-15T15:00:00.000Z,4199.68,4201.83,4193.51,4198.43,8416
2025-10-15T15:15:00.000Z,4198.42,4203.04,4196.58,4201.35,7518
2025-10-15T15:30:00.000Z,4201.39,4201.58,4184.69,4194.8,8886
2025-10-15T15:45:00.000Z,4194.76,4198.39,4179.8,4190.54,8730
2025-10-15T16:00:00.000Z,4190.57,4195.8,4186.22,4191.03,6969
2025-10-15T16:15:00.000Z,4190.91,4199.47,4190.85,4197.13,5865
2025-10-15T16:30:00.000Z,4197.09,4198.44,4189.9,4196.63,5982
2025-10-15T16:45:00.000Z,4196.59,4199.87,4192.81,4198.82,5302
2025-10-15T17:00:00.000Z,4198.79,4199.52,4183.19,4185.41,7477
2025-10-15T17:15:00.000Z,4185.46,4193.32,4182.59,4188.45,9878
2025-10-15T17:30:00.000Z,4188.57,4193.13,4186.25,4192.91,7043
2025-10-15T17:45:00.000Z,4192.88,4197.57,4192.2,4197.53,6265
2025-10-15T18:00:00.000Z,4197.6,4204.47,4196.36,4200.06,7842
2025-10-15T18:15:00.000Z,4200.16,4200.71,4195.35,4198.41,7026
2025-10-15T18:30:00.000Z,4198.42,4200.22,4196.75,4199.03,4855
2025-10-15T18:45:00.000Z,4199.12,4201.45,4196.16,4200.75,5835
2025-10-15T19:00:00.000Z,4200.76,4206.14,4200.47,4205.74,5492
2025-10-15T19:15:00.000Z,4205.75,4211.78,4205.25,4210.88,6302
2025-10-15T19:30:00.000Z,4210.87,4212.46,4205.66,4206.15,6185
2025-10-15T19:45:00.000Z,4206.18,4213.38,4206,4210.21,5697
2025-10-15T20:00:00.000Z,4210.2,4212.67,4208.45,4209.09,3258
2025-10-15T20:15:00.000Z,4209.07,4210.16,4206.06,4207.65,2824
2025-10-15T20:30:00.000Z,4207.81,4211.02,4206.94,4210.25,3238
2025-10-15T20:45:00.000Z,4210.28,4210.3,4206.46,4207.14,2838
2025-10-15T22:00:00.000Z,4206.99,4212.65,4203.52,4205.22,2756
2025-10-15T22:15:00.000Z,4205.23,4212.74,4199.96,4211.34,4023
2025-10-15T22:30:00.000Z,4211.37,4215.59,4210.02,4215.23,3114
2025-10-15T22:45:00.000Z,4215.22,4215.66,4212.18,4213.24,2193
2025-10-15T23:00:00.000Z,4213.11,4215.68,4208.66,4210.61,3277
2025-10-15T23:15:00.000Z,4210.58,4212.71,4208.67,4212.07,2641
2025-10-15T23:30:00.000Z,4212.04,4213.06,4206.07,4208.18,2720
2025-10-15T23:45:00.000Z,4208.13,4211.45,4206.94,4209.41,3696
2025-10-16T00:00:00.000Z,4209.5,4215.58,4204.76,4214.99,4712
2025-10-16T00:15:00.000Z,4215.03,4224.88,4214.86,4223.01,5169
2025-10-16T00:30:00.000Z,4223.02,4227.26,4220.72,4222.8,5710
2025-10-16T00:45:00.000Z,4222.84,4223.18,4210.07,4210.3,6158
2025-10-16T01:00:00.000Z,4210.28,4222.69,4210.28,4220.44,7448
2025-10-16T01:15:00.000Z,4220.65,4227.72,4218.42,4224.82,6495
2025-10-16T01:30:00.000Z,4224.79,4232.89,4223.98,4230.74,6712
2025-10-16T01:45:00.000Z,4230.76,4231.31,4222.81,4230.11,6147
2025-10-16T02:00:00.000Z,4230.2,4234.53,4229.64,4234.43,4914
2025-10-16T02:15:00.000Z,4234.42,4234.64,4231.4,4231.7,3587
2025-10-16T02:30:00.000Z,4231.7,4236.17,4225.95,4235.63,5348
2025-10-16T02:45:00.000Z,4235.7,4239.68,4233.92,4239.5,3623
2025-10-16T03:00:00.000Z,4239.34,4242.02,4235.17,4238.41,5160
2025-10-16T03:15:00.000Z,4238.36,4240.93,4233.99,4235.46,5712
2025-10-16T03:30:00.000Z,4235.43,4236.45,4229.06,4233.21,4974
2025-10-16T03:45:00.000Z,4233.28,4235.48,4231.81,4233.69,3126
2025-10-16T04:00:00.000Z,4233.67,4235.7,4230.33,4235.06,3075
2025-10-16T04:15:00.000Z,4235.08,4238.97,4234.38,4238.08,2513
2025-10-16T04:30:00.000Z,4238.07,4239.15,4232.69,4234.24,3929
2025-10-16T04:45:00.000Z,4234.18,4234.88,4228.03,4233.51,5009
2025-10-16T05:00:00.000Z,4233.53,4234.65,4224.84,4227.13,4835
2025-10-16T05:15:00.000Z,4227.25,4230.8,4221.53,4223.87,5861
2025-10-16T05:30:00.000Z,4223.6,4223.88,4204.75,4211.52,10851
2025-10-16T05:45:00.000Z,4211.51,4211.51,4203.51,4204.72,7730
2025-10-16T06:00:00.000Z,4204.57,4222.54,4203.58,4221.85,8202
2025-10-16T06:15:00.000Z,4221.86,4227.15,4221.85,4224.63,6577
2025-10-16T06:30:00.000Z,4224.62,4226.19,4218.54,4218.64,5488
2025-10-16T06:45:00.000Z,4218.61,4222.71,4215.4,4222.71,5997
2025-10-16T07:00:00.000Z,4222.67,4231.76,4222.2,4231.63,5023
2025-10-16T07:15:00.000Z,4231.65,4233.87,4229.17,4233.37,4553
2025-10-16T07:30:00.000Z,4233.37,4233.38,4226.77,4230.51,4107
2025-10-16T07:45:00.000Z,4230.49,4231.67,4225.98,4230.57,4778
2025-10-16T08:00:00.000Z,4230.55,4235.91,4230.11,4231.9,4652
2025-10-16T08:15:00.000Z,4231.91,4235.58,4230.88,4231.33,3108
2025-10-16T08:30:00.000Z,4231.37,4232.94,4228.64,4232.23,3388
2025-10-16T08:45:00.000Z,4232.33,4234.25,4229.23,4232.88,2783
2025-10-16T09:00:00.000Z,4233.01,4234.82,4229.19,4230.14,3149
2025-10-16T09:15:00.000Z,4230.23,4231.41,4222.65,4223.26,3988
2025-10-16T09:30:00.000Z,4223.61,4227.98,4221.8,4227.22,4174
2025-10-16T09:45:00.000Z,4227.32,4241.77,4227.21,4239.51,4476
2025-10-16T10:00:00.000Z,4239.33,4243.1,4234.82,4238.85,4875
2025-10-16T10:15:00.000Z,4238.86,4242.32,4236.4,4237.8,3639
2025-10-16T10:30:00.000Z,4237.87,4240.04,4234.26,4239.14,3175
2025-10-16T10:45:00.000Z,4239.15,4246.25,4238.03,4242.62,3715
2025-10-16T11:00:00.000Z,4242.89,4244.77,4239.67,4243.08,3389
2025-10-16T11:15:00.000Z,4243.15,4246.58,4242.03,4244.42,3416
2025-10-16T11:30:00.000Z,4244.48,4247.46,4242.56,4246.44,3663
2025-10-16T11:45:00.000Z,4246.47,4247.33,4240.14,4240.49,4676
2025-10-16T12:00:00.000Z,4240.53,4245.19,4239.93,4244.9,4406
2025-10-16T12:15:00.000Z,4245.03,4245.32,4236.63,4238.56,5303
2025-10-16T12:30:00.000Z,4238.6,4250.98,4227.58,4237.23,8856
2025-10-16T12:45:00.000Z,4237.11,4240.34,4232.99,4236.07,7420
2025-10-16T13:00:00.000Z,4236.11,4247.1,4234.91,4245.75,7947
2025-10-16T13:15:00.000Z,4245.83,4254.68,4244.31,4251.43,7118
2025-10-16T13:30:00.000Z,4251.59,4258.52,4245.19,4255.49,9157
2025-10-16T13:45:00.000Z,4255.52,4256.67,4243.29,4245.72,7917
2025-10-16T14:00:00.000Z,4245.53,4266.04,4245.4,4265.26,8589
2025-10-16T14:15:00.000Z,4265.23,4265.3,4255.59,4262.9,7673
2025-10-16T14:30:00.000Z,4262.6,4267.63,4258.59,4259.47,8060
2025-10-16T14:45:00.000Z,4259.45,4264.88,4254.21,4263.25,7688
2025-10-16T15:00:00.000Z,4263.32,4271.61,4260.8,4269.38,6859
2025-10-16T15:15:00.000Z,4269.52,4273.17,4269.2,4271.72,5364
2025-10-16T15:30:00.000Z,4271.74,4273.22,4267.27,4270.34,6472
2025-10-16T15:45:00.000Z,4270.37,4275.84,4268.74,4273.55,6384
2025-10-16T16:00:00.000Z,4273.85,4280.08,4269.37,4278.62,6534
2025-10-16T16:15:00.000Z,4278.6,4291.86,4277.81,4289.51,9786
2025-10-16T16:30:00.000Z,4289.69,4291.63,4261.37,4271.53,13297
2025-10-16T16:45:00.000Z,4271.52,4284.34,4268.48,4282.59,10722
2025-10-16T17:00:00.000Z,4282.6,4291.01,4280.13,4289.41,8920
2025-10-16T17:15:00.000Z,4289.29,4295.07,4287.28,4289.57,8784
2025-10-16T17:30:00.000Z,4289.97,4298.68,4288.82,4290.79,8040
2025-10-16T17:45:00.000Z,4290.74,4295.31,4287.23,4293.81,7216
2025-10-16T18:00:00.000Z,4293.55,4294.9,4284.01,4284.67,7306
2025-10-16T18:15:00.000Z,4284.58,4291.75,4273.26,4285.53,10382
2025-10-16T18:30:00.000Z,4285.5,4293.33,4282.98,4292.86,7851
2025-10-16T18:45:00.000Z,4292.88,4293.78,4287.44,4290.96,6918
2025-10-16T19:00:00.000Z,4290.93,4295.94,4288.18,4293.18,6700
2025-10-16T19:15:00.000Z,4293.29,4296.97,4287.82,4295.17,7252
2025-10-16T19:30:00.000Z,4294.89,4296.87,4291.02,4296.44,7111
2025-10-16T19:45:00.000Z,4296.14,4312.81,4294.43,4307.25,9786
2025-10-16T20:00:00.000Z,4308.09,4320.53,4307.53,4316.72,6653
2025-10-16T20:15:00.000Z,4316.75,4317.88,4313.36,4315.59,2973
2025-10-16T20:30:00.000Z,4315.6,4318.58,4311.72,4318.11,2699
2025-10-16T20:45:00.000Z,4318.04,4330.67,4317.82,4326.97,4767
2025-10-16T22:00:00.000Z,4332.94,4360.04,4326.42,4349.89,7452
2025-10-16T22:15:00.000Z,4350.05,4378.68,4349.35,4367.63,7759
2025-10-16T22:30:00.000Z,4366.65,4367.03,4342.38,4360.51,6893
2025-10-16T22:45:00.000Z,4360.49,4364.46,4343.95,4346.79,6309
2025-10-16T23:00:00.000Z,4346.78,4363.29,4341.53,4355.46,6470
2025-10-16T23:15:00.000Z,4355.38,4363.72,4353.45,4363.72,3992
2025-10-16T23:30:00.000Z,4363.67,4369.43,4350.08,4368.36,5727
2025-10-16T23:45:00.000Z,4368.33,4379.06,4360.21,4365.66,7617
2025-10-17T00:00:00.000Z,4365.43,4366.87,4354.99,4356.59,6540
2025-10-17T00:15:00.000Z,4356.6,4363.63,4355.93,4357.78,6469
2025-10-17T00:30:00.000Z,4357.92,4367.78,4353.43,4366.69,6843
2025-10-17T00:45:00.000Z,4366.7,4371.46,4356.23,4358.1,6916
2025-10-17T01:00:00.000Z,4357.9,4362.06,4343.85,4347.56,10721
2025-10-17T01:15:00.000Z,4347.58,4348.05,4324.04,4333.91,10190
2025-10-17T01:30:00.000Z,4333.71,4337.47,4278.44,4290.5,11698
2025-10-17T01:45:00.000Z,4290.54,4313.96,4279.2,4313.88,11980
2025-10-17T02:00:00.000Z,4313.58,4335.89,4312.02,4328.04,10945
2025-10-17T02:15:00.000Z,4327.9,4333.34,4322.9,4332.43,8860
2025-10-17T02:30:00.000Z,4332.27,4344.5,4331.41,4339.5,8318
2025-10-17T02:45:00.000Z,4339.48,4348.37,4336.55,4342.4,7420
2025-10-17T03:00:00.000Z,4342.45,4359.66,4338.6,4358.46,8084
2025-10-17T03:15:00.000Z,4358.33,4360.81,4354.79,4356.65,6879
2025-10-17T03:30:00.000Z,4356.82,4360.4,4354.21,4356.77,6020
2025-10-17T03:45:00.000Z,4356.69,4366.64,4355.5,4366.64,5435
2025-10-17T04:00:00.000Z,4366.67,4376.36,4366.41,4370.85,6118
2025-10-17T04:15:00.000Z,4370.92,4371.01,4355.26,4358.42,6725
2025-10-17T04:30:00.000Z,4358.41,4365.03,4358.07,4360.49,4620
2025-10-17T04:45:00.000Z,4360.62,4376.93,4359.76,4376.31,5326
2025-10-17T05:00:00.000Z,4376.24,4378.45,4365.82,4367.71,7044
2025-10-17T05:15:00.000Z,4367.65,4368.33,4358.04,4359.67,5841
2025-10-17T05:30:00.000Z,4359.65,4363.04,4342.29,4359.62,8932
2025-10-17T05:45:00.000Z,4359.74,4369.4,4356.64,4365.34,7742
2025-10-17T06:00:00.000Z,4365.4,4369.55,4354.46,4358.69,7322
2025-10-17T06:15:00.000Z,4358.76,4364.47,4355.92,4361.54,9179
2025-10-17T06:30:00.000Z,4361.56,4365.19,4346.6,4364.07,9968
2025-10-17T06:45:00.000Z,4364.08,4367.31,4356.54,4360.12,7151
2025-10-17T07:00:00.000Z,4360.06,4361.7,4351.72,4355.53,9196
2025-10-17T07:15:00.000Z,4355.6,4357.28,4311.64,4338.65,10238
2025-10-17T07:30:00.000Z,4338.53,4349.27,4330.32,4345.6,9291
2025-10-17T07:45:00.000Z,4345.51,4349.02,4329.93,4342.24,9304
2025-10-17T08:00:00.000Z,4342.28,4347.39,4321.09,4334.04,10465
2025-10-17T08:15:00.000Z,4334.11,4349.58,4334.04,4341.42,8992
2025-10-17T08:30:00.000Z,4341.4,4346.81,4332.77,4346.31,7553
2025-10-17T08:45:00.000Z,4346.56,4349.63,4340.27,4347.73,7431
2025-10-17T09:00:00.000Z,4347.71,4348.39,4341.19,4342,6671
2025-10-17T09:15:00.000Z,4341.96,4342.75,4332.2,4335.14,6915
2025-10-17T09:30:00.000Z,4334.93,4345.04,4333.37,4338.1,7155
2025-10-17T09:45:00.000Z,4338.09,4341.87,4335.11,4340.14,5378
2025-10-17T10:00:00.000Z,4340.09,4342.11,4338.03,4338.29,4929
2025-10-17T10:15:00.000Z,4338.28,4341.42,4336.19,4340.94,5540
2025-10-17T10:30:00.000Z,4341,4341.44,4319.62,4331.26,8906
2025-10-17T10:45:00.000Z,4331.28,4337.37,4326.72,4327.55,8274
2025-10-17T11:00:00.000Z,4327.54,4335.85,4315.68,4319.39,8868
2025-10-17T11:15:00.000Z,4319.83,4332.69,4318.67,4321.72,8169
2025-10-17T11:30:00.000Z,4321.85,4322.91,4303.63,4307.59,10480
2025-10-17T11:45:00.000Z,4307.55,4314.22,4286.75,4287.28,10456
2025-10-17T12:00:00.000Z,4287.44,4316.21,4283.56,4315.28,11400
2025-10-17T12:15:00.000Z,4315.27,4315.86,4291.85,4293.33,10142
2025-10-17T12:30:00.000Z,4293.3,4315.53,4291.02,4314.36,9506
2025-10-17T12:45:00.000Z,4314.28,4320.01,4310.81,4314.62,8394
2025-10-17T13:00:00.000Z,4314.71,4316.35,4301.17,4313.66,10096
2025-10-17T13:15:00.000Z,4313.77,4317.81,4303.81,4316.09,8281
2025-10-17T13:30:00.000Z,4315.7,4317.06,4258.28,4285.89,13681
2025-10-17T13:45:00.000Z,4285.88,4293.5,4271.63,4273.76,12495
2025-10-17T14:00:00.000Z,4273.78,4274.28,4217.08,4217.41,14197
2025-10-17T14:15:00.000Z,4217.42,4244.89,4217,4240.82,13449
2025-10-17T14:30:00.000Z,4241.23,4266.27,4230.63,4258.79,12577
2025-10-17T14:45:00.000Z,4258.73,4260.34,4243.92,4248.88,11618
2025-10-17T15:00:00.000Z,4249.41,4259.28,4240.06,4242.26,11148
2025-10-17T15:15:00.000Z,4242.31,4249,4230.94,4248.15,11146
2025-10-17T15:30:00.000Z,4248.4,4259.19,4245.59,4255.55,8844
2025-10-17T15:45:00.000Z,4255.49,4256.41,4236.26,4237.19,10218
2025-10-17T16:00:00.000Z,4237.38,4244.78,4225.35,4233.85,10367
2025-10-17T16:15:00.000Z,4233.68,4239.28,4215.25,4215.91,11066
2025-10-17T16:30:00.000Z,4214.84,4221.18,4205.16,4208.52,12487
2025-10-17T16:45:00.000Z,4208.51,4220.55,4200.67,4204.77,12640
2025-10-17T17:00:00.000Z,4204.82,4209.32,4186.27,4206.66,12559
2025-10-17T17:15:00.000Z,4206.67,4214.18,4199.34,4201.04,11394
2025-10-17T17:30:00.000Z,4201.06,4228.36,4196.55,4222.5,10477
2025-10-17T17:45:00.000Z,4222.47,4226.18,4217.19,4221.02,9698
2025-10-17T18:00:00.000Z,4221.39,4241.53,4218.01,4233.53,10058
2025-10-17T18:15:00.000Z,4233.56,4244.47,4231.28,4244.41,8176
2025-10-17T18:30:00.000Z,4244.46,4244.53,4234.25,4234.25,6617
2025-10-17T18:45:00.000Z,4234.35,4241.95,4231.86,4235.35,6331
2025-10-17T19:00:00.000Z,4235.41,4237.69,4222.52,4223.33,7614
2025-10-17T19:15:00.000Z,4223.74,4225.02,4212.31,4216.5,8430
2025-10-17T19:30:00.000Z,4216.62,4228.86,4216.62,4221.84,6754
2025-10-17T19:45:00.000Z,4221.87,4231.23,4218.31,4225.7,9017
2025-10-17T20:00:00.000Z,4225.65,4234.22,4219.76,4231.76,5471
2025-10-17T20:15:00.000Z,4231.6,4246.09,4230.53,4245.6,4641
2025-10-17T20:30:00.000Z,4245.56,4248.16,4241.78,4246.54,4911
2025-10-17T20:45:00.000Z,4246.54,4249.46,4242.28,4245.88,2156
2025-10-19T22:00:00.000Z,4247.54,4266.49,4239.64,4259.03,3691
2025-10-19T22:15:00.000Z,4258.88,4267.6,4254.93,4259.74,4884
2025-10-19T22:30:00.000Z,4259.26,4259.73,4244.42,4256.72,5105
2025-10-19T22:45:00.000Z,4256.57,4261.87,4253.48,4255.46,3362
2025-10-19T23:00:00.000Z,4255.56,4255.97,4242.19,4243.56,5456
2025-10-19T23:15:00.000Z,4243.55,4248.99,4238.83,4247.42,7151
2025-10-19T23:30:00.000Z,4247.31,4247.69,4243.18,4245.38,3899
2025-10-19T23:45:00.000Z,4245.29,4246.04,4233.58,4237.75,7050
2025-10-20T00:00:00.000Z,4237.63,4242.55,4224.36,4225.1,8510
2025-10-20T00:15:00.000Z,4225.06,4235.66,4218.72,4222.49,8129
2025-10-20T00:30:00.000Z,4222.28,4243.94,4220.69,4240.97,8672
2025-10-20T00:45:00.000Z,4240.98,4250.67,4239.24,4249.65,8119
2025-10-20T01:00:00.000Z,4249.38,4255.57,4229.31,4255.11,11519
2025-10-20T01:15:00.000Z,4254.96,4264.35,4248.51,4262.51,8491
2025-10-20T01:30:00.000Z,4262.36,4266.12,4255.89,4265.84,8895
2025-10-20T01:45:00.000Z,4265.94,4268.74,4258.68,4262.37,7148
2025-10-20T02:00:00.000Z,4262.44,4265.28,4258.67,4262.53,6585
2025-10-20T02:15:00.000Z,4262.33,4267.02,4259.72,4266.59,5036
2025-10-20T02:30:00.000Z,4266.57,4270.95,4260.74,4260.75,8471
2025-10-20T02:45:00.000Z,4260.7,4262.21,4253.26,4255.45,7190
2025-10-20T03:00:00.000Z,4255.32,4259.39,4252,4253.61,7258
2025-10-20T03:15:00.000Z,4253.62,4262.44,4252.16,4254.77,5546
2025-10-20T03:30:00.000Z,4254.84,4256.72,4248.56,4254.69,5337
2025-10-20T03:45:00.000Z,4254.63,4265.06,4253.96,4264.57,4953
2025-10-20T04:00:00.000Z,4264.61,4267.13,4260.27,4261.54,4212
2025-10-20T04:15:00.000Z,4261.56,4264.73,4260.23,4264.28,3314
2025-10-20T04:30:00.000Z,4264.3,4268.09,4262.35,4266.58,3642
2025-10-20T04:45:00.000Z,4266.48,4267.76,4264.74,4266.13,2470
2025-10-20T05:00:00.000Z,4265.7,4266.59,4258.49,4261.34,4603
2025-10-20T05:15:00.000Z,4261.34,4263.09,4247,4256.85,6530
2025-10-20T05:30:00.000Z,4256.81,4260.15,4249.96,4254.97,9022
2025-10-20T05:45:00.000Z,4255.01,4255.66,4239.57,4239.72,9100
2025-10-20T06:00:00.000Z,4239.82,4244.79,4231.04,4243.89,9083
2025-10-20T06:15:00.000Z,4243.94,4245.77,4226.22,4226.67,7238
2025-10-20T06:30:00.000Z,4226.65,4240.74,4221.35,4234.41,8485
2025-10-20T06:45:00.000Z,4233.99,4237.53,4230.4,4236.23,7266
2025-10-20T07:00:00.000Z,4236.25,4256.87,4234.77,4254.53,7855
2025-10-20T07:15:00.000Z,4254.56,4259.93,4253.68,4253.99,5729
2025-10-20T07:30:00.000Z,4254.07,4260.79,4251.4,4259,5361
2025-10-20T07:45:00.000Z,4258.97,4260.54,4254.04,4255.1,5628
2025-10-20T08:00:00.000Z,4255.24,4262.97,4253.92,4260.73,6506
2025-10-20T08:15:00.000Z,4260.69,4261.73,4256.95,4260.57,4579
2025-10-20T08:30:00.000Z,4260.31,4266.04,4257,4259.03,5313
2025-10-20T08:45:00.000Z,4259.07,4259.79,4252.33,4258.63,4846
2025-10-20T09:00:00.000Z,4258.63,4260.13,4252.23,4252.62,4661
2025-10-20T09:15:00.000Z,4252.63,4255.38,4250.24,4252.41,4379
2025-10-20T09:30:00.000Z,4251.53,4258.52,4251.53,4258.28,5451
2025-10-20T09:45:00.000Z,4258.18,4263.58,4257.31,4260.68,4988
2025-10-20T10:00:00.000Z,4260.73,4260.88,4245.53,4253.58,6345
2025-10-20T10:15:00.000Z,4253.52,4258.72,4252.38,4255.87,5814
2025-10-20T10:30:00.000Z,4255.89,4259.13,4251.52,4257.78,5409
2025-10-20T10:45:00.000Z,4257.61,4260.18,4254.59,4254.65,4825
2025-10-20T11:00:00.000Z,4254.52,4257.84,4250.84,4254.98,5100
2025-10-20T11:15:00.000Z,4254.95,4263.64,4254.74,4262.73,5228
2025-10-20T11:30:00.000Z,4262.72,4265.14,4259.66,4263.75,5184
2025-10-20T11:45:00.000Z,4263.6,4279.37,4263.38,4279,5836
2025-10-20T12:00:00.000Z,4278.51,4283.38,4272.56,4280.62,7682
2025-10-20T12:15:00.000Z,4280.61,4299.35,4278.31,4293.81,10306
2025-10-20T12:30:00.000Z,4293.8,4323.56,4292.03,4320.18,11170
2025-10-20T12:45:00.000Z,4320.09,4327.16,4312.57,4323.32,10688
2025-10-20T13:00:00.000Z,4323.52,4325.08,4313.54,4319.04,10798
2025-10-20T13:15:00.000Z,4319.38,4322.54,4315.21,4319.89,8593
2025-10-20T13:30:00.000Z,4320.41,4320.41,4302.68,4308.06,12372
2025-10-20T13:45:00.000Z,4308.25,4317.39,4299.38,4300.88,10837
2025-10-20T14:00:00.000Z,4300.78,4316.81,4292.49,4316.15,11162
2025-10-20T14:15:00.000Z,4316.16,4334.44,4316.16,4326.35,11096
2025-10-20T14:30:00.000Z,4326.34,4330.12,4317.02,4325.21,9337
2025-10-20T14:45:00.000Z,4325.28,4334.56,4324.19,4332.33,8962
2025-10-20T15:00:00.000Z,4332.31,4347.67,4332.3,4346.15,9942
2025-10-20T15:15:00.000Z,4346.27,4355.51,4341.44,4345.49,9639
2025-10-20T15:30:00.000Z,4345.53,4350.72,4344.09,4349.88,8052
2025-10-20T15:45:00.000Z,4349.97,4351.21,4346.89,4349.1,8364
2025-10-20T16:00:00.000Z,4349.04,4350.66,4342.66,4346.03,7719
2025-10-20T16:15:00.000Z,4346.16,4350.16,4343.94,4345.13,7417
2025-10-20T16:30:00.000Z,4345.06,4348.57,4343.4,4346.08,6075
2025-10-20T16:45:00.000Z,4346.34,4349.64,4343.91,4347.71,5636
2025-10-20T17:00:00.000Z,4347.79,4351.01,4346.06,4346.38,5769
2025-10-20T17:15:00.000Z,4346.42,4350.53,4340.48,4342.03,7716
2025-10-20T17:30:00.000Z,4341.9,4346.92,4337.27,4345.36,6567
2025-10-20T17:45:00.000Z,4345.48,4349.06,4345.48,4347.44,5776
2025-10-20T18:00:00.000Z,4347.9,4348.96,4344.62,4346.92,4520
2025-10-20T18:15:00.000Z,4347.18,4357.97,4345.54,4357.53,5094
2025-10-20T18:30:00.000Z,4357.56,4364.52,4354.97,4359.36,7240
2025-10-20T18:45:00.000Z,4359.23,4362.2,4357.46,4359.37,6016
2025-10-20T19:00:00.000Z,4359.39,4367.01,4359.2,4366.2,6541
2025-10-20T19:15:00.000Z,4366.19,4367.07,4364.38,4366.69,6476
2025-10-20T19:30:00.000Z,4366.92,4369.71,4364.64,4369.52,5926
2025-10-20T19:45:00.000Z,4369.59,4381.21,4369.32,4377.85,8650
2025-10-20T20:00:00.000Z,4377.87,4379.79,4355.8,4360.09,8769
2025-10-20T20:15:00.000Z,4360.19,4361.11,4346.42,4354.05,6876
2025-10-20T20:30:00.000Z,4354.06,4358.95,4346.7,4357.11,4874
2025-10-20T20:45:00.000Z,4357.11,4358.87,4353.72,4356.07,2850
2025-10-20T22:00:00.000Z,4354.4,4370.89,4352.32,4361.65,4990
2025-10-20T22:15:00.000Z,4361.64,4375.27,4361.64,4371.66,4404
2025-10-20T22:30:00.000Z,4371.67,4371.71,4357.53,4358.79,4566
2025-10-20T22:45:00.000Z,4359,4370.16,4357.3,4367.41,4375
2025-10-20T23:00:00.000Z,4367.45,4371.55,4365.61,4367.38,3399
2025-10-20T23:15:00.000Z,4367.5,4368.12,4359.62,4362.33,2685
2025-10-20T23:30:00.000Z,4362.05,4362.53,4357.68,4361.3,3046
2025-10-20T23:45:00.000Z,4361.09,4362.48,4356.7,4360.17,4852
2025-10-21T00:00:00.000Z,4360.04,4363.73,4356.23,4359.18,5846
2025-10-21T00:15:00.000Z,4359.25,4370.2,4356.1,4368.47,5971
2025-10-21T00:30:00.000Z,4368.3,4371.02,4366.56,4369.77,4608
2025-10-21T00:45:00.000Z,4369.73,4370.71,4364.25,4368.58,5605
2025-10-21T01:00:00.000Z,4368.55,4372.06,4358.06,4358.87,9213
2025-10-21T01:15:00.000Z,4358.86,4361.02,4349.21,4350.02,8252
2025-10-21T01:30:00.000Z,4350.35,4350.37,4332.6,4346.28,9967
2025-10-21T01:45:00.000Z,4346.13,4350.96,4339.09,4350.8,8335
2025-10-21T02:00:00.000Z,4350.83,4351.01,4340.84,4345.52,8448
2025-10-21T02:15:00.000Z,4345.63,4355.22,4343.64,4350.42,5777
2025-10-21T02:30:00.000Z,4349.8,4351.05,4335.8,4339.7,7623
2025-10-21T02:45:00.000Z,4339.67,4344.6,4335.04,4338.78,6753
2025-10-21T03:00:00.000Z,4338.58,4346.7,4337.74,4341.93,5142
2025-10-21T03:15:00.000Z,4342.03,4349.71,4339.52,4348.87,5039
2025-10-21T03:30:00.000Z,4349.04,4350.76,4346.43,4347.44,3669
2025-10-21T03:45:00.000Z,4347.55,4348.35,4343.01,4346.43,3261
2025-10-21T04:00:00.000Z,4346.42,4346.92,4342.88,4343.72,3347
2025-10-21T04:15:00.000Z,4343.71,4345.31,4341.94,4342.79,3064
2025-10-21T04:30:00.000Z,4342.61,4343.46,4338.99,4339.44,3324
2025-10-21T04:45:00.000Z,4339.45,4343.86,4336.72,4341.76,4127
2025-10-21T05:00:00.000Z,4341.61,4344.04,4331.39,4334.57,6003
2025-10-21T05:15:00.000Z,4334.59,4335.51,4329.35,4333,5253
2025-10-21T05:30:00.000Z,4332.78,4333.03,4317.23,4322.65,8622
2025-10-21T05:45:00.000Z,4322.92,4329.18,4322.01,4323.11,6778
2025-10-21T06:00:00.000Z,4322.93,4330.57,4317.11,4329.28,7752
2025-10-21T06:15:00.000Z,4329.37,4330.3,4322.95,4324.04,6250
2025-10-21T06:30:00.000Z,4323.81,4337.72,4322.16,4337.44,6051
2025-10-21T06:45:00.000Z,4337.46,4344.08,4334.86,4343.05,6683
2025-10-21T07:00:00.000Z,4343.04,4343.04,4330.32,4331.24,7706
2025-10-21T07:15:00.000Z,4331.23,4334.45,4322.51,4324.72,6288
2025-10-21T07:30:00.000Z,4324.78,4324.83,4293.25,4300.75,10195
2025-10-21T07:45:00.000Z,4300.59,4307.19,4297.24,4298.17,9647
2025-10-21T08:00:00.000Z,4298.14,4301.65,4243.76,4243.76,12907
2025-10-21T08:15:00.000Z,4243.84,4270.76,4243.84,4267.2,12211
2025-10-21T08:30:00.000Z,4267.08,4272.67,4263.31,4271.94,9787
2025-10-21T08:45:00.000Z,4271.95,4273.98,4267.6,4273.83,7450
2025-10-21T09:00:00.000Z,4273.87,4277.86,4254.48,4258.46,9043
2025-10-21T09:15:00.000Z,4258.33,4272.24,4257.51,4270.7,7563
2025-10-21T09:30:00.000Z,4270.86,4276.08,4265.92,4269.7,6676
2025-10-21T09:45:00.000Z,4269.66,4272.09,4262.72,4264.96,6902
2025-10-21T10:00:00.000Z,4265.19,4266.43,4255.46,4259.91,7096
2025-10-21T10:15:00.000Z,4259.8,4266.46,4248.41,4264.28,8398
2025-10-21T10:30:00.000Z,4264.3,4264.66,4255.73,4260.28,6204
2025-10-21T10:45:00.000Z,4260.41,4261.62,4253.45,4253.49,7273
2025-10-21T11:00:00.000Z,4253.46,4269.18,4251.99,4267.82,6319
2025-10-21T11:15:00.000Z,4267.83,4272.35,4256.95,4266.41,7093
2025-10-21T11:30:00.000Z,4266.44,4266.89,4254.71,4255.8,6443
2025-10-21T11:45:00.000Z,4255.85,4260.96,4244.73,4253.21,7540
2025-10-21T12:00:00.000Z,4253.2,4257.52,4214.59,4225.51,10193
2025-10-21T12:15:00.000Z,4225.5,4233,4219.45,4228.29,10790
2025-10-21T12:30:00.000Z,4227.01,4229.78,4216.01,4218.17,10562
2025-10-21T12:45:00.000Z,4218.18,4222.2,4205.78,4211.02,10889
2025-10-21T13:00:00.000Z,4210.73,4211.01,4189.57,4197.21,12748
2025-10-21T13:15:00.000Z,4197.26,4209.61,4195.42,4200.85,10393
2025-10-21T13:30:00.000Z,4200.83,4225.36,4191.43,4205.46,12944
2025-10-21T13:45:00.000Z,4205.36,4209.12,4167.34,4174.25,13006
2025-10-21T14:00:00.000Z,4173.8,4188.19,4165.38,4181.85,12957
2025-10-21T14:15:00.000Z,4181.79,4181.92,4130.06,4136.68,13012
2025-10-21T14:30:00.000Z,4137.14,4137.21,4097.4,4101.72,14326
2025-10-21T14:45:00.000Z,4101.42,4141.16,4081.5,4138.68,14479
2025-10-21T15:00:00.000Z,4138.57,4150.4,4123.09,4140.95,12900
2025-10-21T15:15:00.000Z,4141.15,4143.07,4119.98,4124.65,11510
2025-10-21T15:30:00.000Z,4124.67,4143.13,4123.16,4142.54,10687
2025-10-21T15:45:00.000Z,4142.49,4147.39,4134.42,4138.69,10320
2025-10-21T16:00:00.000Z,4138.75,4143.56,4125.29,4134.22,10475
2025-10-21T16:15:00.000Z,4133.94,4134.43,4114.95,4117.41,10371
2025-10-21T16:30:00.000Z,4117.37,4120.74,4102.37,4113.74,10567
2025-10-21T16:45:00.000Z,4113.71,4126.35,4108.71,4113.42,10708
2025-10-21T17:00:00.000Z,4113.49,4119.39,4100.95,4113.94,11367
2025-10-21T17:15:00.000Z,4113.92,4119.09,4094.1,4097.69,11389
2025-10-21T17:30:00.000Z,4097.56,4117.56,4095.91,4116.14,10171
2025-10-21T17:45:00.000Z,4116.17,4120.19,4108.5,4111.15,9273
2025-10-21T18:00:00.000Z,4111.12,4124.27,4110.58,4118.47,8683
2025-10-21T18:15:00.000Z,4118.45,4119.26,4111.64,4116.21,7911
2025-10-21T18:30:00.000Z,4116.28,4125.68,4113.35,4113.71,7648
2025-10-21T18:45:00.000Z,4113.72,4115.23,4106.29,4114.75,7985
2025-10-21T19:00:00.000Z,4114.88,4122,4106.17,4110.23,7549
2025-10-21T19:15:00.000Z,4110.25,4110.59,4100.57,4104.27,8868
2025-10-21T19:30:00.000Z,4104.22,4112.26,4101.29,4110.23,7554
2025-10-21T19:45:00.000Z,4110.44,4111.48,4101.28,4108.81,8670
2025-10-21T20:00:00.000Z,4109.02,4121.89,4106.01,4120.8,6745
2025-10-21T20:15:00.000Z,4120.85,4124.87,4118.6,4122.67,4676
2025-10-21T20:30:00.000Z,4122.66,4130.93,4120.65,4128.52,4078
2025-10-21T20:45:00.000Z,4128.7,4130.62,4124.47,4124.75,3053
2025-10-21T22:00:00.000Z,4124.93,4132.12,4112.38,4118.34,4306
2025-10-21T22:15:00.000Z,4119.14,4126.53,4117.11,4124.43,3034
2025-10-21T22:30:00.000Z,4124.36,4128.85,4120.4,4124.85,3193
2025-10-21T22:45:00.000Z,4124.86,4128.03,4120.56,4123.08,2812
2025-10-21T23:00:00.000Z,4123.09,4125.63,4115.87,4116.58,3826
2025-10-21T23:15:00.000Z,4116.56,4127.06,4114.28,4123.89,4223
2025-10-21T23:30:00.000Z,4123.96,4127.89,4123.36,4124.39,2880
2025-10-21T23:45:00.000Z,4124.4,4124.4,4090.13,4093.19,7145
2025-10-22T00:00:00.000Z,4093.42,4093.88,4004.33,4033.38,11247
2025-10-22T00:15:00.000Z,4039.78,4058.17,4029.73,4048.87,11193
2025-10-22T00:30:00.000Z,4048.84,4082.75,4041.17,4075.34,10465
2025-10-22T00:45:00.000Z,4075.83,4090.63,4063.39,4074.8,9076
2025-10-22T01:00:00.000Z,4074.81,4119.11,4064.24,4116.69,11304
2025-10-22T01:15:00.000Z,4116.64,4120.44,4097.83,4104.38,8788
2025-10-22T01:30:00.000Z,4104.39,4110.13,4083.21,4098.27,8506
2025-10-22T01:45:00.000Z,4098.26,4106.21,4083.28,4087.02,7893
2025-10-22T02:00:00.000Z,4087.11,4117.67,4087.11,4115.13,6872
2025-10-22T02:15:00.000Z,4115.1,4115.4,4107.99,4110.19,5340
2025-10-22T02:30:00.000Z,4110.19,4114.58,4103.36,4112.29,6491
2025-10-22T02:45:00.000Z,4112.25,4116.34,4111.53,4114.95,4434
2025-10-22T03:00:00.000Z,4114.8,4115.22,4107.16,4112.16,4217
2025-10-22T03:15:00.000Z,4112.04,4121.22,4109.89,4116.75,4563
2025-10-22T03:30:00.000Z,4117.05,4140.87,4116.24,4138.93,6450
2025-10-22T03:45:00.000Z,4139.03,4143.06,4128.22,4128.7,5329
2025-10-22T04:00:00.000Z,4128.65,4133.3,4107.23,4123.36,7002
2025-10-22T04:15:00.000Z,4123.3,4130.56,4122.19,4128.94,5422
2025-10-22T04:30:00.000Z,4128.89,4133.06,4126.64,4128.04,4204
2025-10-22T04:45:00.000Z,4128.43,4131.96,4118.35,4128.22,4165
2025-10-22T05:00:00.000Z,4128.28,4141.51,4126.37,4141.18,5119
2025-10-22T05:15:00.000Z,4141.46,4146.79,4138.48,4140.54,5621
2025-10-22T05:30:00.000Z,4140.57,4141.22,4132.16,4138.12,6220
2025-10-22T05:45:00.000Z,4138.13,4145.23,4131.64,4134.86,6224
2025-10-22T06:00:00.000Z,4134.83,4138.86,4127.65,4137.54,7095
2025-10-22T06:15:00.000Z,4137.53,4143.56,4135.79,4141.73,6240
2025-10-22T06:30:00.000Z,4141.78,4159.42,4141.71,4159.27,7059
2025-10-22T06:45:00.000Z,4159.24,4161.21,4152.24,4155.71,7475
2025-10-22T07:00:00.000Z,4155.64,4156.3,4129.47,4137.49,10412
2025-10-22T07:15:00.000Z,4137.58,4144.73,4136.62,4141.8,8421
2025-10-22T07:30:00.000Z,4141.85,4143.85,4135.5,4137.29,6753
2025-10-22T07:45:00.000Z,4137.22,4147.8,4130.78,4132.93,7646
2025-10-22T08:00:00.000Z,4132.48,4135.66,4086.02,4087.83,10732
2025-10-22T08:15:00.000Z,4087.88,4114.14,4062.18,4102.64,12038
2025-10-22T08:30:00.000Z,4102.51,4109.91,4084.51,4087.55,10535
2025-10-22T08:45:00.000Z,4087.58,4094.3,4069.39,4070.16,10850
2025-10-22T09:00:00.000Z,4070.27,4101.49,4070.22,4075.48,10584
2025-10-22T09:15:00.000Z,4075.56,4080.52,4064.3,4075.7,10098
2025-10-22T09:30:00.000Z,4075.39,4082.26,4062.45,4062.93,8933
2025-10-22T09:45:00.000Z,4062.94,4072.42,4061.25,4069.36,7049
2025-10-22T10:00:00.000Z,4069.24,4077.8,4062.81,4075.66,7669
2025-10-22T10:15:00.000Z,4075.68,4085.05,4070.52,4084.71,7472
2025-10-22T10:30:00.000Z,4084.66,4090.51,4044.77,4053.52,9976
2025-10-22T10:45:00.000Z,4053.47,4060.48,4023.87,4034.86,10379
2025-10-22T11:00:00.000Z,4034.81,4040.46,4014.77,4031.68,11330
2025-10-22T11:15:00.000Z,4031.89,4044.86,4018.65,4020.46,9261
2025-10-22T11:30:00.000Z,4020.45,4030.62,4014.89,4022.54,9718
2025-10-22T11:45:00.000Z,4022.25,4033.29,4015.42,4027.59,9925
2025-10-22T12:00:00.000Z,4027.76,4044.96,4025.95,4035.95,10736
2025-10-22T12:15:00.000Z,4035.96,4045.02,4027.75,4045.02,10054
2025-10-22T12:30:00.000Z,4045.01,4050.5,4041.44,4044.93,8691
2025-10-22T12:45:00.000Z,4045.24,4053.13,4022.95,4033.62,9674
2025-10-22T13:00:00.000Z,4033.71,4068.26,4033.71,4064.2,11990
2025-10-22T13:15:00.000Z,4064.22,4067.87,4050.56,4052.32,10062
2025-10-22T13:30:00.000Z,4051.42,4084.69,4046.96,4071.21,12033
2025-10-22T13:45:00.000Z,4071.23,4079.85,4063.46,4075.45,11645
2025-10-22T14:00:00.000Z,4075.37,4077.89,4055.86,4064.34,11715
2025-10-22T14:15:00.000Z,4064.23,4072.47,4047.41,4055.68,10870
2025-10-22T14:30:00.000Z,4055.78,4058.31,4023.98,4029.89,12315
2025-10-22T14:45:00.000Z,4029.99,4030.49,4011.15,4014.72,12798
2025-10-22T15:00:00.000Z,4014.73,4044.83,4014.61,4038.8,11864
2025-10-22T15:15:00.000Z,4038.9,4046.93,4028.18,4029.26,10176
2025-10-22T15:30:00.000Z,4029.32,4040.91,4023.15,4034.69,10218
2025-10-22T15:45:00.000Z,4034.6,4046.38,4034.1,4036.99,9435
2025-10-22T16:00:00.000Z,4036.95,4037.28,4023.1,4030.25,9617
2025-10-22T16:15:00.000Z,4030.13,4045.59,4029.07,4043.58,8792
2025-10-22T16:30:00.000Z,4044.04,4063.56,4037.51,4050.67,11004
2025-10-22T16:45:00.000Z,4050.64,4064.05,4044.91,4059.06,9449
2025-10-22T17:00:00.000Z,4058.87,4059.05,4043.91,4055.52,9203
2025-10-22T17:15:00.000Z,4055.67,4058.83,4046.91,4049.55,9308
2025-10-22T17:30:00.000Z,4051.32,4060.57,4044.87,4054.93,8021
2025-10-22T17:45:00.000Z,4054.9,4071.19,4054.64,4070.06,8208
2025-10-22T18:00:00.000Z,4070.21,4075.74,4066.69,4075.74,7530
2025-10-22T18:15:00.000Z,4075.79,4078.73,4069.14,4073.69,7162
2025-10-22T18:30:00.000Z,4073.79,4081.31,4073.77,4076.17,6273
2025-10-22T18:45:00.000Z,4076.22,4078.89,4074.35,4076.6,4617
2025-10-22T19:00:00.000Z,4076.72,4093.51,4076.51,4092.82,7193
2025-10-22T19:15:00.000Z,4092.8,4105.41,4088.76,4105.21,7669
2025-10-22T19:30:00.000Z,4105.18,4113.27,4102.05,4103.44,9359
2025-10-22T19:45:00.000Z,4103.18,4108.45,4099.69,4102.22,8356
2025-10-22T20:00:00.000Z,4101.91,4105.06,4098.45,4104.65,4301
2025-10-22T20:15:00.000Z,4104.75,4107.11,4088.45,4091.87,5849
2025-10-22T20:30:00.000Z,4091.98,4103.71,4091.86,4102.06,4343
2025-10-22T20:45:00.000Z,4102.28,4103.63,4097.56,4097.9,2781
2025-10-22T22:00:00.000Z,4095.43,4116.19,4093.06,4098.71,4709
2025-10-22T22:15:00.000Z,4098.74,4110.3,4098.74,4102.95,4086
2025-10-22T22:30:00.000Z,4102.92,4102.97,4092.29,4098.49,4490
2025-10-22T22:45:00.000Z,4098.19,4103.71,4094.69,4101.96,3572
2025-10-22T23:00:00.000Z,4102.01,4104.9,4084.79,4090.65,5047
2025-10-22T23:15:00.000Z,4090.54,4091.69,4080.23,4086.04,4192
2025-10-22T23:30:00.000Z,4086.02,4094.68,4083.64,4088.88,4435
2025-10-22T23:45:00.000Z,4088.96,4092.92,4084.96,4087.57,6533
2025-10-23T00:00:00.000Z,4087.49,4096.67,4083.14,4085.76,8125
2025-10-23T00:15:00.000Z,4085.78,4087.41,4065.85,4076.11,9010
2025-10-23T00:30:00.000Z,4076.25,4084.26,4071.69,4081.35,6306
2025-10-23T00:45:00.000Z,4081.31,4085.65,4079.2,4081.63,6725
2025-10-23T01:00:00.000Z,4081.79,4081.91,4071.71,4077.52,9444
2025-10-23T01:15:00.000Z,4077.56,4092.59,4073.47,4087.04,7819
2025-10-23T01:30:00.000Z,4087.05,4091.42,4081.25,4081.88,7469
2025-10-23T01:45:00.000Z,4081.86,4087.02,4072.85,4073.05,7152
2025-10-23T02:00:00.000Z,4073.04,4078.84,4071.88,4075.31,5660
2025-10-23T02:15:00.000Z,4075.53,4084.73,4071.97,4080.89,5412
2025-10-23T02:30:00.000Z,4081.65,4084.62,4076.33,4079.63,6952
2025-10-23T02:45:00.000Z,4079.47,4085.24,4078.65,4082.41,4935
2025-10-23T03:00:00.000Z,4082.3,4088.47,4077.69,4088.44,5392
2025-10-23T03:15:00.000Z,4088.58,4100.53,4088.58,4095.25,7016
2025-10-23T03:30:00.000Z,4095.35,4096.02,4089.68,4093.25,4438
2025-10-23T03:45:00.000Z,4093.18,4094.04,4089.7,4090.97,3040
2025-10-23T04:00:00.000Z,4090.99,4091.59,4087.31,4091.17,3540
2025-10-23T04:15:00.000Z,4091.07,4092.57,4079.55,4084.33,4416
2025-10-23T04:30:00.000Z,4084.36,4090,4082.3,4087.38,3831
2025-10-23T04:45:00.000Z,4087.39,4091.25,4086.34,4089.3,4274
2025-10-23T05:00:00.000Z,4089.36,4093.91,4088.31,4091.01,4503
2025-10-23T05:15:00.000Z,4091,4091.81,4083.69,4089.34,3886
2025-10-23T05:30:00.000Z,4089.57,4098.16,4088.28,4096.56,6327
2025-10-23T05:45:00.000Z,4096.55,4110.09,4096.51,4110.04,5521
2025-10-23T06:00:00.000Z,4110.21,4137.88,4110.21,4130.16,10446
2025-10-23T06:15:00.000Z,4129.56,4132.56,4120.6,4125.11,9350
2025-10-23T06:30:00.000Z,4125.06,4127.41,4113.2,4122.21,8811
2025-10-23T06:45:00.000Z,4121.94,4123.69,4110.54,4113.45,8017
2025-10-23T07:00:00.000Z,4113.28,4120.99,4111.98,4114.37,6432
2025-10-23T07:15:00.000Z,4114.37,4120.06,4113.42,4115.49,6708
2025-10-23T07:30:00.000Z,4115.51,4115.62,4091.98,4102.89,8121
2025-10-23T07:45:00.000Z,4102.66,4104.77,4093.69,4094.17,7095
2025-10-23T08:00:00.000Z,4094.72,4114.99,4094.65,4111.21,8417
2025-10-23T08:15:00.000Z,4111.22,4118.79,4110.54,4113.81,6565
2025-10-23T08:30:00.000Z,4113.82,4115.58,4108.25,4111.16,4584
2025-10-23T08:45:00.000Z,4111.22,4118.39,4109.01,4116.2,5203
2025-10-23T09:00:00.000Z,4116.26,4120.8,4111.06,4118.42,5130
2025-10-23T09:15:00.000Z,4118.54,4123.64,4117.44,4122.07,5500
2025-10-23T09:30:00.000Z,4121.57,4125.35,4111.55,4114.27,6316
2025-10-23T09:45:00.000Z,4114.28,4124.79,4111.35,4124.32,5055
2025-10-23T10:00:00.000Z,4124.41,4125.15,4117.32,4121.46,4610
2025-10-23T10:15:00.000Z,4121.32,4121.95,4108.71,4110.03,5249
2025-10-23T10:30:00.000Z,4110.05,4119.16,4106.9,4110.45,6848
2025-10-23T10:45:00.000Z,4109.92,4112.92,4101.61,4109.03,7567
2025-10-23T11:00:00.000Z,4109.05,4120.93,4107.76,4116.49,7209
2025-10-23T11:15:00.000Z,4116.56,4117.9,4111.81,4113.32,5802
2025-10-23T11:30:00.000Z,4113.27,4116.59,4109.27,4114.04,7158
2025-10-23T11:45:00.000Z,4113.91,4117.61,4107.76,4109.49,5743
2025-10-23T12:00:00.000Z,4109.44,4115.92,4103.72,4104.8,5992
2025-10-23T12:15:00.000Z,4104.79,4109.79,4100.02,4109.18,7957
2025-10-23T12:30:00.000Z,4109.44,4127.74,4108.9,4118.95,8632
2025-10-23T12:45:00.000Z,4118.96,4129.18,4118.96,4127.23,7347
2025-10-23T13:00:00.000Z,4127.01,4136.47,4125.79,4135.02,10199
2025-10-23T13:15:00.000Z,4135.03,4149.74,4131.03,4146.97,9721
2025-10-23T13:30:00.000Z,4147.17,4149.8,4132.23,4149.8,11196
2025-10-23T13:45:00.000Z,4149.74,4150.95,4137.68,4144.86,10781
2025-10-23T14:00:00.000Z,4144.49,4154.66,4140.31,4142.17,10485
2025-10-23T14:15:00.000Z,4142.22,4147.57,4135.87,4147.26,9933
2025-10-23T14:30:00.000Z,4147.33,4147.62,4140.4,4144.25,8481
2025-10-23T14:45:00.000Z,4144.24,4151.67,4139.91,4148.22,8321
2025-10-23T15:00:00.000Z,4148.37,4151.57,4142.29,4144.36,7567
2025-10-23T15:15:00.000Z,4144.35,4147.79,4137.32,4144.85,7950
2025-10-23T15:30:00.000Z,4144.95,4146.82,4138.92,4142.82,5982
2025-10-23T15:45:00.000Z,4142.78,4145.08,4137.07,4141.76,6665
2025-10-23T16:00:00.000Z,4141.57,4148.42,4141.43,4143.57,5897
2025-10-23T16:15:00.000Z,4143.66,4143.83,4132.54,4140.44,6869
2025-10-23T16:30:00.000Z,4140.42,4143.58,4127.51,4128.45,6157
2025-10-23T16:45:00.000Z,4128.35,4134.57,4125.52,4132.91,6338
2025-10-23T17:00:00.000Z,4132.74,4139.22,4128.39,4138.13,6189
2025-10-23T17:15:00.000Z,4138.07,4138.13,4125.08,4129.54,6814
2025-10-23T17:30:00.000Z,4129.38,4136.78,4126.62,4134.3,5744
2025-10-23T17:45:00.000Z,4134.4,4138.21,4132.16,4137.61,3915
2025-10-23T18:00:00.000Z,4137.57,4141.1,4133.02,4140.66,4613
2025-10-23T18:15:00.000Z,4140.67,4143.38,4137.07,4142.68,4180
2025-10-23T18:30:00.000Z,4142.67,4142.71,4136.19,4139.76,4088
2025-10-23T18:45:00.000Z,4139.8,4140.14,4133.53,4135.82,4677
2025-10-23T19:00:00.000Z,4136.06,4138.01,4133.57,4134.99,4591
2025-10-23T19:15:00.000Z,4134.98,4135.32,4125.71,4128.51,4882
2025-10-23T19:30:00.000Z,4128.48,4128.65,4117.34,4119.6,6402
2025-10-23T19:45:00.000Z,4119.64,4121.66,4116.36,4118.14,5743
2025-10-23T20:00:00.000Z,4118.25,4119.17,4110.92,4113.24,5239
2025-10-23T20:15:00.000Z,4113.27,4115.95,4107.58,4108.29,4163
2025-10-23T20:30:00.000Z,4108.3,4117.27,4107.15,4115.01,3258
2025-10-23T20:45:00.000Z,4114.98,4126.82,4114.55,4126.33,2647
2025-10-23T22:00:00.000Z,4127.09,4132.76,4120.46,4126.63,2965
2025-10-23T22:15:00.000Z,4126.54,4126.54,4117.27,4121.98,2230
2025-10-23T22:30:00.000Z,4121.99,4122.45,4111.56,4111.56,1648
2025-10-23T22:45:00.000Z,4111.49,4118.15,4111.26,4115.84,2138
2025-10-23T23:00:00.000Z,4115.99,4119.63,4113.64,4115.83,1977
2025-10-23T23:15:00.000Z,4115.76,4115.82,4110.84,4112.08,1928
2025-10-23T23:30:00.000Z,4112.11,4117.1,4105.75,4117.1,3259
2025-10-23T23:45:00.000Z,4117.24,4122.74,4114.85,4121.58,3509
2025-10-24T00:00:00.000Z,4121.59,4132.01,4117.76,4128.33,5247
2025-10-24T00:15:00.000Z,4128,4132.83,4125.29,4132.62,4045
2025-10-24T00:30:00.000Z,4132.61,4133.53,4126.08,4127.59,3486
2025-10-24T00:45:00.000Z,4127.6,4132.75,4127.05,4132.5,2991
2025-10-24T01:00:00.000Z,4132.48,4143.1,4127.74,4142.99,7373
2025-10-24T01:15:00.000Z,4143.01,4144.32,4131.09,4136.72,6163
2025-10-24T01:30:00.000Z,4136.73,4137.21,4121.84,4125.55,6476
2025-10-24T01:45:00.000Z,4125.5,4126.38,4112,4118.66,6638
2025-10-24T02:00:00.000Z,4118.63,4118.89,4111.68,4114.28,5630
2025-10-24T02:15:00.000Z,4114.27,4117.11,4109.44,4111.8,5400
2025-10-24T02:30:00.000Z,4111.79,4117.23,4110.98,4114.36,5218
2025-10-24T02:45:00.000Z,4114.16,4116.55,4109.27,4109.47,4517
2025-10-24T03:00:00.000Z,4109.45,4117.84,4107.35,4117.81,5042
2025-10-24T03:15:00.000Z,4117.84,4119.63,4111.54,4117.09,4604
2025-10-24T03:30:00.000Z,4117.07,4117.83,4113.78,4117,2678
2025-10-24T03:45:00.000Z,4116.93,4123.23,4116.21,4122.14,3362
2025-10-24T04:00:00.000Z,4122.11,4123.17,4115.39,4116.2,3404
2025-10-24T04:15:00.000Z,4116.32,4116.39,4104.94,4106.78,4614
2025-10-24T04:30:00.000Z,4107,4107.55,4102.76,4106.47,4572
2025-10-24T04:45:00.000Z,4106.54,4113.53,4106.33,4111.49,3691
2025-10-24T05:00:00.000Z,4111.74,4117.76,4111.25,4114.93,2680
2025-10-24T05:15:00.000Z,4114.88,4117.76,4110.54,4112.55,2535
2025-10-24T05:30:00.000Z,4112.71,4113.31,4104.74,4108.27,4253
2025-10-24T05:45:00.000Z,4108.26,4113.36,4102.9,4104.46,3909
2025-10-24T06:00:00.000Z,4104.44,4104.84,4081.92,4083.48,7606
2025-10-24T06:15:00.000Z,4083.57,4091.08,4081.46,4089.6,7794
2025-10-24T06:30:00.000Z,4089.76,4096.29,4083.5,4093.28,6360
2025-10-24T06:45:00.000Z,4093.26,4097.27,4090.51,4092.12,4308
2025-10-24T07:00:00.000Z,4092.35,4095.69,4090.31,4094.84,5844
2025-10-24T07:15:00.000Z,4094.6,4095.3,4086.7,4088.62,4904
2025-10-24T07:30:00.000Z,4088.78,4091.25,4082.22,4087.04,5561
2025-10-24T07:45:00.000Z,4087,4088.18,4069.63,4074.27,7203
2025-10-24T08:00:00.000Z,4074.49,4077.74,4051.87,4054.27,9199
2025-10-24T08:15:00.000Z,4054.28,4057.83,4047.34,4053.49,8134
2025-10-24T08:30:00.000Z,4053.34,4063.92,4049.89,4056.41,7108
2025-10-24T08:45:00.000Z,4056.6,4069.24,4055.8,4065.11,6157
2025-10-24T09:00:00.000Z,4064.94,4072.47,4062.19,4071.44,5619
2025-10-24T09:15:00.000Z,4071.44,4073.23,4068.82,4069.83,5110
2025-10-24T09:30:00.000Z,4069.84,4073.32,4065.3,4069.46,6014
2025-10-24T09:45:00.000Z,4069.58,4071.99,4054.46,4060.74,5822
2025-10-24T10:00:00.000Z,4060.91,4070.81,4059.45,4066.75,5861
2025-10-24T10:15:00.000Z,4066.76,4067.38,4058.38,4059.04,3505
2025-10-24T10:30:00.000Z,4059.05,4062.77,4054.65,4058.29,5069
2025-10-24T10:45:00.000Z,4058.26,4060.28,4053.43,4054.61,4603
2025-10-24T11:00:00.000Z,4054.5,4061.71,4044.08,4058.91,8818
2025-10-24T11:15:00.000Z,4058.9,4061.15,4054.72,4056.52,5989
2025-10-24T11:30:00.000Z,4056.54,4060.25,4054.66,4058.46,4395
2025-10-24T11:45:00.000Z,4058.42,4065.39,4057.81,4061.34,6333
2025-10-24T12:00:00.000Z,4061.35,4065.12,4059.9,4062.11,6988
2025-10-24T12:15:00.000Z,4062.21,4064.42,4059.82,4061.54,6225
2025-10-24T12:30:00.000Z,4061.5,4093.06,4061.07,4083.35,11434
2025-10-24T12:45:00.000Z,4083.16,4084.49,4074.37,4081.98,9507
2025-10-24T13:00:00.000Z,4082.03,4115.42,4079.02,4112.05,11685
2025-10-24T13:15:00.000Z,4112.03,4121.78,4109.67,4114.01,9645
2025-10-24T13:30:00.000Z,4113.91,4120.08,4098.79,4105.64,11149
2025-10-24T13:45:00.000Z,4102.79,4109.76,4097.58,4105.54,10974
2025-10-24T14:00:00.000Z,4105.88,4134.85,4102.01,4132.2,11758
2025-10-24T14:15:00.000Z,4131.29,4134.75,4119.79,4123.48,11002
2025-10-24T14:30:00.000Z,4123.79,4131.44,4121.23,4129.41,9069
2025-10-24T14:45:00.000Z,4129.44,4131.05,4112.19,4117.43,9037
2025-10-24T15:00:00.000Z,4117.36,4123.32,4115.04,4118.8,7647
2025-10-24T15:15:00.000Z,4118.83,4128.59,4113.21,4125.58,7789
2025-10-24T15:30:00.000Z,4125.8,4130.16,4123.33,4126.83,6742
2025-10-24T15:45:00.000Z,4126.88,4131.75,4120.63,4130.39,8415
2025-10-24T16:00:00.000Z,4130.41,4136.38,4127.04,4132.96,7672
2025-10-24T16:15:00.000Z,4132.82,4138.5,4130.12,4136.3,6464
2025-10-24T16:30:00.000Z,4136.32,4136.91,4121.59,4130.65,6644
2025-10-24T16:45:00.000Z,4130.41,4133.04,4126.02,4129.2,5264
2025-10-24T17:00:00.000Z,4129.34,4134.26,4125.95,4126.18,5019
2025-10-24T17:15:00.000Z,4126.2,4127.16,4120.11,4120.8,7286
2025-10-24T17:30:00.000Z,4121.1,4123.9,4111.3,4111.92,6908
2025-10-24T17:45:00.000Z,4111.96,4116.6,4105.61,4107.42,6508
2025-10-24T18:00:00.000Z,4107.62,4109.36,4101.71,4104.37,6435
2025-10-24T18:15:00.000Z,4104.63,4110.66,4101.75,4105.78,6473
2025-10-24T18:30:00.000Z,4105.77,4113.62,4103.95,4107.09,6329
2025-10-24T18:45:00.000Z,4107.12,4111.34,4105.37,4110.11,6111
2025-10-24T19:00:00.000Z,4110.41,4117.47,4109.7,4114.49,5892
2025-10-24T19:15:00.000Z,4114.69,4116.66,4110.66,4112.96,4173
2025-10-24T19:30:00.000Z,4112.93,4113.51,4108.67,4109.27,4374
2025-10-24T19:45:00.000Z,4109.31,4109.57,4102.01,4104,7382
2025-10-24T20:00:00.000Z,4104.02,4104.2,4096.34,4100.31,3475
2025-10-24T20:15:00.000Z,4100.29,4102.12,4097.82,4099.82,2247
2025-10-24T20:30:00.000Z,4099.9,4109.54,4099.53,4108.22,2808
2025-10-24T20:45:00.000Z,4108.19,4114.21,4106.11,4111.28,975
2025-10-26T22:00:00.000Z,4081.24,4107.5,4063.08,4104.86,7596
2025-10-26T22:15:00.000Z,4104.73,4109.04,4091.32,4091.63,4619
2025-10-26T22:30:00.000Z,4091.69,4100.48,4080.11,4080.48,5292
2025-10-26T22:45:00.000Z,4080.47,4084.83,4071.68,4081.76,5806
2025-10-26T23:00:00.000Z,4081.77,4088.38,4078.65,4082.59,4738
2025-10-26T23:15:00.000Z,4082.6,4086.3,4073.27,4074.62,3558
2025-10-26T23:30:00.000Z,4074.64,4080.33,4064.16,4067.33,5738
2025-10-26T23:45:00.000Z,4067.34,4071.01,4061.61,4064.35,6161
2025-10-27T00:00:00.000Z,4064.93,4072.4,4058.1,4069.25,6413
2025-10-27T00:15:00.000Z,4069.42,4071.56,4062.12,4067.8,5474
2025-10-27T00:30:00.000Z,4067.44,4076.73,4067.42,4075,5325
2025-10-27T00:45:00.000Z,4074.93,4083.92,4074.39,4081.29,5253
2025-10-27T01:00:00.000Z,4081.3,4095.92,4075.2,4090,10218
2025-10-27T01:15:00.000Z,4089.78,4097.45,4088.88,4093.25,6641
2025-10-27T01:30:00.000Z,4093.24,4093.64,4081.29,4087.62,8462
2025-10-27T01:45:00.000Z,4088.01,4090.57,4081.25,4081.75,6656
2025-10-27T02:00:00.000Z,4081.67,4081.84,4071.32,4078.41,6779
2025-10-27T02:15:00.000Z,4078.34,4081.28,4071.05,4072.98,5292
2025-10-27T02:30:00.000Z,4073.07,4079.34,4071.63,4078.04,5409
2025-10-27T02:45:00.000Z,4078.06,4078.06,4070.22,4071.52,5141
2025-10-27T03:00:00.000Z,4071.66,4076.5,4065.33,4075.36,5786
2025-10-27T03:15:00.000Z,4075.35,4079.24,4070.18,4077.2,5184
2025-10-27T03:30:00.000Z,4077.25,4081.69,4075.13,4080.27,3876
2025-10-27T03:45:00.000Z,4080.22,4080.38,4068.76,4069.32,4195
2025-10-27T04:00:00.000Z,4069.35,4069.39,4053.69,4057.57,6964
2025-10-27T04:15:00.000Z,4057.67,4065.01,4054.21,4062.4,5839
2025-10-27T04:30:00.000Z,4062.8,4064.82,4057.85,4060.4,5494
2025-10-27T04:45:00.000Z,4060.45,4071.35,4059.98,4068.67,5495
2025-10-27T05:00:00.000Z,4068.7,4074.87,4068.44,4073.55,3717
2025-10-27T05:15:00.000Z,4073.4,4084.23,4073.06,4081.68,4443
2025-10-27T05:30:00.000Z,4081.63,4083.69,4077.75,4079.76,6088
2025-10-27T05:45:00.000Z,4079.78,4083.75,4076.25,4079.44,5214
2025-10-27T06:00:00.000Z,4079.44,4084.68,4077.36,4079.95,6793
2025-10-27T06:15:00.000Z,4079.96,4083.85,4078.38,4082.11,5947
2025-10-27T06:30:00.000Z,4082.12,4083.49,4078.95,4079.93,4617
2025-10-27T06:45:00.000Z,4079.89,4082.66,4073.86,4078.17,5865
2025-10-27T07:00:00.000Z,4078.12,4079.73,4069.99,4071.51,5944
2025-10-27T07:15:00.000Z,4071.46,4074.38,4065.86,4068.32,4939
2025-10-27T07:30:00.000Z,4068.37,4071.33,4066.67,4070.45,4263
2025-10-27T07:45:00.000Z,4070.25,4070.71,4063.98,4068.69,4420
2025-10-27T08:00:00.000Z,4068.49,4068.49,4063.62,4066.54,6589
2025-10-27T08:15:00.000Z,4066.52,4070.36,4056.02,4058.42,7166
2025-10-27T08:30:00.000Z,4058.44,4062.25,4058.19,4058.81,5814
2025-10-27T08:45:00.000Z,4058.74,4061.33,4024.5,4043.23,8616
2025-10-27T09:00:00.000Z,4042.89,4050.21,4029.96,4036.25,9061
2025-10-27T09:15:00.000Z,4036.29,4042.85,4033.72,4037.28,6851
2025-10-27T09:30:00.000Z,4036.93,4049.37,4036.42,4042.76,6953
2025-10-27T09:45:00.000Z,4042.73,4047.85,4038.64,4039.68,6230
2025-10-27T10:00:00.000Z,4039.69,4047.68,4037.75,4043.35,5751
2025-10-27T10:15:00.000Z,4043.27,4045.15,4034.77,4035.93,5856
2025-10-27T10:30:00.000Z,4036.09,4045.62,4028.95,4041.41,6418
2025-10-27T10:45:00.000Z,4041.63,4042.49,4035.16,4037.19,4688
2025-10-27T11:00:00.000Z,4037.21,4041.23,4021.84,4030.46,8059
2025-10-27T11:15:00.000Z,4030.37,4032.74,4027.86,4030.17,5891
2025-10-27T11:30:00.000Z,4030.23,4030.99,4015.26,4020.48,7700
2025-10-27T11:45:00.000Z,4020.43,4031.79,4019.56,4023.91,7084
2025-10-27T12:00:00.000Z,4023.96,4037.72,4022.14,4032.32,8252
2025-10-27T12:15:00.000Z,4032.3,4041.52,4032.07,4034.63,7055
2025-10-27T12:30:00.000Z,4034.62,4037.75,4030.11,4034.9,6293
2025-10-27T12:45:00.000Z,4035.12,4046.28,4034.62,4045.59,6769
2025-10-27T13:00:00.000Z,4045.77,4050.19,4038.83,4039.63,7829
2025-10-27T13:15:00.000Z,4039.61,4043.79,4031.43,4033.6,7378
2025-10-27T13:30:00.000Z,4033.64,4038.96,4018.3,4025.43,11599
2025-10-27T13:45:00.000Z,4025.35,4027.35,4013.33,4022,11248
2025-10-27T14:00:00.000Z,4022.07,4023.27,4000.05,4004.8,12610
2025-10-27T14:15:00.000Z,4004.82,4007.48,3986.11,3998.88,12927
2025-10-27T14:30:00.000Z,3999.03,4000.19,3983.02,3994.44,11307
2025-10-27T14:45:00.000Z,3994.48,3999.04,3984.02,3987.83,10338
2025-10-27T15:00:00.000Z,3987.89,3988.03,3971.49,3978.69,11919
2025-10-27T15:15:00.000Z,3978.79,3988.06,3975.61,3986.69,10367
2025-10-27T15:30:00.000Z,3986.74,3993.32,3979.31,3981.33,9737
2025-10-27T15:45:00.000Z,3981.39,3990.36,3981,3989.78,8422
2025-10-27T16:00:00.000Z,3990.01,3994.89,3986.56,3993.6,7557
2025-10-27T16:15:00.000Z,3993.65,3998.11,3987.02,3987.02,7241
2025-10-27T16:30:00.000Z,3987.17,3995.15,3983.98,3993.26,7258
2025-10-27T16:45:00.000Z,3993.22,4000.32,3991.71,3999.22,6669
2025-10-27T17:00:00.000Z,3999.47,4004.07,3997.27,3998.47,6980
2025-10-27T17:15:00.000Z,3998.51,4005.99,3990.77,4005.06,7808
2025-10-27T17:30:00.000Z,4005.05,4006.91,3998.93,4002.48,5506
2025-10-27T17:45:00.000Z,4002.43,4008.88,4002.43,4006.35,5576
2025-10-27T18:00:00.000Z,4006.39,4010.11,4002.68,4009.39,5631
2025-10-27T18:15:00.000Z,4009.25,4009.98,4005.6,4008.21,5417
2025-10-27T18:30:00.000Z,4008.26,4009.36,4000.8,4003.38,6305
2025-10-27T18:45:00.000Z,4003.43,4008.2,3997.79,3999.2,6243
2025-10-27T19:00:00.000Z,3999.66,4005.47,3995.38,4001.06,7308
2025-10-27T19:15:00.000Z,4001.04,4002.77,3988.79,3989.09,7192
2025-10-27T19:30:00.000Z,3989.3,3992.26,3986.87,3987.76,7387
2025-10-27T19:45:00.000Z,3987.8,3991.44,3985.65,3989.75,7340
2025-10-27T20:00:00.000Z,3989.74,3993.85,3987.44,3992.7,5044
2025-10-27T20:15:00.000Z,3992.66,4000.19,3992.66,3999.83,3567
2025-10-27T20:30:00.000Z,3999.87,3999.91,3987.26,3987.5,3891
2025-10-27T20:45:00.000Z,3987.5,3987.89,3978.86,3981.2,3562
2025-10-27T22:00:00.000Z,3981.1,3996.35,3979.64,3985.23,4259
2025-10-27T22:15:00.000Z,3985.24,3994.31,3984.05,3992.04,3100
2025-10-27T22:30:00.000Z,3991.41,3994.23,3988.51,3992.35,1968
2025-10-27T22:45:00.000Z,3992.3,3992.63,3988.45,3989.88,2168
2025-10-27T23:00:00.000Z,3989.79,3991.55,3982.94,3983.01,3993
2025-10-27T23:15:00.000Z,3983.03,3995.3,3982.98,3995.21,3638
2025-10-27T23:30:00.000Z,3995.22,4004.44,3994.99,4000.66,4379
2025-10-27T23:45:00.000Z,4000.49,4001.28,3994.16,3998.25,4213
2025-10-28T00:00:00.000Z,3998.26,3998.58,3985.29,3986.28,4600
2025-10-28T00:15:00.000Z,3986.23,3988.74,3973.37,3984.49,5838
2025-10-28T00:30:00.000Z,3984.45,4000.99,3983.5,3999.49,6165
2025-10-28T00:45:00.000Z,3999.47,4009.36,3996.7,4006.7,5285
2025-10-28T01:00:00.000Z,4006.78,4019.43,4004.37,4017.85,8544
2025-10-28T01:15:00.000Z,4017.87,4019.51,4009.33,4009.81,7439
2025-10-28T01:30:00.000Z,4009.79,4012.37,4004.6,4010.39,6699
2025-10-28T01:45:00.000Z,4010.41,4015.26,4009.96,4010.88,5558
2025-10-28T02:00:00.000Z,4010.87,4013.69,4004.34,4005.22,6533
2025-10-28T02:15:00.000Z,4005.17,4005.51,3997.37,4000.6,4739
2025-10-28T02:30:00.000Z,4000.57,4001.99,3986.22,3994.13,7065
2025-10-28T02:45:00.000Z,3994.06,3994.44,3980.58,3983.79,6732
2025-10-28T03:00:00.000Z,3983.52,3989.4,3983.03,3989.12,5169
2025-10-28T03:15:00.000Z,3989.07,3994.15,3986.51,3990.25,4323
2025-10-28T03:30:00.000Z,3990.2,3990.93,3985,3987.05,3206
2025-10-28T03:45:00.000Z,3987.04,3993.57,3986.93,3992.69,3200
2025-10-28T04:00:00.000Z,3993.1,3994.01,3985.22,3987.35,4127
2025-10-28T04:15:00.000Z,3987.34,3988.09,3963.84,3971.37,6481
2025-10-28T04:30:00.000Z,3971.36,3980.1,3967.09,3976.96,6150
2025-10-28T04:45:00.000Z,3976.97,3978.35,3971.02,3973.34,5212
2025-10-28T05:00:00.000Z,3974.01,3979.18,3970.7,3976.59,5495
2025-10-28T05:15:00.000Z,3976.35,3979.99,3968.67,3975.25,4632
2025-10-28T05:30:00.000Z,3975.28,3975.82,3959.02,3960.42,8179
2025-10-28T05:45:00.000Z,3960.48,3967.94,3959.9,3966.46,6036
2025-10-28T06:00:00.000Z,3966.47,3968.51,3953.27,3955.54,6756
2025-10-28T06:15:00.000Z,3955.56,3959.51,3951.5,3952.64,5501
2025-10-28T06:30:00.000Z,3952.56,3957.1,3943.54,3943.54,6925
2025-10-28T06:45:00.000Z,3943.64,3946.75,3938.52,3942.43,7506
2025-10-28T07:00:00.000Z,3942.39,3948.38,3936.32,3946.34,6544
2025-10-28T07:15:00.000Z,3946.22,3947.32,3930.6,3931.4,7441
2025-10-28T07:30:00.000Z,3931.45,3933.95,3921.91,3930.98,6417
2025-10-28T07:45:00.000Z,3930.9,3936.08,3927.9,3932.41,6521
2025-10-28T08:00:00.000Z,3932.48,3935.74,3921.75,3921.75,8631
2025-10-28T08:15:00.000Z,3921.77,3924.61,3910.92,3914.67,9286
2025-10-28T08:30:00.000Z,3914.49,3916.76,3900.82,3905.38,8369
2025-10-28T08:45:00.000Z,3905.5,3909.84,3896.41,3897.3,7870
2025-10-28T09:00:00.000Z,3897.38,3904.08,3886.5,3897.36,8911
2025-10-28T09:15:00.000Z,3897.32,3907.96,3895.39,3904.8,7761
2025-10-28T09:30:00.000Z,3904.78,3911.01,3899.18,3909.97,6247
2025-10-28T09:45:00.000Z,3909.99,3910.69,3897.62,3904.7,6583
2025-10-28T10:00:00.000Z,3904.65,3909.1,3901.16,3901.96,4875
2025-10-28T10:15:00.000Z,3902,3909,3899.95,3905.12,4917
2025-10-28T10:30:00.000Z,3905.09,3922.63,3904.47,3915.49,7583
2025-10-28T10:45:00.000Z,3915.51,3930.85,3915.02,3926.43,7250
2025-10-28T11:00:00.000Z,3925.96,3927.03,3912.21,3916.04,6582
2025-10-28T11:15:00.000Z,3916.06,3920.37,3910.79,3917.98,6441
2025-10-28T11:30:00.000Z,3917.95,3928.79,3917.67,3928.09,6441
2025-10-28T11:45:00.000Z,3927.96,3929.86,3921.7,3923.2,5635
2025-10-28T12:00:00.000Z,3923.41,3928.75,3921.67,3926.26,6085
2025-10-28T12:15:00.000Z,3926.23,3929.71,3921.77,3921.86,6773
2025-10-28T12:30:00.000Z,3921.82,3925.88,3915.54,3916.2,7546
2025-10-28T12:45:00.000Z,3916.1,3916.46,3905.57,3912.72,7490
2025-10-28T13:00:00.000Z,3912.81,3928.97,3912.31,3922.89,8874
2025-10-28T13:15:00.000Z,3922.9,3933.82,3922.64,3932.44,7953
2025-10-28T13:30:00.000Z,3932.55,3933.45,3914.86,3922.58,12155
2025-10-28T13:45:00.000Z,3922.78,3940.33,3919.67,3938.88,10199
2025-10-28T14:00:00.000Z,3939.04,3944.57,3934.8,3939.09,10692
2025-10-28T14:15:00.000Z,3939.18,3950.14,3938.25,3949.86,8352
2025-10-28T14:30:00.000Z,3949.91,3950.29,3939.59,3946,7760
2025-10-28T14:45:00.000Z,3946,3953.79,3942.45,3949.8,7429
2025-10-28T15:00:00.000Z,3949.39,3959.87,3947.28,3959.13,8344
2025-10-28T15:15:00.000Z,3959.16,3960.38,3956.53,3958.49,7584
2025-10-28T15:30:00.000Z,3958.44,3964.64,3957.52,3963.33,7223
2025-10-28T15:45:00.000Z,3963.36,3969.58,3963.24,3964.78,7186
2025-10-28T16:00:00.000Z,3964.8,3965.44,3954.73,3963.35,8447
2025-10-28T16:15:00.000Z,3963.36,3964.82,3960.88,3963.24,6504
2025-10-28T16:30:00.000Z,3963.27,3964.74,3950.98,3955.57,9317
2025-10-28T16:45:00.000Z,3955.54,3959.64,3952.8,3958.53,6448
2025-10-28T17:00:00.000Z,3958.45,3969.91,3956.65,3969.67,6834
2025-10-28T17:15:00.000Z,3969.83,3970.34,3964.2,3967.33,6364
2025-10-28T17:30:00.000Z,3967.35,3969.12,3961.6,3964.08,6736
2025-10-28T17:45:00.000Z,3964.12,3965.25,3955.18,3962.39,6964
2025-10-28T18:00:00.000Z,3962.4,3964.11,3955.17,3959.6,6078
2025-10-28T18:15:00.000Z,3959.64,3960.7,3952.88,3954.73,4413
2025-10-28T18:30:00.000Z,3954.67,3955.37,3945.23,3951.88,6654
2025-10-28T18:45:00.000Z,3951.87,3957.45,3949.47,3956.54,5700
2025-10-28T19:00:00.000Z,3956.55,3958.7,3950.97,3953.42,6371
2025-10-28T19:15:00.000Z,3953.47,3958.73,3951.75,3955.69,5480
2025-10-28T19:30:00.000Z,3955.7,3957.55,3950.8,3956.36,5482
2025-10-28T19:45:00.000Z,3956.42,3962.74,3954.97,3960.36,6328
2025-10-28T20:00:00.000Z,3960.24,3960.9,3951.78,3954.29,2831
2025-10-28T20:15:00.000Z,3954.26,3957.45,3949.44,3950.98,2300
2025-10-28T20:30:00.000Z,3951.07,3956.29,3951.07,3955.12,2385
2025-10-28T20:45:00.000Z,3955.08,3955.23,3950.07,3951.22,1994
2025-10-28T22:00:00.000Z,3949.37,3960.87,3915.2,3936.81,4082
2025-10-28T22:15:00.000Z,3936.83,3950.42,3927.62,3946.51,4518
2025-10-28T22:30:00.000Z,3946.52,3947.58,3939.54,3943.52,2994
2025-10-28T22:45:00.000Z,3943.4,3943.4,3933.89,3933.9,3851
2025-10-28T23:00:00.000Z,3934.48,3948.99,3934.13,3947.27,4654
2025-10-28T23:15:00.000Z,3947.38,3953.96,3946.97,3950.87,2399
2025-10-28T23:30:00.000Z,3950.54,3959.93,3947.13,3959.92,3020
2025-10-28T23:45:00.000Z,3959.65,3967.9,3954.83,3965.01,4638
2025-10-29T00:00:00.000Z,3964.63,3968.9,3959.22,3961.93,6275
2025-10-29T00:15:00.000Z,3962.01,3971.92,3959.62,3970.89,4551
2025-10-29T00:30:00.000Z,3970.73,3982.29,3966.94,3981.75,5828
2025-10-29T00:45:00.000Z,3981.57,3982.34,3972.39,3975.2,6423
2025-10-29T01:00:00.000Z,3975.27,3979.71,3968.64,3976.93,7979
2025-10-29T01:15:00.000Z,3976.96,3979.21,3972.43,3973.31,6112
2025-10-29T01:30:00.000Z,3973.3,3974.71,3965.95,3967.52,7719
2025-10-29T01:45:00.000Z,3967.51,3976.95,3967.09,3973.64,6694
2025-10-29T02:00:00.000Z,3973.65,3974.27,3965.56,3966.79,5607
2025-10-29T02:15:00.000Z,3966.81,3970.02,3962.14,3963.3,5255
2025-10-29T02:30:00.000Z,3963.26,3964.58,3944.18,3954.21,8267
2025-10-29T02:45:00.000Z,3954.37,3961.32,3951.5,3960.92,5877
2025-10-29T03:00:00.000Z,3961.04,3964.08,3958.66,3959.01,5909
2025-10-29T03:15:00.000Z,3958.94,3970.23,3958.41,3964.55,6754
2025-10-29T03:30:00.000Z,3964.47,3972.07,3963,3969.66,4821
2025-10-29T03:45:00.000Z,3969.68,3970.72,3962.49,3963.46,3922
2025-10-29T04:00:00.000Z,3963.52,3964.87,3955.66,3956.09,4554
2025-10-29T04:15:00.000Z,3956.12,3961.91,3951.15,3953.41,5210
2025-10-29T04:30:00.000Z,3953.38,3959.95,3952.36,3958.9,6012
2025-10-29T04:45:00.000Z,3958.89,3959.26,3951.56,3951.89,4505
2025-10-29T05:00:00.000Z,3952.19,3963.41,3950.96,3955.91,6514
2025-10-29T05:15:00.000Z,3956.01,3960.78,3953.5,3957.63,4792
2025-10-29T05:30:00.000Z,3957.64,3966.12,3953.95,3964.91,5627
2025-10-29T05:45:00.000Z,3964.94,3965.56,3957.84,3962.42,4968
2025-10-29T06:00:00.000Z,3962.41,3970.67,3959.8,3968.88,6518
2025-10-29T06:15:00.000Z,3968.83,3973.92,3966.31,3970.66,5661
2025-10-29T06:30:00.000Z,3970.68,3981.74,3970.34,3980.89,6160
2025-10-29T06:45:00.000Z,3981.14,3984.61,3974.85,3978.3,5816
2025-10-29T07:00:00.000Z,3977.2,3996.92,3975.05,3995.15,7657
2025-10-29T07:15:00.000Z,3995.18,3998.52,3993.39,3996.61,7036
2025-10-29T07:30:00.000Z,3996.65,3997.39,3989.77,3994.97,6338
2025-10-29T07:45:00.000Z,3994.93,4001.43,3991.44,4001.43,6114
2025-10-29T08:00:00.000Z,4001.5,4009.85,4000.38,4007.19,7848
2025-10-29T08:15:00.000Z,4007.05,4011.29,4003.32,4010.26,6015
2025-10-29T08:30:00.000Z,4010.32,4013.9,4007.06,4011.05,5968
2025-10-29T08:45:00.000Z,4011,4018.28,4010.06,4016.8,5408
2025-10-29T09:00:00.000Z,4016.73,4021.4,4015.12,4016.47,5980
2025-10-29T09:15:00.000Z,4016.32,4019.99,4013.38,4017.22,5321
2025-10-29T09:30:00.000Z,4017.24,4020.65,4015.61,4019.5,6366
2025-10-29T09:45:00.000Z,4019.61,4029.59,4019.42,4024.03,7216
2025-10-29T10:00:00.000Z,4024.11,4026.01,4017.2,4022.14,7169
2025-10-29T10:15:00.000Z,4022.21,4029.54,4021.35,4024.5,6406
2025-10-29T10:30:00.000Z,4024.45,4029.24,4021.11,4026.06,5975
2025-10-29T10:45:00.000Z,4026.09,4029.58,4022.7,4023.45,4470
2025-10-29T11:00:00.000Z,4023.42,4028.47,4022.09,4022.18,3773
2025-10-29T11:15:00.000Z,4022.03,4025.51,4018.19,4018.25,6906
2025-10-29T11:30:00.000Z,4018.41,4020.78,4014.56,4018.05,6014
2025-10-29T11:45:00.000Z,4017.96,4019.58,4013.5,4016.63,6424
2025-10-29T12:00:00.000Z,4016.64,4029.24,4013.73,4028.44,6677
2025-10-29T12:15:00.000Z,4028.4,4030.15,4023.15,4026.28,8362
2025-10-29T12:30:00.000Z,4026.3,4028.74,4021.95,4026.18,6977
2025-10-29T12:45:00.000Z,4026.17,4028.13,4023.24,4025.54,7985
2025-10-29T13:00:00.000Z,4025.51,4025.63,4010.23,4012.52,9256
2025-10-29T13:15:00.000Z,4012.55,4019.83,4012.55,4018.67,5929
2025-10-29T13:30:00.000Z,4018.66,4019.31,4002.36,4006.79,11153
2025-10-29T13:45:00.000Z,4006.55,4013.91,4002.69,4012.38,10380
2025-10-29T14:00:00.000Z,4012.28,4022.48,4011.75,4017.21,9628
2025-10-29T14:15:00.000Z,4017.22,4020.03,4014.48,4016.76,8294
2025-10-29T14:30:00.000Z,4016.74,4020.87,4009.28,4010.18,8006
2025-10-29T14:45:00.000Z,4010.05,4015.01,4007.58,4008.39,7965
2025-10-29T15:00:00.000Z,4008.31,4011.91,4004.72,4009.51,8434
2025-10-29T15:15:00.000Z,4009.49,4010.06,4001.79,4006.51,8687
2025-10-29T15:30:00.000Z,4006.46,4008.72,4002.9,4004.04,7983
2025-10-29T15:45:00.000Z,4004.01,4004.01,3989.57,3993,9826
2025-10-29T16:00:00.000Z,3993.03,3999.55,3991.45,3997.22,7513
2025-10-29T16:15:00.000Z,3997.19,4001.03,3995.98,3998.54,6251
2025-10-29T16:30:00.000Z,3998.48,3998.53,3993.02,3995.09,5001
2025-10-29T16:45:00.000Z,3995.01,3999.85,3992.12,3992.76,4774
2025-10-29T17:00:00.000Z,3992.48,3997.78,3989.44,3997.78,4937
2025-10-29T17:15:00.000Z,3997.65,3997.78,3985.93,3986.93,6626
2025-10-29T17:30:00.000Z,3986.94,3995.18,3986.29,3991.98,5866
2025-10-29T17:45:00.000Z,3991.99,3995.98,3991.54,3994.81,4384
2025-10-29T18:00:00.000Z,3994.83,4007.35,3978.93,3983.41,12732
2025-10-29T18:15:00.000Z,3983.44,3989.45,3977.14,3981.13,10428
2025-10-29T18:30:00.000Z,3981.11,3989.53,3943.33,3954.2,12651
2025-10-29T18:45:00.000Z,3954.25,3972.4,3947.91,3969.27,13610
2025-10-29T19:00:00.000Z,3969.17,3979.85,3953.52,3970.52,12892
2025-10-29T19:15:00.000Z,3970.63,3974.75,3951.27,3953.17,11907
2025-10-29T19:30:00.000Z,3953.36,3954.22,3928.04,3929.31,11475
2025-10-29T19:45:00.000Z,3929.67,3949.58,3929.66,3945.53,9709
2025-10-29T20:00:00.000Z,3945.5,3949.28,3932.52,3941.24,6802
2025-10-29T20:15:00.000Z,3941.23,3953.9,3937.12,3948.6,4778
2025-10-29T20:30:00.000Z,3948.64,3950.05,3935.03,3936.28,3506
2025-10-29T20:45:00.000Z,3936.08,3941.12,3927.7,3928.86,3208
2025-10-29T22:00:00.000Z,3931.08,3939.96,3915.4,3938.14,4651
2025-10-29T22:15:00.000Z,3938.04,3945.02,3925.04,3937.46,5281
2025-10-29T22:30:00.000Z,3937.59,3942.32,3931.35,3941.4,4610
2025-10-29T22:45:00.000Z,3941.41,3948.61,3940.52,3941.47,4585
2025-10-29T23:00:00.000Z,3941.48,3948.5,3939.68,3946.09,3755
2025-10-29T23:15:00.000Z,3946.09,3951.21,3943.97,3950.33,2235
2025-10-29T23:30:00.000Z,3950.35,3950.61,3944.25,3945.04,2570
2025-10-29T23:45:00.000Z,3945.04,3953.97,3941.05,3952.81,3390
2025-10-30T00:00:00.000Z,3952.69,3962.52,3951.99,3956.67,4745
2025-10-30T00:15:00.000Z,3956.62,3964.26,3955.16,3959.56,4065
2025-10-30T00:30:00.000Z,3959.73,3959.73,3941.63,3942.15,5652
2025-10-30T00:45:00.000Z,3942.16,3953.47,3937.93,3950.19,7540
2025-10-30T01:00:00.000Z,3950.36,3966.43,3945.14,3950.35,9065
2025-10-30T01:15:00.000Z,3950.37,3956.89,3944.83,3950.03,8075
2025-10-30T01:30:00.000Z,3949.84,3959.68,3947.46,3957.66,6693
2025-10-30T01:45:00.000Z,3957.67,3958.35,3945.88,3947.87,6039
2025-10-30T02:00:00.000Z,3947.74,3948.22,3926.41,3936.61,9443
2025-10-30T02:15:00.000Z,3936.63,3938.56,3932.65,3933.99,5657
2025-10-30T02:30:00.000Z,3933.96,3941.98,3931.06,3936.89,8084
2025-10-30T02:45:00.000Z,3936.9,3938.34,3922.05,3922.18,7851
2025-10-30T03:00:00.000Z,3922.32,3929.49,3915.44,3928.81,7136
2025-10-30T03:15:00.000Z,3928.91,3934.94,3925.97,3933.11,6116
2025-10-30T03:30:00.000Z,3933.14,3937.67,3931.64,3932.66,5188
2025-10-30T03:45:00.000Z,3932.7,3938.03,3929.97,3937.94,4488
2025-10-30T04:00:00.000Z,3937.93,3943.83,3934.83,3943.45,7896
2025-10-30T04:15:00.000Z,3943.43,3959.35,3941.67,3959.32,8756
2025-10-30T04:30:00.000Z,3959.33,3982.47,3958.5,3978.91,9360
2025-10-30T04:45:00.000Z,3978.88,3981.79,3971.42,3972.57,7456
2025-10-30T05:00:00.000Z,3972.6,3978.38,3961.64,3962.73,8390
2025-10-30T05:15:00.000Z,3962.63,3964.86,3948.65,3950.41,8296
2025-10-30T05:30:00.000Z,3950.42,3963.55,3947.12,3962.85,10097
2025-10-30T05:45:00.000Z,3962.79,3973.83,3960.91,3963.63,9551
2025-10-30T06:00:00.000Z,3963.64,3971.03,3956.48,3962.39,8464
2025-10-30T06:15:00.000Z,3962.27,3970.99,3958.82,3965.14,8640
2025-10-30T06:30:00.000Z,3965.1,3968.34,3956.73,3965.73,6529
2025-10-30T06:45:00.000Z,3965.74,3977.36,3961.91,3977.03,6788
2025-10-30T07:00:00.000Z,3976.62,3977.52,3969.44,3970.25,7256
2025-10-30T07:15:00.000Z,3970.21,3972.68,3960.31,3968.32,5663
2025-10-30T07:30:00.000Z,3968.33,3969.55,3958.49,3961.96,7982
2025-10-30T07:45:00.000Z,3961.86,3962.08,3955.87,3961.43,6791
2025-10-30T08:00:00.000Z,3961.4,3969.47,3960.31,3965.83,7235
2025-10-30T08:15:00.000Z,3965.78,3974.4,3964.44,3972.91,6399
2025-10-30T08:30:00.000Z,3972.84,3975.06,3968.52,3973.9,6473
2025-10-30T08:45:00.000Z,3974.28,3976.75,3971.49,3976.41,5260
2025-10-30T09:00:00.000Z,3976.42,4006.76,3976.08,4004.99,9769
2025-10-30T09:15:00.000Z,4005.02,4011.98,4000.13,4004.76,9248
2025-10-30T09:30:00.000Z,4004.72,4007.28,4000.06,4005.8,7777
2025-10-30T09:45:00.000Z,4005.81,4006.37,3992.65,3998.55,7774
2025-10-30T10:00:00.000Z,3998.47,4001.14,3996.03,3998.29,6865
2025-10-30T10:15:00.000Z,3998.45,3999.08,3982.25,3987.18,6662
2025-10-30T10:30:00.000Z,3986.97,3988.31,3973.63,3982.28,8566
2025-10-30T10:45:00.000Z,3982.27,3986.86,3979.71,3984.15,5735
2025-10-30T11:00:00.000Z,3984.16,3985.01,3976.64,3977.21,6838
2025-10-30T11:15:00.000Z,3977.1,3977.53,3964.25,3966.24,7101
2025-10-30T11:30:00.000Z,3966.03,3976.53,3965.36,3973.3,5375
2025-10-30T11:45:00.000Z,3973.14,3976.65,3971.11,3974.36,3996
2025-10-30T12:00:00.000Z,3974.47,3982.84,3973.52,3982.25,7954
2025-10-30T12:15:00.000Z,3982.23,3985.59,3970.91,3970.99,8640
2025-10-30T12:30:00.000Z,3970.99,3980.29,3966.57,3977.11,8919
2025-10-30T12:45:00.000Z,3977.13,3978.95,3961.09,3961.26,8297
2025-10-30T13:00:00.000Z,3961.09,3977.57,3960.33,3975.48,7963
2025-10-30T13:15:00.000Z,3975.98,3976.2,3969.42,3969.65,6840
2025-10-30T13:30:00.000Z,3969.66,3979.05,3963.19,3975.05,10897
2025-10-30T13:45:00.000Z,3975.03,3995.4,3974.04,3995.4,10478
2025-10-30T14:00:00.000Z,3995.33,4014.78,3992.02,4011.08,10888
2025-10-30T14:15:00.000Z,4011.13,4013.15,3995.78,3998.3,10506
2025-10-30T14:30:00.000Z,3998.34,4001.14,3986.82,3993.38,9372
2025-10-30T14:45:00.000Z,3993.34,4002.41,3989.31,3996.5,9687
2025-10-30T15:00:00.000Z,3996.43,4003.72,3988.32,4000.15,9717
2025-10-30T15:15:00.000Z,4000.15,4002.96,3994.63,3998.86,7671
2025-10-30T15:30:00.000Z,3998.84,4005.38,3997.82,4004.81,6937
2025-10-30T15:45:00.000Z,4004.93,4008.62,4000.93,4001.91,7856
2025-10-30T16:00:00.000Z,4001.69,4004.14,3994.16,3995.08,7369
2025-10-30T16:15:00.000Z,3995.09,3998.54,3991.34,3995.6,7352
2025-10-30T16:30:00.000Z,3995.58,4002.88,3995.03,4002.81,6427
2025-10-30T16:45:00.000Z,4002.8,4003.21,3997.22,4001.55,6326
2025-10-30T17:00:00.000Z,4001.56,4004.04,3995.44,3995.46,6522
2025-10-30T17:15:00.000Z,3995.51,4003.45,3994.45,4002.35,5650
2025-10-30T17:30:00.000Z,4002.39,4010.8,4001.97,4010.32,5898
2025-10-30T17:45:00.000Z,4010.49,4017.88,4003.46,4004.55,6903
2025-10-30T18:00:00.000Z,4004.59,4007.66,4000.18,4005.57,6531
2025-10-30T18:15:00.000Z,4005.67,4013.07,4003.59,4013.01,5208
2025-10-30T18:30:00.000Z,4013.02,4017.51,4007.53,4010.96,6653
2025-10-30T18:45:00.000Z,4010.97,4017.65,4010.08,4016.14,5521
2025-10-30T19:00:00.000Z,4016.27,4025.71,4015.41,4024.99,7046
2025-10-30T19:15:00.000Z,4025,4025.96,4018.79,4020.12,7215
2025-10-30T19:30:00.000Z,4020.07,4025.67,4020.07,4024.66,6842
2025-10-30T19:45:00.000Z,4024.74,4025.68,4020.12,4023.43,8316
2025-10-30T20:00:00.000Z,4023.4,4026.94,4021.63,4023.42,4217
2025-10-30T20:15:00.000Z,4023.4,4023.82,4017.96,4019.13,2767
2025-10-30T20:30:00.000Z,4019.55,4020.17,4016.4,4020.1,2980
2025-10-30T20:45:00.000Z,4020.09,4027.09,4019.82,4024.54,2537
2025-10-30T22:00:00.000Z,4022.73,4024.15,4009.02,4022.05,3070
2025-10-30T22:15:00.000Z,4021.95,4021.99,4016.49,4020.61,3078
2025-10-30T22:30:00.000Z,4020.78,4027.21,4020.75,4024.34,3227
2025-10-30T22:45:00.000Z,4024.35,4046.15,4023.17,4037.75,5263
2025-10-30T23:00:00.000Z,4037.8,4038.56,4018.87,4027.31,7484
2025-10-30T23:15:00.000Z,4027.29,4032.02,4023.18,4028.22,4657
2025-10-30T23:30:00.000Z,4028.23,4035.31,4026.57,4031.98,4177
2025-10-30T23:45:00.000Z,4032.13,4043.01,4032.06,4036.43,6243
2025-10-31T00:00:00.000Z,4036.36,4036.72,4029.09,4031.56,6746
2025-10-31T00:15:00.000Z,4031.55,4033.72,4026.21,4027.44,5950
2025-10-31T00:30:00.000Z,4027.5,4031.16,4026.09,4027.52,5531
2025-10-31T00:45:00.000Z,4027.62,4031.33,4024.06,4025.08,7630
2025-10-31T01:00:00.000Z,4025.25,4039.17,4019.69,4032.71,8921
2025-10-31T01:15:00.000Z,4032.68,4035.77,4028.1,4030.73,7338
2025-10-31T01:30:00.000Z,4030.71,4030.82,4023.32,4024.06,6562
2025-10-31T01:45:00.000Z,4024.07,4025.53,4013.16,4018.76,8435
2025-10-31T02:00:00.000Z,4018.39,4019.11,4009.17,4009.65,8997
2025-10-31T02:15:00.000Z,4009.64,4017.79,4008.63,4013.36,6500
2025-10-31T02:30:00.000Z,4013.41,4014.9,4001.47,4002.99,9515
2025-10-31T02:45:00.000Z,4002.98,4017.15,4002.96,4011.01,8103
2025-10-31T03:00:00.000Z,4011.26,4013.9,3991.32,3994.24,8687
2025-10-31T03:15:00.000Z,3994.26,4001.53,3992.99,4000.38,8312
2025-10-31T03:30:00.000Z,4000.54,4003.64,3997.71,3997.96,5400
2025-10-31T03:45:00.000Z,3997.91,3998.66,3993.75,3996.34,4914
2025-10-31T04:00:00.000Z,3996.39,3997.22,3989.05,3991.51,5173
2025-10-31T04:15:00.000Z,3991.5,4000.8,3991.08,4000.73,4275
2025-10-31T04:30:00.000Z,4000.71,4006,3998.77,4000.24,4078
2025-10-31T04:45:00.000Z,4000.25,4010.56,3999.98,4005.79,4839
2025-10-31T05:00:00.000Z,4005.55,4006.29,3996.45,3997.18,5650
2025-10-31T05:15:00.000Z,3997.19,4003.03,3994.11,4001.8,4007
2025-10-31T05:30:00.000Z,4001.68,4006.71,3998.22,4006.69,7636
2025-10-31T05:45:00.000Z,4006.98,4011.14,4003.27,4005.01,7068
2025-10-31T06:00:00.000Z,4005.03,4013.29,4002.3,4009.55,6041
2025-10-31T06:15:00.000Z,4009.72,4015.01,4006.52,4009.16,6319
2025-10-31T06:30:00.000Z,4009.15,4012.04,4007.18,4010.32,6256
2025-10-31T06:45:00.000Z,4010.26,4014.54,4005.27,4013.23,6428
2025-10-31T07:00:00.000Z,4013.19,4016.77,4007.65,4015.77,6460
2025-10-31T07:15:00.000Z,4015.78,4023.41,4014.82,4023.2,6587
2025-10-31T07:30:00.000Z,4022.91,4025.48,4012,4012.6,5741
2025-10-31T07:45:00.000Z,4012.51,4023.78,4012.4,4021.04,4731
2025-10-31T08:00:00.000Z,4021.23,4026.67,4018.9,4023.22,5517
2025-10-31T08:15:00.000Z,4023.2,4024.11,4018.53,4021.49,4579
2025-10-31T08:30:00.000Z,4021.48,4025.9,4018.75,4019.95,4749
2025-10-31T08:45:00.000Z,4020.01,4021.01,4006.8,4010.34,6387
2025-10-31T09:00:00.000Z,4010.2,4014.24,4006.51,4006.65,5532
2025-10-31T09:15:00.000Z,4005.38,4008.26,3998.56,4002.48,6097
2025-10-31T09:30:00.000Z,4002.64,4006.91,4000.14,4004.19,4332
2025-10-31T09:45:00.000Z,4004.04,4009.79,4000.33,4008.43,5409
2025-10-31T10:00:00.000Z,4008.67,4016.78,4008.26,4015.91,5032
2025-10-31T10:15:00.000Z,4016.02,4016.48,4010.39,4013.26,5893
2025-10-31T10:30:00.000Z,4012.95,4014.08,4008.48,4010.27,3650
2025-10-31T10:45:00.000Z,4010.26,4010.51,4003.62,4007.38,4053
2025-10-31T11:00:00.000Z,4007.16,4009.42,4004.09,4006.12,4045
2025-10-31T11:15:00.000Z,4006.05,4008.07,4001.72,4005.43,3746
2025-10-31T11:30:00.000Z,4005.49,4008.87,4002.04,4008.8,3592
2025-10-31T11:45:00.000Z,4008.82,4011.21,4006.38,4010.48,4165
2025-10-31T12:00:00.000Z,4010.52,4013.25,4009.07,4012.59,3864
2025-10-31T12:15:00.000Z,4012.58,4025.06,4011.77,4019.7,6175
2025-10-31T12:30:00.000Z,4019.67,4033.15,4016.34,4029.73,8080
2025-10-31T12:45:00.000Z,4029.69,4036.09,4020.95,4023.09,7264
2025-10-31T13:00:00.000Z,4023.02,4035.43,4020.55,4031.23,9305
2025-10-31T13:15:00.000Z,4031.21,4031.96,4025.57,4026.66,6014
2025-10-31T13:30:00.000Z,4027.48,4028.58,4013.15,4015.96,10468
2025-10-31T13:45:00.000Z,4015.88,4022.66,4010.33,4016.51,10136
2025-10-31T14:00:00.000Z,4016.69,4027.22,4016.64,4019.6,9339
2025-10-31T14:15:00.000Z,4019.64,4025.93,4014.91,4015.46,8436
2025-10-31T14:30:00.000Z,4015.5,4021.62,4012.92,4016.98,8575
2025-10-31T14:45:00.000Z,4017.21,4022.47,4010.97,4020.77,7987
2025-10-31T15:00:00.000Z,4020.71,4020.91,4009.64,4017.31,8382
2025-10-31T15:15:00.000Z,4017.14,4019.49,4014.83,4018.01,7836
2025-10-31T15:30:00.000Z,4018.04,4022.86,4016.1,4020.75,8459
2025-10-31T15:45:00.000Z,4020.8,4022.26,4011.56,4012.86,9142
2025-10-31T16:00:00.000Z,4012.66,4015.15,3978.59,3979.1,10357
2025-10-31T16:15:00.000Z,3979.26,3989.91,3972.18,3985.94,11592
2025-10-31T16:30:00.000Z,3985.97,3990.41,3981.9,3984.44,9746
2025-10-31T16:45:00.000Z,3984.46,3986.87,3978.84,3980.76,8395
2025-10-31T17:00:00.000Z,3980.82,3990.38,3980.79,3983.12,8956
2025-10-31T17:15:00.000Z,3982.98,3987.89,3981.37,3984.61,7736
2025-10-31T17:30:00.000Z,3984.64,3999.41,3980.5,3998.67,8464
2025-10-31T17:45:00.000Z,3998.69,4003.56,3996.44,3997.72,6822
2025-10-31T18:00:00.000Z,3997.76,4007.23,3995.37,4006.58,6791
2025-10-31T18:15:00.000Z,4006.64,4009.97,4005.21,4008.6,4776
2025-10-31T18:30:00.000Z,4008.62,4009.16,4002.69,4003.95,4927
2025-10-31T18:45:00.000Z,4003.92,4006.17,3999.52,4000.03,5381
2025-10-31T19:00:00.000Z,3999.99,4005.51,3999.2,4000.4,4566
2025-10-31T19:15:00.000Z,4000.45,4002.23,3991.42,4001.5,6979
2025-10-31T19:30:00.000Z,4001.48,4001.57,3994.8,3999.36,5954
2025-10-31T19:45:00.000Z,3999.27,4002.07,3995.98,4001.08,6102
2025-10-31T20:00:00.000Z,4001.03,4001.38,3996.14,3998.27,2144
2025-10-31T20:15:00.000Z,3998.45,4002.46,3997,4002.03,1659
2025-10-31T20:30:00.000Z,4001.97,4006.42,4001.72,4003.22,1436
2025-10-31T20:45:00.000Z,4003.11,4005.26,4001.55,4003.84,1165
2025-11-02T23:00:00.000Z,3988.78,3998.18,3983.54,3996.25,4691
2025-11-02T23:15:00.000Z,3996.26,3998.85,3988.21,3994.75,3767
2025-11-02T23:30:00.000Z,3994.76,3995.85,3978.38,3979.16,5542
2025-11-02T23:45:00.000Z,3979.2,3985.19,3977.69,3980.2,4313
2025-11-03T00:00:00.000Z,3979.74,3987.75,3966.55,3968.41,4419
2025-11-03T00:15:00.000Z,3968.44,3973,3962.2,3970.61,6554
2025-11-03T00:30:00.000Z,3970.63,3977.48,3963.33,3972.53,5111
2025-11-03T00:45:00.000Z,3972.54,3976.61,3968.07,3970.82,5760
2025-11-03T01:00:00.000Z,3970.81,3988.92,3965.41,3986.44,10092
2025-11-03T01:15:00.000Z,3986.45,3999.32,3986.43,3998.79,8183
2025-11-03T01:30:00.000Z,3998.85,4001.8,3990.15,3991.88,7585
2025-11-03T01:45:00.000Z,3991.86,4000.21,3990.24,3995.93,6105
2025-11-03T02:00:00.000Z,3995.79,3998.73,3990.34,3994.88,6039
2025-11-03T02:15:00.000Z,3994.77,4006.46,3994.77,3995.53,5636
2025-11-03T02:30:00.000Z,3995.58,4006.19,3995.06,4001.73,5651
2025-11-03T02:45:00.000Z,4002.65,4006.02,3997.89,4003.85,4528
2025-11-03T03:00:00.000Z,4003.91,4011.24,4002.19,4007.49,7218
2025-11-03T03:15:00.000Z,4007.52,4010.41,4005.7,4006.07,4996
2025-11-03T03:30:00.000Z,4006.05,4013.14,4005.42,4010.92,4134
2025-11-03T03:45:00.000Z,4010.91,4015.3,4010.91,4011.36,3330
2025-11-03T04:00:00.000Z,4011.38,4014.17,4006.79,4009.69,4482
2025-11-03T04:15:00.000Z,4009.51,4010.07,4001.91,4005.63,5236
2025-11-03T04:30:00.000Z,4005.64,4007.79,4002.52,4006.94,3441
2025-11-03T04:45:00.000Z,4006.91,4007.76,4002.8,4003.77,3760
2025-11-03T05:00:00.000Z,4003.78,4009.95,3997.97,4007.01,5248
2025-11-03T05:15:00.000Z,4007.1,4012.52,4005.05,4011.97,3151
2025-11-03T05:30:00.000Z,4012,4018.46,4012,4014.8,5289
2025-11-03T05:45:00.000Z,4014.79,4016.94,4011.42,4013.89,3997
2025-11-03T06:00:00.000Z,4013.94,4016.76,4010.19,4014.65,4871
2025-11-03T06:15:00.000Z,4014.66,4018.55,4013.13,4016.52,4646
2025-11-03T06:30:00.000Z,4016.53,4018,4013.19,4015.59,4152
2025-11-03T06:45:00.000Z,4015.57,4018.74,4013.92,4017.56,3755
2025-11-03T07:00:00.000Z,4017.55,4023.53,4015.11,4015.37,5926
2025-11-03T07:15:00.000Z,4015.43,4020.5,4013.53,4019.13,3971
2025-11-03T07:30:00.000Z,4018.47,4023.09,4016.03,4022.13,4507
2025-11-03T07:45:00.000Z,4022.14,4025.94,4020.54,4025.32,5178
2025-11-03T08:00:00.000Z,4025.51,4027.96,4020.83,4021.78,5102
2025-11-03T08:15:00.000Z,4021.75,4023.45,4011.03,4014.57,5547
2025-11-03T08:30:00.000Z,4014.75,4017.67,4012.12,4016.71,5368
2025-11-03T08:45:00.000Z,4016.76,4020.55,4013.14,4019.55,4984
2025-11-03T09:00:00.000Z,4019.54,4026.04,4016.64,4021.74,5623
2025-11-03T09:15:00.000Z,4021.79,4022.24,4005.07,4007.21,6637
2025-11-03T09:30:00.000Z,4007.15,4007.97,3996.22,3997.17,7580
2025-11-03T09:45:00.000Z,3997.13,4005.12,3993.25,4000.53,6714
2025-11-03T10:00:00.000Z,4000.63,4004.81,3994.5,3997.55,5886
2025-11-03T10:15:00.000Z,3997.21,4000.7,3995.96,3997.86,4410
2025-11-03T10:30:00.000Z,3997.75,4001.29,3994.45,3998.08,4896
2025-11-03T10:45:00.000Z,3998.06,3999.31,3994.77,3998.78,4108
2025-11-03T11:00:00.000Z,3998.73,4002.27,3994.49,4000.68,4750
2025-11-03T11:15:00.000Z,4000.54,4006.92,3998.86,4006.4,5066
2025-11-03T11:30:00.000Z,4006.43,4007.03,4002.96,4005.33,4775
2025-11-03T11:45:00.000Z,4005.28,4008.55,4004.44,4007.6,3909
2025-11-03T12:00:00.000Z,4007.61,4008.66,4004.83,4007.08,4354
2025-11-03T12:15:00.000Z,4007.07,4007.73,4001.98,4005.21,3573
2025-11-03T12:30:00.000Z,4005.22,4010.92,4003.67,4008.3,4537
2025-11-03T12:45:00.000Z,4008.23,4013.56,4008.11,4013.4,4788
2025-11-03T13:00:00.000Z,4013.41,4018.54,4011.97,4015.62,7732
2025-11-03T13:15:00.000Z,4015.57,4019.56,4014.01,4014.31,7900
2025-11-03T13:30:00.000Z,4014.29,4020.56,4010.81,4017.43,7498
2025-11-03T13:45:00.000Z,4017.44,4018.23,4014.82,4016.09,6298
2025-11-03T14:00:00.000Z,4015.96,4020.72,4012.77,4016.23,7836
2025-11-03T14:15:00.000Z,4016.17,4020.49,4009.48,4010.34,6817
2025-11-03T14:30:00.000Z,4010.37,4013.52,4001.55,4012.4,10191
2025-11-03T14:45:00.000Z,4012.5,4026.03,4012.43,4022.7,9282
2025-11-03T15:00:00.000Z,4022.63,4030.72,4022.63,4026.65,10266
2025-11-03T15:15:00.000Z,4026.55,4028.86,4008.58,4011.56,10298
2025-11-03T15:30:00.000Z,4011.58,4022.6,4005.54,4021.43,10748
2025-11-03T15:45:00.000Z,4021.47,4023.75,4003.4,4008.57,9002
2025-11-03T16:00:00.000Z,4008.32,4013.5,4001.98,4004.74,8143
2025-11-03T16:15:00.000Z,4004.64,4005.33,3995.39,3998.06,8679
2025-11-03T16:30:00.000Z,3998.04,4004.43,3995.97,4003.66,7526
2025-11-03T16:45:00.000Z,4003.56,4009.75,4001.88,4008.24,6758
2025-11-03T17:00:00.000Z,4008.24,4009.74,4003.45,4008.32,6205
2025-11-03T17:15:00.000Z,4008.33,4012.12,4006.61,4007,6807
2025-11-03T17:30:00.000Z,4006.94,4007.44,4004.48,4005.78,4442
2025-11-03T17:45:00.000Z,4005.64,4007.62,4005.25,4006.19,4054
2025-11-03T18:00:00.000Z,4006.2,4006.92,4001.74,4002.92,4863
2025-11-03T18:15:00.000Z,4002.95,4003.9,3999.49,4001.33,5381
2025-11-03T18:30:00.000Z,4001.34,4009.54,4001.1,4008.35,4663
2025-11-03T18:45:00.000Z,4008.53,4008.57,4003.54,4006.42,4418
2025-11-03T19:00:00.000Z,4006.38,4008.1,3995.36,4003.38,6539
2025-11-03T19:15:00.000Z,4003.41,4005.98,4001.73,4004.19,5458
2025-11-03T19:30:00.000Z,4003.97,4005.06,4000.66,4000.69,4346
2025-11-03T19:45:00.000Z,4000.66,4007.64,3999.78,4004.66,4387
2025-11-03T20:00:00.000Z,4004.67,4012.34,4004.67,4010.29,5183
2025-11-03T20:15:00.000Z,4010.28,4014.88,4009.52,4011.47,5678
2025-11-03T20:30:00.000Z,4011.41,4012.17,4007.25,4009.17,4146
2025-11-03T20:45:00.000Z,4009.23,4012.15,4007.98,4010.27,4035
2025-11-03T21:00:00.000Z,4010.12,4010.13,4004.51,4004.94,2402
2025-11-03T21:15:00.000Z,4004.94,4005.78,4000.98,4001.82,2167
2025-11-03T21:30:00.000Z,4001.8,4002.87,4000.24,4001.18,1448
2025-11-03T21:45:00.000Z,4001.23,4002.13,3999.52,4001.02,830
2025-11-03T23:00:00.000Z,4002.25,4005.75,3984.64,3988.43,3397
2025-11-03T23:15:00.000Z,3988.4,3997.33,3987.9,3995.58,3462
2025-11-03T23:30:00.000Z,3995.56,3999.66,3994.32,3997.72,3186
2025-11-03T23:45:00.000Z,3997.67,3999.29,3992.85,3997.34,2483
2025-11-04T00:00:00.000Z,3997.53,3998.66,3990.28,3994.75,4415
2025-11-04T00:15:00.000Z,3994.64,3999.07,3992.51,3993.27,3749
2025-11-04T00:30:00.000Z,3993.25,3993.86,3978.5,3979.98,6255
2025-11-04T00:45:00.000Z,3980.01,3989.11,3979.79,3986.47,6357
2025-11-04T01:00:00.000Z,3986.46,3992.67,3984.89,3990.32,7169
2025-11-04T01:15:00.000Z,3990.23,3994.62,3980.84,3985.34,6568
2025-11-04T01:30:00.000Z,3985.35,3987.99,3979.54,3987.22,6922
2025-11-04T01:45:00.000Z,3987.28,3990.29,3984.77,3987.25,5184
2025-11-04T02:00:00.000Z,3987.2,3987.26,3975.82,3977.15,7576
2025-11-04T02:15:00.000Z,3977.13,3984.11,3977.11,3983.93,4076
2025-11-04T02:30:00.000Z,3983.83,3985.19,3977.03,3983.26,7018
2025-11-04T02:45:00.000Z,3982.91,3986.85,3975.87,3986.74,6450
2025-11-04T03:00:00.000Z,3986.72,3990.5,3981.75,3988.5,5280
2025-11-04T03:15:00.000Z,3988.49,3993.85,3984.99,3992.94,4652
2025-11-04T03:30:00.000Z,3992.77,3999.2,3991.02,3992.21,5669
2025-11-04T03:45:00.000Z,3992.22,3995.38,3991.04,3994.58,3923
2025-11-04T04:00:00.000Z,3994.53,3995.17,3988.07,3988.8,3915
2025-11-04T04:15:00.000Z,3988.79,3993.14,3987.96,3991.76,2849
2025-11-04T04:30:00.000Z,3991.7,3993.4,3988.07,3988.29,3970
2025-11-04T04:45:00.000Z,3988.25,3991.32,3983.98,3985.59,4612
2025-11-04T05:00:00.000Z,3985.19,3986.77,3981.41,3983.9,4548
2025-11-04T05:15:00.000Z,3983.88,3987.09,3982.84,3982.86,3893
2025-11-04T05:30:00.000Z,3982.9,3985.6,3975.61,3976.09,7221
2025-11-04T05:45:00.000Z,3976.04,3981.43,3972.63,3973.12,8181
2025-11-04T06:00:00.000Z,3973.15,3975.39,3966.76,3974.33,7450
2025-11-04T06:15:00.000Z,3974.35,3976.04,3968.36,3975.55,6081
2025-11-04T06:30:00.000Z,3975.56,3981.06,3973.8,3979.54,6091
2025-11-04T06:45:00.000Z,3980.22,3988.19,3977.74,3985.02,5984
2025-11-04T07:00:00.000Z,3984.99,3990.2,3982.37,3986.86,6002
2025-11-04T07:15:00.000Z,3987.24,3996.3,3985.84,3993.94,6266
2025-11-04T07:30:00.000Z,3994.02,3995.98,3990.39,3991.61,4055
2025-11-04T07:45:00.000Z,3991.46,3996.21,3991.31,3993.97,3682
2025-11-04T08:00:00.000Z,3993.98,3999.43,3991.43,3991.7,6326
2025-11-04T08:15:00.000Z,3991.69,4000.74,3990.8,3999.9,6075
2025-11-04T08:30:00.000Z,3999.88,4000.5,3995.06,3999.11,5001
2025-11-04T08:45:00.000Z,3999.36,4000.28,3995.83,3996.1,4570
2025-11-04T09:00:00.000Z,3996.09,3997.69,3991.32,3991.54,4918
2025-11-04T09:15:00.000Z,3991.53,3994.76,3991.15,3991.95,3847
2025-11-04T09:30:00.000Z,3991.92,3999.44,3991.75,3997.21,5217
2025-11-04T09:45:00.000Z,3997.29,3997.87,3990.46,3991.13,5316
2025-11-04T10:00:00.000Z,3991.16,3994.69,3985.86,3994.56,6259
2025-11-04T10:15:00.000Z,3994.51,3996.93,3991.31,3992.12,3702
2025-11-04T10:30:00.000Z,3992.07,3997.7,3990.8,3995.71,3969
2025-11-04T10:45:00.000Z,3995.72,3996.38,3991.23,3993.86,3495
2025-11-04T11:00:00.000Z,3993.98,3995.75,3991.67,3993.89,2332
2025-11-04T11:15:00.000Z,3993.89,3995.88,3992.79,3994.26,2227
2025-11-04T11:30:00.000Z,3994.27,3995.8,3992.33,3992.49,2940
2025-11-04T11:45:00.000Z,3992.45,4000.03,3991.9,3995.02,4173
2025-11-04T12:00:00.000Z,3995.06,3996.68,3993.5,3996.68,3353
2025-11-04T12:15:00.000Z,3996.65,3997.54,3989.78,3990.22,3326
2025-11-04T12:30:00.000Z,3990.27,3990.73,3984.32,3990.6,5584
2025-11-04T12:45:00.000Z,3990.54,3992.45,3983.61,3984.74,5274
2025-11-04T13:00:00.000Z,3984.71,3995.36,3983.73,3992.97,7006
2025-11-04T13:15:00.000Z,3993.14,3996.01,3982.95,3983.95,7063
2025-11-04T13:30:00.000Z,3983.31,3988.13,3975.46,3980.13,8083
2025-11-04T13:45:00.000Z,3979.99,3982.18,3971.84,3975.65,7385
2025-11-04T14:00:00.000Z,3975.63,3976.53,3964.31,3975.81,7813
2025-11-04T14:15:00.000Z,3975.95,3977.74,3951.21,3951.21,8019
2025-11-04T14:30:00.000Z,3951.22,3956.5,3928.77,3931.14,13137
2025-11-04T14:45:00.000Z,3931.17,3959.89,3930.69,3957.37,10692
2025-11-04T15:00:00.000Z,3957.32,3959.14,3944.45,3947.29,10401
2025-11-04T15:15:00.000Z,3947.3,3952.72,3941.24,3949.13,8760
2025-11-04T15:30:00.000Z,3949.1,3968.12,3948.25,3965.21,8840
2025-11-04T15:45:00.000Z,3965.34,3965.84,3956.55,3956.88,6899
2025-11-04T16:00:00.000Z,3956.95,3965.64,3956.75,3963.61,6674
2025-11-04T16:15:00.000Z,3963.99,3975.5,3963.56,3972.57,8335
2025-11-04T16:30:00.000Z,3972.55,3974.09,3965.66,3969.6,7932
2025-11-04T16:45:00.000Z,3969.62,3970.37,3964,3969.04,6099
2025-11-04T17:00:00.000Z,3969.06,3971.04,3961.89,3964.11,5938
2025-11-04T17:15:00.000Z,3964.16,3965.31,3958.67,3959.28,6222
2025-11-04T17:30:00.000Z,3959.39,3965.22,3959.07,3961.28,6238
2025-11-04T17:45:00.000Z,3961.27,3964.27,3952.44,3955.05,7289
2025-11-04T18:00:00.000Z,3954.78,3956.75,3949.69,3950.57,6398
2025-11-04T18:15:00.000Z,3950.67,3952.65,3945.72,3950.77,7094
2025-11-04T18:30:00.000Z,3950.89,3951.48,3932.2,3938.54,7736
2025-11-04T18:45:00.000Z,3938.38,3941.16,3935.84,3937.96,7134
2025-11-04T19:00:00.000Z,3937.98,3944.2,3934.63,3940.34,6829
2025-11-04T19:15:00.000Z,3940.33,3944.11,3940.24,3941.89,5647
2025-11-04T19:30:00.000Z,3941.93,3943.07,3935.61,3937.99,5722
2025-11-04T19:45:00.000Z,3937.94,3939.92,3935.95,3937.44,4417
2025-11-04T20:00:00.000Z,3937.58,3939.34,3931.46,3934.24,5875
2025-11-04T20:15:00.000Z,3934.48,3937.82,3931.93,3937.44,4630
2025-11-04T20:30:00.000Z,3937.53,3942.15,3935.95,3940.99,5314
2025-11-04T20:45:00.000Z,3941.04,3941.23,3936.4,3938.74,5602
2025-11-04T21:00:00.000Z,3938.93,3938.93,3933.8,3934.23,1954
2025-11-04T21:15:00.000Z,3934.21,3935.58,3930.92,3933.93,2174
2025-11-04T21:30:00.000Z,3933.88,3935.05,3930.52,3930.95,2384
2025-11-04T21:45:00.000Z,3931.01,3934.02,3930.46,3931.7,1704
2025-11-04T23:00:00.000Z,3933.99,3940.49,3931.75,3935.68,2679
2025-11-04T23:15:00.000Z,3935.64,3939.55,3935.02,3937.76,2502
2025-11-04T23:30:00.000Z,3937.8,3938.65,3933.48,3938.09,2122
2025-11-04T23:45:00.000Z,3937.78,3937.78,3930.92,3934.84,3454
2025-11-05T00:00:00.000Z,3934.92,3942.98,3933.13,3939.84,4394
2025-11-05T00:15:00.000Z,3939.99,3942.39,3934.4,3938.59,4093
2025-11-05T00:30:00.000Z,3938.66,3939.56,3929.85,3931.63,5929
2025-11-05T00:45:00.000Z,3931.6,3939.92,3929.69,3939.92,5384
2025-11-05T01:00:00.000Z,3940.05,3945,3937.32,3943.01,6705
2025-11-05T01:15:00.000Z,3942.91,3948.54,3938.38,3946.22,5854
2025-11-05T01:30:00.000Z,3946.2,3949.36,3943.12,3943.28,6389
2025-11-05T01:45:00.000Z,3943.13,3943.42,3934.52,3937.07,6322
2025-11-05T02:00:00.000Z,3937.03,3945.12,3935.62,3942.17,6029
2025-11-05T02:15:00.000Z,3942.04,3942.19,3936.21,3938.26,4410
2025-11-05T02:30:00.000Z,3938.27,3948.96,3938.11,3945.14,6325
2025-11-05T02:45:00.000Z,3945.13,3950.97,3945.11,3948.52,5798
2025-11-05T03:00:00.000Z,3948.42,3955.8,3947.42,3952.98,4688
2025-11-05T03:15:00.000Z,3953.03,3956.28,3952.84,3953.1,3656
2025-11-05T03:30:00.000Z,3953.19,3959.47,3951.87,3958.99,3177
2025-11-05T03:45:00.000Z,3959.26,3965.24,3959.16,3960.84,3774
2025-11-05T04:00:00.000Z,3960.75,3964.86,3959.92,3961.8,3091
2025-11-05T04:15:00.000Z,3961.85,3964.53,3960.11,3963.71,3437
2025-11-05T04:30:00.000Z,3963.71,3972.17,3963.49,3971.23,5432
2025-11-05T04:45:00.000Z,3971.17,3973.67,3967.63,3970.32,4687
2025-11-05T05:00:00.000Z,3970.52,3972.3,3967.12,3971.11,3726
2025-11-05T05:15:00.000Z,3971.12,3978.66,3970.5,3975.91,3717
2025-11-05T05:30:00.000Z,3975.23,3975.89,3968.93,3969.92,5648
2025-11-05T05:45:00.000Z,3969.94,3970,3961.95,3964.77,5651
2025-11-05T06:00:00.000Z,3964.99,3968.78,3961.84,3964.82,5080
2025-11-05T06:15:00.000Z,3964.87,3970.37,3963.7,3967.37,4138
2025-11-05T06:30:00.000Z,3967.38,3973.64,3965.36,3971.44,5036
2025-11-05T06:45:00.000Z,3971.44,3971.93,3965.15,3966.49,4148
2025-11-05T07:00:00.000Z,3966.5,3967.81,3963.89,3966.33,4982
2025-11-05T07:15:00.000Z,3966.34,3969.62,3963.83,3966.07,3717
2025-11-05T07:30:00.000Z,3966.08,3971.25,3965.3,3970.24,4145
2025-11-05T07:45:00.000Z,3970.24,3974.9,3968.62,3972.72,3598
2025-11-05T08:00:00.000Z,3972.67,3987.11,3972.67,3982.24,6984
2025-11-05T08:15:00.000Z,3982.24,3984.2,3978.37,3979.93,5137
2025-11-05T08:30:00.000Z,3979.94,3986.07,3979.91,3981.73,4639
2025-11-05T08:45:00.000Z,3981.72,3983.68,3979.53,3979.96,3677
2025-11-05T09:00:00.000Z,3979.62,3981.27,3975.08,3975.56,4203
2025-11-05T09:15:00.000Z,3975.51,3975.76,3963.73,3965.14,5031
2025-11-05T09:30:00.000Z,3965.13,3971.74,3963.5,3969.8,4119
2025-11-05T09:45:00.000Z,3969.81,3972.63,3968.96,3971.89,3177
2025-11-05T10:00:00.000Z,3971.87,3971.87,3956.01,3963.97,5518
2025-11-05T10:15:00.000Z,3963.86,3967.29,3960.31,3964.44,3300
2025-11-05T10:30:00.000Z,3964.47,3967.31,3964.1,3967.02,3462
2025-11-05T10:45:00.000Z,3967,3970.01,3960.38,3964.46,4658
2025-11-05T11:00:00.000Z,3964.51,3968.85,3960.69,3960.9,3877
2025-11-05T11:15:00.000Z,3960.87,3961.78,3957.7,3958.21,3833
2025-11-05T11:30:00.000Z,3958.19,3964.19,3957.7,3963.21,3497
2025-11-05T11:45:00.000Z,3963.2,3968.27,3962.54,3966.94,3754
2025-11-05T12:00:00.000Z,3966.84,3966.99,3962.2,3964.31,3660
2025-11-05T12:15:00.000Z,3964.32,3969.85,3963.71,3967.48,3341
2025-11-05T12:30:00.000Z,3967.42,3968.02,3963.21,3964.61,3357
2025-11-05T12:45:00.000Z,3964.52,3969.66,3963.58,3969.65,2775
2025-11-05T13:00:00.000Z,3969.69,3974.61,3966.81,3972.54,5073
2025-11-05T13:15:00.000Z,3972.55,3977.53,3964.85,3976.02,6511
2025-11-05T13:30:00.000Z,3976.04,3977.26,3970.93,3974.4,5953
2025-11-05T13:45:00.000Z,3974.56,3979.43,3971.12,3975.98,5449
2025-11-05T14:00:00.000Z,3975.97,3980.72,3973.67,3979.53,5377
2025-11-05T14:15:00.000Z,3979.62,3985.37,3978.4,3983.85,4850
2025-11-05T14:30:00.000Z,3983.84,3985.55,3975.69,3976.27,9473
2025-11-05T14:45:00.000Z,3976.22,3978.46,3969.55,3973.55,9340
2025-11-05T15:00:00.000Z,3972.2,3977.78,3964,3970.51,11060
2025-11-05T15:15:00.000Z,3970.85,3980.2,3966.66,3979.22,8960
2025-11-05T15:30:00.000Z,3979.27,3984.46,3978.3,3983.11,7812
2025-11-05T15:45:00.000Z,3983.09,3984.3,3977.29,3978.42,6852
2025-11-05T16:00:00.000Z,3978.45,3982.19,3976.03,3976.72,6612
2025-11-05T16:15:00.000Z,3976.73,3981.42,3974.96,3981.33,5626
2025-11-05T16:30:00.000Z,3981.32,3984.43,3977.59,3982.64,5371
2025-11-05T16:45:00.000Z,3982.67,3990.46,3982.67,3986.89,6107
2025-11-05T17:00:00.000Z,3986.82,3989.53,3982.27,3984.1,5491
2025-11-05T17:15:00.000Z,3984.07,3985.33,3978.69,3982.42,4904
2025-11-05T17:30:00.000Z,3982.37,3984.3,3979.76,3983.21,3544
2025-11-05T17:45:00.000Z,3983.26,3983.42,3979.59,3982.11,3285
2025-11-05T18:00:00.000Z,3982.21,3983.84,3979.56,3983.76,3325
2025-11-05T18:15:00.000Z,3983.69,3986.08,3981.92,3983.58,4098
2025-11-05T18:30:00.000Z,3983.29,3985.01,3978.99,3979.7,3708
2025-11-05T18:45:00.000Z,3979.71,3983.28,3979.71,3982.5,3198
2025-11-05T19:00:00.000Z,3982.51,3985.95,3979.59,3979.89,3957
2025-11-05T19:15:00.000Z,3979.72,3984.48,3979.16,3984.31,3322
2025-11-05T19:30:00.000Z,3984.36,3988.83,3983.05,3987.13,3754
2025-11-05T19:45:00.000Z,3987.22,3988.82,3986.63,3987.82,3131
2025-11-05T20:00:00.000Z,3987.94,3990.22,3986.57,3987.75,3480
2025-11-05T20:15:00.000Z,3987.81,3988.61,3985.68,3985.68,4354
2025-11-05T20:30:00.000Z,3985.72,3988.1,3984.05,3984.61,3425
2025-11-05T20:45:00.000Z,3984.56,3985.34,3981.48,3984.36,4961
2025-11-05T21:00:00.000Z,3984.39,3984.96,3981.5,3983.4,2766
2025-11-05T21:15:00.000Z,3983.36,3984.12,3981.44,3981.86,1870
2025-11-05T21:30:00.000Z,3981.83,3983.23,3981.68,3982.07,1154
2025-11-05T21:45:00.000Z,3982.04,3983.03,3977.93,3980.03,1166
2025-11-05T23:00:00.000Z,3977.74,3980.07,3966.83,3969.86,3944
2025-11-05T23:15:00.000Z,3969.97,3971.69,3968.7,3970.06,2735
2025-11-05T23:30:00.000Z,3970.19,3975.15,3970.19,3973.29,3015
2025-11-05T23:45:00.000Z,3973.27,3977.49,3973.07,3973.64,2520
2025-11-06T00:00:00.000Z,3973.62,3975.39,3970.44,3974.89,2235
2025-11-06T00:15:00.000Z,3974.9,3975.06,3971.17,3973.68,2279
2025-11-06T00:30:00.000Z,3973.74,3974.85,3969.57,3972.37,2755
2025-11-06T00:45:00.000Z,3972.41,3976.17,3970.75,3976.17,3837
2025-11-06T01:00:00.000Z,3976.2,3977.29,3964.52,3970.15,6075
2025-11-06T01:15:00.000Z,3970.16,3975.55,3968.39,3969.14,4105
2025-11-06T01:30:00.000Z,3969.17,3974.15,3967.7,3970.98,3623
2025-11-06T01:45:00.000Z,3971.03,3976.72,3971.01,3976.65,2937
2025-11-06T02:00:00.000Z,3976.65,3979.59,3974.19,3977.43,4321
2025-11-06T02:15:00.000Z,3977.38,3978.97,3976.38,3978.03,2102
2025-11-06T02:30:00.000Z,3978.06,3985.18,3978.06,3980.19,5014
2025-11-06T02:45:00.000Z,3980.25,3984.43,3979.63,3983.35,3614
2025-11-06T03:00:00.000Z,3983.39,3985.3,3979.51,3984.88,3795
2025-11-06T03:15:00.000Z,3984.97,3987.02,3982.53,3986.07,3924
2025-11-06T03:30:00.000Z,3986.13,3990.35,3985.93,3987.51,3203
2025-11-06T03:45:00.000Z,3987.63,3987.75,3985.23,3987.53,2543
2025-11-06T04:00:00.000Z,3987.41,3988.01,3984.49,3985.46,2345
2025-11-06T04:15:00.000Z,3985.73,3987.47,3984.98,3986.78,1512
2025-11-06T04:30:00.000Z,3986.59,3989.1,3986.02,3986.9,1977
2025-11-06T04:45:00.000Z,3986.88,3989.66,3985.01,3988.76,2427
2025-11-06T05:00:00.000Z,3988.53,3990.27,3986.11,3988.08,2568
2025-11-06T05:15:00.000Z,3988.32,3990.74,3988.02,3990.08,1869
2025-11-06T05:30:00.000Z,3990.11,3990.36,3985.72,3987.95,4793
2025-11-06T05:45:00.000Z,3987.91,3990.33,3986.67,3987.67,3626
2025-11-06T06:00:00.000Z,3987.75,3989.71,3984.92,3986.91,4584
2025-11-06T06:15:00.000Z,3986.84,3988.87,3985.5,3987.13,2865
2025-11-06T06:30:00.000Z,3986.83,3987.69,3984.26,3984.27,2673
2025-11-06T06:45:00.000Z,3984.23,3992.85,3982.3,3991.58,4207
2025-11-06T07:00:00.000Z,3991.53,3998.87,3991.19,3998.43,5509
2025-11-06T07:15:00.000Z,3998.42,4008.94,3997.7,4004.01,6291
2025-11-06T07:30:00.000Z,4004.01,4009.28,4003.79,4005.24,4694
2025-11-06T07:45:00.000Z,4005.45,4008.98,4004.26,4005.86,3791
2025-11-06T08:00:00.000Z,4005.77,4009.58,4004.72,4009.16,5165
2025-11-06T08:15:00.000Z,4009.17,4016.2,4008.93,4015.85,5656
2025-11-06T08:30:00.000Z,4015.76,4016.79,4010.19,4010.2,4474
2025-11-06T08:45:00.000Z,4010.21,4015.74,4010.2,4014.93,4211
2025-11-06T09:00:00.000Z,4014.89,4015.23,4010.87,4012.12,3967
2025-11-06T09:15:00.000Z,4012.12,4015.02,4011.13,4012.77,4134
2025-11-06T09:30:00.000Z,4012.77,4013.37,4010.57,4012.38,2600
2025-11-06T09:45:00.000Z,4012.42,4012.79,4009.26,4010.98,3461
2025-11-06T10:00:00.000Z,4011.13,4011.13,4006.05,4008.71,4378
2025-11-06T10:15:00.000Z,4008.66,4009.22,4005.22,4006,3594
2025-11-06T10:30:00.000Z,4005.93,4008.66,4004.51,4007.98,4363
2025-11-06T10:45:00.000Z,4007.99,4009.56,4005.36,4008.46,2727
2025-11-06T11:00:00.000Z,4008.36,4010.61,4007.86,4009.89,3205
2025-11-06T11:15:00.000Z,4009.95,4011.18,4007.13,4009.51,3165
2025-11-06T11:30:00.000Z,4009.51,4016.97,4009.47,4015.83,4932
2025-11-06T11:45:00.000Z,4015.84,4019.42,4014.2,4018.21,4266
2025-11-06T12:00:00.000Z,4018.18,4019.57,4012.24,4012.89,4550
2025-11-06T12:15:00.000Z,4012.87,4014.68,4011.11,4011.68,3285
2025-11-06T12:30:00.000Z,4011.75,4012.97,4006.74,4009.19,3304
2025-11-06T12:45:00.000Z,4009.15,4010.29,4003.03,4005.26,3969
2025-11-06T13:00:00.000Z,4005.36,4013.15,4003.68,4011.83,5874
2025-11-06T13:15:00.000Z,4011.78,4016.09,4010.24,4013.42,4513
2025-11-06T13:30:00.000Z,4013.45,4016.25,4010.72,4013.6,4222
2025-11-06T13:45:00.000Z,4013.29,4016.03,4012.03,4012.11,3869
2025-11-06T14:00:00.000Z,4012.29,4013.82,4005.02,4008.29,5970
2025-11-06T14:15:00.000Z,4008.28,4008.29,3989.08,3991.79,8250
2025-11-06T14:30:00.000Z,3991.81,4003.03,3990.78,3998.18,10105
2025-11-06T14:45:00.000Z,3998.23,4001.14,3992.94,3993.32,8639
2025-11-06T15:00:00.000Z,3993,3993.66,3978.32,3982.59,10406
2025-11-06T15:15:00.000Z,3982.71,3991.05,3981.63,3986.68,8821
2025-11-06T15:30:00.000Z,3987.23,3987.25,3975.31,3978.36,9077
2025-11-06T15:45:00.000Z,3978.38,3984.22,3976.82,3980.19,8596
2025-11-06T16:00:00.000Z,3980.24,3986.28,3979.81,3981.85,8527
2025-11-06T16:15:00.000Z,3981.84,3984,3976.69,3983.78,8475
2025-11-06T16:30:00.000Z,3983.64,3983.94,3976.26,3979.26,7731
2025-11-06T16:45:00.000Z,3979.21,3984.6,3977.92,3980.86,7103
2025-11-06T17:00:00.000Z,3980.83,3985.44,3978.07,3978.56,6858
2025-11-06T17:15:00.000Z,3978.62,3978.99,3965.66,3969.8,9042
2025-11-06T17:30:00.000Z,3969.73,3982.49,3967.89,3981.84,7417
2025-11-06T17:45:00.000Z,3981.9,3988.12,3981.3,3986.2,6357
2025-11-06T18:00:00.000Z,3986.22,3986.58,3980.19,3984,6030
2025-11-06T18:15:00.000Z,3983.99,3989.45,3981.97,3983.31,6007
2025-11-06T18:30:00.000Z,3983.15,3990.88,3983.15,3989.5,5264
2025-11-06T18:45:00.000Z,3989.55,3990.58,3986.4,3987.81,5293
2025-11-06T19:00:00.000Z,3987.87,3995.29,3986.78,3995.07,4878
2025-11-06T19:15:00.000Z,3995.11,3995.25,3992.29,3992.5,4624
2025-11-06T19:30:00.000Z,3992.48,3992.78,3988.27,3989.43,4162
2025-11-06T19:45:00.000Z,3989.42,3990.19,3983.2,3985.36,5002
2025-11-06T20:00:00.000Z,3985.33,3987.24,3982.83,3984.51,4627
2025-11-06T20:15:00.000Z,3984.52,3984.89,3982.07,3982.7,4792
2025-11-06T20:30:00.000Z,3982.71,3986.75,3982.57,3983.93,4707
2025-11-06T20:45:00.000Z,3983.96,3983.96,3979.32,3980.63,8604
2025-11-06T21:00:00.000Z,3980.78,3982.3,3977.95,3981.28,2748
2025-11-06T21:15:00.000Z,3981.21,3981.75,3978.54,3980.61,1396
2025-11-06T21:30:00.000Z,3980.66,3981.02,3978.37,3978.9,1360
2025-11-06T21:45:00.000Z,3978.88,3979.07,3976.11,3977.09,1007
2025-11-06T23:00:00.000Z,3981.11,3983.22,3974.2,3981.14,1918
2025-11-06T23:15:00.000Z,3981.15,3985.36,3980.74,3983.61,1575
2025-11-06T23:30:00.000Z,3983.66,3987.73,3982.02,3985.97,2040
2025-11-06T23:45:00.000Z,3986.06,3989.66,3986.02,3989.15,1508
2025-11-07T00:00:00.000Z,3989.1,3989.67,3984.51,3987.26,2308
2025-11-07T00:15:00.000Z,3987.17,3992.53,3986.59,3991.68,2218
2025-11-07T00:30:00.000Z,3991.72,3994.43,3989.45,3991.48,2477
2025-11-07T00:45:00.000Z,3991.42,3991.49,3987.86,3988.59,1811
2025-11-07T01:00:00.000Z,3988.6,3999.9,3987.25,3998.9,5891
2025-11-07T01:15:00.000Z,3998.91,4001.69,3996.83,3997.46,4102
2025-11-07T01:30:00.000Z,3997.38,4002.5,3994.88,4001.98,3882
2025-11-07T01:45:00.000Z,4001.97,4002.84,3999.29,4001.79,2879
2025-11-07T02:00:00.000Z,4001.91,4003.22,3997.95,3997.97,3407
2025-11-07T02:15:00.000Z,3997.93,3998.03,3994.19,3995.65,3647
2025-11-07T02:30:00.000Z,3995.61,3998.76,3991.55,3992.88,4041
2025-11-07T02:45:00.000Z,3992.87,3997.61,3992.84,3995.47,3639
2025-11-07T03:00:00.000Z,3995.37,3996.58,3988.21,3990.94,3461
2025-11-07T03:15:00.000Z,3991.12,3993.41,3988.72,3992.6,2756
2025-11-07T03:30:00.000Z,3992.59,3995.35,3991.18,3994.74,2106
2025-11-07T03:45:00.000Z,3994.79,3994.83,3989.69,3990.48,2003
2025-11-07T04:00:00.000Z,3990.38,3993.02,3985.57,3991.14,3339
2025-11-07T04:15:00.000Z,3991.15,3998,3990.55,3996.36,2670
2025-11-07T04:30:00.000Z,3996.38,3997.26,3993.52,3995.5,2123
2025-11-07T04:45:00.000Z,3995.35,3998.58,3995.02,3998.45,1536
2025-11-07T05:00:00.000Z,3998.5,3998.88,3996.36,3997.7,2400
2025-11-07T05:15:00.000Z,3997.71,3997.81,3991.91,3994.18,2784
2025-11-07T05:30:00.000Z,3994.15,3997.9,3993.92,3996.53,3509
2025-11-07T05:45:00.000Z,3996.63,3997.51,3993.47,3995.08,2960
2025-11-07T06:00:00.000Z,3995.1,3996.95,3992.31,3995.39,3259
2025-11-07T06:15:00.000Z,3995.41,3999.94,3994.75,3998.34,3080
2025-11-07T06:30:00.000Z,3998.06,4003.14,3996.4,4001.45,3455
2025-11-07T06:45:00.000Z,4001.49,4008.41,4001.38,4006.76,3960
2025-11-07T07:00:00.000Z,4006.8,4009.75,4005.58,4007.83,3659
2025-11-07T07:15:00.000Z,4007.97,4009.78,4003.34,4003.66,4324
2025-11-07T07:30:00.000Z,4003.64,4006.69,4003.54,4005.61,2500
2025-11-07T07:45:00.000Z,4005.6,4008.13,4002.97,4007.77,2378
2025-11-07T08:00:00.000Z,4008.32,4010.47,4005.19,4009.79,4071
2025-11-07T08:15:00.000Z,4009.75,4009.79,4004.08,4005.57,2717
2025-11-07T08:30:00.000Z,4005.55,4008.91,4003.62,4005.85,2825
2025-11-07T08:45:00.000Z,4005.79,4010.49,4005.09,4009.85,3043
2025-11-07T09:00:00.000Z,4009.87,4011.56,4008.3,4010.88,3623
2025-11-07T09:15:00.000Z,4010.91,4014.21,4009.6,4010.32,3980
2025-11-07T09:30:00.000Z,4010.3,4011.5,4004.24,4006.36,3605
2025-11-07T09:45:00.000Z,4006.25,4009.54,4005.55,4006.69,3338
2025-11-07T10:00:00.000Z,4006.73,4008.85,4005.79,4006.06,2335
2025-11-07T10:15:00.000Z,4006.12,4009.51,4003.17,4006.05,3349
2025-11-07T10:30:00.000Z,4005.95,4006.87,4003.27,4004.36,3009
2025-11-07T10:45:00.000Z,4004.37,4009.17,4004.37,4007.88,2785
2025-11-07T11:00:00.000Z,4007.89,4011.93,4002.65,4003.52,3526
2025-11-07T11:15:00.000Z,4003.57,4007.83,3998.25,3999.09,5089
2025-11-07T11:30:00.000Z,3999.08,3999.7,3993.82,3998.58,5407
2025-11-07T11:45:00.000Z,3998.56,4004.36,3998.55,4002.95,5078
2025-11-07T12:00:00.000Z,4003.05,4008.51,4002.16,4005.77,4576
2025-11-07T12:15:00.000Z,4005.77,4006.2,3998.22,3998.36,4164
2025-11-07T12:30:00.000Z,3998.22,3999.44,3994.81,3996.33,4588
2025-11-07T12:45:00.000Z,3996.36,3998.46,3991.26,3995.9,4977
2025-11-07T13:00:00.000Z,3996.13,4000.69,3992.1,3995.94,6470
2025-11-07T13:15:00.000Z,3995.88,4001.98,3995.18,3997.02,4460
2025-11-07T13:30:00.000Z,3996.89,3997.47,3991.77,3993.81,5399
2025-11-07T13:45:00.000Z,3993.77,3999.86,3992.88,3997.67,4909
2025-11-07T14:00:00.000Z,3997.72,4004.17,3995.35,4002.78,4489
2025-11-07T14:15:00.000Z,4002.63,4007.38,3999.96,4000.41,5171
2025-11-07T14:30:00.000Z,4000.41,4000.41,3984.35,3990.52,11060
2025-11-07T14:45:00.000Z,3990.68,3995.78,3986.08,3993.35,9241
2025-11-07T15:00:00.000Z,3993.52,3999.17,3990.61,3990.92,8943
2025-11-07T15:15:00.000Z,3991.11,3994.96,3987.8,3993.33,8057
2025-11-07T15:30:00.000Z,3993.07,3995.57,3985.9,3986.39,7304
2025-11-07T15:45:00.000Z,3986.44,3992.93,3983.94,3990.85,6645
2025-11-07T16:00:00.000Z,3990.89,4000.72,3990.01,3999.29,7182
2025-11-07T16:15:00.000Z,3999.32,4009.44,3995.57,4007.91,6432
2025-11-07T16:30:00.000Z,4007.92,4027.47,4007.86,4020.86,10416
2025-11-07T16:45:00.000Z,4020.91,4022.11,4006.26,4007.77,8522
2025-11-07T17:00:00.000Z,4007.37,4009.86,3995.13,3999.9,9634
2025-11-07T17:15:00.000Z,3999.89,4001.23,3992.49,3997.86,8454
2025-11-07T17:30:00.000Z,3997.87,3999.72,3994,3999.02,6125
2025-11-07T17:45:00.000Z,3998.98,4006.47,3997.13,4005.43,7112
2025-11-07T18:00:00.000Z,4005.42,4008.99,4003.38,4004.88,6245
2025-11-07T18:15:00.000Z,4004.87,4006.51,3999.59,4002.7,6642
2025-11-07T18:30:00.000Z,4002.65,4007.24,4002.12,4006.24,5209
2025-11-07T18:45:00.000Z,4006.15,4007.46,4004.07,4005.5,5817
2025-11-07T19:00:00.000Z,4005.56,4009.06,4003.42,4007.94,5225
2025-11-07T19:15:00.000Z,4007.91,4008.85,4005.51,4006.49,4311
2025-11-07T19:30:00.000Z,4006.54,4008.07,4001.95,4003.01,5713
2025-11-07T19:45:00.000Z,4003.01,4008.2,4001.78,4006.81,6168
2025-11-07T20:00:00.000Z,4006.52,4007.05,4003.54,4005.06,5847
2025-11-07T20:15:00.000Z,4005.07,4005.47,3994.41,3998.3,6892
2025-11-07T20:30:00.000Z,3998.23,4003.78,3997.18,4001.13,8692
2025-11-07T20:45:00.000Z,4001.08,4005.91,3999.09,4003.99,6422
2025-11-07T21:00:00.000Z,4003.84,4005.31,4002.72,4003.05,1999
2025-11-07T21:15:00.000Z,4003.12,4003.24,4001.13,4002,1567
2025-11-07T21:30:00.000Z,4002.05,4002.57,3999,4000.07,1308
2025-11-07T21:45:00.000Z,4000.06,4001.88,3998.51,4000.55,969
2025-11-09T23:00:00.000Z,3998.75,4011.71,3997.51,4010.7,4015
2025-11-09T23:15:00.000Z,4010.68,4011.57,4004.41,4008.4,3968
2025-11-09T23:30:00.000Z,4008.38,4009.19,4004.29,4007.65,2596
2025-11-09T23:45:00.000Z,4007.64,4012.18,4004.87,4011.88,2468
2025-11-10T00:00:00.000Z,4011.85,4017.14,4011.15,4015.8,3529
2025-11-10T00:15:00.000Z,4015.78,4017.06,4014.4,4016.43,2162
2025-11-10T00:30:00.000Z,4016.4,4017.32,4011.46,4016.37,3561
2025-11-10T00:45:00.000Z,4016.39,4023.76,4016.32,4020.44,4296
2025-11-10T01:00:00.000Z,4020.36,4029.23,4019.24,4027.15,6526
2025-11-10T01:15:00.000Z,4027.14,4051.78,4027.13,4048.02,9047
2025-11-10T01:30:00.000Z,4047.95,4053.28,4045.73,4050.88,8146
2025-11-10T01:45:00.000Z,4050.91,4052.84,4041.5,4044.22,7054
2025-11-10T02:00:00.000Z,4044.19,4047.31,4037.82,4044.81,6846
2025-11-10T02:15:00.000Z,4044.82,4047.96,4040.03,4041.21,4491
2025-11-10T02:30:00.000Z,4041.2,4046.1,4038.52,4044.67,5652
2025-11-10T02:45:00.000Z,4044.69,4049.13,4043.69,4048.22,4065
2025-11-10T03:00:00.000Z,4048.21,4048.22,4045.24,4045.83,3359
2025-11-10T03:15:00.000Z,4045.82,4051.78,4044.97,4050.71,3905
2025-11-10T03:30:00.000Z,4050.82,4052.51,4050.09,4050.42,3804
2025-11-10T03:45:00.000Z,4050.43,4051.38,4047.3,4050.08,2524
2025-11-10T04:00:00.000Z,4050.15,4056.82,4050.03,4056.19,4078
2025-11-10T04:15:00.000Z,4056.2,4056.72,4052.76,4053.89,3070
2025-11-10T04:30:00.000Z,4053.94,4055.44,4052.52,4052.52,2776
2025-11-10T04:45:00.000Z,4052.67,4054.74,4049.9,4054.2,3060
2025-11-10T05:00:00.000Z,4054.3,4054.3,4050.08,4050.17,2448
2025-11-10T05:15:00.000Z,4050.22,4056.09,4050.13,4055.39,2753
2025-11-10T05:30:00.000Z,4055.42,4065.02,4054.87,4063.05,5671
2025-11-10T05:45:00.000Z,4063.01,4069.86,4062.12,4069.33,4841
2025-11-10T06:00:00.000Z,4069.4,4071.19,4066.73,4067.96,4221
2025-11-10T06:15:00.000Z,4067.97,4073.72,4067.97,4072.94,4389
2025-11-10T06:30:00.000Z,4072.87,4078.41,4070.92,4073.16,5037
2025-11-10T06:45:00.000Z,4073.21,4076.29,4070.04,4075.08,4920
2025-11-10T07:00:00.000Z,4074.97,4078.74,4072.96,4078.62,3450
2025-11-10T07:15:00.000Z,4078.64,4079.05,4072.24,4075.65,4568
2025-11-10T07:30:00.000Z,4075.54,4079.02,4074.1,4075.63,3591
2025-11-10T07:45:00.000Z,4075.64,4078.58,4073.95,4075.29,4137
2025-11-10T08:00:00.000Z,4075.39,4083.32,4075.14,4079.31,6066
2025-11-10T08:15:00.000Z,4079.41,4081.07,4075.06,4080.32,4254
2025-11-10T08:30:00.000Z,4080.37,4085.03,4078.05,4078.71,4460
2025-11-10T08:45:00.000Z,4078.69,4082.99,4078.14,4082.15,4137
2025-11-10T09:00:00.000Z,4082.1,4083.34,4074.72,4075.05,4802
2025-11-10T09:15:00.000Z,4075.06,4080.45,4071.61,4080.06,5090
2025-11-10T09:30:00.000Z,4080.02,4086.38,4078.29,4081.08,4581
2025-11-10T09:45:00.000Z,4081.1,4082.4,4076.12,4076.65,4057
2025-11-10T10:00:00.000Z,4076.57,4081.59,4076.57,4081.3,3150
2025-11-10T10:15:00.000Z,4081.32,4082.8,4077.56,4077.62,2616
2025-11-10T10:30:00.000Z,4077.6,4083.52,4077.52,4078.16,3881
2025-11-10T10:45:00.000Z,4078.17,4081.21,4076.06,4080.92,3600
2025-11-10T11:00:00.000Z,4080.98,4082.41,4075.77,4078,4714
2025-11-10T11:15:00.000Z,4078.05,4080.45,4077.31,4079.15,2183
2025-11-10T11:30:00.000Z,4079.19,4083.62,4078.74,4082.62,2703
2025-11-10T11:45:00.000Z,4082.69,4085.44,4080.96,4085.35,3539
2025-11-10T12:00:00.000Z,4085.43,4089.63,4084.33,4089.45,4830
2025-11-10T12:15:00.000Z,4089.46,4095.76,4087.96,4094.15,6258
2025-11-10T12:30:00.000Z,4094.32,4096.64,4093.74,4094.65,3963
2025-11-10T12:45:00.000Z,4094.62,4100.01,4093.6,4097.62,5095
2025-11-10T13:00:00.000Z,4097.66,4105.93,4096.96,4102.88,9091
2025-11-10T13:15:00.000Z,4102.91,4105.11,4098.72,4102,7715
2025-11-10T13:30:00.000Z,4101.96,4103.38,4095.19,4098.07,7637
2025-11-10T13:45:00.000Z,4098.06,4098.21,4090.38,4091.73,7745
2025-11-10T14:00:00.000Z,4091.72,4094.15,4084.06,4086.35,8300
2025-11-10T14:15:00.000Z,4086.39,4088.82,4082.04,4086.37,7262
2025-11-10T14:30:00.000Z,4086.31,4086.31,4074.52,4081.34,10961
2025-11-10T14:45:00.000Z,4081.24,4086.98,4078.22,4083.53,9991
2025-11-10T15:00:00.000Z,4083.46,4092.78,4083.46,4087.43,10115
2025-11-10T15:15:00.000Z,4087.42,4094.37,4086.82,4089.14,8503
2025-11-10T15:30:00.000Z,4089.13,4089.54,4082.9,4087.68,8244
2025-11-10T15:45:00.000Z,4087.29,4087.8,4077.84,4084.3,8538
2025-11-10T16:00:00.000Z,4084.31,4091.91,4082.03,4091.36,7526
2025-11-10T16:15:00.000Z,4091.43,4093.36,4089.64,4093.13,6121
2025-11-10T16:30:00.000Z,4093.2,4095.75,4090.12,4091.07,7223
2025-11-10T16:45:00.000Z,4091.08,4095.65,4088.75,4094.99,5663
2025-11-10T17:00:00.000Z,4095.08,4098.17,4094.04,4096.32,6345
2025-11-10T17:15:00.000Z,4096.33,4098.38,4093.43,4096.95,6461
2025-11-10T17:30:00.000Z,4096.86,4098.17,4093.98,4094.8,5513
2025-11-10T17:45:00.000Z,4094.78,4102.66,4094.55,4102.57,6308
2025-11-10T18:00:00.000Z,4102.55,4105.11,4101.63,4104.81,6111
2025-11-10T18:15:00.000Z,4104.82,4114.49,4104.74,4114.15,7640
2025-11-10T18:30:00.000Z,4114.07,4115.87,4107.18,4109.2,6500
2025-11-10T18:45:00.000Z,4109.21,4110.52,4105.76,4110.15,5885
2025-11-10T19:00:00.000Z,4110.18,4114.54,4107.99,4113.49,5071
2025-11-10T19:15:00.000Z,4113.53,4115.47,4110.34,4114.46,5310
2025-11-10T19:30:00.000Z,4114.49,4114.72,4110.66,4110.71,4216
2025-11-10T19:45:00.000Z,4110.73,4113.95,4109.58,4113.28,4517
2025-11-10T20:00:00.000Z,4113.3,4114.63,4111.35,4111.84,3864
2025-11-10T20:15:00.000Z,4111.85,4112.64,4106.72,4111.31,6220
2025-11-10T20:30:00.000Z,4111.29,4113.14,4108.24,4113.14,5185
2025-11-10T20:45:00.000Z,4113.16,4113.18,4108.03,4111.69,6471
2025-11-10T21:00:00.000Z,4111.73,4112.98,4110.42,4111.65,1860
2025-11-10T21:15:00.000Z,4111.66,4114.52,4111.56,4112.33,1617
2025-11-10T21:30:00.000Z,4112.3,4113.9,4111.54,4113.74,1156
2025-11-10T21:45:00.000Z,4113.77,4116.53,4113.3,4115.42,1428
2025-11-10T23:00:00.000Z,4114.99,4120.46,4114.89,4119.29,3024
2025-11-10T23:15:00.000Z,4119.3,4120.55,4115.84,4120.33,2652
2025-11-10T23:30:00.000Z,4120.38,4120.38,4118.21,4120,2039
2025-11-10T23:45:00.000Z,4120.11,4122.35,4117.3,4119.94,3637
2025-11-11T00:00:00.000Z,4120.29,4120.46,4116.22,4119.63,3183
2025-11-11T00:15:00.000Z,4119.62,4126.02,4119.57,4124.92,3965
2025-11-11T00:30:00.000Z,4124.87,4129.3,4124.79,4129.25,4341
2025-11-11T00:45:00.000Z,4129.3,4133.74,4127.65,4130.97,5164
2025-11-11T01:00:00.000Z,4131.02,4135.44,4127.99,4132.4,7845
2025-11-11T01:15:00.000Z,4132.42,4137.95,4130.28,4137.42,6025
2025-11-11T01:30:00.000Z,4137.39,4141.15,4135.6,4135.6,5738
2025-11-11T01:45:00.000Z,4135.44,4137,4130.62,4136.27,6647
2025-11-11T02:00:00.000Z,4136.32,4137.13,4130.4,4134.72,5274
2025-11-11T02:15:00.000Z,4134.73,4137.55,4132.07,4134.1,3911
2025-11-11T02:30:00.000Z,4134.16,4138.88,4128.87,4138.83,6159
2025-11-11T02:45:00.000Z,4138.86,4139.53,4134.33,4138.07,5139
2025-11-11T03:00:00.000Z,4137.99,4144.19,4137.11,4143.16,4836
2025-11-11T03:15:00.000Z,4143.19,4145.61,4142.96,4144.36,4034
2025-11-11T03:30:00.000Z,4144.26,4148.03,4143.41,4144.74,4216
2025-11-11T03:45:00.000Z,4144.79,4147.08,4144.39,4146.86,3223
2025-11-11T04:00:00.000Z,4146.87,4148.98,4142.58,4143.24,4173
2025-11-11T04:15:00.000Z,4143.25,4144.64,4142.37,4144.05,2826
2025-11-11T04:30:00.000Z,4144.09,4146.29,4142.05,4142.21,3316
2025-11-11T04:45:00.000Z,4142.23,4146.17,4141.97,4143.16,3881
2025-11-11T05:00:00.000Z,4143.08,4144.35,4134.99,4140.64,5626
2025-11-11T05:15:00.000Z,4140.65,4142.11,4135.09,4136.15,4891
2025-11-11T05:30:00.000Z,4136.16,4136.91,4124.71,4129.82,8246
2025-11-11T05:45:00.000Z,4129.8,4135.52,4128.49,4131.12,5291
2025-11-11T06:00:00.000Z,4131.11,4134.55,4126.79,4133.83,5564
2025-11-11T06:15:00.000Z,4133.76,4137.78,4132.92,4137.65,3982
2025-11-11T06:30:00.000Z,4137.65,4137.68,4128.6,4129.59,5113
2025-11-11T06:45:00.000Z,4129.56,4132.93,4127.25,4129.9,4467
2025-11-11T07:00:00.000Z,4129.86,4131.09,4126.25,4129.7,4414
2025-11-11T07:15:00.000Z,4129.71,4133.04,4128.36,4131.27,4591
2025-11-11T07:30:00.000Z,4131.21,4131.76,4126.88,4130.75,4032
2025-11-11T07:45:00.000Z,4130.8,4132.82,4125.02,4129.56,4744
2025-11-11T08:00:00.000Z,4129.17,4137.31,4128.78,4136.81,5514
2025-11-11T08:15:00.000Z,4136.79,4137.7,4131.57,4134.69,4683
2025-11-11T08:30:00.000Z,4134.69,4135.06,4129.03,4132.29,4867
2025-11-11T08:45:00.000Z,4132.24,4137.3,4130.94,4135.69,4140
2025-11-11T09:00:00.000Z,4135.66,4144.12,4134.42,4143.21,4308
2025-11-11T09:15:00.000Z,4143.25,4144.46,4141.02,4143.83,3873
2025-11-11T09:30:00.000Z,4143.84,4145.22,4143.08,4143.66,3257
2025-11-11T09:45:00.000Z,4143.66,4145.92,4141.77,4141.91,3439
2025-11-11T10:00:00.000Z,4141.96,4142.44,4137.48,4141.22,4302
2025-11-11T10:15:00.000Z,4141.14,4144.09,4140.47,4142.03,3042
2025-11-11T10:30:00.000Z,4142,4142.1,4136.9,4139.53,4961
2025-11-11T10:45:00.000Z,4139.53,4144.12,4139.48,4141.79,3598
2025-11-11T11:00:00.000Z,4141.97,4143.66,4139.79,4140.05,3310
2025-11-11T11:15:00.000Z,4140.5,4143.74,4139.14,4141.34,3699
2025-11-11T11:30:00.000Z,4141.03,4144.35,4139.42,4142.2,3175
2025-11-11T11:45:00.000Z,4142.18,4144.5,4141.06,4142.95,3633
2025-11-11T12:00:00.000Z,4143.34,4143.93,4137.27,4139,4777
2025-11-11T12:15:00.000Z,4139,4140.92,4136.54,4138.98,4034
2025-11-11T12:30:00.000Z,4138.99,4141.72,4137.79,4141.22,3101
2025-11-11T12:45:00.000Z,4141.23,4141.23,4133.14,4134.28,5682
2025-11-11T13:00:00.000Z,4134.38,4140.67,4133.86,4140.21,5929
2025-11-11T13:15:00.000Z,4140.24,4143.79,4138.22,4141.61,5904
2025-11-11T13:30:00.000Z,4141.55,4146.68,4139.19,4141.86,6792
2025-11-11T13:45:00.000Z,4141.88,4145.72,4141.25,4142.61,5649
2025-11-11T14:00:00.000Z,4142.59,4143.17,4137.11,4139.56,6734
2025-11-11T14:15:00.000Z,4139.58,4140.19,4128.48,4130.26,7717
2025-11-11T14:30:00.000Z,4130.07,4133.49,4123.33,4132.85,11137
2025-11-11T14:45:00.000Z,4132.89,4134.77,4120.09,4125.02,10233
2025-11-11T15:00:00.000Z,4124.56,4126.1,4118.15,4121.01,9308
2025-11-11T15:15:00.000Z,4121.06,4121.35,4097.1,4101.51,11235
2025-11-11T15:30:00.000Z,4100.53,4108.02,4097.16,4107.91,10385
2025-11-11T15:45:00.000Z,4107.92,4112.37,4104.45,4106.68,8647
2025-11-11T16:00:00.000Z,4106.67,4113.43,4105.42,4113.43,7646
2025-11-11T16:15:00.000Z,4113.35,4114.91,4108.03,4109.35,7007
2025-11-11T16:30:00.000Z,4109.42,4114.71,4105.13,4113.98,7075
2025-11-11T16:45:00.000Z,4113.97,4115.76,4111.75,4113.27,5661
2025-11-11T17:00:00.000Z,4113.24,4117.81,4112.31,4115.66,4999
2025-11-11T17:15:00.000Z,4115.64,4117.61,4111.71,4114.32,5670
2025-11-11T17:30:00.000Z,4114.22,4114.88,4110.59,4113.8,5117
2025-11-11T17:45:00.000Z,4113.79,4116.4,4112.32,4114.36,4773
2025-11-11T18:00:00.000Z,4114.39,4116.29,4109.28,4109.73,5212
2025-11-11T18:15:00.000Z,4109.75,4114.96,4109.33,4110.53,5462
2025-11-11T18:30:00.000Z,4110.54,4111.7,4106.74,4109.38,5448
2025-11-11T18:45:00.000Z,4109.34,4114.83,4109.01,4113.86,4010
2025-11-11T19:00:00.000Z,4113.88,4117.54,4111.97,4117.54,3990
2025-11-11T19:15:00.000Z,4117.55,4119,4116.54,4117.64,3823
2025-11-11T19:30:00.000Z,4117.64,4122.14,4117.57,4121.67,3781
2025-11-11T19:45:00.000Z,4121.63,4126.1,4121.17,4123.05,4914
2025-11-11T20:00:00.000Z,4123.06,4127.32,4122.49,4127.25,4331
2025-11-11T20:15:00.000Z,4127.26,4128.76,4124.22,4125.68,5313
2025-11-11T20:30:00.000Z,4125.73,4130.32,4124.42,4129.51,4742
2025-11-11T20:45:00.000Z,4129.54,4131.87,4128.42,4129.57,4994
2025-11-11T21:00:00.000Z,4129.32,4130.56,4128.19,4130.48,2355
2025-11-11T21:15:00.000Z,4130.48,4131.47,4127.24,4128.81,2028
2025-11-11T21:30:00.000Z,4128.98,4129.35,4126.5,4128.49,1434
2025-11-11T21:45:00.000Z,4128.39,4128.39,4125.68,4126.47,1182
2025-11-11T23:00:00.000Z,4127.2,4133.3,4126.26,4133.09,2891
2025-11-11T23:15:00.000Z,4133.08,4139.02,4132.82,4138.22,5390
2025-11-11T23:30:00.000Z,4138.23,4143.7,4135.96,4143.38,4900
2025-11-11T23:45:00.000Z,4143.39,4144.79,4141.54,4142.74,3411
2025-11-12T00:00:00.000Z,4142.68,4145.49,4139.1,4143.8,4093
2025-11-12T00:15:00.000Z,4143.91,4144.42,4139.52,4141.59,3164
2025-11-12T00:30:00.000Z,4141.6,4144.37,4140.5,4141.86,3235
2025-11-12T00:45:00.000Z,4141.96,4142.82,4132.2,4133.01,5502
2025-11-12T01:00:00.000Z,4133.07,4137.32,4127.64,4134.88,7576
2025-11-12T01:15:00.000Z,4134.78,4134.88,4129.08,4130.79,7281
2025-11-12T01:30:00.000Z,4130.97,4133.89,4126.23,4133.72,6623
2025-11-12T01:45:00.000Z,4133.67,4135.85,4130.41,4131.56,5289
2025-11-12T02:00:00.000Z,4131.56,4135.55,4130.63,4134.05,4800
2025-11-12T02:15:00.000Z,4134.07,4134.97,4130.94,4131.65,3298
2025-11-12T02:30:00.000Z,4131.67,4131.77,4120.77,4125.19,6735
2025-11-12T02:45:00.000Z,4124.52,4126.28,4118.47,4124.03,6377
2025-11-12T03:00:00.000Z,4124.1,4125.31,4116.84,4122.96,5970
2025-11-12T03:15:00.000Z,4122.96,4123.66,4119.34,4119.52,4030
2025-11-12T03:30:00.000Z,4119.53,4121.7,4117.94,4120.34,3591
2025-11-12T03:45:00.000Z,4120.35,4121.35,4111.75,4111.89,5063
2025-11-12T04:00:00.000Z,4111.93,4113.03,4103.71,4109.54,6537
2025-11-12T04:15:00.000Z,4109.49,4111.53,4104.95,4111.5,5195
2025-11-12T04:30:00.000Z,4111.45,4112.48,4105.74,4107.5,4022
2025-11-12T04:45:00.000Z,4107.45,4112.25,4107.33,4110.52,2975
2025-11-12T05:00:00.000Z,4110.53,4111.01,4105.8,4107.84,3170
2025-11-12T05:15:00.000Z,4107.83,4109.78,4105.16,4105.34,3867
2025-11-12T05:30:00.000Z,4105.35,4107.92,4098.84,4105.2,6495
2025-11-12T05:45:00.000Z,4105.17,4107.32,4102.41,4104.66,4699
2025-11-12T06:00:00.000Z,4104.63,4109.7,4103.16,4106.18,5697
2025-11-12T06:15:00.000Z,4106.19,4115.98,4106.02,4114.84,6205
2025-11-12T06:30:00.000Z,4114.74,4119.01,4112.02,4116.92,6573
2025-11-12T06:45:00.000Z,4116.99,4118.66,4113.25,4118.48,4630
2025-11-12T07:00:00.000Z,4118.35,4125.15,4115.43,4124.96,5501
2025-11-12T07:15:00.000Z,4125.07,4125.35,4121.18,4123.96,4011
2025-11-12T07:30:00.000Z,4123.96,4124.12,4113.74,4114.29,4604
2025-11-12T07:45:00.000Z,4114.47,4119.04,4113.37,4117.04,4355
2025-11-12T08:00:00.000Z,4117.11,4119.49,4112.17,4118.78,5978
2025-11-12T08:15:00.000Z,4118.65,4130.46,4117.26,4128,6354
2025-11-12T08:30:00.000Z,4127.89,4132.68,4126.36,4128.6,5288
2025-11-12T08:45:00.000Z,4128.64,4132.57,4128.64,4131.31,4156
2025-11-12T09:00:00.000Z,4131.28,4133.63,4127.42,4128.6,4177
2025-11-12T09:15:00.000Z,4128.61,4132.44,4124.88,4127.15,5430
2025-11-12T09:30:00.000Z,4127.15,4129.61,4124.16,4126.27,5846
2025-11-12T09:45:00.000Z,4126.3,4126.82,4120.62,4124.65,5590
2025-11-12T10:00:00.000Z,4124.67,4126.36,4121.87,4125.67,4603
2025-11-12T10:15:00.000Z,4125.69,4128.41,4120.19,4120.78,5263
2025-11-12T10:30:00.000Z,4120.82,4127.73,4118.02,4125.66,5185
2025-11-12T10:45:00.000Z,4125.68,4129.33,4124.26,4127.79,4082
2025-11-12T11:00:00.000Z,4127.79,4131.24,4126.61,4131.24,3315
2025-11-12T11:15:00.000Z,4131.13,4131.24,4123.14,4124.26,4396
2025-11-12T11:30:00.000Z,4124.32,4128.65,4123.61,4128.44,5182
2025-11-12T11:45:00.000Z,4128.43,4128.86,4123.77,4126.07,5390
2025-11-12T12:00:00.000Z,4126.03,4130.75,4125,4130.53,5367
2025-11-12T12:15:00.000Z,4130.48,4137.69,4130.18,4136.39,6161
2025-11-12T12:30:00.000Z,4136.34,4139.49,4133.77,4134.37,6508
2025-11-12T12:45:00.000Z,4134.4,4137.2,4129.78,4130.25,5200
2025-11-12T13:00:00.000Z,4130.29,4131.37,4122.76,4125.69,7977
2025-11-12T13:15:00.000Z,4125.68,4130.22,4123.17,4127.49,7075
2025-11-12T13:30:00.000Z,4127.51,4132.63,4126.33,4129.1,6298
2025-11-12T13:45:00.000Z,4129.1,4131.48,4124.39,4127.13,5718
2025-11-12T14:00:00.000Z,4127.3,4137.99,4126.82,4135.03,8332
2025-11-12T14:15:00.000Z,4135.05,4136.61,4131.67,4131.78,6289
2025-11-12T14:30:00.000Z,4131.95,4138.89,4124.87,4136.23,11063
2025-11-12T14:45:00.000Z,4136.2,4140.11,4131.86,4136.68,10454
2025-11-12T15:00:00.000Z,4136.6,4162.21,4134.65,4162.07,10212
2025-11-12T15:15:00.000Z,4162,4172.47,4159.92,4166.72,11740
2025-11-12T15:30:00.000Z,4166.7,4180.93,4166.11,4178.8,11094
2025-11-12T15:45:00.000Z,4178.87,4185.54,4174.97,4181.41,10378
2025-11-12T16:00:00.000Z,4181.39,4189.47,4180.22,4183.8,10075
2025-11-12T16:15:00.000Z,4183.86,4187.75,4181.09,4187.04,8554
2025-11-12T16:30:00.000Z,4187.09,4196.18,4186.38,4193.31,10731
2025-11-12T16:45:00.000Z,4193.35,4197.76,4187.44,4196.45,9156
2025-11-12T17:00:00.000Z,4196.53,4202.53,4195.73,4198.88,8831
2025-11-12T17:15:00.000Z,4198.86,4199.75,4192.37,4196.49,9461
2025-11-12T17:30:00.000Z,4196.5,4206.53,4195.73,4202.56,9697
2025-11-12T17:45:00.000Z,4202.55,4204.39,4199.04,4199.43,8573
2025-11-12T18:00:00.000Z,4199.46,4201.41,4190.51,4199.81,9008
2025-11-12T18:15:00.000Z,4199.9,4211.7,4198.1,4206.82,9547
2025-11-12T18:30:00.000Z,4207.08,4210.6,4205.94,4208.62,7112
2025-11-12T18:45:00.000Z,4208.55,4210.44,4206.66,4206.86,6222
2025-11-12T19:00:00.000Z,4206.89,4210.18,4194.25,4195.66,7799
2025-11-12T19:15:00.000Z,4195.79,4200.26,4192.12,4194.11,8336
2025-11-12T19:30:00.000Z,4194.13,4200.19,4193.95,4194.87,7753
2025-11-12T19:45:00.000Z,4194.93,4199.93,4194.86,4197.4,7680
2025-11-12T20:00:00.000Z,4197.36,4198.07,4190.64,4197.56,7948
2025-11-12T20:15:00.000Z,4197.58,4199.57,4193.98,4195.46,6664
2025-11-12T20:30:00.000Z,4195.48,4197.59,4191.94,4195.68,6421
2025-11-12T20:45:00.000Z,4195.69,4199.46,4193.63,4195.92,5745
2025-11-12T21:00:00.000Z,4195.88,4197.05,4192.72,4192.79,2662
2025-11-12T21:15:00.000Z,4192.84,4198.47,4191.07,4197.68,2212
2025-11-12T21:30:00.000Z,4197.77,4202.11,4196.49,4197.41,2274
2025-11-12T21:45:00.000Z,4197.31,4199.6,4194.05,4195.01,1787
2025-11-12T23:00:00.000Z,4196.2,4208.52,4194.56,4198.8,4380
2025-11-12T23:15:00.000Z,4198.93,4200.13,4193.89,4195.96,2408
2025-11-12T23:30:00.000Z,4196.05,4196.1,4187.1,4190.81,3161
2025-11-12T23:45:00.000Z,4190.8,4193.46,4189.11,4191,3913
2025-11-13T00:00:00.000Z,4190.95,4192.08,4186.29,4187.98,4815
2025-11-13T00:15:00.000Z,4187.99,4194.18,4187.36,4192.68,4024
2025-11-13T00:30:00.000Z,4192.68,4205.95,4192.61,4201.77,6694
2025-11-13T00:45:00.000Z,4201.76,4208.75,4198.23,4205.81,7322
2025-11-13T01:00:00.000Z,4206.03,4209.25,4190.34,4190.96,10505
2025-11-13T01:15:00.000Z,4190.93,4191.18,4180.03,4187.97,9410
2025-11-13T01:30:00.000Z,4187.96,4190.52,4180.47,4188.46,8052
2025-11-13T01:45:00.000Z,4188.47,4193.89,4181.79,4192.34,8223
2025-11-13T02:00:00.000Z,4192.39,4195.97,4188.57,4194.01,6302
2025-11-13T02:15:00.000Z,4194.04,4194.91,4186.03,4187.84,5372
2025-11-13T02:30:00.000Z,4187.83,4194.54,4183.46,4192.02,6417
2025-11-13T02:45:00.000Z,4191.94,4194.21,4185.56,4190.2,6240
2025-11-13T03:00:00.000Z,4190.13,4203.89,4190.13,4199.76,6495
2025-11-13T03:15:00.000Z,4199.79,4205.76,4196.58,4200.71,6243
2025-11-13T03:30:00.000Z,4200.62,4207.32,4200.48,4207.22,4617
2025-11-13T03:45:00.000Z,4207.21,4213.2,4206.12,4212.96,5517
2025-11-13T04:00:00.000Z,4212.95,4219.41,4209.48,4217.65,6423
2025-11-13T04:15:00.000Z,4217.66,4217.73,4206.84,4209.61,5040
2025-11-13T04:30:00.000Z,4209.59,4210.39,4203.35,4207.74,6287
2025-11-13T04:45:00.000Z,4207.77,4210.68,4205.92,4209.32,5042
2025-11-13T05:00:00.000Z,4209.31,4217.55,4207.38,4217.25,5645
2025-11-13T05:15:00.000Z,4217.24,4217.62,4212.08,4212.42,5293
2025-11-13T05:30:00.000Z,4212.41,4216.94,4210.26,4215.24,7349
2025-11-13T05:45:00.000Z,4214.98,4216.55,4207.96,4212.04,7526
2025-11-13T06:00:00.000Z,4212.01,4212.03,4205.15,4206.1,6360
2025-11-13T06:15:00.000Z,4206.05,4211.49,4203.37,4209.16,5905
2025-11-13T06:30:00.000Z,4209.06,4209.92,4205.53,4205.74,4921
2025-11-13T06:45:00.000Z,4205.75,4211.9,4205.11,4210.45,5215
2025-11-13T07:00:00.000Z,4210.47,4211.92,4208.38,4210.47,4681
2025-11-13T07:15:00.000Z,4210.45,4218.31,4210.08,4216.42,4465
2025-11-13T07:30:00.000Z,4216.53,4218.84,4213.21,4215.45,5690
2025-11-13T07:45:00.000Z,4215.45,4220.09,4212.51,4219.95,5311
2025-11-13T08:00:00.000Z,4219.99,4230.43,4219.13,4229.64,7612
2025-11-13T08:15:00.000Z,4229.71,4238.07,4228.25,4237.44,6711
2025-11-13T08:30:00.000Z,4237.33,4239.49,4233.47,4236.07,5217
2025-11-13T08:45:00.000Z,4236.17,4238.52,4232.44,4232.91,5205
2025-11-13T09:00:00.000Z,4232.58,4234.48,4227.61,4232.95,5455
2025-11-13T09:15:00.000Z,4233.06,4239.47,4226.82,4226.98,5356
2025-11-13T09:30:00.000Z,4226.92,4233.79,4225.04,4227.84,5563
2025-11-13T09:45:00.000Z,4227.9,4233.88,4227.53,4233.15,4125
2025-11-13T10:00:00.000Z,4233.06,4239.01,4231.82,4237.44,3872
2025-11-13T10:15:00.000Z,4237.47,4240.07,4234.83,4234.98,5124
2025-11-13T10:30:00.000Z,4235.02,4236.33,4227.64,4233.6,5804
2025-11-13T10:45:00.000Z,4233.54,4234.72,4221.86,4225.54,5663
2025-11-13T11:00:00.000Z,4225.5,4231.58,4221.67,4227.29,5461
2025-11-13T11:15:00.000Z,4227.28,4228.24,4219.17,4223,6001
2025-11-13T11:30:00.000Z,4223.22,4231.94,4221.8,4231.79,4995
2025-11-13T11:45:00.000Z,4231.83,4232.27,4228.43,4230.54,5646
2025-11-13T12:00:00.000Z,4230.52,4235.68,4230.05,4234.56,5203
2025-11-13T12:15:00.000Z,4234.74,4237.23,4230.58,4233.39,4940
2025-11-13T12:30:00.000Z,4233.41,4237.28,4232.2,4235.43,4242
2025-11-13T12:45:00.000Z,4235.47,4245,4235.47,4242.54,5021
2025-11-13T13:00:00.000Z,4242.51,4243.86,4226.01,4230.3,10790
2025-11-13T13:15:00.000Z,4230.5,4237.57,4228.74,4235.19,8287
2025-11-13T13:30:00.000Z,4235.57,4236.11,4220.31,4228.58,9166
2025-11-13T13:45:00.000Z,4228.57,4232.55,4224.27,4231.86,6033
2025-11-13T14:00:00.000Z,4232.11,4232.45,4213.86,4220.6,8672
2025-11-13T14:15:00.000Z,4220.48,4221.2,4207.64,4211.23,8800
2025-11-13T14:30:00.000Z,4211.22,4220.02,4184.41,4187.95,12034
2025-11-13T14:45:00.000Z,4187.91,4200.91,4185.3,4195.69,11762
2025-11-13T15:00:00.000Z,4195.54,4205.09,4189.11,4201.72,10562
2025-11-13T15:15:00.000Z,4201.54,4204.64,4191.74,4194.81,9988
2025-11-13T15:30:00.000Z,4194.8,4200.86,4186.74,4197.6,10033
2025-11-13T15:45:00.000Z,4197.66,4203.3,4188.48,4202.64,9543
2025-11-13T16:00:00.000Z,4202.43,4210.78,4202.3,4210.06,8777
2025-11-13T16:15:00.000Z,4210.08,4210.79,4203.06,4206.44,8068
2025-11-13T16:30:00.000Z,4206.32,4208.71,4195.75,4197.63,9391
2025-11-13T16:45:00.000Z,4197.65,4207.02,4197.39,4206.79,8852
2025-11-13T17:00:00.000Z,4206.95,4208.38,4194.17,4194.92,8852
2025-11-13T17:15:00.000Z,4195.04,4204.88,4193.23,4202.83,9238
2025-11-13T17:30:00.000Z,4202.77,4206.79,4199.63,4200.64,8335
2025-11-13T17:45:00.000Z,4200.62,4205.45,4196.33,4201.78,9007
2025-11-13T18:00:00.000Z,4201.84,4203.29,4199.96,4202.13,6786
2025-11-13T18:15:00.000Z,4202.11,4203.03,4187.62,4190.36,8633
2025-11-13T18:30:00.000Z,4190.23,4190.6,4145.06,4155.82,13493
2025-11-13T18:45:00.000Z,4155.81,4162.01,4150.15,4157.92,10322
2025-11-13T19:00:00.000Z,4157.84,4157.84,4145.78,4153.8,9788
2025-11-13T19:15:00.000Z,4153.87,4160.98,4150.66,4159.87,8770
2025-11-13T19:30:00.000Z,4159.83,4169.78,4158.14,4169.77,7503
2025-11-13T19:45:00.000Z,4169.82,4170.57,4162.22,4163.87,6986
2025-11-13T20:00:00.000Z,4163.9,4167.1,4160.34,4165.24,7688
2025-11-13T20:15:00.000Z,4165.27,4170.6,4160.93,4169.46,7440
2025-11-13T20:30:00.000Z,4169.57,4170.74,4163.57,4164.77,6137
2025-11-13T20:45:00.000Z,4164.78,4167.17,4160.82,4163.98,6800
2025-11-13T21:00:00.000Z,4163.69,4181.07,4161.2,4178.54,4652
2025-11-13T21:15:00.000Z,4178.65,4178.74,4173,4174.26,2625
2025-11-13T21:30:00.000Z,4174.28,4176.08,4169.51,4173.08,2509
2025-11-13T21:45:00.000Z,4173.08,4173.56,4170.59,4171.34,1731
2025-11-13T23:00:00.000Z,4172.05,4181.6,4170.09,4176.41,3480
2025-11-13T23:15:00.000Z,4176.51,4184.59,4175.83,4179.3,3151
2025-11-13T23:30:00.000Z,4179.36,4181.52,4176.68,4179.24,3680
2025-11-13T23:45:00.000Z,4179.21,4186.75,4178.73,4185.95,4654
2025-11-14T00:00:00.000Z,4185.94,4186.41,4179.25,4185.6,4731
2025-11-14T00:15:00.000Z,4185.61,4189.82,4182.55,4188.31,4787
2025-11-14T00:30:00.000Z,4188.35,4189.78,4185.52,4186.71,4933
2025-11-14T00:45:00.000Z,4186.76,4187.34,4178.27,4183.86,5736
2025-11-14T01:00:00.000Z,4183.87,4189.09,4179.06,4182.93,7657
2025-11-14T01:15:00.000Z,4182.9,4186.51,4173.73,4174.6,8772
2025-11-14T01:30:00.000Z,4174.44,4183.87,4173.54,4180.19,6657
2025-11-14T01:45:00.000Z,4180.18,4193.77,4180.18,4190.01,8046
2025-11-14T02:00:00.000Z,4190,4194.5,4188.5,4194.04,6652
2025-11-14T02:15:00.000Z,4194.03,4202.33,4192.37,4199.54,6192
2025-11-14T02:30:00.000Z,4199.58,4204.63,4199.25,4203.99,7104
2025-11-14T02:45:00.000Z,4204.01,4210.33,4202.95,4207.19,6781
2025-11-14T03:00:00.000Z,4206.93,4208.92,4203.25,4205.63,6665
2025-11-14T03:15:00.000Z,4205.64,4210.86,4204.63,4210.72,5612
2025-11-14T03:30:00.000Z,4210.76,4211.2,4206.98,4207.18,4507
2025-11-14T03:45:00.000Z,4207.16,4207.25,4201.38,4204.43,5130
2025-11-14T04:00:00.000Z,4204.38,4205.83,4198.35,4199.91,3340
2025-11-14T04:15:00.000Z,4200.09,4201.4,4197.04,4197.78,5099
2025-11-14T04:30:00.000Z,4197.68,4204.11,4197.16,4202.39,4104
2025-11-14T04:45:00.000Z,4202.43,4203.62,4199.95,4203.3,3636
2025-11-14T05:00:00.000Z,4203.32,4203.66,4188.95,4189.51,5156
2025-11-14T05:15:00.000Z,4189.48,4189.6,4184,4188.32,6356
2025-11-14T05:30:00.000Z,4188.36,4196.56,4185.69,4193.92,7559
2025-11-14T05:45:00.000Z,4193.92,4195.31,4187.83,4189.89,5725
2025-11-14T06:00:00.000Z,4189.89,4193.43,4186.18,4189.79,5391
2025-11-14T06:15:00.000Z,4189.91,4190.16,4173.65,4178.11,7080
2025-11-14T06:30:00.000Z,4178.01,4184.17,4176.27,4180.55,5699
2025-11-14T06:45:00.000Z,4180.2,4180.61,4169.63,4175.21,7003
2025-11-14T07:00:00.000Z,4175.14,4177.33,4169.67,4171.38,7758
2025-11-14T07:15:00.000Z,4171.34,4174.05,4159.03,4163.4,8419
2025-11-14T07:30:00.000Z,4163.41,4174.35,4162.84,4174.01,5541
2025-11-14T07:45:00.000Z,4174.02,4182.29,4173.31,4181.05,5844
2025-11-14T08:00:00.000Z,4181.04,4182.05,4173.13,4174.32,6321
2025-11-14T08:15:00.000Z,4174.27,4184.07,4173.55,4177.07,6429
2025-11-14T08:30:00.000Z,4176.94,4187,4176.16,4182.82,7230
2025-11-14T08:45:00.000Z,4182.78,4183.89,4170.06,4176.04,7962
2025-11-14T09:00:00.000Z,4176.02,4180.44,4168.01,4174.66,8094
2025-11-14T09:15:00.000Z,4174.64,4177.25,4168.43,4170.11,7264
2025-11-14T09:30:00.000Z,4170.08,4171.5,4166.62,4170.88,6190
2025-11-14T09:45:00.000Z,4170.95,4171.7,4168.96,4169.29,4627
2025-11-14T10:00:00.000Z,4169.27,4170.46,4162.59,4165.42,5679
2025-11-14T10:15:00.000Z,4165.38,4170.54,4162.96,4165.12,5496
2025-11-14T10:30:00.000Z,4165.11,4168.32,4159.47,4167.25,5208
2025-11-14T10:45:00.000Z,4167.26,4170.87,4165.87,4167.91,4863
2025-11-14T11:00:00.000Z,4167.92,4170.02,4151.05,4152.94,6404
2025-11-14T11:15:00.000Z,4152.84,4152.98,4141.4,4148.71,7771
2025-11-14T11:30:00.000Z,4148.72,4158.04,4148.71,4153.74,6091
2025-11-14T11:45:00.000Z,4153.68,4153.71,4130.71,4132.97,9457
2025-11-14T12:00:00.000Z,4132.92,4140.59,4124.01,4125.96,10330
2025-11-14T12:15:00.000Z,4126,4128.41,4111.08,4113.22,9824
2025-11-14T12:30:00.000Z,4113.21,4119.22,4107.85,4115.39,9556
2025-11-14T12:45:00.000Z,4115.41,4119.67,4109.83,4116.06,8898
2025-11-14T13:00:00.000Z,4115.89,4119,4084.27,4086.14,10866
2025-11-14T13:15:00.000Z,4086.31,4091.84,4053.1,4055.87,12222
2025-11-14T13:30:00.000Z,4055.89,4063.53,4046.38,4054.73,10755
2025-11-14T13:45:00.000Z,4054.74,4057.73,4041.35,4055.88,11019
2025-11-14T14:00:00.000Z,4055.71,4055.76,4037.52,4050.22,10787
2025-11-14T14:15:00.000Z,4050.27,4060.38,4046.42,4053.42,9422
2025-11-14T14:30:00.000Z,4053.39,4072.61,4032.24,4067.97,12650
2025-11-14T14:45:00.000Z,4067.9,4083.97,4063.4,4082.82,11374
2025-11-14T15:00:00.000Z,4082.79,4082.79,4068.24,4079.3,11048
2025-11-14T15:15:00.000Z,4079.18,4082.12,4071.43,4080.88,11183
2025-11-14T15:30:00.000Z,4080.85,4083.49,4072.74,4073.39,10442
2025-11-14T15:45:00.000Z,4073.38,4096.35,4072.02,4093.54,10826
2025-11-14T16:00:00.000Z,4093.57,4095.26,4080.99,4084.12,9053
2025-11-14T16:15:00.000Z,4084.14,4103.27,4082.32,4102.3,8973
2025-11-14T16:30:00.000Z,4102.36,4111.25,4096.4,4108.34,8940
2025-11-14T16:45:00.000Z,4108.63,4109.35,4102.39,4105.16,8025
2025-11-14T17:00:00.000Z,4105.11,4110.55,4096.28,4102.4,8437
2025-11-14T17:15:00.000Z,4102.39,4104.09,4094.16,4098.89,7241
2025-11-14T17:30:00.000Z,4099.35,4110.35,4097.97,4103.4,8190
2025-11-14T17:45:00.000Z,4103.43,4104.73,4096.08,4099.92,8567
2025-11-14T18:00:00.000Z,4099.95,4100.37,4086.19,4094.81,9052
2025-11-14T18:15:00.000Z,4094.8,4095.15,4080.89,4093.13,8841
2025-11-14T18:30:00.000Z,4093.05,4103.63,4090.87,4096.94,7253
2025-11-14T18:45:00.000Z,4096.88,4102.96,4095.61,4098.16,6028
2025-11-14T19:00:00.000Z,4097.99,4100.08,4089.88,4095,7238
2025-11-14T19:15:00.000Z,4095.14,4097.15,4092.14,4093.65,5974
2025-11-14T19:30:00.000Z,4093.6,4095.5,4089.88,4090.23,5555
2025-11-14T19:45:00.000Z,4090.28,4095.73,4087.73,4089.98,5807
2025-11-14T20:00:00.000Z,4090.05,4092.39,4083.71,4087.32,5860
2025-11-14T20:15:00.000Z,4087.34,4088.95,4075.48,4083.7,6779
2025-11-14T20:30:00.000Z,4083.79,4092.32,4081.86,4087.56,6745
2025-11-14T20:45:00.000Z,4087.5,4091.43,4084.9,4087.12,7018
2025-11-14T21:00:00.000Z,4087.07,4087.07,4079.04,4079.93,2860
2025-11-14T21:15:00.000Z,4079.63,4085.41,4079.63,4082.75,2065
2025-11-14T21:30:00.000Z,4082.98,4084.22,4077.22,4080.35,2346
2025-11-14T21:45:00.000Z,4080.43,4084.97,4079.08,4084.17,938
2025-11-16T23:00:00.000Z,4084.64,4104.66,4076.82,4098.94,4236
2025-11-16T23:15:00.000Z,4098.95,4106.67,4095.44,4103.69,5685
2025-11-16T23:30:00.000Z,4104.29,4106.24,4098.9,4102.54,3962
2025-11-16T23:45:00.000Z,4102.46,4103.24,4093.52,4096.67,4256
2025-11-17T00:00:00.000Z,4096.65,4098.49,4084.34,4085.17,6866
2025-11-17T00:15:00.000Z,4085.18,4091.85,4080.63,4086.39,5421
2025-11-17T00:30:00.000Z,4086.49,4091.94,4085.34,4089.78,5131
2025-11-17T00:45:00.000Z,4089.66,4091.48,4081.44,4083.22,5464
2025-11-17T01:00:00.000Z,4083.15,4095.99,4082.76,4093.79,8696
2025-11-17T01:15:00.000Z,4093.78,4096.85,4085.46,4095.85,6927
2025-11-17T01:30:00.000Z,4095.87,4101.89,4094.22,4098.78,7032
2025-11-17T01:45:00.000Z,4098.77,4099.65,4090.33,4091.33,6575
2025-11-17T02:00:00.000Z,4091.21,4092.64,4083.73,4089.3,6576
2025-11-17T02:15:00.000Z,4089.15,4092.25,4085.99,4091.76,5301
2025-11-17T02:30:00.000Z,4091.8,4093.71,4085.63,4088.14,6259
2025-11-17T02:45:00.000Z,4088.18,4089.58,4080.75,4081.98,6956
2025-11-17T03:00:00.000Z,4082.02,4082.72,4070.05,4079.69,7497
2025-11-17T03:15:00.000Z,4079.7,4085.67,4075.83,4080.19,6591
2025-11-17T03:30:00.000Z,4080.23,4083.38,4077.9,4083.15,4446
2025-11-17T03:45:00.000Z,4083.11,4085.11,4080.69,4082.82,4501
2025-11-17T04:00:00.000Z,4082.79,4087.97,4082.18,4083.92,5388
2025-11-17T04:15:00.000Z,4083.94,4084.5,4081.11,4083.21,2931
2025-11-17T04:30:00.000Z,4083.25,4085.25,4081.23,4083.47,2959
2025-11-17T04:45:00.000Z,4083.43,4083.57,4076.9,4078.56,4024
2025-11-17T05:00:00.000Z,4078.59,4078.67,4071.93,4072.39,4578
2025-11-17T05:15:00.000Z,4072.41,4072.8,4059.08,4064.3,6913
2025-11-17T05:30:00.000Z,4064.28,4064.74,4049.68,4057.31,8655
2025-11-17T05:45:00.000Z,4057.26,4060.34,4053.54,4058.34,6252
2025-11-17T06:00:00.000Z,4058.21,4066.4,4054.79,4058.64,7191
2025-11-17T06:15:00.000Z,4058.58,4064.82,4056.34,4063.08,5212
2025-11-17T06:30:00.000Z,4062.99,4071.89,4062.58,4066.71,5554
2025-11-17T06:45:00.000Z,4066.72,4069.84,4064.89,4065.99,5300
2025-11-17T07:00:00.000Z,4065.34,4073.59,4065.17,4072.69,4589
2025-11-17T07:15:00.000Z,4072.71,4079.5,4072.24,4078.83,4826
2025-11-17T07:30:00.000Z,4078.7,4083.35,4077.17,4083.35,3584
2025-11-17T07:45:00.000Z,4083.32,4089.05,4083.3,4088.18,4960
2025-11-17T08:00:00.000Z,4088.15,4095.93,4086.78,4090.17,6161
2025-11-17T08:15:00.000Z,4090.15,4090.73,4079.24,4081.03,6057
2025-11-17T08:30:00.000Z,4081.07,4083.89,4075.75,4077.74,5720
2025-11-17T08:45:00.000Z,4077.6,4079.53,4072.1,4077.42,5700
2025-11-17T09:00:00.000Z,4077.05,4082.37,4072.19,4082.2,5927
2025-11-17T09:15:00.000Z,4082.21,4085.23,4079.47,4083.46,5097
2025-11-17T09:30:00.000Z,4083.51,4088.64,4082.07,4086.21,5041
2025-11-17T09:45:00.000Z,4086.25,4086.7,4079.11,4082.09,4435
2025-11-17T10:00:00.000Z,4082.13,4089.43,4081.21,4087.29,3916
2025-11-17T10:15:00.000Z,4087.59,4089.5,4083.93,4084.43,4057
2025-11-17T10:30:00.000Z,4084.17,4086.42,4078.1,4079.38,4957
2025-11-17T10:45:00.000Z,4079.39,4081.14,4068.51,4070.25,5571
2025-11-17T11:00:00.000Z,4070.26,4073.74,4061.07,4068.25,5999
2025-11-17T11:15:00.000Z,4068.28,4072.39,4065.4,4065.65,3621
2025-11-17T11:30:00.000Z,4065.76,4082.93,4064.56,4080.32,5666
2025-11-17T11:45:00.000Z,4080.34,4085.87,4076.59,4078.5,5616
2025-11-17T12:00:00.000Z,4078.91,4080.34,4076.77,4078.47,3933
2025-11-17T12:15:00.000Z,4078.46,4080.27,4074.64,4078.38,4606
2025-11-17T12:30:00.000Z,4078.42,4085.18,4077.76,4082.67,4179
2025-11-17T12:45:00.000Z,4082.72,4083.38,4074.98,4077.18,4711
2025-11-17T13:00:00.000Z,4077.19,4092.2,4076.04,4083.29,7294
2025-11-17T13:15:00.000Z,4083.24,4087.23,4075.07,4076.68,6315
2025-11-17T13:30:00.000Z,4076.67,4079.59,4067.4,4069.39,7431
2025-11-17T13:45:00.000Z,4069.34,4071.19,4061.06,4065.35,7719
2025-11-17T14:00:00.000Z,4064.3,4074.5,4060.74,4073.58,7242
2025-11-17T14:15:00.000Z,4073.64,4074.58,4064.13,4066.45,6141
2025-11-17T14:30:00.000Z,4066.56,4081.98,4065.59,4074.04,10409
2025-11-17T14:45:00.000Z,4074.03,4080.41,4072.33,4076.29,9734
2025-11-17T15:00:00.000Z,4076.3,4077.54,4061.67,4068.86,10426
2025-11-17T15:15:00.000Z,4068.87,4075.81,4060.76,4072.57,10007
2025-11-17T15:30:00.000Z,4072.47,4077.39,4070.69,4073.73,9417
2025-11-17T15:45:00.000Z,4073.61,4073.67,4063.49,4064.29,8986
2025-11-17T16:00:00.000Z,4064.16,4065.21,4052.17,4061.48,9708
2025-11-17T16:15:00.000Z,4061.55,4068.93,4059.27,4068.89,7787
2025-11-17T16:30:00.000Z,4068.99,4073.67,4068.05,4068.78,7393
2025-11-17T16:45:00.000Z,4068.86,4071.01,4065.15,4070.08,6247
2025-11-17T17:00:00.000Z,4070.11,4075.69,4069.65,4074.08,5917
2025-11-17T17:15:00.000Z,4074.09,4080.67,4072.3,4077.39,6469
2025-11-17T17:30:00.000Z,4077.37,4080.92,4073.9,4075.54,6449
2025-11-17T17:45:00.000Z,4075.58,4075.89,4071.32,4073.38,5882
2025-11-17T18:00:00.000Z,4073.42,4076.11,4071.14,4072.68,6151
2025-11-17T18:15:00.000Z,4072.71,4075.43,4067.75,4073,6054
2025-11-17T18:30:00.000Z,4073,4073,4067.39,4068.74,6272
2025-11-17T18:45:00.000Z,4068.72,4071.58,4062.29,4062.63,6880
2025-11-17T19:00:00.000Z,4062.69,4064.21,4056.4,4060.57,8046
2025-11-17T19:15:00.000Z,4060.7,4065.07,4053.46,4056.6,6774
2025-11-17T19:30:00.000Z,4056.48,4058.49,4016.21,4019.48,11839
2025-11-17T19:45:00.000Z,4019.49,4025.71,4010.94,4011.17,11008
2025-11-17T20:00:00.000Z,4011.16,4022.74,4006.91,4016.38,10263
2025-11-17T20:15:00.000Z,4016.35,4028.07,4015.5,4027.05,8183
2025-11-17T20:30:00.000Z,4027.26,4031.58,4025.27,4029.93,6592
2025-11-17T20:45:00.000Z,4029.86,4044.04,4029.34,4040.96,7554
2025-11-17T21:00:00.000Z,4040.91,4045.67,4038.9,4044.5,3398
2025-11-17T21:15:00.000Z,4044.5,4045.94,4042.69,4043.6,2198
2025-11-17T21:30:00.000Z,4043.7,4044.87,4042.64,4043.5,1777
2025-11-17T21:45:00.000Z,4043.51,4045.94,4042.43,4045.4,1124
2025-11-17T23:00:00.000Z,4044.67,4055.38,4044.62,4050.21,3675
2025-11-17T23:15:00.000Z,4050.21,4052.46,4047.3,4048.13,2093
2025-11-17T23:30:00.000Z,4048.18,4049.73,4034.39,4037.25,4578
2025-11-17T23:45:00.000Z,4037.06,4042.77,4028.67,4036.81,5632
2025-11-18T00:00:00.000Z,4036.95,4040.34,4030.52,4036.43,4877
2025-11-18T00:15:00.000Z,4036.66,4036.96,4027.34,4030.87,5026
2025-11-18T00:30:00.000Z,4030.88,4039.15,4028.82,4036.95,4515
2025-11-18T00:45:00.000Z,4036.94,4041.29,4032.21,4040.2,5778
2025-11-18T01:00:00.000Z,4040.22,4045.16,4035.05,4040.99,8217
2025-11-18T01:15:00.000Z,4040.97,4044.93,4037.07,4040.34,5779
2025-11-18T01:30:00.000Z,4040.27,4041.37,4030.08,4033.15,6616
2025-11-18T01:45:00.000Z,4033.15,4034.01,4022.6,4024.85,7445
2025-11-18T02:00:00.000Z,4024.5,4034.26,4019.42,4034.05,6317
2025-11-18T02:15:00.000Z,4034.08,4034.49,4027.04,4030.68,4253
2025-11-18T02:30:00.000Z,4030.69,4035.76,4028.34,4029.93,5699
2025-11-18T02:45:00.000Z,4029.88,4030.83,4015.23,4017.59,7195
2025-11-18T03:00:00.000Z,4017.57,4019.63,4010.13,4014.74,6704
2025-11-18T03:15:00.000Z,4014.57,4015.19,4008.49,4012.85,5087
2025-11-18T03:30:00.000Z,4012.94,4026.36,4011.48,4022.14,5346
2025-11-18T03:45:00.000Z,4022.01,4022.19,4011.36,4013.14,5805
2025-11-18T04:00:00.000Z,4013.13,4013.48,4009.82,4011.01,5270
2025-11-18T04:15:00.000Z,4011.02,4018.15,4004.61,4017.77,7454
2025-11-18T04:30:00.000Z,4017.74,4017.84,4007.68,4010.34,5197
2025-11-18T04:45:00.000Z,4010.36,4012.19,4008.74,4010.49,4031
2025-11-18T05:00:00.000Z,4010.54,4014.25,4008.3,4012.23,4736
2025-11-18T05:15:00.000Z,4012.19,4021.8,4010.72,4016.96,4611
2025-11-18T05:30:00.000Z,4016.97,4024.85,4016.71,4023.81,6352
2025-11-18T05:45:00.000Z,4023.82,4025.09,4015.56,4018.94,4470
2025-11-18T06:00:00.000Z,4019.05,4020.44,4012.5,4012.66,5049
2025-11-18T06:15:00.000Z,4012.65,4015.77,4008.37,4014.13,6141
2025-11-18T06:30:00.000Z,4014.01,4015.46,4007.59,4011.24,6527
2025-11-18T06:45:00.000Z,4011.17,4015.72,4008.69,4008.92,5040
2025-11-18T07:00:00.000Z,4008.89,4009.38,4002.55,4008.47,6075
2025-11-18T07:15:00.000Z,4008.45,4010.81,4002.24,4002.33,5446
2025-11-18T07:30:00.000Z,4002.3,4015.12,3997.82,4011.68,7499
2025-11-18T07:45:00.000Z,4011.67,4017.44,4009.92,4013.67,4786
2025-11-18T08:00:00.000Z,4013.68,4026.82,4010.67,4025.15,6987
2025-11-18T08:15:00.000Z,4025.13,4026.29,4021.26,4022.23,5482
2025-11-18T08:30:00.000Z,4022.12,4042.68,4021.59,4037.19,7096
2025-11-18T08:45:00.000Z,4037.18,4041.67,4033.9,4036.8,5769
2025-11-18T09:00:00.000Z,4036.5,4039.16,4030.41,4033.3,5137
2025-11-18T09:15:00.000Z,4033.62,4039.93,4033.56,4034.79,4907
2025-11-18T09:30:00.000Z,4034.7,4037.37,4030.22,4037.22,4773
2025-11-18T09:45:00.000Z,4037.44,4047.18,4036.03,4040.21,5495
2025-11-18T10:00:00.000Z,4039.87,4044.88,4037.61,4040.82,5566
2025-11-18T10:15:00.000Z,4040.88,4043.4,4038.49,4038.55,4694
2025-11-18T10:30:00.000Z,4038.19,4043.59,4037.57,4043.29,4518
2025-11-18T10:45:00.000Z,4043.5,4050.48,4041.72,4044.21,5271
2025-11-18T11:00:00.000Z,4044.29,4048.62,4042.73,4045.65,3627
2025-11-18T11:15:00.000Z,4045.76,4048.93,4044.52,4048.42,3643
2025-11-18T11:30:00.000Z,4048.41,4050.35,4043.5,4044.84,3821
2025-11-18T11:45:00.000Z,4044.98,4045.24,4036.94,4039.42,5164
2025-11-18T12:00:00.000Z,4039.31,4044.99,4037.81,4039.92,5628
2025-11-18T12:15:00.000Z,4039.99,4043.33,4032.13,4033.07,6129
2025-11-18T12:30:00.000Z,4033.06,4039.93,4032.14,4033.65,5549
2025-11-18T12:45:00.000Z,4033.59,4035.38,4029.25,4032.37,6525
2025-11-18T13:00:00.000Z,4033.12,4046.17,4031.21,4042.93,7672
2025-11-18T13:15:00.000Z,4042.98,4052.86,4040.89,4048.99,7581
2025-11-18T13:30:00.000Z,4048.91,4068.14,4048,4063.43,8815
2025-11-18T13:45:00.000Z,4063.48,4070.32,4062.17,4065.28,7382
2025-11-18T14:00:00.000Z,4065.23,4075.23,4063.51,4073.94,8763
2025-11-18T14:15:00.000Z,4073.99,4080.63,4073.41,4074.84,8151
2025-11-18T14:30:00.000Z,4074.95,4081.91,4069.82,4073.26,11543
2025-11-18T14:45:00.000Z,4073.4,4077.55,4058.21,4065.84,11152
2025-11-18T15:00:00.000Z,4065.83,4068.1,4053.25,4059.54,11303
2025-11-18T15:15:00.000Z,4059.39,4067.27,4054.24,4064.9,10433
2025-11-18T15:30:00.000Z,4064.9,4072.42,4058.22,4060.36,10326
2025-11-18T15:45:00.000Z,4060.29,4061.03,4049.13,4052.91,9712
2025-11-18T16:00:00.000Z,4052.92,4054.43,4040.38,4053.49,10721
2025-11-18T16:15:00.000Z,4053.52,4065.45,4051.5,4064.91,8841
2025-11-18T16:30:00.000Z,4064.96,4066.91,4057.75,4062.47,7555
2025-11-18T16:45:00.000Z,4062.48,4069.3,4060.73,4066.87,6625
2025-11-18T17:00:00.000Z,4066.69,4070.59,4063.76,4066.28,6907
2025-11-18T17:15:00.000Z,4066.3,4068.19,4059.46,4061.48,8150
2025-11-18T17:30:00.000Z,4061.33,4075.81,4060.64,4073.16,8526
2025-11-18T17:45:00.000Z,4073.28,4074.48,4069.84,4071.37,6594
2025-11-18T18:00:00.000Z,4071.54,4074.74,4067.87,4068.53,5710
2025-11-18T18:15:00.000Z,4068.64,4070.44,4063.13,4065.77,7387
2025-11-18T18:30:00.000Z,4066.02,4072.95,4063.69,4070.83,6250
2025-11-18T18:45:00.000Z,4070.84,4074.49,4069.42,4072.72,6212
2025-11-18T19:00:00.000Z,4072.76,4079.79,4072.67,4079.56,6374
2025-11-18T19:15:00.000Z,4079.57,4080.85,4075.07,4075.6,6849
2025-11-18T19:30:00.000Z,4075.68,4081.2,4073.55,4076.77,6419
2025-11-18T19:45:00.000Z,4077.13,4082.01,4076.71,4081.14,6176
2025-11-18T20:00:00.000Z,4081.31,4082.27,4073.27,4073.52,7195
2025-11-18T20:15:00.000Z,4073.79,4076.39,4069.45,4072.2,6996
2025-11-18T20:30:00.000Z,4072.21,4073.66,4068.48,4068.7,6502
2025-11-18T20:45:00.000Z,4068.82,4071.38,4067.43,4069.6,6618
2025-11-18T21:00:00.000Z,4069.64,4072.38,4069.35,4070.33,2802
2025-11-18T21:15:00.000Z,4069.96,4070.03,4064.93,4065.77,2368
2025-11-18T21:30:00.000Z,4065.92,4068.48,4065.26,4067.32,1788
2025-11-18T21:45:00.000Z,4067.23,4068.29,4065.82,4067.44,1536
2025-11-18T23:00:00.000Z,4066.08,4073.05,4066.08,4071.24,2203
2025-11-18T23:15:00.000Z,4071.31,4073.43,4070.7,4071.39,1600
2025-11-18T23:30:00.000Z,4071.33,4073.73,4068.1,4073.32,2155
2025-11-18T23:45:00.000Z,4073.4,4077.76,4070.08,4076.66,2725
2025-11-19T00:00:00.000Z,4076.63,4077.75,4071.22,4073.12,3051
2025-11-19T00:15:00.000Z,4073.02,4078.46,4070.98,4074.88,3155
2025-11-19T00:30:00.000Z,4074.41,4077.44,4074.38,4075.53,3019
2025-11-19T00:45:00.000Z,4075.44,4075.85,4067.57,4069.42,4014
2025-11-19T01:00:00.000Z,4069.43,4070.27,4061.62,4064.72,7098
2025-11-19T01:15:00.000Z,4064.71,4069.84,4060.99,4067.81,5364
2025-11-19T01:30:00.000Z,4067.81,4070.37,4061.36,4065.37,4835
2025-11-19T01:45:00.000Z,4065.38,4065.58,4056.45,4059.05,4766
2025-11-19T02:00:00.000Z,4059.15,4063.96,4055.64,4059.9,6023
2025-11-19T02:15:00.000Z,4060,4065.14,4059.78,4064.42,4590
2025-11-19T02:30:00.000Z,4064.39,4078.62,4064.16,4078.3,8141
2025-11-19T02:45:00.000Z,4078.31,4080.65,4075.29,4075.65,5657
2025-11-19T03:00:00.000Z,4075.56,4078.58,4072.28,4073.58,5063
2025-11-19T03:15:00.000Z,4073.63,4075.4,4069.71,4071.85,6125
2025-11-19T03:30:00.000Z,4071.84,4074.29,4070.41,4073.26,3240
2025-11-19T03:45:00.000Z,4073.65,4076.2,4066.1,4066.91,4147
2025-11-19T04:00:00.000Z,4066.9,4071.07,4064.47,4068.7,3846
2025-11-19T04:15:00.000Z,4068.69,4075.7,4068.27,4074.29,4354
2025-11-19T04:30:00.000Z,4074.13,4076.88,4072.52,4074.81,3976
2025-11-19T04:45:00.000Z,4074.81,4076.91,4073.45,4075.13,4386
2025-11-19T05:00:00.000Z,4075.23,4079.44,4074.28,4079.06,4240
2025-11-19T05:15:00.000Z,4079.01,4092.27,4078.87,4088.86,7421
2025-11-19T05:30:00.000Z,4088.88,4097.45,4087.96,4092.64,7976
2025-11-19T05:45:00.000Z,4092.66,4095.58,4090.48,4095.48,6119
2025-11-19T06:00:00.000Z,4095.46,4098.52,4092.32,4096.86,6374
2025-11-19T06:15:00.000Z,4096.76,4096.85,4089.18,4092.26,5435
2025-11-19T06:30:00.000Z,4092.11,4095.4,4089.57,4094.19,4999
2025-11-19T06:45:00.000Z,4094.12,4095.36,4089.85,4091,5304
2025-11-19T07:00:00.000Z,4090.66,4092.85,4084.88,4087.26,4622
2025-11-19T07:15:00.000Z,4087.27,4090.92,4085.27,4088.52,4032
2025-11-19T07:30:00.000Z,4088.53,4096.16,4088.12,4094.95,4962
2025-11-19T07:45:00.000Z,4094.96,4096.89,4086.27,4086.95,5279
2025-11-19T08:00:00.000Z,4086.8,4086.9,4078.28,4082.16,6555
2025-11-19T08:15:00.000Z,4082.14,4088.71,4080.51,4087.97,5282
2025-11-19T08:30:00.000Z,4087.96,4088.58,4080.39,4081.57,5598
2025-11-19T08:45:00.000Z,4081.56,4085.64,4080.35,4083.45,4513
2025-11-19T09:00:00.000Z,4083.22,4090.66,4081.12,4089.98,5780
2025-11-19T09:15:00.000Z,4089.93,4092.05,4085.62,4091.21,4864
2025-11-19T09:30:00.000Z,4091.25,4098.75,4087.82,4098.54,4903
2025-11-19T09:45:00.000Z,4098.62,4116.23,4098.39,4113.38,8615
2025-11-19T10:00:00.000Z,4113.41,4119.05,4109.28,4111.18,7135
2025-11-19T10:15:00.000Z,4111.5,4115.88,4110.69,4112.28,6062
2025-11-19T10:30:00.000Z,4112,4114.68,4110.26,4112.73,4856
2025-11-19T10:45:00.000Z,4112.76,4113.71,4107.07,4108.96,5446
2025-11-19T11:00:00.000Z,4109.15,4111.35,4106.54,4110.12,4855
2025-11-19T11:15:00.000Z,4110.1,4117.51,4109.99,4114.35,4522
2025-11-19T11:30:00.000Z,4114.32,4115.05,4109.97,4111.51,3758
2025-11-19T11:45:00.000Z,4111.49,4116.91,4111.41,4112.86,4288
2025-11-19T12:00:00.000Z,4112.93,4119.78,4112.6,4116.24,4628
2025-11-19T12:15:00.000Z,4116.22,4117.47,4112.26,4117.07,4128
2025-11-19T12:30:00.000Z,4117.1,4119.82,4114.92,4117.29,3687
2025-11-19T12:45:00.000Z,4117.31,4119.62,4112.23,4114.54,5029
2025-11-19T13:00:00.000Z,4114.57,4115.19,4101.35,4103.21,8732
2025-11-19T13:15:00.000Z,4102.95,4109.66,4100.85,4109.38,8111
2025-11-19T13:30:00.000Z,4109.34,4115.07,4106.58,4114.53,7523
2025-11-19T13:45:00.000Z,4114.62,4117.74,4106.11,4110.64,7341
2025-11-19T14:00:00.000Z,4110.67,4118.73,4110.67,4117.62,6670
2025-11-19T14:15:00.000Z,4117.66,4118.77,4105.97,4106.88,7318
2025-11-19T14:30:00.000Z,4106.89,4117.65,4101.97,4112.58,10761
2025-11-19T14:45:00.000Z,4112.53,4128.98,4109.23,4127.99,10272
2025-11-19T15:00:00.000Z,4127.89,4130.14,4120.74,4129.88,9798
2025-11-19T15:15:00.000Z,4129.89,4132.8,4115.96,4116.35,9886
2025-11-19T15:30:00.000Z,4116.26,4121.34,4108.99,4109.87,9599
2025-11-19T15:45:00.000Z,4110.01,4110.75,4090.15,4096.63,10812
2025-11-19T16:00:00.000Z,4096.6,4098.55,4083.8,4094.75,11244
2025-11-19T16:15:00.000Z,4094.66,4095.33,4071.55,4074.62,10936
2025-11-19T16:30:00.000Z,4074.34,4079.32,4067.88,4073.55,10982
2025-11-19T16:45:00.000Z,4073.59,4078.19,4070.05,4074.63,10315
2025-11-19T17:00:00.000Z,4074.6,4076.3,4055.65,4065.64,11457
2025-11-19T17:15:00.000Z,4065.53,4073.07,4061.99,4072.24,10178
2025-11-19T17:30:00.000Z,4072.16,4078.34,4063.06,4075.33,10605
2025-11-19T17:45:00.000Z,4075.19,4081.23,4072,4078.97,9244
2025-11-19T18:00:00.000Z,4078.86,4085.62,4078.64,4083.87,8735
2025-11-19T18:15:00.000Z,4083.94,4086.61,4078.83,4081.77,8509
2025-11-19T18:30:00.000Z,4081.72,4084.29,4075.76,4079.28,8497
2025-11-19T18:45:00.000Z,4079.18,4091.12,4078.21,4087.29,6887
2025-11-19T19:00:00.000Z,4087.3,4087.34,4073.22,4078.02,8389
2025-11-19T19:15:00.000Z,4078.02,4079.13,4069.23,4071.8,8383
2025-11-19T19:30:00.000Z,4071.78,4076.67,4069.15,4071.79,7510
2025-11-19T19:45:00.000Z,4071.8,4077.41,4070.84,4073.62,8394
2025-11-19T20:00:00.000Z,4073.62,4078.06,4072.28,4075.68,5375
2025-11-19T20:15:00.000Z,4075.65,4082.11,4075.65,4079.39,5853
2025-11-19T20:30:00.000Z,4079.29,4080.46,4074.69,4077.07,6674
2025-11-19T20:45:00.000Z,4077.29,4078.35,4072.29,4076.31,6368
2025-11-19T21:00:00.000Z,4076.3,4076.32,4071.32,4072.34,3352
2025-11-19T21:15:00.000Z,4072.35,4077.28,4065.67,4076.74,4655
2025-11-19T21:30:00.000Z,4076.5,4084.73,4076.19,4080.14,3661
2025-11-19T21:45:00.000Z,4080.32,4082.15,4076.23,4077.34,1944
2025-11-19T23:00:00.000Z,4077.38,4089.73,4077.38,4087.62,2910
2025-11-19T23:15:00.000Z,4088.38,4091.34,4087.48,4088.1,2484
2025-11-19T23:30:00.000Z,4088.25,4098.56,4085.85,4096.23,4247
2025-11-19T23:45:00.000Z,4096.21,4108.26,4096.19,4104.48,5216
2025-11-20T00:00:00.000Z,4104.53,4110.19,4103.41,4105.54,4851
2025-11-20T00:15:00.000Z,4105.49,4109.15,4105.03,4105.6,3460
2025-11-20T00:30:00.000Z,4105.56,4108.83,4101.69,4105.12,4580
2025-11-20T00:45:00.000Z,4105.1,4106.03,4100.5,4103.06,4717
2025-11-20T01:00:00.000Z,4102.96,4109.06,4096.57,4097.58,8439
2025-11-20T01:15:00.000Z,4097.54,4098.94,4092.49,4094.5,6260
2025-11-20T01:30:00.000Z,4094.49,4094.86,4088.34,4091.73,6243
2025-11-20T01:45:00.000Z,4091.73,4098.28,4081.15,4081.44,7346
2025-11-20T02:00:00.000Z,4081.18,4081.47,4059.21,4063.5,9990
2025-11-20T02:15:00.000Z,4063.51,4064.23,4040.94,4055.18,9342
2025-11-20T02:30:00.000Z,4055.17,4061.84,4053.37,4061.36,7023
2025-11-20T02:45:00.000Z,4061.54,4070.15,4060.3,4067.04,6029
2025-11-20T03:00:00.000Z,4067.03,4085.52,4066.57,4078.23,8189
2025-11-20T03:15:00.000Z,4078.28,4078.43,4072.8,4076.12,5713
2025-11-20T03:30:00.000Z,4076.35,4076.63,4065.24,4065.95,5055
2025-11-20T03:45:00.000Z,4065.94,4072.98,4064.79,4072.43,4665
2025-11-20T04:00:00.000Z,4072.47,4078.73,4068.32,4077.97,5011
2025-11-20T04:15:00.000Z,4077.94,4080.13,4076.16,4078.27,3537
2025-11-20T04:30:00.000Z,4078.25,4079.7,4073.4,4076.47,3010
2025-11-20T04:45:00.000Z,4076.46,4080.39,4074.63,4075.61,3453
2025-11-20T05:00:00.000Z,4075.59,4075.96,4068.02,4071.46,5635
2025-11-20T05:15:00.000Z,4071.04,4074.11,4068.4,4069.67,4081
2025-11-20T05:30:00.000Z,4069.52,4072.26,4064.54,4067.13,6206
2025-11-20T05:45:00.000Z,4066.84,4071.85,4066.38,4066.78,5019
2025-11-20T06:00:00.000Z,4066.48,4077.64,4065.03,4073.45,6244
2025-11-20T06:15:00.000Z,4073.41,4074.77,4058.69,4062.94,6309
2025-11-20T06:30:00.000Z,4062.94,4072.15,4061.61,4067.93,5746
2025-11-20T06:45:00.000Z,4068.03,4070.38,4063.53,4068.3,5678
2025-11-20T07:00:00.000Z,4068.16,4076.59,4065.49,4073.59,5011
2025-11-20T07:15:00.000Z,4073.62,4073.72,4060.21,4062.82,5257
2025-11-20T07:30:00.000Z,4062.77,4068.16,4058.7,4059.81,4589
2025-11-20T07:45:00.000Z,4059.82,4061.76,4054.24,4060.09,5322
2025-11-20T08:00:00.000Z,4059.6,4063.21,4042.79,4047.25,7643
2025-11-20T08:15:00.000Z,4047.18,4050.51,4038.94,4045.9,7245
2025-11-20T08:30:00.000Z,4045.91,4058.47,4043.85,4054.33,7409
2025-11-20T08:45:00.000Z,4054.28,4069.44,4051.83,4063.49,6591
2025-11-20T09:00:00.000Z,4063.5,4072.8,4063.25,4068.95,7248
2025-11-20T09:15:00.000Z,4068.99,4071.69,4058.89,4059.23,6099
2025-11-20T09:30:00.000Z,4059.19,4067.51,4055.58,4063.63,5524
2025-11-20T09:45:00.000Z,4063.69,4069.04,4059.81,4064.15,4998
2025-11-20T10:00:00.000Z,4064.17,4068.28,4059,4059.69,4206
2025-11-20T10:15:00.000Z,4059.66,4064.03,4058.15,4061.58,4219
2025-11-20T10:30:00.000Z,4061.5,4066.91,4061.28,4063.5,3193
2025-11-20T10:45:00.000Z,4063.1,4065.04,4058.23,4060.02,3944
2025-11-20T11:00:00.000Z,4060.03,4061.12,4054.13,4057.31,4538
2025-11-20T11:15:00.000Z,4057.2,4057.2,4051.13,4056.49,4761
2025-11-20T11:30:00.000Z,4056.35,4068.27,4054.54,4066.58,4774
2025-11-20T11:45:00.000Z,4066.65,4066.66,4056.58,4060.76,4617
2025-11-20T12:00:00.000Z,4060.73,4074.85,4060.11,4072.73,5431
2025-11-20T12:15:00.000Z,4072.77,4079.28,4069.8,4073.25,4809
2025-11-20T12:30:00.000Z,4073.3,4079.29,4073.02,4076.82,4494
2025-11-20T12:45:00.000Z,4076.95,4082.02,4074.22,4081.8,4850
2025-11-20T13:00:00.000Z,4081.9,4094.25,4081.46,4090.16,8701
2025-11-20T13:15:00.000Z,4090.31,4093.19,4083.85,4085.82,7419
2025-11-20T13:30:00.000Z,4086.17,4096.28,4067.09,4080.5,12189
2025-11-20T13:45:00.000Z,4080.32,4090.14,4073.11,4080.32,9343
2025-11-20T14:00:00.000Z,4080.28,4083.39,4072.18,4078.68,8696
2025-11-20T14:15:00.000Z,4078.63,4088.59,4078.33,4080.49,7833
2025-11-20T14:30:00.000Z,4080.59,4091.43,4074.39,4088.89,11086
2025-11-20T14:45:00.000Z,4088.98,4107.16,4086.49,4093.17,10859
2025-11-20T15:00:00.000Z,4093.17,4097.06,4082.73,4092.42,11111
2025-11-20T15:15:00.000Z,4092.45,4098.84,4086.45,4095.32,9209
2025-11-20T15:30:00.000Z,4095.45,4096.2,4074.87,4088.03,9725
2025-11-20T15:45:00.000Z,4088.12,4088.67,4070.22,4070.28,9026
2025-11-20T16:00:00.000Z,4070.29,4082.55,4068.78,4074.5,9854
2025-11-20T16:15:00.000Z,4074.53,4078.33,4062.92,4065.16,11139
2025-11-20T16:30:00.000Z,4065.2,4068.02,4057.85,4059.22,11801
2025-11-20T16:45:00.000Z,4059.23,4067.23,4044.81,4049.15,11999
2025-11-20T17:00:00.000Z,4048.99,4054.82,4043.73,4052.55,11798
2025-11-20T17:15:00.000Z,4052.62,4061.25,4050.5,4056.15,11830
2025-11-20T17:30:00.000Z,4056.1,4060.08,4049.42,4052.38,10831
2025-11-20T17:45:00.000Z,4052.35,4068.41,4051.56,4066.17,10431
2025-11-20T18:00:00.000Z,4066.09,4072.59,4064.45,4066.39,9515
2025-11-20T18:15:00.000Z,4066.49,4067.05,4056.24,4060.31,9786
2025-11-20T18:30:00.000Z,4060.33,4067.23,4057.65,4061.02,9655
2025-11-20T18:45:00.000Z,4060.97,4063.06,4056.75,4060.61,8241
2025-11-20T19:00:00.000Z,4060.59,4069.25,4059.1,4069.17,8240
2025-11-20T19:15:00.000Z,4069.09,4087.08,4066.33,4084.21,9056
2025-11-20T19:30:00.000Z,4084.2,4087.14,4079.36,4083.11,8498
2025-11-20T19:45:00.000Z,4083.12,4085.53,4080.4,4084.65,7779
2025-11-20T20:00:00.000Z,4084.7,4085.09,4074.15,4077.17,7712
2025-11-20T20:15:00.000Z,4077.33,4081.46,4074.05,4077.33,6449
2025-11-20T20:30:00.000Z,4077.32,4078.24,4073.37,4077.92,6335
2025-11-20T20:45:00.000Z,4077.99,4080.12,4073.53,4077.18,7427
2025-11-20T21:00:00.000Z,4077.44,4079.67,4074.27,4077.12,3205
2025-11-20T21:15:00.000Z,4077.16,4080.93,4076.39,4079.01,2263
2025-11-20T21:30:00.000Z,4078.95,4080.25,4076.48,4076.7,1372
2025-11-20T21:45:00.000Z,4076.95,4079.7,4076.61,4076.61,1091
2025-11-20T23:00:00.000Z,4076.38,4085.36,4072.85,4085.24,3118
2025-11-20T23:15:00.000Z,4085.29,4086.03,4076.59,4081.12,3053
2025-11-20T23:30:00.000Z,4081.28,4088.1,4079.93,4087.07,3358
2025-11-20T23:45:00.000Z,4087.1,4088.7,4074.41,4078.9,4240
2025-11-21T00:00:00.000Z,4079.18,4081.26,4073.74,4079.8,3259
2025-11-21T00:15:00.000Z,4079.85,4081.19,4071.67,4075.19,2458
2025-11-21T00:30:00.000Z,4075.2,4080.02,4071.94,4078.64,3000
2025-11-21T00:45:00.000Z,4078.49,4079.74,4071.58,4073.89,4059
2025-11-21T01:00:00.000Z,4073.88,4073.88,4063.18,4064.55,7631
2025-11-21T01:15:00.000Z,4064.53,4068.66,4061.43,4061.85,6004
2025-11-21T01:30:00.000Z,4061.95,4064.63,4060.58,4063.99,5876
2025-11-21T01:45:00.000Z,4064.01,4074.53,4063.11,4068.51,6613
2025-11-21T02:00:00.000Z,4068.52,4075.73,4068.03,4073.61,5407
2025-11-21T02:15:00.000Z,4073.41,4075.19,4066.12,4073.6,4574
2025-11-21T02:30:00.000Z,4073.72,4079.88,4072.21,4073.26,5014
2025-11-21T02:45:00.000Z,4073.28,4073.37,4056.71,4057.25,6616
2025-11-21T03:00:00.000Z,4056.98,4059.11,4052.32,4056.74,6904
2025-11-21T03:15:00.000Z,4056.84,4058.07,4049.38,4052.57,6601
2025-11-21T03:30:00.000Z,4052.08,4057.48,4050.81,4054.66,5599
2025-11-21T03:45:00.000Z,4054.72,4059.41,4051.96,4056.14,4985
2025-11-21T04:00:00.000Z,4056.19,4062.43,4052.86,4055.12,5267
2025-11-21T04:15:00.000Z,4054.97,4060.57,4053.47,4059.93,5185
2025-11-21T04:30:00.000Z,4059.9,4060.5,4048.14,4050.61,4756
2025-11-21T04:45:00.000Z,4050.88,4052.81,4047.94,4052.07,3506
2025-11-21T05:00:00.000Z,4052.29,4057.27,4051.42,4055.92,4546
2025-11-21T05:15:00.000Z,4055.91,4057.1,4052.94,4052.95,3975
2025-11-21T05:30:00.000Z,4052.83,4057.42,4047.98,4048.71,6850
2025-11-21T05:45:00.000Z,4048.78,4059.65,4039.98,4058.46,7743
2025-11-21T06:00:00.000Z,4058.42,4064.98,4051.65,4051.83,6238
2025-11-21T06:15:00.000Z,4051.86,4052.6,4030.78,4031.69,7357
2025-11-21T06:30:00.000Z,4031.7,4040.62,4029.22,4036.09,8149
2025-11-21T06:45:00.000Z,4035.79,4039.26,4032.73,4032.82,6393
2025-11-21T07:00:00.000Z,4032.27,4033.21,4024.94,4032.3,6375
2025-11-21T07:15:00.000Z,4032.52,4037.56,4030.52,4037.45,5239
2025-11-21T07:30:00.000Z,4037.46,4039.78,4032.01,4033.4,4916
2025-11-21T07:45:00.000Z,4033.57,4035.59,4029.47,4031.71,6214
2025-11-21T08:00:00.000Z,4031.41,4039.21,4022.53,4036.99,7800
2025-11-21T08:15:00.000Z,4037.04,4047.95,4033.97,4042.79,7472
2025-11-21T08:30:00.000Z,4042.74,4047.56,4040.76,4043.4,5636
2025-11-21T08:45:00.000Z,4043.3,4046.95,4038.74,4041.06,5365
2025-11-21T09:00:00.000Z,4040.96,4059.59,4040.27,4058.32,6055
2025-11-21T09:15:00.000Z,4058.29,4063.46,4054.16,4056.6,6279
2025-11-21T09:30:00.000Z,4056.46,4060.84,4049.54,4049.58,6632
2025-11-21T09:45:00.000Z,4049.59,4055.02,4048.36,4050.59,6126
2025-11-21T10:00:00.000Z,4050.67,4052.74,4035.53,4038.75,8404
2025-11-21T10:15:00.000Z,4038.73,4043.43,4032.86,4032.87,7522
2025-11-21T10:30:00.000Z,4032.68,4038.11,4032.47,4033.75,7200
2025-11-21T10:45:00.000Z,4033.66,4041.91,4033.33,4037.24,7111
2025-11-21T11:00:00.000Z,4037.09,4046.86,4035.59,4040.41,5740
2025-11-21T11:15:00.000Z,4040.42,4042.16,4037.08,4039.42,4615
2025-11-21T11:30:00.000Z,4039.43,4041.11,4035.17,4036.67,4666
2025-11-21T11:45:00.000Z,4036.57,4038.64,4031.05,4036.7,6257
2025-11-21T12:00:00.000Z,4036.64,4045.86,4034.76,4044.3,6808
2025-11-21T12:15:00.000Z,4044.26,4050.47,4041.1,4045.08,7528
2025-11-21T12:30:00.000Z,4044.08,4063.41,4043.9,4061.86,11147
2025-11-21T12:45:00.000Z,4062.07,4071.71,4060.97,4065.95,9192
2025-11-21T13:00:00.000Z,4066.03,4067.16,4059.33,4062.24,8839
2025-11-21T13:15:00.000Z,4062.34,4070.75,4060.03,4067.56,8740
2025-11-21T13:30:00.000Z,4067.5,4072.29,4066.26,4072.2,6645
2025-11-21T13:45:00.000Z,4072.24,4081.17,4072.18,4079.59,8619
2025-11-21T14:00:00.000Z,4079.66,4083.92,4071.7,4076.32,8354
2025-11-21T14:15:00.000Z,4076.33,4076.55,4064.16,4066.69,7939
2025-11-21T14:30:00.000Z,4065.45,4070.66,4061.6,4063.29,11341
2025-11-21T14:45:00.000Z,4063.26,4075.27,4062.26,4071.79,10293
2025-11-21T15:00:00.000Z,4071.7,4076.99,4066.51,4072.03,11006
2025-11-21T15:15:00.000Z,4072.01,4076.45,4067.57,4069.09,11147
2025-11-21T15:30:00.000Z,4068.61,4070.5,4054.95,4063.43,11345
2025-11-21T15:45:00.000Z,4063.35,4071.94,4062.64,4069.69,10127
2025-11-21T16:00:00.000Z,4069.56,4072.25,4063,4067.18,9940
2025-11-21T16:15:00.000Z,4067.19,4071.56,4064.16,4070.05,9356
2025-11-21T16:30:00.000Z,4070.22,4081.25,4069.71,4079.41,8352
2025-11-21T16:45:00.000Z,4079.43,4100.66,4076.62,4099.89,11009
2025-11-21T17:00:00.000Z,4099.87,4101,4083.16,4084.64,10597
2025-11-21T17:15:00.000Z,4084.65,4087.27,4079.1,4081.5,9197
2025-11-21T17:30:00.000Z,4081.55,4084.4,4079.41,4083.35,7914
2025-11-21T17:45:00.000Z,4083.42,4088.68,4081.06,4085.55,7322
2025-11-21T18:00:00.000Z,4085.44,4087.43,4080.11,4081.2,7852
2025-11-21T18:15:00.000Z,4081.21,4084.55,4079.2,4080.02,8218
2025-11-21T18:30:00.000Z,4080,4081.86,4076.4,4079.53,7225
2025-11-21T18:45:00.000Z,4079.52,4088.32,4079.48,4082.9,8843
2025-11-21T19:00:00.000Z,4083.02,4086.39,4082.72,4084.98,6471
2025-11-21T19:15:00.000Z,4084.85,4092.07,4084.42,4090.59,6074
2025-11-21T19:30:00.000Z,4090.61,4092.14,4085.39,4085.79,6282
2025-11-21T19:45:00.000Z,4085.85,4089.44,4084.45,4087.63,6720
2025-11-21T20:00:00.000Z,4087.57,4088.72,4080.36,4081.05,6426
2025-11-21T20:15:00.000Z,4081.06,4083.08,4068.09,4069.45,7797
2025-11-21T20:30:00.000Z,4069.47,4069.47,4056.3,4059.18,9272
2025-11-21T20:45:00.000Z,4059.16,4069.79,4055.25,4067.54,9045
2025-11-21T21:00:00.000Z,4067.3,4069.05,4054.58,4059.13,4051
2025-11-21T21:15:00.000Z,4059.16,4063.71,4057.16,4062.29,2596
2025-11-21T21:30:00.000Z,4062.39,4066.69,4061.76,4064.74,2401
2025-11-21T21:45:00.000Z,4064.71,4066.29,4062.4,4065.43,1184
2025-11-23T23:00:00.000Z,4067.58,4077.87,4065.98,4074.76,3857
2025-11-23T23:15:00.000Z,4074.31,4077.47,4069.13,4070.72,3306
2025-11-23T23:30:00.000Z,4070.74,4072.22,4065.7,4070.25,4268
2025-11-23T23:45:00.000Z,4069.93,4076.78,4069.28,4075.14,2859
2025-11-24T00:00:00.000Z,4074.89,4076.08,4058.19,4062.06,4225
2025-11-24T00:15:00.000Z,4062.05,4064.58,4058.96,4062.75,2619
2025-11-24T00:30:00.000Z,4062.48,4066.32,4061.94,4065.89,3876
2025-11-24T00:45:00.000Z,4065.9,4067.78,4063.76,4067.37,4211
2025-11-24T01:00:00.000Z,4067.94,4073.11,4051.5,4054.81,9564
2025-11-24T01:15:00.000Z,4054.46,4056.1,4050.16,4055.37,7113
2025-11-24T01:30:00.000Z,4055.55,4056.5,4050.51,4052.23,5979
2025-11-24T01:45:00.000Z,4052.21,4054.29,4042.76,4044.23,6464
2025-11-24T02:00:00.000Z,4044.15,4048.45,4043.4,4046.32,4890
2025-11-24T02:15:00.000Z,4046.33,4048.69,4045.87,4047.99,4042
2025-11-24T02:30:00.000Z,4047.99,4051.6,4045.17,4047.44,5253
2025-11-24T02:45:00.000Z,4047.5,4048.07,4040.64,4043.65,5130
2025-11-24T03:00:00.000Z,4043.6,4050.86,4043.6,4046.82,5902
2025-11-24T03:15:00.000Z,4046.83,4049.47,4044.56,4048.86,5402
2025-11-24T03:30:00.000Z,4048.89,4058.11,4048.89,4056.06,5048
2025-11-24T03:45:00.000Z,4056.05,4056.33,4048.38,4050.06,5067
2025-11-24T04:00:00.000Z,4050.27,4061.11,4049.4,4059.14,4739
2025-11-24T04:15:00.000Z,4059.2,4060.61,4048.5,4051.06,5057
2025-11-24T04:30:00.000Z,4050.99,4052.48,4044.98,4046.63,5422
2025-11-24T04:45:00.000Z,4046.64,4046.72,4042.33,4044.03,4592
2025-11-24T05:00:00.000Z,4044.03,4046.76,4042.99,4045.61,4043
2025-11-24T05:15:00.000Z,4045.6,4048.07,4040.02,4047.01,4991
2025-11-24T05:30:00.000Z,4047.21,4049.31,4042.34,4048.47,6617
2025-11-24T05:45:00.000Z,4048.48,4048.58,4041.38,4046.2,5917
2025-11-24T06:00:00.000Z,4046.23,4054.41,4045.52,4049.71,5286
2025-11-24T06:15:00.000Z,4049.64,4056.38,4047.78,4052.79,5068
2025-11-24T06:30:00.000Z,4052.87,4058.08,4052.43,4056.89,4674
2025-11-24T06:45:00.000Z,4056.89,4057.16,4052.15,4053.38,5313
2025-11-24T07:00:00.000Z,4053.36,4057.61,4051.51,4053.69,5081
2025-11-24T07:15:00.000Z,4053.7,4056.59,4051.96,4052.54,4090
2025-11-24T07:30:00.000Z,4052.51,4066.87,4052.43,4063.97,5929
2025-11-24T07:45:00.000Z,4063.9,4067.64,4058.36,4059.99,4521
2025-11-24T08:00:00.000Z,4059.67,4064.66,4059.67,4061.75,5229
2025-11-24T08:15:00.000Z,4062.03,4066.19,4059.69,4062.99,5049
2025-11-24T08:30:00.000Z,4062.97,4063.75,4060.07,4063.59,4283
2025-11-24T08:45:00.000Z,4063.5,4066.94,4062.42,4063.47,4538
2025-11-24T09:00:00.000Z,4063.09,4074.18,4063.07,4072.02,5457
2025-11-24T09:15:00.000Z,4072,4073.66,4066.81,4068.7,6019
2025-11-24T09:30:00.000Z,4068.42,4072.79,4067.66,4070.17,5082
2025-11-24T09:45:00.000Z,4070.24,4072.56,4065.74,4071.91,5460
2025-11-24T10:00:00.000Z,4071.92,4077.16,4070.86,4073.01,4828
2025-11-24T10:15:00.000Z,4072.94,4077.07,4068.46,4070.35,4750
2025-11-24T10:30:00.000Z,4070.25,4071.03,4066.11,4070.18,4863
2025-11-24T10:45:00.000Z,4070.17,4070.9,4063.3,4063.9,3566
2025-11-24T11:00:00.000Z,4063.92,4068.39,4063.15,4066.7,3481
2025-11-24T11:15:00.000Z,4066.69,4070.5,4066.37,4070.27,3585
2025-11-24T11:30:00.000Z,4070.32,4071.07,4067.08,4070.4,3869
2025-11-24T11:45:00.000Z,4070.39,4071.68,4068.99,4070.04,3828
2025-11-24T12:00:00.000Z,4070.06,4074.2,4065.79,4068.79,4809
2025-11-24T12:15:00.000Z,4068.74,4071.34,4067.45,4070.84,3573
2025-11-24T12:30:00.000Z,4070.87,4080.55,4070.57,4079.17,4995
2025-11-24T12:45:00.000Z,4079.14,4084.06,4077.23,4080.41,5484
2025-11-24T13:00:00.000Z,4080.44,4081.71,4075.93,4078.36,7008
2025-11-24T13:15:00.000Z,4078.39,4084.98,4077.4,4080.62,6226
2025-11-24T13:30:00.000Z,4080.77,4085.97,4074.54,4077.33,6580
2025-11-24T13:45:00.000Z,4077.3,4080.9,4073.68,4077.76,6221
2025-11-24T14:00:00.000Z,4077.77,4083.16,4076,4079.92,6204
2025-11-24T14:15:00.000Z,4079.85,4081.1,4073.9,4075.6,6004
2025-11-24T14:30:00.000Z,4075.56,4079.01,4068.42,4073.62,10356
2025-11-24T14:45:00.000Z,4073.61,4086.03,4072.24,4081.32,9989
2025-11-24T15:00:00.000Z,4081.32,4093.49,4081.16,4092.28,10142
2025-11-24T15:15:00.000Z,4092.45,4093.86,4087.2,4088.22,9712
2025-11-24T15:30:00.000Z,4088.04,4093.43,4087.11,4093.21,7895
2025-11-24T15:45:00.000Z,4093.22,4093.53,4089.39,4091.76,7205
2025-11-24T16:00:00.000Z,4091.92,4095.55,4089.69,4094.84,7458
2025-11-24T16:15:00.000Z,4094.96,4095.25,4092.23,4092.49,5447
2025-11-24T16:30:00.000Z,4092.49,4098.9,4092.08,4097.9,6549
2025-11-24T16:45:00.000Z,4098,4098.6,4094.89,4097.34,5651
2025-11-24T17:00:00.000Z,4097.93,4099.68,4091.65,4092,5946
2025-11-24T17:15:00.000Z,4091.99,4094.77,4088.97,4093.59,6093
2025-11-24T17:30:00.000Z,4093.65,4096,4092.61,4095.26,4136
2025-11-24T17:45:00.000Z,4095.27,4100.42,4092.6,4093.29,5451
2025-11-24T18:00:00.000Z,4093.08,4093.53,4088.07,4090.11,5676
2025-11-24T18:15:00.000Z,4090.1,4095.67,4089.52,4095.66,5448
2025-11-24T18:30:00.000Z,4095.63,4114.73,4095.61,4112.8,7276
2025-11-24T18:45:00.000Z,4112.84,4125.8,4110.39,4120.54,7300
2025-11-24T19:00:00.000Z,4120.58,4124.18,4116.68,4116.82,5121
2025-11-24T19:15:00.000Z,4116.92,4120.66,4115.01,4119.14,5220
2025-11-24T19:30:00.000Z,4119.16,4119.52,4113.92,4116.13,4714
2025-11-24T19:45:00.000Z,4116.12,4121.2,4115.88,4118.51,4638
2025-11-24T20:00:00.000Z,4118.44,4123.69,4117.98,4122.01,5044
2025-11-24T20:15:00.000Z,4122.06,4125.51,4121.29,4124.78,4386
2025-11-24T20:30:00.000Z,4124.79,4133.52,4124.73,4131.47,5850
2025-11-24T20:45:00.000Z,4131.53,4133.45,4128.8,4132.67,5674
2025-11-24T21:00:00.000Z,4132.6,4133.82,4130.12,4131.86,2519
2025-11-24T21:15:00.000Z,4131.88,4133.18,4130.98,4132.31,1490
2025-11-24T21:30:00.000Z,4132.27,4139.96,4131.24,4139.12,2034
2025-11-24T21:45:00.000Z,4139.41,4139.76,4133.35,4134.16,2477
2025-11-24T23:00:00.000Z,4134,4138.1,4125.08,4129.14,3023
2025-11-24T23:15:00.000Z,4129.1,4133.09,4127.45,4131.07,3556
2025-11-24T23:30:00.000Z,4131.05,4136.09,4128.73,4135.89,3193
2025-11-24T23:45:00.000Z,4135.79,4144.23,4135.69,4143.81,4971
2025-11-25T00:00:00.000Z,4143.72,4144.29,4136.25,4136.36,5080
2025-11-25T00:15:00.000Z,4136.33,4140.27,4133.92,4135.47,4843
2025-11-25T00:30:00.000Z,4135.5,4136.96,4131.96,4135.03,4942
2025-11-25T00:45:00.000Z,4135.04,4136.07,4127.54,4129.4,4676
2025-11-25T01:00:00.000Z,4129.53,4136.08,4124.11,4128.42,9137
2025-11-25T01:15:00.000Z,4128.46,4128.86,4122.66,4127.44,6957
2025-11-25T01:30:00.000Z,4127.44,4139.2,4127.37,4136.63,8008
2025-11-25T01:45:00.000Z,4136.64,4137.48,4132.5,4134.72,6168
2025-11-25T02:00:00.000Z,4134.62,4142.07,4132.72,4136.51,6879
2025-11-25T02:15:00.000Z,4136.48,4145.57,4135.4,4144.7,5647
2025-11-25T02:30:00.000Z,4144.68,4152.48,4143.98,4151.97,6633
2025-11-25T02:45:00.000Z,4151.98,4155.8,4149.91,4150.67,6125
2025-11-25T03:00:00.000Z,4150.74,4150.86,4145.28,4145.95,6346
2025-11-25T03:15:00.000Z,4145.96,4147.65,4139.59,4145.27,6484
2025-11-25T03:30:00.000Z,4145.23,4145.53,4140.93,4144.98,5289
2025-11-25T03:45:00.000Z,4144.84,4145.56,4141.24,4143.21,4488
2025-11-25T04:00:00.000Z,4143.01,4145.89,4139.51,4144.88,4316
2025-11-25T04:15:00.000Z,4144.89,4148.09,4144.22,4146.2,4397
2025-11-25T04:30:00.000Z,4146.2,4148.35,4142.92,4145.25,4175
2025-11-25T04:45:00.000Z,4145.27,4146.26,4140.27,4140.72,3782
2025-11-25T05:00:00.000Z,4140.89,4147.95,4140.89,4146.76,3447
2025-11-25T05:15:00.000Z,4146.75,4147.21,4142.64,4144.05,3837
2025-11-25T05:30:00.000Z,4144.01,4147.2,4141.51,4146.72,5841
2025-11-25T05:45:00.000Z,4146.59,4151.93,4144.99,4150.98,5181
2025-11-25T06:00:00.000Z,4151.04,4151.98,4145.99,4147.51,6082
2025-11-25T06:15:00.000Z,4147.5,4149.08,4140.13,4140.9,5799
2025-11-25T06:30:00.000Z,4140.91,4143.85,4138.73,4139.81,6131
2025-11-25T06:45:00.000Z,4139.92,4143.27,4138.9,4141.66,4380
2025-11-25T07:00:00.000Z,4141.65,4146.07,4139.61,4140.54,5913
2025-11-25T07:15:00.000Z,4140.55,4143.7,4135.17,4136.93,5037
2025-11-25T07:30:00.000Z,4136.94,4138.99,4130.98,4137.38,6641
2025-11-25T07:45:00.000Z,4137.41,4139.31,4130.26,4132.44,5699
2025-11-25T08:00:00.000Z,4132.48,4136.26,4131.53,4134.47,5860
2025-11-25T08:15:00.000Z,4134.5,4139.43,4134.45,4136.42,4809
2025-11-25T08:30:00.000Z,4136.41,4136.68,4121.4,4127.56,6617
2025-11-25T08:45:00.000Z,4127.61,4128.23,4109.63,4116.09,6143
2025-11-25T09:00:00.000Z,4116.11,4128.36,4114.07,4126.91,5565
2025-11-25T09:15:00.000Z,4126.88,4130.45,4122.85,4124.75,5222
2025-11-25T09:30:00.000Z,4124.8,4131.43,4121.97,4127.79,5248
2025-11-25T09:45:00.000Z,4127.8,4130.33,4126.03,4128.41,5215
2025-11-25T10:00:00.000Z,4128.42,4137.63,4127.45,4137.3,4048
2025-11-25T10:15:00.000Z,4137.31,4138.69,4129.2,4130.86,4174
2025-11-25T10:30:00.000Z,4130.79,4133.43,4128.2,4132.07,4263
2025-11-25T10:45:00.000Z,4132.07,4134.64,4127.56,4131.21,4696
2025-11-25T11:00:00.000Z,4131.19,4134.86,4127.75,4134.67,4018
2025-11-25T11:15:00.000Z,4134.72,4137.35,4128.69,4132.23,4400
2025-11-25T11:30:00.000Z,4132.24,4134.03,4129.3,4132.55,3793
2025-11-25T11:45:00.000Z,4132.56,4134.18,4130.07,4133.47,4289
2025-11-25T12:00:00.000Z,4133.58,4137.17,4133.17,4135.83,4359
2025-11-25T12:15:00.000Z,4135.87,4138.68,4132.55,4132.92,5543
2025-11-25T12:30:00.000Z,4132.95,4136.96,4117.17,4117.17,5485
2025-11-25T12:45:00.000Z,4117.04,4129.97,4116.04,4129.85,9244
2025-11-25T13:00:00.000Z,4130.08,4139.84,4129.43,4138.37,7394
2025-11-25T13:15:00.000Z,4138.38,4146.87,4137.82,4141.83,8126
2025-11-25T13:30:00.000Z,4142.44,4150.79,4142.44,4145.86,7218
2025-11-25T13:45:00.000Z,4145.91,4150.21,4144.18,4147.8,5885
2025-11-25T14:00:00.000Z,4147.82,4148.68,4138.9,4142.79,6229
2025-11-25T14:15:00.000Z,4142.69,4143.24,4133.45,4134.68,6985
2025-11-25T14:30:00.000Z,4134.61,4137.78,4117.57,4119.74,11434
2025-11-25T14:45:00.000Z,4119.69,4126.24,4111.07,4125.39,10704
2025-11-25T15:00:00.000Z,4125.31,4131.93,4117.82,4129.25,9372
2025-11-25T15:15:00.000Z,4129.31,4133.87,4124.96,4128,9401
2025-11-25T15:30:00.000Z,4127.97,4133.34,4127.12,4130.56,6831
2025-11-25T15:45:00.000Z,4130.64,4132.84,4120.99,4122.99,7908
2025-11-25T16:00:00.000Z,4123,4131.6,4122.17,4131.27,7386
2025-11-25T16:15:00.000Z,4131.3,4141.43,4131.3,4140.55,8137
2025-11-25T16:30:00.000Z,4140.79,4141.03,4136.55,4139.99,6340
2025-11-25T16:45:00.000Z,4140.17,4140.47,4134.6,4136.35,5194
2025-11-25T17:00:00.000Z,4136.16,4153.33,4136.06,4150.24,9781
2025-11-25T17:15:00.000Z,4150.3,4153.8,4145.32,4149.78,7187
2025-11-25T17:30:00.000Z,4149.79,4159.38,4148.82,4152.58,7934
2025-11-25T17:45:00.000Z,4152.74,4153.53,4144.24,4146.12,7541
2025-11-25T18:00:00.000Z,4146.2,4151.06,4142.06,4145.86,7449
2025-11-25T18:15:00.000Z,4145.85,4146.99,4141.76,4142.45,5971
2025-11-25T18:30:00.000Z,4142.47,4145.52,4135.24,4139.4,5669
2025-11-25T18:45:00.000Z,4139.29,4141.2,4132.66,4134.41,5478
2025-11-25T19:00:00.000Z,4134.31,4140.37,4131.61,4138.3,5401
2025-11-25T19:15:00.000Z,4138.51,4138.69,4128.51,4130,6454
2025-11-25T19:30:00.000Z,4129.89,4133.6,4129.07,4132.24,6214
2025-11-25T19:45:00.000Z,4132.26,4134.03,4129.43,4133.71,5538
2025-11-25T20:00:00.000Z,4133.77,4138.52,4133.63,4136.6,5037
2025-11-25T20:15:00.000Z,4136.62,4137.95,4132.27,4132.48,4509
2025-11-25T20:30:00.000Z,4132.47,4136.32,4130.73,4135.48,4577
2025-11-25T20:45:00.000Z,4135.49,4135.49,4130.61,4132.32,5348
2025-11-25T21:00:00.000Z,4132.29,4132.44,4127.52,4131.83,2340
2025-11-25T21:15:00.000Z,4131.82,4132.36,4129.57,4130.44,3470
2025-11-25T21:30:00.000Z,4130.15,4132.38,4129.67,4131.19,1137
2025-11-25T21:45:00.000Z,4131.15,4131.49,4129.06,4130.18,990
2025-11-25T23:00:00.000Z,4132.6,4135.83,4131.4,4133.36,1609
2025-11-25T23:15:00.000Z,4133.36,4137.05,4132.11,4133.42,2078
2025-11-25T23:30:00.000Z,4133.42,4135.58,4129.75,4134.01,2570
2025-11-25T23:45:00.000Z,4134.02,4134.02,4131.19,4133.74,1748
2025-11-26T00:00:00.000Z,4133.84,4140.03,4132.68,4138.82,2836
2025-11-26T00:15:00.000Z,4138.83,4142.89,4137.75,4141.86,2808
2025-11-26T00:30:00.000Z,4141.86,4142.46,4137.86,4139.49,3321
2025-11-26T00:45:00.000Z,4139.55,4144.29,4134.72,4142.82,3621
2025-11-26T01:00:00.000Z,4142.92,4145.67,4138.53,4140.33,5164
2025-11-26T01:15:00.000Z,4140.38,4147.43,4140.38,4145.05,4726
2025-11-26T01:30:00.000Z,4145.05,4151.62,4143.23,4150.53,4555
2025-11-26T01:45:00.000Z,4150.54,4152.91,4147.97,4148.42,4804
2025-11-26T02:00:00.000Z,4148.39,4153.61,4147.31,4150.41,5163
2025-11-26T02:15:00.000Z,4150.37,4164.58,4150.2,4162.28,5188
2025-11-26T02:30:00.000Z,4162.51,4166.27,4158.37,4161.59,6920
2025-11-26T02:45:00.000Z,4161.54,4166.57,4161.37,4161.57,5530
2025-11-26T03:00:00.000Z,4161.8,4168.95,4160.31,4165.4,5519
2025-11-26T03:15:00.000Z,4165.43,4166.09,4163.16,4164.34,4426
2025-11-26T03:30:00.000Z,4164.31,4167.4,4163.12,4166,3327
2025-11-26T03:45:00.000Z,4166,4169.3,4164.25,4166.09,3247
2025-11-26T04:00:00.000Z,4166.08,4167.15,4159.38,4161.84,3317
2025-11-26T04:15:00.000Z,4162.08,4162.32,4157.02,4157.42,3142
2025-11-26T04:30:00.000Z,4157.47,4161.11,4156.6,4160.3,3001
2025-11-26T04:45:00.000Z,4160.25,4162.89,4157.62,4161.96,3281
2025-11-26T05:00:00.000Z,4161.96,4166.73,4160.86,4166.07,3268
2025-11-26T05:15:00.000Z,4166.14,4168.66,4164.45,4166.95,3984
2025-11-26T05:30:00.000Z,4166.95,4167.63,4160.19,4162.62,5635
2025-11-26T05:45:00.000Z,4162.63,4165.11,4160.69,4162.39,4363
2025-11-26T06:00:00.000Z,4162.25,4162.85,4157.08,4157.36,4840
2025-11-26T06:15:00.000Z,4157.37,4160.31,4153.14,4158.28,5733
2025-11-26T06:30:00.000Z,4158.3,4158.38,4146.81,4150.93,5295
2025-11-26T06:45:00.000Z,4150.86,4154.09,4148.71,4150.04,4064
2025-11-26T07:00:00.000Z,4150.04,4154.78,4149.21,4153.42,4453
2025-11-26T07:15:00.000Z,4153.41,4154.18,4149.91,4152.03,3692
2025-11-26T07:30:00.000Z,4152.03,4156.49,4151.02,4155.45,3670
2025-11-26T07:45:00.000Z,4155.57,4161.48,4155.08,4157.46,4051
2025-11-26T08:00:00.000Z,4157.45,4167.37,4156.87,4165.53,5400
2025-11-26T08:15:00.000Z,4165.54,4168.6,4164.86,4166.77,4209
2025-11-26T08:30:00.000Z,4166.61,4167.09,4155.78,4158.08,5269
2025-11-26T08:45:00.000Z,4157.9,4162.69,4154.86,4161.23,5036
2025-11-26T09:00:00.000Z,4161.01,4164.77,4157.59,4158.29,4354
2025-11-26T09:15:00.000Z,4158.32,4163.09,4156.57,4162.73,4434
2025-11-26T09:30:00.000Z,4162.72,4163.97,4160.05,4160.06,3685
2025-11-26T09:45:00.000Z,4160.16,4162.77,4157.87,4162.77,4054
2025-11-26T10:00:00.000Z,4162.79,4165.08,4162.19,4163.8,4702
2025-11-26T10:15:00.000Z,4163.83,4165.07,4160.59,4163.18,4390
2025-11-26T10:30:00.000Z,4163.04,4163.04,4156.46,4158.15,5043
2025-11-26T10:45:00.000Z,4158.15,4160.54,4156.09,4160.05,3806
2025-11-26T11:00:00.000Z,4160.06,4161.06,4157.8,4159.92,2983
2025-11-26T11:15:00.000Z,4159.91,4164.88,4159.91,4164.81,3743
2025-11-26T11:30:00.000Z,4164.81,4172.65,4164.81,4171.09,5052
2025-11-26T11:45:00.000Z,4171.2,4173.05,4166.3,4171.57,5575
2025-11-26T12:00:00.000Z,4171.62,4173.42,4168.01,4170.99,5573
2025-11-26T12:15:00.000Z,4171.06,4171.14,4159.68,4161.8,4578
2025-11-26T12:30:00.000Z,4161.99,4163.8,4155.89,4158.37,5246
2025-11-26T12:45:00.000Z,4158.25,4158.76,4148.67,4155.18,6206
2025-11-26T13:00:00.000Z,4155.08,4163.91,4153.23,4159.52,6258
2025-11-26T13:15:00.000Z,4159.2,4166.66,4157.6,4165.78,5565
2025-11-26T13:30:00.000Z,4165.86,4165.86,4153.3,4153.88,8111
2025-11-26T13:45:00.000Z,4153.81,4156.64,4149.09,4153.34,6982
2025-11-26T14:00:00.000Z,4153.46,4156.94,4140.12,4147.45,7690
2025-11-26T14:15:00.000Z,4147.42,4149.47,4141.89,4142.13,6229
2025-11-26T14:30:00.000Z,4142.17,4154.18,4141.79,4149.17,9015
2025-11-26T14:45:00.000Z,4149.12,4152.22,4142.07,4142.07,8829
2025-11-26T15:00:00.000Z,4141.91,4152.28,4136.73,4152.25,9308
2025-11-26T15:15:00.000Z,4152.24,4157.94,4152.12,4156.67,8166
2025-11-26T15:30:00.000Z,4156.75,4163.86,4155.65,4162.22,7709
2025-11-26T15:45:00.000Z,4162.24,4165.72,4158.08,4165.4,7828
2025-11-26T16:00:00.000Z,4165.44,4165.74,4160.68,4162.3,6468
2025-11-26T16:15:00.000Z,4162.31,4165,4161.73,4162.02,5887
2025-11-26T16:30:00.000Z,4161.99,4168.44,4161.15,4167.4,5945
2025-11-26T16:45:00.000Z,4167.37,4168.27,4164.54,4167.15,6066
2025-11-26T17:00:00.000Z,4167.16,4168.2,4165.1,4165.85,4214
2025-11-26T17:15:00.000Z,4165.89,4169.85,4165.07,4167.96,3928
2025-11-26T17:30:00.000Z,4167.99,4169.02,4165.55,4168.8,4344
2025-11-26T17:45:00.000Z,4168.83,4169.61,4165.77,4167.12,4084
2025-11-26T18:00:00.000Z,4167.19,4171.63,4167.1,4171.12,4843
2025-11-26T18:15:00.000Z,4171.09,4171.26,4167.04,4167.85,4799
2025-11-26T18:30:00.000Z,4167.95,4168.64,4158.48,4159.41,6846
2025-11-26T18:45:00.000Z,4159.31,4165.4,4158.16,4164.79,4452
2025-11-26T19:00:00.000Z,4164.82,4168.67,4164.08,4166.82,4025
2025-11-26T19:15:00.000Z,4166.89,4169.73,4166.21,4167.55,3325
2025-11-26T19:30:00.000Z,4167.46,4168.23,4162.48,4163.55,4037
2025-11-26T19:45:00.000Z,4163.71,4166.07,4162.5,4163.27,5178
2025-11-26T20:00:00.000Z,4163.15,4165.89,4161.3,4164.51,4855
2025-11-26T20:15:00.000Z,4164.49,4167.44,4164.45,4165.24,4677
2025-11-26T20:30:00.000Z,4165.23,4167.4,4163.99,4166.5,6702
2025-11-26T20:45:00.000Z,4166.53,4167.23,4161.7,4163.94,6804
2025-11-26T21:00:00.000Z,4164.11,4164.2,4162.21,4163.46,2257
2025-11-26T21:15:00.000Z,4163.42,4164.73,4162.38,4163.83,2115
2025-11-26T21:30:00.000Z,4163.77,4167.45,4162.76,4164.63,2235
2025-11-26T21:45:00.000Z,4164.66,4165.61,4162.81,4163.66,1578
2025-11-26T23:00:00.000Z,4162.18,4168.72,4162.18,4166.88,1739
2025-11-26T23:15:00.000Z,4166.74,4168.32,4163.69,4164.33,1751
2025-11-26T23:30:00.000Z,4164.33,4165.3,4162.73,4165.15,2944
2025-11-26T23:45:00.000Z,4165.16,4168.01,4164.6,4164.82,2481
2025-11-27T00:00:00.000Z,4164.72,4167.11,4162.37,4164.96,3200
2025-11-27T00:15:00.000Z,4164.98,4166.98,4163.58,4166.16,1670
2025-11-27T00:30:00.000Z,4166.23,4166.77,4164.44,4165.67,2212
2025-11-27T00:45:00.000Z,4165.71,4165.75,4161.87,4164.53,3566
2025-11-27T01:00:00.000Z,4164.53,4165.39,4156.84,4157.62,7263
2025-11-27T01:15:00.000Z,4157.56,4159.05,4148.75,4153.69,8169
2025-11-27T01:30:00.000Z,4153.67,4156.57,4151.6,4152.31,6503
2025-11-27T01:45:00.000Z,4152.47,4154.3,4148.82,4154.16,5602
2025-11-27T02:00:00.000Z,4154.18,4156.16,4150.83,4153.1,5190
2025-11-27T02:15:00.000Z,4153.05,4154.37,4149.55,4152.81,4752
2025-11-27T02:30:00.000Z,4152.87,4154.87,4149.45,4153.02,5164
2025-11-27T02:45:00.000Z,4153.03,4154.66,4144.57,4145.32,5451
2025-11-27T03:00:00.000Z,4145.25,4149.27,4144.27,4148.34,5002
2025-11-27T03:15:00.000Z,4148.38,4150.59,4147.72,4148.2,3686
2025-11-27T03:30:00.000Z,4148.11,4149.77,4146.79,4147.99,3866
2025-11-27T03:45:00.000Z,4147.98,4149.77,4146.12,4147.38,3722
2025-11-27T04:00:00.000Z,4147.31,4147.83,4142.63,4147.21,4558
2025-11-27T04:15:00.000Z,4147.24,4149.76,4146.36,4149.62,2940
2025-11-27T04:30:00.000Z,4149.63,4154.68,4149.63,4152.14,3835
2025-11-27T04:45:00.000Z,4152.06,4154.52,4149.25,4150.81,4283
2025-11-27T05:00:00.000Z,4150.77,4154.68,4150.77,4152.8,3823
2025-11-27T05:15:00.000Z,4152.74,4154.19,4150.62,4152.73,4025
2025-11-27T05:30:00.000Z,4152.75,4153.51,4148.04,4148.14,4865
2025-11-27T05:45:00.000Z,4148.08,4148.94,4144.82,4147.13,4490
2025-11-27T06:00:00.000Z,4147.17,4154.66,4147.09,4153.33,4518
2025-11-27T06:15:00.000Z,4153.37,4156.83,4152.4,4156.78,5365
2025-11-27T06:30:00.000Z,4156.82,4158.15,4153.47,4154.02,5655
2025-11-27T06:45:00.000Z,4154.08,4159.24,4152.65,4157.54,5733
2025-11-27T07:00:00.000Z,4157.5,4160.88,4155.52,4160.84,4738
2025-11-27T07:15:00.000Z,4160.82,4162.5,4159.02,4159.43,5900
2025-11-27T07:30:00.000Z,4159.43,4160.63,4157.39,4158.95,4592
2025-11-27T07:45:00.000Z,4158.93,4160.39,4157.69,4160.13,4211
2025-11-27T08:00:00.000Z,4160.34,4164.51,4159.55,4163.31,5685
2025-11-27T08:15:00.000Z,4163.3,4165.62,4161.71,4164.99,5044
2025-11-27T08:30:00.000Z,4165,4166.44,4163.15,4163.38,3939
2025-11-27T08:45:00.000Z,4163.39,4167.07,4163.25,4165.83,3992
2025-11-27T09:00:00.000Z,4165.84,4165.91,4154.46,4155.11,5512
2025-11-27T09:15:00.000Z,4155.17,4157.14,4148.46,4154.82,6720
2025-11-27T09:30:00.000Z,4154.86,4157.81,4153.16,4157.39,4334
2025-11-27T09:45:00.000Z,4157.44,4160.66,4155.65,4158.58,4305
2025-11-27T10:00:00.000Z,4158.61,4160.41,4155.7,4156.19,5129
2025-11-27T10:15:00.000Z,4156.18,4156.93,4152.8,4152.8,4392
2025-11-27T10:30:00.000Z,4152.53,4155.44,4152.46,4153.9,4048
2025-11-27T10:45:00.000Z,4153.91,4157.16,4153.21,4156.5,3690
2025-11-27T11:00:00.000Z,4156.5,4159.56,4155.92,4157.6,3357
2025-11-27T11:15:00.000Z,4157.95,4159.72,4156.56,4158.85,3740
2025-11-27T11:30:00.000Z,4158.86,4162.52,4158.32,4160.83,2974
2025-11-27T11:45:00.000Z,4160.77,4162.18,4157.27,4157.3,3038
2025-11-27T12:00:00.000Z,4157.31,4159.18,4156.16,4157.81,2233
2025-11-27T12:15:00.000Z,4157.92,4158.74,4155.83,4156.75,1862
2025-11-27T12:30:00.000Z,4156.75,4158.53,4154.82,4155.86,2331
2025-11-27T12:45:00.000Z,4155.87,4158.51,4153.56,4153.96,3058
2025-11-27T13:00:00.000Z,4153.89,4154.14,4149.19,4151.08,6493
2025-11-27T13:15:00.000Z,4151.07,4153.8,4149.47,4152.44,5477
2025-11-27T13:30:00.000Z,4152.45,4157.98,4152.06,4156.04,5202
2025-11-27T13:45:00.000Z,4156.06,4156.51,4153.1,4154.89,4311
2025-11-27T14:00:00.000Z,4154.87,4158.87,4153.89,4158.44,4340
2025-11-27T14:15:00.000Z,4158.41,4160.74,4157.08,4157.3,4174
2025-11-27T14:30:00.000Z,4157.42,4159.13,4153,4157.47,4156
2025-11-27T14:45:00.000Z,4157.45,4159.01,4152.98,4153.3,4805
2025-11-27T15:00:00.000Z,4153.26,4158.63,4153.12,4157.34,3351
2025-11-27T15:15:00.000Z,4157.34,4161.68,4157.11,4161.09,3142
2025-11-27T15:30:00.000Z,4161.11,4161.11,4158.37,4159.79,2549
2025-11-27T15:45:00.000Z,4159.78,4160.75,4156.95,4157.94,2635
2025-11-27T16:00:00.000Z,4157.93,4158.37,4153.48,4155.42,3424
2025-11-27T16:15:00.000Z,4155.38,4155.77,4151.45,4154.32,2584
2025-11-27T16:30:00.000Z,4154.26,4155.67,4154.01,4155.08,1695
2025-11-27T16:45:00.000Z,4155.12,4157.59,4154.63,4156.41,1735
2025-11-27T17:00:00.000Z,4156.42,4157.23,4154.98,4155.33,1021
2025-11-27T17:15:00.000Z,4155.28,4157.01,4154.87,4156.78,1286
2025-11-27T17:30:00.000Z,4156.77,4158.01,4156.35,4157.49,1463
2025-11-27T17:45:00.000Z,4157.45,4159.15,4157.12,4157.72,1406
2025-11-27T18:00:00.000Z,4157.73,4158.5,4156.33,4157.01,1340
2025-11-27T18:15:00.000Z,4156.66,4157.71,4155.73,4156.39,1562
2025-11-27T18:30:00.000Z,4156.34,4157.8,4156.26,4157.26,873
2025-11-27T18:45:00.000Z,4157.31,4159.84,4157.25,4159.21,1276
2025-11-27T19:00:00.000Z,4159.15,4160.46,4159.01,4159.69,1631
2025-11-27T19:15:00.000Z,4159.75,4160.15,4157.15,4157.61,1215
2025-11-27T23:00:00.000Z,4160.5,4163.14,4157.34,4162.68,1276
2025-11-27T23:15:00.000Z,4162.67,4163.06,4160.89,4162.8,1541
2025-11-27T23:30:00.000Z,4162.8,4163.7,4162.06,4162.73,1237
2025-11-27T23:45:00.000Z,4162.74,4163.86,4162.21,4163.35,989
2025-11-28T00:00:00.000Z,4163.2,4168.69,4163.04,4167.79,1962
2025-11-28T00:15:00.000Z,4167.8,4171.87,4166.6,4170.66,2460
2025-11-28T00:30:00.000Z,4170.74,4183.48,4170.35,4178.91,7371
2025-11-28T00:45:00.000Z,4178.9,4182.57,4178.15,4180.66,4421
2025-11-28T01:00:00.000Z,4180.64,4191.61,4180.57,4186.46,7034
2025-11-28T01:15:00.000Z,4186.44,4189.86,4183.3,4187.27,6266
2025-11-28T01:30:00.000Z,4187.04,4193.05,4185.97,4192.28,5659
2025-11-28T01:45:00.000Z,4192.28,4192.74,4190.14,4191.06,4462
2025-11-28T02:00:00.000Z,4191.04,4191.16,4187.07,4189.43,6010
2025-11-28T02:15:00.000Z,4189.44,4191.99,4188.48,4189.79,3080
2025-11-28T02:30:00.000Z,4189.81,4190.43,4185.93,4187.94,4316
2025-11-28T02:45:00.000Z,4187.7,4189.94,4187.27,4189.51,1577
2025-11-28T03:00:00.000Z,4189.23,4191.9,4185.41,4187.88,1005
2025-11-28T03:15:00.000Z,4187.88,4188.28,4186.13,4188.04,911
2025-11-28T03:30:00.000Z,4188.17,4189.16,4183.3,4183.45,1084
2025-11-28T03:45:00.000Z,4183.59,4185.45,4182.85,4184.16,1003
2025-11-28T04:00:00.000Z,4184.17,4187.62,4182.48,4186.41,2355
2025-11-28T04:15:00.000Z,4186.39,4187.14,4179.8,4180.64,2320
2025-11-28T04:30:00.000Z,4181.32,4186.34,4178.73,4186,787
2025-11-28T04:45:00.000Z,4185.39,4188.73,4185.25,4188.62,703
2025-11-28T05:00:00.000Z,4188.09,4188.73,4173.62,4182.76,2379
2025-11-28T05:15:00.000Z,4182.75,4188.26,4175.5,4184.94,1874
2025-11-28T05:30:00.000Z,4184.93,4185.85,4182.88,4185.07,1613
2025-11-28T05:45:00.000Z,4185.08,4185.76,4182.34,4182.45,699
2025-11-28T06:00:00.000Z,4182.23,4183.96,4181.04,4183.59,1134
2025-11-28T06:15:00.000Z,4183.75,4185.18,4182.1,4185.16,1084
2025-11-28T06:30:00.000Z,4185.17,4188.29,4184.2,4188.19,1323
2025-11-28T06:45:00.000Z,4188.19,4189.02,4186.56,4187.57,1844
2025-11-28T07:00:00.000Z,4187.56,4187.81,4184.24,4185.34,920
2025-11-28T07:15:00.000Z,4185.34,4186.6,4182.16,4182.98,864
2025-11-28T07:30:00.000Z,4182.99,4183.45,4179.45,4179.56,1236
2025-11-28T07:45:00.000Z,4179.57,4179.82,4172.89,4174.8,863
2025-11-28T08:00:00.000Z,4174.59,4175.04,4162.28,4162.28,165
2025-11-28T08:30:00.000Z,4170.28,4170.28,4156.29,4158.12,18
2025-11-28T08:45:00.000Z,4159.03,4173.46,4153.81,4166.52,22
2025-11-28T09:00:00.000Z,4166.28,4167.48,4161.26,4161.26,1556
2025-11-28T09:15:00.000Z,4161.28,4164.62,4160.38,4160.38,28
2025-11-28T09:30:00.000Z,4162.22,4163.46,4159.38,4162.74,46
2025-11-28T09:45:00.000Z,4163.94,4166.38,4162.78,4165.76,1548
2025-11-28T10:00:00.000Z,4165.78,4174.18,4165.72,4172.32,1719
2025-11-28T10:15:00.000Z,4172.3,4177.85,4167.21,4168.62,2395
2025-11-28T10:30:00.000Z,4168.58,4169.89,4159.84,4165.19,1923
2025-11-28T10:45:00.000Z,4165.18,4169.71,4162.3,4163.31,1904
2025-11-28T11:00:00.000Z,4163.16,4173.81,4162.34,4172.01,1914
2025-11-28T11:15:00.000Z,4172.01,4179.85,4171.42,4174.01,2674
2025-11-28T11:30:00.000Z,4173.92,4177.35,4173.26,4174.06,4640
2025-11-28T11:45:00.000Z,4174.03,4176.06,4171.12,4171.49,2899
2025-11-28T12:00:00.000Z,4171.12,4177.33,4167.34,4175.88,1784
2025-11-28T12:15:00.000Z,4175.84,4176.88,4171.33,4173.69,1294
2025-11-28T12:30:00.000Z,4173.76,4175.43,4172.95,4173.92,616
2025-11-28T12:45:00.000Z,4173.94,4176.19,4173,4175.64,756
2025-11-28T13:00:00.000Z,4175.63,4178.29,4171.24,4173.01,893
2025-11-28T13:15:00.000Z,4172.73,4173.84,4168.48,4170.61,969
2025-11-28T13:30:00.000Z,4169.16,4178.64,4167.79,4173.38,2254
2025-11-28T13:45:00.000Z,4173.52,4183.02,4171.87,4182.57,3984
2025-11-28T14:00:00.000Z,4182.56,4192.1,4182.56,4191.98,6156
2025-11-28T14:15:00.000Z,4191.96,4199.64,4190.72,4196.74,7318
2025-11-28T14:30:00.000Z,4196.63,4209.08,4194.93,4199.24,8099
2025-11-28T14:45:00.000Z,4199.04,4202.88,4194.78,4198.21,8175
2025-11-28T15:00:00.000Z,4198.31,4199.18,4185.72,4189.6,7571
2025-11-28T15:15:00.000Z,4189.61,4197.82,4185.98,4197.13,6840
2025-11-28T15:30:00.000Z,4197.16,4198.84,4193.81,4197.5,5893
2025-11-28T15:45:00.000Z,4197.47,4203.9,4196.18,4203.72,7243
2025-11-28T16:00:00.000Z,4203.82,4206.09,4197.75,4199.52,7019
2025-11-28T16:15:00.000Z,4199.91,4210.56,4199.18,4209.47,6252
2025-11-28T16:30:00.000Z,4209.49,4210.76,4202.38,4206.42,5922
2025-11-28T16:45:00.000Z,4206.41,4209.67,4205.07,4206.21,6050
2025-11-28T17:00:00.000Z,4206.53,4211.59,4204.36,4207.11,7459
2025-11-28T17:15:00.000Z,4207.12,4208.94,4205.51,4206.77,6573
2025-11-28T17:30:00.000Z,4206.82,4212.34,4206.16,4212,5381
2025-11-28T17:45:00.000Z,4211.99,4217,4210.89,4216.94,5835
2025-11-28T18:00:00.000Z,4216.92,4217.23,4211.04,4215.3,7213
2025-11-28T18:15:00.000Z,4215.34,4220.7,4214.61,4220.2,6215
2025-11-28T18:30:00.000Z,4220.19,4226.86,4218.84,4221.62,4972
2025-11-28T18:45:00.000Z,4221.54,4223.54,4219.48,4220.36,3579
2025-11-28T19:00:00.000Z,4220.34,4221.8,4218.7,4219.29,4960
2025-11-28T19:15:00.000Z,4219.3,4219.62,4216.21,4217.71,3529
2025-11-28T19:30:00.000Z,4217.7,4221.4,4216.79,4219.48,4304
2025-11-30T23:00:00.000Z,4223.24,4230.74,4205.58,4216.7,7663
2025-11-30T23:15:00.000Z,4216.62,4224.55,4213.98,4221.9,6791
2025-11-30T23:30:00.000Z,4221.59,4225.3,4219.62,4223.7,5898
2025-11-30T23:45:00.000Z,4223.64,4225.16,4222.07,4222.08,5322
2025-12-01T00:00:00.000Z,4221.88,4224.4,4218.83,4223.1,5999
2025-12-01T00:15:00.000Z,4223.09,4232.47,4218.2,4227.12,5644
2025-12-01T00:30:00.000Z,4227.13,4232.39,4226.4,4231.76,7359
2025-12-01T00:45:00.000Z,4231.76,4233.62,4226.08,4230.78,6407
2025-12-01T01:00:00.000Z,4230.66,4233.39,4219.8,4228.3,11259
2025-12-01T01:15:00.000Z,4228.37,4239.22,4224.53,4238.59,9474
2025-12-01T01:30:00.000Z,4238.56,4243.86,4234.84,4241.28,8257
2025-12-01T01:45:00.000Z,4241.25,4256.3,4237.02,4255.52,8625
2025-12-01T02:00:00.000Z,4255.56,4256.32,4245.47,4248.45,8701
2025-12-01T02:15:00.000Z,4248.46,4248.76,4240.74,4241.38,5981
2025-12-01T02:30:00.000Z,4241.37,4241.63,4234.47,4239.66,9202
2025-12-01T02:45:00.000Z,4239.65,4243.29,4237.6,4242.79,6161
2025-12-01T03:00:00.000Z,4242.84,4243.82,4232.52,4234.28,7237
2025-12-01T03:15:00.000Z,4234.3,4238.12,4232.69,4235.22,6833
2025-12-01T03:30:00.000Z,4235.25,4240.77,4234.9,4238.32,5750
2025-12-01T03:45:00.000Z,4238.31,4239.95,4234.9,4239.28,4964
2025-12-01T04:00:00.000Z,4239.25,4239.35,4236.46,4238.8,3832
2025-12-01T04:15:00.000Z,4238.87,4240.56,4237.61,4239.64,4256
2025-12-01T04:30:00.000Z,4239.69,4243.07,4239.44,4241.9,5453
2025-12-01T04:45:00.000Z,4241.88,4246.94,4241.87,4245.64,4665
2025-12-01T05:00:00.000Z,4245.94,4246.65,4229.42,4232.57,5195
2025-12-01T05:15:00.000Z,4232.58,4233.46,4215.36,4220.11,8767
2025-12-01T05:30:00.000Z,4220.1,4227.74,4217.71,4224.14,7995
2025-12-01T05:45:00.000Z,4223.94,4231.49,4223.5,4229.62,6700
2025-12-01T06:00:00.000Z,4229.57,4233.89,4228.59,4233.1,6190
2025-12-01T06:15:00.000Z,4233.13,4233.51,4226.34,4231.57,5760
2025-12-01T06:30:00.000Z,4231.78,4235.54,4229.92,4235.31,6288
2025-12-01T06:45:00.000Z,4235.32,4240.48,4235.29,4236.92,6414
2025-12-01T07:00:00.000Z,4237.19,4239.35,4233.68,4237.16,5994
2025-12-01T07:15:00.000Z,4237.17,4242.62,4231.63,4240.65,6087
2025-12-01T07:30:00.000Z,4240.69,4243.34,4240.21,4240.21,4573
2025-12-01T07:45:00.000Z,4240.29,4246.56,4238.18,4245.43,5517
2025-12-01T08:00:00.000Z,4245.44,4252.8,4244.66,4250.94,5892
2025-12-01T08:15:00.000Z,4250.97,4253.63,4249.23,4249.68,4377
2025-12-01T08:30:00.000Z,4249.66,4250.06,4241.02,4242.39,5357
2025-12-01T08:45:00.000Z,4242.55,4244.72,4238.49,4244.69,5650
2025-12-01T09:00:00.000Z,4244.72,4249.74,4244.72,4249.37,5532
2025-12-01T09:15:00.000Z,4249.39,4251.76,4246.8,4251.5,5034
2025-12-01T09:30:00.000Z,4251.26,4251.51,4246.72,4247.55,4906
2025-12-01T09:45:00.000Z,4247.59,4250.75,4243.7,4250.01,5749
2025-12-01T10:00:00.000Z,4250,4262.35,4249.15,4258.8,5983
2025-12-01T10:15:00.000Z,4258.88,4259.23,4252.46,4253.68,5079
2025-12-01T10:30:00.000Z,4253.54,4255.1,4251.43,4254.37,4406
2025-12-01T10:45:00.000Z,4254.36,4257.91,4253.18,4255.64,5260
2025-12-01T11:00:00.000Z,4255.72,4256.65,4250.64,4251.64,4335
2025-12-01T11:15:00.000Z,4251.64,4255.61,4248.21,4254.49,4551
2025-12-01T11:30:00.000Z,4254.39,4258.51,4252,4258.37,5196
2025-12-01T11:45:00.000Z,4258.4,4258.42,4253.33,4254.52,5542
2025-12-01T12:00:00.000Z,4254.61,4256.52,4247.62,4249.06,6155
2025-12-01T12:15:00.000Z,4248.9,4254.43,4247.68,4252.71,5817
2025-12-01T12:30:00.000Z,4252.7,4256.34,4250.51,4252.49,5441
2025-12-01T12:45:00.000Z,4252.79,4252.79,4244.17,4246.47,7072
2025-12-01T13:00:00.000Z,4246.42,4256.39,4245.68,4254.31,7935
2025-12-01T13:15:00.000Z,4254.28,4257.66,4250.02,4256.87,6612
2025-12-01T13:30:00.000Z,4257.14,4264.54,4256.85,4261.99,6793
2025-12-01T13:45:00.000Z,4262.07,4263.35,4247.15,4247.37,8347
2025-12-01T14:00:00.000Z,4247.4,4249.12,4238.73,4247.2,9402
2025-12-01T14:15:00.000Z,4247.16,4249.28,4242.15,4246.63,8300
2025-12-01T14:30:00.000Z,4246.68,4247.93,4219.51,4225.3,12349
2025-12-01T14:45:00.000Z,4225.2,4241.48,4222.8,4240.23,10162
2025-12-01T15:00:00.000Z,4240.12,4244.97,4230.58,4231.43,10376
2025-12-01T15:15:00.000Z,4231.42,4231.96,4219.58,4228.07,11629
2025-12-01T15:30:00.000Z,4228.09,4236.49,4221.84,4229,10637
2025-12-01T15:45:00.000Z,4228.98,4233.67,4221.81,4232.46,9182
2025-12-01T16:00:00.000Z,4232.7,4239.93,4231.59,4237.22,8862
2025-12-01T16:15:00.000Z,4237.24,4239.97,4227.02,4239.8,9381
2025-12-01T16:30:00.000Z,4239.78,4240.26,4230.4,4238.92,10454
2025-12-01T16:45:00.000Z,4238.9,4242.39,4225.26,4226.1,11287
2025-12-01T17:00:00.000Z,4226.12,4233.51,4223.31,4229.97,9699
2025-12-01T17:15:00.000Z,4230.51,4236.66,4227.22,4235.57,8354
2025-12-01T17:30:00.000Z,4235.59,4239.61,4235.29,4238.97,7057
2025-12-01T17:45:00.000Z,4239.11,4239.95,4230.1,4232.37,8507
2025-12-01T18:00:00.000Z,4232.41,4238.6,4232.41,4236.42,8035
2025-12-01T18:15:00.000Z,4236.43,4241.9,4235.39,4240.93,7733
2025-12-01T18:30:00.000Z,4241.23,4242.8,4236.28,4242.29,5456
2025-12-01T18:45:00.000Z,4242.31,4244.65,4237.41,4240.29,5808
2025-12-01T19:00:00.000Z,4240.32,4241.65,4235.95,4237.65,5784
2025-12-01T19:15:00.000Z,4237.66,4242.19,4236.61,4241.64,6230
2025-12-01T19:30:00.000Z,4241.22,4243.78,4233.83,4233.83,6971
2025-12-01T19:45:00.000Z,4233.81,4237.07,4229.32,4236.91,7842
2025-12-01T20:00:00.000Z,4236.94,4240.95,4235.12,4238.25,5287
2025-12-01T20:15:00.000Z,4238.2,4239.04,4235.26,4237.59,4592
2025-12-01T20:30:00.000Z,4237.63,4241.47,4235.38,4240.86,5266
2025-12-01T20:45:00.000Z,4240.84,4241.14,4234.39,4237.37,6990
2025-12-01T21:00:00.000Z,4237.25,4238.89,4235.44,4238.32,4011
2025-12-01T21:15:00.000Z,4238.36,4240.49,4237.85,4238.62,2234
2025-12-01T21:30:00.000Z,4238.61,4238.62,4233.13,4233.32,2117
2025-12-01T21:45:00.000Z,4233.3,4234.38,4230.17,4231.49,2177
2025-12-01T23:00:00.000Z,4231.05,4233.72,4228.1,4233.27,2856
2025-12-01T23:15:00.000Z,4233.39,4235.89,4231.62,4235.57,2335
2025-12-01T23:30:00.000Z,4235.58,4235.79,4228.45,4230.89,4021
2025-12-01T23:45:00.000Z,4230.92,4230.92,4224.43,4227.61,4023
2025-12-02T00:00:00.000Z,4227.64,4227.94,4223.49,4227.03,3834
2025-12-02T00:15:00.000Z,4226.87,4227.6,4221.57,4225.04,4902
2025-12-02T00:30:00.000Z,4225.05,4228.62,4224.01,4228.41,3848
2025-12-02T00:45:00.000Z,4228.46,4229.67,4223.51,4226.72,5514
2025-12-02T01:00:00.000Z,4226.69,4227.13,4199.96,4205.48,11820
2025-12-02T01:15:00.000Z,4205.5,4216.05,4204.47,4213.86,9268
2025-12-02T01:30:00.000Z,4213.75,4218.21,4208.49,4210.96,7665
2025-12-02T01:45:00.000Z,4211.04,4220.92,4210.25,4219.48,6248
2025-12-02T02:00:00.000Z,4219.47,4221.56,4215.56,4219.23,5550
2025-12-02T02:15:00.000Z,4219.24,4223.31,4215.97,4217.11,3938
2025-12-02T02:30:00.000Z,4217.11,4221.58,4214.5,4221.34,5816
2025-12-02T02:45:00.000Z,4220.99,4224.44,4219.99,4221.54,5123
2025-12-02T03:00:00.000Z,4221.55,4225.33,4220.61,4223.92,3977
2025-12-02T03:15:00.000Z,4223.93,4226.22,4222.27,4222.71,4400
2025-12-02T03:30:00.000Z,4222.44,4225.28,4220.52,4221.27,3506
2025-12-02T03:45:00.000Z,4221.14,4221.77,4215.77,4216.78,4748
2025-12-02T04:00:00.000Z,4216.72,4220.58,4215.58,4216.55,2925
2025-12-02T04:15:00.000Z,4216.61,4218.97,4215.37,4216.43,2926
2025-12-02T04:30:00.000Z,4216.41,4218.04,4213.94,4217.84,3442
2025-12-02T04:45:00.000Z,4217.81,4218.81,4216.08,4218.78,2416
2025-12-02T05:00:00.000Z,4218.76,4219.96,4215.19,4219.16,3998
2025-12-02T05:15:00.000Z,4219.17,4223.16,4219.09,4221.47,2906
2025-12-02T05:30:00.000Z,4221.42,4223.1,4219.05,4220.31,4427
2025-12-02T05:45:00.000Z,4220.22,4225.39,4219.9,4225.09,4534
2025-12-02T06:00:00.000Z,4225.13,4226.27,4223.79,4223.79,3334
2025-12-02T06:15:00.000Z,4223.79,4224.24,4204.27,4205.5,7272
2025-12-02T06:30:00.000Z,4205.55,4210.47,4203.36,4209.37,7144
2025-12-02T06:45:00.000Z,4209.6,4215.29,4207.86,4212.82,4954
2025-12-02T07:00:00.000Z,4212.83,4214.46,4210.41,4213.74,3938
2025-12-02T07:15:00.000Z,4213.78,4219.29,4213.75,4217.68,3777
2025-12-02T07:30:00.000Z,4217.73,4218.64,4211.29,4211.56,3624
2025-12-02T07:45:00.000Z,4211.5,4214.12,4209.64,4213.29,3592
2025-12-02T08:00:00.000Z,4213.39,4215.37,4207.09,4214.52,5219
2025-12-02T08:15:00.000Z,4214.5,4217.18,4212.22,4214.49,3541
2025-12-02T08:30:00.000Z,4214.44,4216.53,4211.42,4212.41,4016
2025-12-02T08:45:00.000Z,4212.4,4214.27,4210.14,4210.21,3995
2025-12-02T09:00:00.000Z,4209.9,4213.08,4204.97,4207.9,4658
2025-12-02T09:15:00.000Z,4207.91,4208.72,4192.2,4194.57,6531
2025-12-02T09:30:00.000Z,4194.57,4195.65,4181.04,4190.6,7390
2025-12-02T09:45:00.000Z,4190.61,4194.1,4187.74,4191.96,5094
2025-12-02T10:00:00.000Z,4191.92,4192.27,4186.4,4186.94,4584
2025-12-02T10:15:00.000Z,4186.92,4189.23,4182.42,4186.62,4925
2025-12-02T10:30:00.000Z,4186.64,4188.35,4184.53,4187.57,3639
2025-12-02T10:45:00.000Z,4187.58,4189.64,4182.28,4185.68,4107
2025-12-02T11:00:00.000Z,4185.67,4189.57,4184.86,4187.8,3267
2025-12-02T11:15:00.000Z,4187.8,4196.95,4186.87,4196.95,4373
2025-12-02T11:30:00.000Z,4196.96,4200.49,4194.69,4197.76,4589
2025-12-02T11:45:00.000Z,4197.82,4205.92,4196.38,4205.38,4436
2025-12-02T12:00:00.000Z,4205.4,4208.04,4204.13,4205.09,4162
2025-12-02T12:15:00.000Z,4205.2,4206.99,4201.06,4204.53,4053
2025-12-02T12:30:00.000Z,4204.48,4206.46,4202.4,4205.28,3088
2025-12-02T12:45:00.000Z,4205.36,4209.55,4203.97,4208.62,3073
2025-12-02T13:00:00.000Z,4208.9,4215.3,4202.1,4204.84,7353
2025-12-02T13:15:00.000Z,4204.86,4208.8,4202.11,4203.61,6167
2025-12-02T13:30:00.000Z,4203.7,4209.52,4203.03,4205.28,5581
2025-12-02T13:45:00.000Z,4205.37,4212.81,4202.77,4212.49,5295
2025-12-02T14:00:00.000Z,4212.43,4223.93,4212.34,4223.48,8648
2025-12-02T14:15:00.000Z,4223.54,4230.49,4222.03,4227.75,8783
2025-12-02T14:30:00.000Z,4227.86,4229.42,4215.18,4218.04,11703
2025-12-02T14:45:00.000Z,4218.11,4225.89,4214.42,4219.14,11091
2025-12-02T15:00:00.000Z,4219.15,4219.69,4204.47,4206.07,10987
2025-12-02T15:15:00.000Z,4206.08,4208.7,4186.62,4187.72,11261
2025-12-02T15:30:00.000Z,4187.84,4192.12,4180.25,4189.25,10899
2025-12-02T15:45:00.000Z,4189.32,4189.72,4163.53,4169.39,11029
2025-12-02T16:00:00.000Z,4169.83,4178.4,4167,4177.31,10952
2025-12-02T16:15:00.000Z,4177.16,4179.66,4171.36,4177.29,9044
2025-12-02T16:30:00.000Z,4177.16,4190.22,4177.02,4186.21,8697
2025-12-02T16:45:00.000Z,4186.19,4188.83,4180.41,4184.75,7053
2025-12-02T17:00:00.000Z,4184.84,4191.9,4184.59,4187.49,7036
2025-12-02T17:15:00.000Z,4187.52,4192.76,4187.35,4192.13,5974
2025-12-02T17:30:00.000Z,4192.2,4196.31,4190.35,4192.96,5579
2025-12-02T17:45:00.000Z,4192.97,4196.85,4192.96,4193.85,5718
2025-12-02T18:00:00.000Z,4193.77,4196.85,4191.26,4192.42,6342
2025-12-02T18:15:00.000Z,4192.4,4195.46,4189.17,4189.49,6564
2025-12-02T18:30:00.000Z,4189.31,4191.21,4183.21,4187.28,7326
2025-12-02T18:45:00.000Z,4187.24,4191.73,4185.94,4190.85,5543
2025-12-02T19:00:00.000Z,4190.86,4198.26,4190.86,4197.11,5702
2025-12-02T19:15:00.000Z,4197.12,4198.36,4193.96,4197.32,4990
2025-12-02T19:30:00.000Z,4197.33,4199.79,4193.77,4195.06,5271
2025-12-02T19:45:00.000Z,4195.08,4200.48,4194.06,4196.6,5391
2025-12-02T20:00:00.000Z,4196.58,4199.99,4194.93,4198.21,4924
2025-12-02T20:15:00.000Z,4198.34,4199.51,4195.79,4198.59,3747
2025-12-02T20:30:00.000Z,4198.6,4212.32,4198.53,4209.91,5738
2025-12-02T20:45:00.000Z,4209.94,4212.24,4207.63,4210.19,5141
2025-12-02T21:00:00.000Z,4210.05,4211.81,4207.72,4209.14,2684
2025-12-02T21:15:00.000Z,4209.15,4211.19,4208.39,4209.93,1785
2025-12-02T21:30:00.000Z,4209.94,4211.45,4209,4210.1,1686
2025-12-02T21:45:00.000Z,4210.17,4210.65,4205.35,4206.12,2236
2025-12-02T23:00:00.000Z,4207.51,4213.15,4202.84,4208.1,3312
2025-12-02T23:15:00.000Z,4208.11,4211.01,4207.87,4209.08,3124
2025-12-02T23:30:00.000Z,4208.92,4209.11,4206.94,4208.81,2384
2025-12-02T23:45:00.000Z,4208.84,4216.08,4208.41,4212.73,4512
2025-12-03T00:00:00.000Z,4212.77,4212.85,4207.1,4209.69,5942
2025-12-03T00:15:00.000Z,4209.81,4211.54,4206.18,4207.66,3205
2025-12-03T00:30:00.000Z,4207.67,4211.22,4205.57,4206.81,4213
2025-12-03T00:45:00.000Z,4206.82,4211.88,4204.44,4211.83,5772
2025-12-03T01:00:00.000Z,4212.79,4221.12,4211.53,4215.99,8931
2025-12-03T01:15:00.000Z,4216,4219.67,4214.14,4216.87,6392
2025-12-03T01:30:00.000Z,4216.88,4218.89,4213.27,4217.18,7188
2025-12-03T01:45:00.000Z,4217.21,4219.62,4214.14,4214.46,6125
2025-12-03T02:00:00.000Z,4214.37,4224.29,4214.26,4224.01,7671
2025-12-03T02:15:00.000Z,4224.15,4224.45,4219.3,4223.2,5409
2025-12-03T02:30:00.000Z,4223.21,4228.78,4222.53,4225.06,5481
2025-12-03T02:45:00.000Z,4225.11,4228.52,4224.13,4226.62,5322
2025-12-03T03:00:00.000Z,4226.63,4227.42,4220.49,4222.7,4634
2025-12-03T03:15:00.000Z,4222.53,4225.87,4221.35,4225.6,5166
2025-12-03T03:30:00.000Z,4225.62,4226.11,4220.61,4222.7,4727
2025-12-03T03:45:00.000Z,4222.66,4224.19,4220.13,4221.06,4324
2025-12-03T04:00:00.000Z,4221.07,4221.23,4217.32,4220.33,3865
2025-12-03T04:15:00.000Z,4220.28,4224.3,4220.16,4222.76,2803
2025-12-03T04:30:00.000Z,4222.71,4225.23,4222.15,4224,3150
2025-12-03T04:45:00.000Z,4223.99,4223.99,4220.1,4222.27,3784
2025-12-03T05:00:00.000Z,4222.27,4223.94,4219.96,4220.84,3896
2025-12-03T05:15:00.000Z,4220.84,4222.04,4218.9,4220.22,4535
2025-12-03T05:30:00.000Z,4220.36,4220.81,4205.78,4207.17,9172
2025-12-03T05:45:00.000Z,4207.16,4209.61,4203.47,4207.83,9002
2025-12-03T06:00:00.000Z,4207.76,4209.81,4206.18,4207.69,6701
2025-12-03T06:15:00.000Z,4207.61,4211.73,4206.69,4209.11,5763
2025-12-03T06:30:00.000Z,4208.99,4209.81,4204.89,4206.77,6297
2025-12-03T06:45:00.000Z,4206.78,4210.02,4205.36,4208.14,5847
2025-12-03T07:00:00.000Z,4208.16,4210.31,4206.1,4206.18,4620
2025-12-03T07:15:00.000Z,4206.09,4208.37,4202.24,4202.51,5287
2025-12-03T07:30:00.000Z,4202.54,4207.45,4200.2,4206.04,5427
2025-12-03T07:45:00.000Z,4206.04,4207.83,4203.17,4206.39,4638
2025-12-03T08:00:00.000Z,4206.52,4208.22,4204.75,4206.8,5767
2025-12-03T08:15:00.000Z,4206.8,4207.53,4203.8,4206.44,4850
2025-12-03T08:30:00.000Z,4206.44,4210.17,4204.12,4208.79,4936
2025-12-03T08:45:00.000Z,4208.81,4209.59,4206.13,4206.41,5877
2025-12-03T09:00:00.000Z,4206.51,4207.55,4197.13,4199.65,6733
2025-12-03T09:15:00.000Z,4199.66,4202.67,4198.97,4199.94,5250
2025-12-03T09:30:00.000Z,4200.16,4202.2,4199.93,4201.49,4292
2025-12-03T09:45:00.000Z,4201.5,4202.3,4200.06,4202.14,3960
2025-12-03T10:00:00.000Z,4202.08,4202.58,4195.19,4195.25,5175
2025-12-03T10:15:00.000Z,4195.33,4204.85,4194.51,4203.04,5925
2025-12-03T10:30:00.000Z,4203.09,4204.09,4198.76,4201.41,6731
2025-12-03T10:45:00.000Z,4201.36,4201.67,4197.99,4200.64,5709
2025-12-03T11:00:00.000Z,4200.59,4200.8,4197.08,4199.63,4317
2025-12-03T11:15:00.000Z,4199.65,4205.44,4199.17,4205.27,3808
2025-12-03T11:30:00.000Z,4205.3,4207.13,4202.6,4203.98,4740
2025-12-03T11:45:00.000Z,4204,4209.19,4203.14,4208.72,5607
2025-12-03T12:00:00.000Z,4208.66,4210.51,4205.85,4207.53,5542
2025-12-03T12:15:00.000Z,4207.41,4209.62,4205.23,4208.13,5801
2025-12-03T12:30:00.000Z,4208.12,4214.35,4207.78,4214.23,5964
2025-12-03T12:45:00.000Z,4214.24,4214.26,4210.73,4213.52,5440
2025-12-03T13:00:00.000Z,4213.65,4216.76,4211.3,4211.58,7785
2025-12-03T13:15:00.000Z,4213.84,4222.91,4212.7,4220.42,9317
2025-12-03T13:30:00.000Z,4220.37,4225.65,4216.93,4223.65,8631
2025-12-03T13:45:00.000Z,4223.66,4238.56,4222.39,4237.24,8504
2025-12-03T14:00:00.000Z,4237.25,4240.72,4218.55,4226.46,11572
2025-12-03T14:15:00.000Z,4226.5,4231.04,4221.39,4224.74,9298
2025-12-03T14:30:00.000Z,4224.75,4241.62,4223.53,4227.09,12572
2025-12-03T14:45:00.000Z,4226.86,4226.97,4205.17,4212.56,12156
2025-12-03T15:00:00.000Z,4212.5,4219.37,4206.05,4217.65,11067
2025-12-03T15:15:00.000Z,4217.67,4224.51,4216.37,4221.67,9130
2025-12-03T15:30:00.000Z,4221.7,4229.39,4221.02,4227.5,9089
2025-12-03T15:45:00.000Z,4227.5,4228.13,4214.32,4216.33,9427
2025-12-03T16:00:00.000Z,4216.35,4222.03,4214.2,4219.34,8378
2025-12-03T16:15:00.000Z,4219.16,4219.49,4212.71,4219.01,8501
2025-12-03T16:30:00.000Z,4219.02,4225.16,4218.37,4220.75,8501
2025-12-03T16:45:00.000Z,4220.75,4220.92,4195.76,4200.79,10875
2025-12-03T17:00:00.000Z,4200.68,4212.41,4200.26,4211.1,9071
2025-12-03T17:15:00.000Z,4211.11,4213.07,4207.58,4208.92,6956
2025-12-03T17:30:00.000Z,4208.94,4215.3,4208,4212.51,6771
2025-12-03T17:45:00.000Z,4212.5,4214.56,4208.33,4211.1,6420
2025-12-03T18:00:00.000Z,4211.43,4211.54,4202.09,4204.52,7936
2025-12-03T18:15:00.000Z,4204.63,4206.4,4198.54,4201.71,7957
2025-12-03T18:30:00.000Z,4202.7,4206.6,4200.22,4204.96,5838
2025-12-03T18:45:00.000Z,4205.02,4205.71,4195.21,4196.96,5723
2025-12-03T19:00:00.000Z,4197.06,4203.72,4196.96,4201.16,5951
2025-12-03T19:15:00.000Z,4201.17,4206.69,4200.98,4206.02,5729
2025-12-03T19:30:00.000Z,4206.1,4209.87,4204.75,4208.9,4663
2025-12-03T19:45:00.000Z,4208.93,4209.96,4207.76,4207.9,4399
2025-12-03T20:00:00.000Z,4207.87,4212.69,4207.55,4211.28,4842
2025-12-03T20:15:00.000Z,4211.29,4211.51,4208.18,4210.16,4349
2025-12-03T20:30:00.000Z,4210.15,4210.88,4207.76,4208.66,5530
2025-12-03T20:45:00.000Z,4208.67,4208.87,4203.76,4206.28,6879
2025-12-03T21:00:00.000Z,4206.3,4210.06,4206.12,4209.93,3763
2025-12-03T21:15:00.000Z,4209.97,4210.02,4206.54,4206.95,2817
2025-12-03T21:30:00.000Z,4206.88,4209.65,4206.81,4209.58,1920
2025-12-03T21:45:00.000Z,4209.48,4209.48,4202.45,4202.5,1963
2025-12-03T23:00:00.000Z,4203.12,4207.78,4203.04,4206.52,2577
2025-12-03T23:15:00.000Z,4206.53,4208.88,4206.36,4207.06,2204
2025-12-03T23:30:00.000Z,4207.13,4207.2,4204.06,4206.07,2619
2025-12-03T23:45:00.000Z,4206.04,4207.51,4202.76,4207.31,2722
2025-12-04T00:00:00.000Z,4207.27,4210.35,4204.44,4207.71,3376
2025-12-04T00:15:00.000Z,4207.7,4212.8,4206.46,4212.03,3868
2025-12-04T00:30:00.000Z,4212.04,4215.65,4211.22,4213.39,4006
2025-12-04T00:45:00.000Z,4213.41,4213.8,4209.43,4211.65,4310
2025-12-04T01:00:00.000Z,4211.58,4214.03,4205.8,4213.56,7797
2025-12-04T01:15:00.000Z,4213.58,4214.68,4210.41,4213.11,7771
2025-12-04T01:30:00.000Z,4213.14,4214.74,4210.91,4214.64,5961
2025-12-04T01:45:00.000Z,4214.65,4216.76,4207.66,4209.22,7355
2025-12-04T02:00:00.000Z,4209.19,4209.19,4198.89,4204.73,6827
2025-12-04T02:15:00.000Z,4204.63,4206.63,4202.64,4205.98,4791
2025-12-04T02:30:00.000Z,4205.98,4207.48,4201.3,4201.57,7133
2025-12-04T02:45:00.000Z,4201.6,4204.55,4199.83,4200.49,5740
2025-12-04T03:00:00.000Z,4200.6,4201.59,4187.45,4193.06,7628
2025-12-04T03:15:00.000Z,4193.08,4195.98,4191.96,4193.2,6150
2025-12-04T03:30:00.000Z,4193.16,4197.04,4190.17,4197.04,4477
2025-12-04T03:45:00.000Z,4197.04,4197.8,4193.66,4195.72,5576
2025-12-04T04:00:00.000Z,4195.71,4197.42,4192.74,4197.14,4603
2025-12-04T04:15:00.000Z,4197.3,4199.01,4195.45,4198.28,4194
2025-12-04T04:30:00.000Z,4198.4,4198.48,4196.7,4197.13,4475
2025-12-04T04:45:00.000Z,4197.14,4197.57,4194.53,4196.91,5319
2025-12-04T05:00:00.000Z,4196.91,4197.86,4194.3,4194.3,3600
2025-12-04T05:15:00.000Z,4194.37,4197.34,4189.66,4197.01,6032
2025-12-04T05:30:00.000Z,4197.05,4199.03,4180.86,4184.14,9902
2025-12-04T05:45:00.000Z,4184.25,4185.69,4174.94,4181.12,9069
2025-12-04T06:00:00.000Z,4181.14,4185.84,4179.38,4180.32,8509
2025-12-04T06:15:00.000Z,4180.26,4185.71,4178.59,4182.88,10072
2025-12-04T06:30:00.000Z,4182.83,4189.22,4182.47,4189.06,7534
2025-12-04T06:45:00.000Z,4189.05,4190.25,4186.97,4190.17,5905
2025-12-04T07:00:00.000Z,4190.29,4192.44,4186.72,4192.44,6652
2025-12-04T07:15:00.000Z,4192.5,4195.09,4188.92,4189.26,5199
2025-12-04T07:30:00.000Z,4189.25,4191.72,4188.72,4189.81,4420
2025-12-04T07:45:00.000Z,4189.76,4193.86,4186.61,4193.69,5420
2025-12-04T08:00:00.000Z,4193.47,4195.65,4189.91,4191.32,7274
2025-12-04T08:15:00.000Z,4191.34,4196.33,4191.13,4192.96,6806
2025-12-04T08:30:00.000Z,4192.88,4194.42,4190.86,4190.86,5947
2025-12-04T08:45:00.000Z,4191.18,4192.55,4184.86,4184.89,6635
2025-12-04T09:00:00.000Z,4184.88,4191.47,4183.48,4189.41,7284
2025-12-04T09:15:00.000Z,4189.43,4191.96,4187.5,4191.29,5872
2025-12-04T09:30:00.000Z,4191.26,4197.71,4190.69,4196.93,4405
2025-12-04T09:45:00.000Z,4196.87,4202.22,4196.28,4199.97,5213
2025-12-04T10:00:00.000Z,4199.98,4202.6,4199.08,4199.58,4377
2025-12-04T10:15:00.000Z,4199.64,4202.12,4198.49,4199.1,4569
2025-12-04T10:30:00.000Z,4199.13,4201.64,4198.05,4201.14,3970
2025-12-04T10:45:00.000Z,4201.1,4201.91,4196.69,4197.34,4127
2025-12-04T11:00:00.000Z,4197.38,4206.47,4197.37,4202.28,4907
2025-12-04T11:15:00.000Z,4202.26,4203.95,4197.27,4199.23,4698
2025-12-04T11:30:00.000Z,4199.24,4202.09,4197.98,4200.2,3061
2025-12-04T11:45:00.000Z,4200.03,4200.67,4197.23,4198.48,3333
2025-12-04T12:00:00.000Z,4198.51,4201.81,4193.28,4200.85,4997
2025-12-04T12:15:00.000Z,4200.92,4201.33,4193.18,4194.32,4274
2025-12-04T12:30:00.000Z,4194.35,4194.35,4188.66,4192.62,5552
2025-12-04T12:45:00.000Z,4192.64,4193.29,4188.87,4190.54,5825
2025-12-04T13:00:00.000Z,4190.55,4192.42,4185.58,4187.61,8279
2025-12-04T13:15:00.000Z,4187.53,4196.92,4185.78,4195.97,7196
2025-12-04T13:30:00.000Z,4195.07,4195.95,4187.36,4191.73,7879
2025-12-04T13:45:00.000Z,4192.05,4198.42,4188.31,4198.24,7300
2025-12-04T14:00:00.000Z,4198.22,4206.25,4198.22,4204.82,7580
2025-12-04T14:15:00.000Z,4204.82,4210.23,4202.52,4208.25,7412
2025-12-04T14:30:00.000Z,4208.18,4213.28,4193.67,4199.91,11385
2025-12-04T14:45:00.000Z,4199.83,4208.33,4196.9,4201.35,10723
2025-12-04T15:00:00.000Z,4201.03,4203.15,4191.38,4202.73,11681
2025-12-04T15:15:00.000Z,4202.62,4206.32,4200.76,4205.99,8891
2025-12-04T15:30:00.000Z,4206.04,4210.2,4204.63,4206.51,8157
2025-12-04T15:45:00.000Z,4206.58,4208.54,4202.54,4207.47,9008
2025-12-04T16:00:00.000Z,4207.57,4215.35,4206.72,4210.47,7870
2025-12-04T16:15:00.000Z,4210.44,4219.58,4209.83,4216.18,7498
2025-12-04T16:30:00.000Z,4216.19,4216.59,4207.46,4210.94,7983
2025-12-04T16:45:00.000Z,4210.92,4216.77,4210.2,4215.72,6146
2025-12-04T17:00:00.000Z,4215.85,4216.91,4209.25,4211.18,7166
2025-12-04T17:15:00.000Z,4211.18,4213.55,4208.83,4211.14,5368
2025-12-04T17:30:00.000Z,4210.85,4214.25,4209.62,4213.57,4821
2025-12-04T17:45:00.000Z,4213.59,4217.67,4213.59,4216.49,5217
2025-12-04T18:00:00.000Z,4216.41,4217.4,4210.1,4213.77,6472
2025-12-04T18:15:00.000Z,4213.76,4215.2,4211.9,4213.01,6147
2025-12-04T18:30:00.000Z,4212.98,4212.98,4209.71,4211.31,5461
2025-12-04T18:45:00.000Z,4211.3,4212.12,4207.34,4207.97,5212
2025-12-04T19:00:00.000Z,4208.06,4209.77,4199.57,4203.75,6735
2025-12-04T19:15:00.000Z,4203.73,4206.43,4200.65,4204.9,6540
2025-12-04T19:30:00.000Z,4204.88,4210.11,4204.33,4208.3,5340
2025-12-04T19:45:00.000Z,4208.36,4209.21,4206.07,4208.96,4689
2025-12-04T20:00:00.000Z,4208.79,4208.98,4206.64,4207.32,4411
2025-12-04T20:15:00.000Z,4207.25,4209.76,4206.1,4207.56,5239
2025-12-04T20:30:00.000Z,4207.54,4207.79,4205.47,4207.02,4866
2025-12-04T20:45:00.000Z,4207.03,4210.34,4207.03,4209.85,4352
2025-12-04T21:00:00.000Z,4209.83,4210.14,4208.52,4209.31,2051
2025-12-04T21:15:00.000Z,4209.29,4209.34,4207.89,4208.36,1406
2025-12-04T21:30:00.000Z,4208.37,4209.78,4208.07,4209.66,1303
2025-12-04T21:45:00.000Z,4209.64,4210.13,4207.43,4207.43,1371
2025-12-04T23:00:00.000Z,4208.1,4209.82,4207.06,4207.98,1425
2025-12-04T23:15:00.000Z,4207.93,4209.32,4206.85,4207.83,1750
2025-12-04T23:30:00.000Z,4207.73,4208.69,4203.81,4205.96,2909
2025-12-04T23:45:00.000Z,4205.84,4206.44,4203.88,4205.98,2585
2025-12-05T00:00:00.000Z,4206.03,4208.97,4204.11,4208.31,2829
2025-12-05T00:15:00.000Z,4208.26,4210.43,4204.83,4205.81,3667
2025-12-05T00:30:00.000Z,4205.78,4205.83,4202.8,4204.94,3117
2025-12-05T00:45:00.000Z,4204.64,4205.23,4201.31,4201.76,4076
2025-12-05T01:00:00.000Z,4201.72,4204.39,4194.8,4197.15,6489
2025-12-05T01:15:00.000Z,4197.15,4200.67,4194.82,4199.58,6372
2025-12-05T01:30:00.000Z,4199.31,4202.34,4197.38,4198.41,6317
2025-12-05T01:45:00.000Z,4198.39,4203.99,4197.88,4203,6316
2025-12-05T02:00:00.000Z,4203.09,4204.71,4200.14,4201.8,5202
2025-12-05T02:15:00.000Z,4201.8,4202.18,4196.74,4197.84,3992
2025-12-05T02:30:00.000Z,4197.85,4204.59,4196.82,4204.52,4751
2025-12-05T02:45:00.000Z,4204.61,4208.35,4204.61,4207.25,5004
2025-12-05T03:00:00.000Z,4207.36,4208.8,4201.82,4202.93,6499
2025-12-05T03:15:00.000Z,4203,4204.77,4202.26,4203.18,4146
2025-12-05T03:30:00.000Z,4203.2,4209.22,4202.38,4209.19,2726
2025-12-05T03:45:00.000Z,4209.22,4210.92,4207.01,4209.49,5048
2025-12-05T04:00:00.000Z,4209.47,4214.37,4207.98,4213.7,4141
2025-12-05T04:15:00.000Z,4213.75,4213.75,4211.42,4212.52,4202
2025-12-05T04:30:00.000Z,4212.5,4216.02,4212.42,4214.03,3540
2025-12-05T04:45:00.000Z,4214.06,4217.33,4213.35,4216.7,4134
2025-12-05T05:00:00.000Z,4216.69,4218.34,4215.43,4216.25,3886
2025-12-05T05:15:00.000Z,4216.23,4219.88,4214.35,4219.54,3470
2025-12-05T05:30:00.000Z,4219.47,4221.17,4217.74,4220.17,6001
2025-12-05T05:45:00.000Z,4220.11,4220.88,4219,4220.32,5731
2025-12-05T06:00:00.000Z,4220.32,4228.44,4218.56,4225.51,6531
2025-12-05T06:15:00.000Z,4225.49,4229.15,4224.51,4227.77,6155
2025-12-05T06:30:00.000Z,4227.61,4228.78,4223.8,4225.02,5573
2025-12-05T06:45:00.000Z,4225.03,4226.1,4223.76,4224.5,4964
2025-12-05T07:00:00.000Z,4224.48,4230.5,4224.41,4227.27,3995
2025-12-05T07:15:00.000Z,4227.28,4230.71,4226.36,4230.05,3585
2025-12-05T07:30:00.000Z,4230.06,4230.16,4224.45,4224.7,4415
2025-12-05T07:45:00.000Z,4224.71,4226.01,4222.52,4224.45,4490
2025-12-05T08:00:00.000Z,4224.59,4227.11,4221.86,4223.1,5823
2025-12-05T08:15:00.000Z,4223.12,4226.57,4222.53,4222.9,4747
2025-12-05T08:30:00.000Z,4222.87,4225.72,4220.89,4223.41,4350
2025-12-05T08:45:00.000Z,4223.6,4224.57,4220.58,4220.6,3946
2025-12-05T09:00:00.000Z,4220.54,4222.26,4217.35,4218.6,5196
2025-12-05T09:15:00.000Z,4218.55,4222.01,4216,4221.32,5063
2025-12-05T09:30:00.000Z,4221.31,4224.79,4219.61,4224.05,3636
2025-12-05T09:45:00.000Z,4224.05,4225.03,4223.22,4223.36,2268
2025-12-05T10:00:00.000Z,4223.37,4225.99,4223.19,4224.18,2141
2025-12-05T10:15:00.000Z,4224.23,4227.54,4223.17,4224.03,3173
2025-12-05T10:30:00.000Z,4224.06,4225.41,4223.37,4224.61,3285
2025-12-05T10:45:00.000Z,4224.53,4224.88,4222.49,4222.8,2401
2025-12-05T11:00:00.000Z,4222.81,4224.09,4219.99,4224.09,2628
2025-12-05T11:15:00.000Z,4224.04,4225.74,4221.07,4221.33,2302
2025-12-05T11:30:00.000Z,4221.34,4224.2,4220.62,4223.16,3311
2025-12-05T11:45:00.000Z,4223.16,4223.87,4221.66,4223.59,2579
2025-12-05T12:00:00.000Z,4223.6,4229.76,4223.09,4225.67,5382
2025-12-05T12:15:00.000Z,4225.68,4229.45,4224.02,4224.62,4979
2025-12-05T12:30:00.000Z,4224.63,4225.82,4222.98,4225.44,4333
2025-12-05T12:45:00.000Z,4225.45,4229.62,4224.57,4228.75,4784
2025-12-05T13:00:00.000Z,4228.77,4233.15,4221.52,4228.08,8170
2025-12-05T13:15:00.000Z,4228.21,4234.93,4225.77,4232.94,6941
2025-12-05T13:30:00.000Z,4233.05,4238.96,4231.16,4233.68,8387
2025-12-05T13:45:00.000Z,4233.67,4237.52,4229.92,4234.52,7019
2025-12-05T14:00:00.000Z,4234.47,4239.32,4232.31,4237.38,7357
2025-12-05T14:15:00.000Z,4237.46,4237.58,4230.1,4231.55,8382
2025-12-05T14:30:00.000Z,4231.66,4236.65,4228.41,4236.26,10142
2025-12-05T14:45:00.000Z,4236.23,4245.55,4235.03,4242.24,9238
2025-12-05T15:00:00.000Z,4242.13,4244.29,4234.21,4239.76,9571
2025-12-05T15:15:00.000Z,4239.79,4249.08,4238.24,4248.78,8427
2025-12-05T15:30:00.000Z,4248.73,4259.23,4246.39,4253.87,9109
2025-12-05T15:45:00.000Z,4253.87,4254.95,4237.76,4243.65,9837
2025-12-05T16:00:00.000Z,4243.95,4245.79,4203.21,4203.24,11847
2025-12-05T16:15:00.000Z,4204.31,4218.27,4198.68,4216.48,11312
2025-12-05T16:30:00.000Z,4216.58,4217.14,4207.75,4210.77,10002
2025-12-05T16:45:00.000Z,4210.8,4217.57,4207.65,4214.2,8205
2025-12-05T17:00:00.000Z,4214.16,4218.36,4210.57,4214.9,7184
2025-12-05T17:15:00.000Z,4214.81,4218.06,4213.19,4216.93,6130
2025-12-05T17:30:00.000Z,4216.97,4219.71,4206.46,4214.29,7511
2025-12-05T17:45:00.000Z,4214.29,4218.7,4212.79,4217.59,5307
2025-12-05T18:00:00.000Z,4217.58,4218.61,4214.93,4217.8,5363
2025-12-05T18:15:00.000Z,4217.86,4219.17,4210.09,4212.61,7344
2025-12-05T18:30:00.000Z,4212.63,4215.76,4209.38,4211.7,5937
2025-12-05T18:45:00.000Z,4211.67,4213.52,4206.74,4208.82,5760
2025-12-05T19:00:00.000Z,4208.8,4210.79,4203.62,4208.57,6741
2025-12-05T19:15:00.000Z,4208.54,4209.8,4205.4,4209.47,4880
2025-12-05T19:30:00.000Z,4209.43,4210.37,4204.36,4205.81,4120
2025-12-05T19:45:00.000Z,4205.83,4208.82,4202.32,4207.62,4159
2025-12-05T20:00:00.000Z,4207.73,4207.77,4202.87,4204.77,4130
2025-12-05T20:15:00.000Z,4204.66,4206.84,4202.82,4202.96,4686
2025-12-05T20:30:00.000Z,4202.93,4205.32,4199.82,4201.02,8209
2025-12-05T20:45:00.000Z,4201,4202.88,4199.41,4202.14,8294
2025-12-05T21:00:00.000Z,4202.1,4202.47,4199.85,4200.35,5163
2025-12-05T21:15:00.000Z,4200.35,4200.49,4192.04,4196.94,3658
2025-12-05T21:30:00.000Z,4196.96,4196.96,4193.77,4194.42,2896
2025-12-05T21:45:00.000Z,4194.37,4198.15,4194.03,4195.84,1642
2025-12-07T23:00:00.000Z,4195.38,4208.74,4195.24,4196.31,672
2025-12-07T23:15:00.000Z,4196.47,4200.99,4196.41,4200.84,182
2025-12-07T23:30:00.000Z,4200.61,4201.22,4197,4199.2,1933
2025-12-07T23:45:00.000Z,4199.12,4202.54,4197.94,4201.3,3336
2025-12-08T00:00:00.000Z,4201.41,4208.01,4199.36,4206.03,4641
2025-12-08T00:15:00.000Z,4206.08,4207.64,4203.03,4205.93,3746
2025-12-08T00:30:00.000Z,4205.46,4210.25,4204.74,4209.29,3748
2025-12-08T00:45:00.000Z,4209.26,4211.57,4208.11,4210.69,4669
2025-12-08T01:00:00.000Z,4210.69,4211.69,4201.11,4205.8,9960
2025-12-08T01:15:00.000Z,4205.83,4210.59,4204.38,4208.03,7324
2025-12-08T01:30:00.000Z,4207.75,4209.77,4205.24,4206.56,7700
2025-12-08T01:45:00.000Z,4206.65,4208.15,4197.49,4201.13,8710
2025-12-08T02:00:00.000Z,4201.06,4202.1,4198.47,4200.5,6778
2025-12-08T02:15:00.000Z,4200.53,4203.42,4199.23,4203.22,4889
2025-12-08T02:30:00.000Z,4203.15,4208.81,4199.44,4206.5,8125
2025-12-08T02:45:00.000Z,4206.55,4212.44,4206.42,4208.48,5916
2025-12-08T03:00:00.000Z,4208.46,4210.23,4206.83,4209.88,4724
2025-12-08T03:15:00.000Z,4209.89,4213.07,4208.05,4209.89,4543
2025-12-08T03:30:00.000Z,4209.89,4211.76,4207.09,4207.72,4115
2025-12-08T03:45:00.000Z,4207.72,4210.42,4206.69,4210.06,3448
2025-12-08T04:00:00.000Z,4210.09,4210.33,4208.55,4209.47,1785
2025-12-08T04:15:00.000Z,4209.46,4211.99,4208.82,4209.43,1697
2025-12-08T04:30:00.000Z,4209.41,4213.13,4209.41,4210.51,1942
2025-12-08T04:45:00.000Z,4210.36,4211.05,4206.96,4208.46,2179
2025-12-08T05:00:00.000Z,4208.48,4209.39,4207.79,4209.03,3237
2025-12-08T05:15:00.000Z,4209.02,4209.27,4204.56,4206.38,3480
2025-12-08T05:30:00.000Z,4206.47,4215.82,4206.42,4214.68,5454
2025-12-08T05:45:00.000Z,4214.77,4217.13,4212.47,4217.06,3555
2025-12-08T06:00:00.000Z,4217.02,4218.6,4212.22,4215.37,5638
2025-12-08T06:15:00.000Z,4215.32,4217.99,4213.71,4216.36,5199
2025-12-08T06:30:00.000Z,4216.41,4218.87,4214.96,4216.99,5430
2025-12-08T06:45:00.000Z,4216.98,4218.01,4215.08,4216.97,4374
2025-12-08T07:00:00.000Z,4217.15,4217.39,4212.61,4214.75,4613
2025-12-08T07:15:00.000Z,4214.74,4216.06,4212.96,4213.9,5276
2025-12-08T07:30:00.000Z,4213.91,4216.3,4210.02,4210.03,4117
2025-12-08T07:45:00.000Z,4210.02,4211.02,4206.35,4206.9,4741
2025-12-08T08:00:00.000Z,4206.85,4212.8,4203.13,4211.54,5680
2025-12-08T08:15:00.000Z,4211.55,4216.6,4209.23,4209.23,3984
2025-12-08T08:30:00.000Z,4209.23,4210.57,4205.1,4208.92,4296
2025-12-08T08:45:00.000Z,4209.02,4212.03,4207.16,4209.72,3457
2025-12-08T09:00:00.000Z,4209.46,4210.58,4204.28,4209.04,5312
2025-12-08T09:15:00.000Z,4209.05,4210.82,4206.24,4210.61,3434
2025-12-08T09:30:00.000Z,4210.62,4211.57,4205.94,4208.02,4318
2025-12-08T09:45:00.000Z,4207.99,4212.73,4206.32,4208.01,3926
2025-12-08T10:00:00.000Z,4207.92,4210.39,4207.66,4209.43,2368
2025-12-08T10:15:00.000Z,4209.39,4209.95,4205.43,4205.87,3104
2025-12-08T10:30:00.000Z,4205.82,4208.17,4201.1,4206.34,3896
2025-12-08T10:45:00.000Z,4206.29,4206.76,4202.8,4203.55,4003
2025-12-08T11:00:00.000Z,4203.5,4204.51,4199.66,4203.29,3538
2025-12-08T11:15:00.000Z,4203.17,4209.57,4202.1,4209.45,3074
2025-12-08T11:30:00.000Z,4209.36,4214.19,4208.73,4213.45,4209
2025-12-08T11:45:00.000Z,4213.53,4213.67,4208.56,4208.56,4083
2025-12-08T12:00:00.000Z,4208.6,4212.91,4208.48,4212.3,4080
2025-12-08T12:15:00.000Z,4212.32,4212.79,4209.64,4211.78,3100
2025-12-08T12:30:00.000Z,4211.7,4213.62,4211.05,4212.41,3727
2025-12-08T12:45:00.000Z,4212.35,4215.4,4211.03,4213.79,3557
2025-12-08T13:00:00.000Z,4213.8,4214.67,4205.63,4210.73,8591
2025-12-08T13:15:00.000Z,4210.71,4211.08,4202.51,4203.04,7931
2025-12-08T13:30:00.000Z,4203.04,4204.85,4200.59,4202.76,7670
2025-12-08T13:45:00.000Z,4202.82,4206.35,4197.79,4201.66,7859
2025-12-08T14:00:00.000Z,4201.68,4210.13,4197.25,4209.64,7476
2025-12-08T14:15:00.000Z,4209.57,4211.54,4207.74,4208.88,6316
2025-12-08T14:30:00.000Z,4208.92,4210.95,4198.26,4198.3,10964
2025-12-08T14:45:00.000Z,4198.32,4210.96,4195.51,4196.5,10962
2025-12-08T15:00:00.000Z,4196.53,4196.75,4177.31,4178.34,11775
2025-12-08T15:15:00.000Z,4178.27,4192.85,4176.16,4191.99,9412
2025-12-08T15:30:00.000Z,4192.03,4193.16,4185.59,4186.79,8170
2025-12-08T15:45:00.000Z,4186.84,4190.2,4182.1,4182.9,8034
2025-12-08T16:00:00.000Z,4182.85,4183.64,4176.97,4183.61,8009
2025-12-08T16:15:00.000Z,4183.59,4196.18,4182.63,4194.93,7464
2025-12-08T16:30:00.000Z,4194.97,4197.9,4192.87,4193.63,6960
2025-12-08T16:45:00.000Z,4193.66,4195.3,4187.89,4191.51,6865
2025-12-08T17:00:00.000Z,4191.63,4191.71,4185.53,4187.03,5613
2025-12-08T17:15:00.000Z,4187.19,4192.08,4186.57,4192.07,4688
2025-12-08T17:30:00.000Z,4192.06,4194.19,4188.98,4188.98,5451
2025-12-08T17:45:00.000Z,4188.99,4195.57,4188.01,4194.91,5938
2025-12-08T18:00:00.000Z,4194.93,4195.64,4188.69,4189.47,5793
2025-12-08T18:15:00.000Z,4189.34,4190.42,4187.13,4188.75,5306
2025-12-08T18:30:00.000Z,4188.76,4191.75,4187.03,4189.76,5012
2025-12-08T18:45:00.000Z,4189.7,4192.14,4184.39,4187.14,4820
2025-12-08T19:00:00.000Z,4186.99,4188.46,4184.15,4185.17,4562
2025-12-08T19:15:00.000Z,4185.19,4188.66,4184.38,4187.86,3862
2025-12-08T19:30:00.000Z,4187.54,4188.96,4186.06,4187.08,3968
2025-12-08T19:45:00.000Z,4187.09,4187.59,4185,4187.04,4795
2025-12-08T20:00:00.000Z,4186.96,4191.05,4184.94,4188.62,4552
2025-12-08T20:15:00.000Z,4188.57,4191.39,4187.24,4189.17,4816
2025-12-08T20:30:00.000Z,4189.22,4195.54,4189.17,4194.34,4326
2025-12-08T20:45:00.000Z,4194.39,4194.61,4190.64,4191.56,4989
2025-12-08T21:00:00.000Z,4191.63,4193.24,4191.22,4191.72,1624
2025-12-08T21:15:00.000Z,4191.71,4192.54,4189.84,4190.58,917
2025-12-08T21:30:00.000Z,4190.54,4190.83,4189.42,4190.21,1175
2025-12-08T21:45:00.000Z,4190.22,4190.82,4188.28,4190.5,1202
2025-12-08T23:00:00.000Z,4190.51,4193.57,4189.57,4191.21,1394
2025-12-08T23:15:00.000Z,4191.34,4194.05,4190.99,4193.02,1366
2025-12-08T23:30:00.000Z,4193.01,4195.3,4191.71,4194.68,1613
2025-12-08T23:45:00.000Z,4194.67,4195.24,4192.36,4194.7,1287
2025-12-09T00:00:00.000Z,4194.64,4195.63,4191.32,4192.79,2102
2025-12-09T00:15:00.000Z,4192.78,4194.22,4192.29,4192.53,1106
2025-12-09T00:30:00.000Z,4192.33,4192.97,4191.54,4192.05,2003
2025-12-09T00:45:00.000Z,4192.06,4194.15,4189.94,4190.41,2338
2025-12-09T01:00:00.000Z,4190.4,4197.3,4188.83,4196.15,6835
2025-12-09T01:15:00.000Z,4196.14,4196.69,4193.72,4194.15,5315
2025-12-09T01:30:00.000Z,4194.27,4197.2,4194.17,4195.8,4859
2025-12-09T01:45:00.000Z,4195.81,4197.09,4193.96,4196.24,3464
2025-12-09T02:00:00.000Z,4196.14,4197.2,4190.78,4190.78,3743
2025-12-09T02:15:00.000Z,4190.77,4193.28,4189.45,4190.5,3238
2025-12-09T02:30:00.000Z,4190.59,4190.87,4185.98,4189.19,6551
2025-12-09T02:45:00.000Z,4189.17,4190.2,4187.35,4189.89,4648
2025-12-09T03:00:00.000Z,4190,4194.02,4189.95,4193.94,4206
2025-12-09T03:15:00.000Z,4193.92,4198.31,4193.73,4198.01,4511
2025-12-09T03:30:00.000Z,4197.85,4198.81,4193.65,4194.17,4002
2025-12-09T03:45:00.000Z,4194.17,4196.17,4193.82,4194.48,2946
2025-12-09T04:00:00.000Z,4194.48,4195.43,4191.84,4195.05,4181
2025-12-09T04:15:00.000Z,4195.04,4195.54,4192.78,4193.66,3780
2025-12-09T04:30:00.000Z,4193.63,4195.65,4188.65,4189.17,3113
2025-12-09T04:45:00.000Z,4189.15,4190.06,4184.63,4186.92,4164
2025-12-09T05:00:00.000Z,4186.78,4187.33,4183.5,4186.31,4373
2025-12-09T05:15:00.000Z,4186.29,4186.92,4183.46,4185.35,4208
2025-12-09T05:30:00.000Z,4185.3,4185.69,4180.4,4181.97,7845
2025-12-09T05:45:00.000Z,4181.85,4182.99,4178.13,4179.88,6563
2025-12-09T06:00:00.000Z,4179.96,4179.98,4169.99,4174.67,6937
2025-12-09T06:15:00.000Z,4174.66,4178.64,4174.04,4178.53,6693
2025-12-09T06:30:00.000Z,4178.56,4184.02,4176.45,4181,5605
2025-12-09T06:45:00.000Z,4181.02,4183.12,4180.29,4182,5166
2025-12-09T07:00:00.000Z,4182.04,4185.76,4180.31,4182.7,5720
2025-12-09T07:15:00.000Z,4182.7,4183.26,4175.95,4178.5,6465
2025-12-09T07:30:00.000Z,4178.52,4181.37,4178.4,4179.62,5333
2025-12-09T07:45:00.000Z,4179.66,4183.64,4179.1,4182.39,5287
2025-12-09T08:00:00.000Z,4182.4,4188.5,4182.4,4188.25,5618
2025-12-09T08:15:00.000Z,4188.24,4189.25,4185.54,4186.25,4260
2025-12-09T08:30:00.000Z,4186.19,4190.92,4185.55,4190.87,5035
2025-12-09T08:45:00.000Z,4190.89,4191.8,4188.68,4191.74,4019
2025-12-09T09:00:00.000Z,4191.77,4205.54,4190.83,4203.58,7991
2025-12-09T09:15:00.000Z,4203.87,4212.76,4203.35,4207.28,7740
2025-12-09T09:30:00.000Z,4207.28,4209.11,4201.79,4203.87,6250
2025-12-09T09:45:00.000Z,4203.84,4205.39,4200.64,4202.9,6251
2025-12-09T10:00:00.000Z,4203.11,4206.56,4201.76,4204.43,6135
2025-12-09T10:15:00.000Z,4204.46,4208.38,4204.28,4204.54,4832
2025-12-09T10:30:00.000Z,4204.57,4205.88,4201.3,4203.7,4495
2025-12-09T10:45:00.000Z,4203.62,4205.15,4201.86,4203.92,3709
2025-12-09T11:00:00.000Z,4203.94,4204.81,4202.08,4202.3,3326
2025-12-09T11:15:00.000Z,4202.49,4205.5,4201.21,4203.92,3771
2025-12-09T11:30:00.000Z,4204.02,4206.48,4203.08,4204.85,2834
2025-12-09T11:45:00.000Z,4204.9,4206.3,4202.49,4203.08,2592
2025-12-09T12:00:00.000Z,4203.09,4205.2,4200.85,4201.65,3139
2025-12-09T12:15:00.000Z,4201.6,4203.17,4198.52,4202.33,3670
2025-12-09T12:30:00.000Z,4202.32,4203.48,4201.21,4201.92,3057
2025-12-09T12:45:00.000Z,4201.89,4207.52,4201.49,4204.28,3911
2025-12-09T13:00:00.000Z,4204.3,4208.27,4203.1,4205.16,7559
2025-12-09T13:15:00.000Z,4205.19,4207.39,4198.41,4202.01,7235
2025-12-09T13:30:00.000Z,4202.06,4202.57,4195.68,4200.71,7211
2025-12-09T13:45:00.000Z,4200.74,4203.34,4198.96,4201.34,6357
2025-12-09T14:00:00.000Z,4201.46,4202.02,4189.62,4192.14,8067
2025-12-09T14:15:00.000Z,4192.15,4194.37,4189.52,4193.51,6499
2025-12-09T14:30:00.000Z,4193.5,4206.43,4192.75,4205.9,11548
2025-12-09T14:45:00.000Z,4205.89,4210.42,4202.23,4204.66,9739
2025-12-09T15:00:00.000Z,4204.31,4204.73,4190.02,4195.37,9980
2025-12-09T15:15:00.000Z,4195.31,4208.63,4195,4206.37,9627
2025-12-09T15:30:00.000Z,4206.4,4208.44,4202.63,4205.13,10127
2025-12-09T15:45:00.000Z,4205.08,4216.26,4198.73,4212.6,10049
2025-12-09T16:00:00.000Z,4212.56,4220.35,4210.16,4218.56,10410
2025-12-09T16:15:00.000Z,4218.59,4219.88,4210.22,4213.64,9256
2025-12-09T16:30:00.000Z,4213.66,4220.49,4213.54,4219.15,7955
2025-12-09T16:45:00.000Z,4219.17,4221.36,4211.6,4212.27,9053
2025-12-09T17:00:00.000Z,4212.46,4216.29,4209.95,4211.51,7547
2025-12-09T17:15:00.000Z,4211.48,4211.58,4205.04,4207.73,8547
2025-12-09T17:30:00.000Z,4207.69,4209.09,4204.29,4207.14,7792
2025-12-09T17:45:00.000Z,4207.26,4208.76,4201.57,4203.01,5955
2025-12-09T18:00:00.000Z,4202.96,4206.36,4201.32,4206.25,6053
2025-12-09T18:15:00.000Z,4206.24,4208.14,4205.09,4207.2,5733
2025-12-09T18:30:00.000Z,4207.22,4208.69,4204.06,4205.63,4658
2025-12-09T18:45:00.000Z,4205.61,4209.7,4204.71,4208.99,4295
2025-12-09T19:00:00.000Z,4209,4212.37,4208.53,4210.97,4862
2025-12-09T19:15:00.000Z,4210.96,4211.35,4207.67,4208.35,4657
2025-12-09T19:30:00.000Z,4208.4,4210.2,4207.41,4209.26,3775
2025-12-09T19:45:00.000Z,4209.25,4214.39,4207.16,4212.55,4929
2025-12-09T20:00:00.000Z,4212.52,4216.05,4212.06,4214.62,3886
2025-12-09T20:15:00.000Z,4214.66,4214.72,4208.99,4210.75,4259
2025-12-09T20:30:00.000Z,4210.74,4212.02,4209.34,4210.26,5649
2025-12-09T20:45:00.000Z,4210.38,4213.79,4210.31,4212.06,8917
2025-12-09T21:00:00.000Z,4212.13,4212.92,4210.96,4211.28,7217
2025-12-09T21:15:00.000Z,4211.31,4211.93,4208.95,4210.15,2456
2025-12-09T21:30:00.000Z,4210.14,4210.44,4208.46,4208.76,1744
2025-12-09T21:45:00.000Z,4208.75,4209.89,4207.23,4207.67,1820
2025-12-09T23:00:00.000Z,4206.1,4210.87,4205.86,4208.43,1251
2025-12-09T23:15:00.000Z,4208.38,4210.92,4207.88,4210.53,1416
2025-12-09T23:30:00.000Z,4210.73,4211.74,4209.49,4211.58,1023
2025-12-09T23:45:00.000Z,4211.5,4212.94,4209.87,4210.86,1778
2025-12-10T00:00:00.000Z,4210.83,4212.59,4207.51,4209.15,2546
2025-12-10T00:15:00.000Z,4209.17,4209.84,4207.11,4209.04,2031
2025-12-10T00:30:00.000Z,4209.06,4209.59,4207.07,4207.58,2103
2025-12-10T00:45:00.000Z,4207.56,4209.55,4207.47,4208.39,2842
2025-12-10T01:00:00.000Z,4208.4,4215.22,4206.92,4214.83,6647
2025-12-10T01:15:00.000Z,4214.88,4218,4212.68,4216.76,5586
2025-12-10T01:30:00.000Z,4216.76,4217.87,4211.78,4212.5,4974
2025-12-10T01:45:00.000Z,4212.39,4216.55,4212.19,4213.85,4999
2025-12-10T02:00:00.000Z,4213.74,4217.68,4213.04,4215.05,3958
2025-12-10T02:15:00.000Z,4215,4215,4211.6,4213.48,3433
2025-12-10T02:30:00.000Z,4213.61,4218.77,4213.14,4217.62,5256
2025-12-10T02:45:00.000Z,4217.76,4217.82,4215.5,4217.03,2390
2025-12-10T03:00:00.000Z,4216.96,4217.15,4210.01,4210.01,3695
2025-12-10T03:15:00.000Z,4209.91,4211,4207.91,4208.28,3975
2025-12-10T03:30:00.000Z,4208.24,4210.12,4206.45,4207.08,3280
2025-12-10T03:45:00.000Z,4207.12,4208.48,4203.63,4206.34,3346
2025-12-10T04:00:00.000Z,4206.36,4208.31,4205.74,4208.28,1650
2025-12-10T04:15:00.000Z,4208.38,4209.1,4205.58,4206.73,2434
2025-12-10T04:30:00.000Z,4206.74,4209.58,4205.49,4207.74,2944
2025-12-10T04:45:00.000Z,4207.79,4207.84,4205.44,4207.01,1549
2025-12-10T05:00:00.000Z,4207,4207.23,4203.2,4203.59,2812
2025-12-10T05:15:00.000Z,4203.57,4205.61,4201.81,4205.61,3496
2025-12-10T05:30:00.000Z,4205.72,4212.06,4204.99,4211.97,4675
2025-12-10T05:45:00.000Z,4212.09,4214.42,4210.05,4211.32,4180
2025-12-10T06:00:00.000Z,4211.29,4211.72,4209.08,4209.6,4905
2025-12-10T06:15:00.000Z,4209.61,4210.3,4204.46,4207.39,4983
2025-12-10T06:30:00.000Z,4207.44,4207.55,4203.09,4206.29,5284
2025-12-10T06:45:00.000Z,4206.29,4207.65,4205.15,4207.4,3895
2025-12-10T07:00:00.000Z,4207.63,4209.23,4204.63,4205.93,3129
2025-12-10T07:15:00.000Z,4205.97,4208.92,4205.44,4207.34,2837
2025-12-10T07:30:00.000Z,4207.74,4208.27,4206.39,4206.86,2413
2025-12-10T07:45:00.000Z,4206.85,4207.07,4203.19,4203.26,3574
2025-12-10T08:00:00.000Z,4203.23,4205.98,4200.22,4202.47,4084
2025-12-10T08:15:00.000Z,4202.45,4206.51,4202.14,4203.92,3193
2025-12-10T08:30:00.000Z,4204.02,4204.02,4198.81,4199.72,4694
2025-12-10T08:45:00.000Z,4199.77,4201.89,4197.07,4197.96,5131
2025-12-10T09:00:00.000Z,4197.72,4200.58,4194.54,4197.84,5769
2025-12-10T09:15:00.000Z,4197.94,4198.83,4195.28,4197.87,4191
2025-12-10T09:30:00.000Z,4197.75,4198.44,4194.14,4194.95,3891
2025-12-10T09:45:00.000Z,4194.96,4195.67,4192.62,4194.22,3997
2025-12-10T10:00:00.000Z,4194.25,4196.36,4191.57,4195.82,5390
2025-12-10T10:15:00.000Z,4195.65,4195.96,4191.68,4191.92,5014
2025-12-10T10:30:00.000Z,4191.93,4194.46,4187.74,4194.09,4298
2025-12-10T10:45:00.000Z,4194.1,4194.21,4190.94,4193.27,3185
2025-12-10T11:00:00.000Z,4193.3,4195.28,4192.61,4195.17,2921
2025-12-10T11:15:00.000Z,4195.16,4196.26,4193.94,4194.53,3851
2025-12-10T11:30:00.000Z,4194.54,4196.89,4193.54,4195.05,3232
2025-12-10T11:45:00.000Z,4195.04,4197.76,4194.43,4197.27,3152
2025-12-10T12:00:00.000Z,4197.26,4201.76,4197.19,4201.05,4149
2025-12-10T12:15:00.000Z,4201.08,4202.13,4197.33,4197.64,3074
2025-12-10T12:30:00.000Z,4197.62,4199.14,4196.64,4198.39,2747
2025-12-10T12:45:00.000Z,4198.31,4198.38,4195.33,4196.33,3739
2025-12-10T13:00:00.000Z,4196.43,4200.25,4193.49,4196.03,7149
2025-12-10T13:15:00.000Z,4195.98,4199.88,4193.03,4198.14,5733
2025-12-10T13:30:00.000Z,4198.11,4202.53,4196.02,4202.53,6122
2025-12-10T13:45:00.000Z,4202.45,4205.06,4200.19,4200.74,6848
2025-12-10T14:00:00.000Z,4200.74,4206.92,4199.07,4205.13,6516
2025-12-10T14:15:00.000Z,4205.14,4206.13,4194.87,4196.64,6083
2025-12-10T14:30:00.000Z,4196.65,4199.73,4191.51,4197.68,9678
2025-12-10T14:45:00.000Z,4197.71,4202.09,4192.12,4192.52,7827
2025-12-10T15:00:00.000Z,4192.58,4201.2,4192.07,4194.6,7740
2025-12-10T15:15:00.000Z,4194.58,4197.14,4188.91,4196.5,8790
2025-12-10T15:30:00.000Z,4196.48,4199.33,4193.19,4193.86,6704
2025-12-10T15:45:00.000Z,4193.8,4194.78,4190.23,4193.73,6842
2025-12-10T16:00:00.000Z,4193.76,4195.54,4193.01,4194.32,6195
2025-12-10T16:15:00.000Z,4194.3,4201.07,4193.47,4200.67,7109
2025-12-10T16:30:00.000Z,4200.68,4203.08,4199.18,4202.49,6065
2025-12-10T16:45:00.000Z,4202.54,4205.06,4201.73,4204.76,5388
2025-12-10T17:00:00.000Z,4204.71,4204.76,4199.05,4200.04,4991
2025-12-10T17:15:00.000Z,4200.03,4203.49,4199.87,4200.66,4105
2025-12-10T17:30:00.000Z,4200.64,4201.67,4198.56,4199.23,4623
2025-12-10T17:45:00.000Z,4199.22,4201.79,4196.98,4199.76,4367
2025-12-10T18:00:00.000Z,4199.83,4200.82,4198.79,4199.16,3440
2025-12-10T18:15:00.000Z,4199.15,4199.55,4193.41,4196.55,4736
2025-12-10T18:30:00.000Z,4196.16,4196.84,4192.01,4193.97,5345
2025-12-10T18:45:00.000Z,4193.92,4196.46,4193.14,4194.64,4035
2025-12-10T19:00:00.000Z,4194.63,4219.81,4191.58,4212.12,12115
2025-12-10T19:15:00.000Z,4212.38,4216.69,4194.94,4198.84,10352
2025-12-10T19:30:00.000Z,4198.81,4214.94,4181.93,4187.47,12623
2025-12-10T19:45:00.000Z,4187.43,4217.42,4186.32,4216.57,11059
2025-12-10T20:00:00.000Z,4215.93,4235.8,4211.1,4235.22,11031
2025-12-10T20:15:00.000Z,4235.23,4238.75,4226.58,4232.74,11179
2025-12-10T20:30:00.000Z,4232.79,4235.42,4229.77,4232.48,9032
2025-12-10T20:45:00.000Z,4232.55,4237.36,4229.68,4229.68,9655
2025-12-10T21:00:00.000Z,4229.5,4232.47,4221.13,4228.11,5253
2025-12-10T21:15:00.000Z,4228.1,4229.48,4223.54,4226.27,3479
2025-12-10T21:30:00.000Z,4226.29,4229.31,4225.81,4228.13,3038
2025-12-10T21:45:00.000Z,4228.18,4229.35,4226.84,4228.7,2516
2025-12-10T23:00:00.000Z,4220.78,4231.49,4220.78,4225.39,2397
2025-12-10T23:15:00.000Z,4225.43,4227.11,4223.99,4225.7,1826
2025-12-10T23:30:00.000Z,4225.64,4229.38,4225.64,4228.3,1718
2025-12-10T23:45:00.000Z,4228.4,4234.03,4228.4,4232.42,2319
2025-12-11T00:00:00.000Z,4232.38,4243.78,4231.34,4242.93,3447
2025-12-11T00:15:00.000Z,4242.93,4245.16,4240.07,4241.28,4245
2025-12-11T00:30:00.000Z,4241.14,4243.29,4240.55,4242.2,4209
2025-12-11T00:45:00.000Z,4242.22,4242.84,4234.75,4237,5716
2025-12-11T01:00:00.000Z,4237.09,4247.63,4236.03,4240.2,9034
2025-12-11T01:15:00.000Z,4240.15,4241.82,4235.25,4236.17,6609
2025-12-11T01:30:00.000Z,4236.24,4238.47,4232.94,4238.11,6709
2025-12-11T01:45:00.000Z,4238.15,4240.26,4237.28,4238.3,5982
2025-12-11T02:00:00.000Z,4238.25,4240.74,4231.08,4233.71,5759
2025-12-11T02:15:00.000Z,4233.63,4234.28,4229.51,4229.89,4939
2025-12-11T02:30:00.000Z,4229.78,4230.41,4220.56,4227.17,7672
2025-12-11T02:45:00.000Z,4227.23,4228.29,4222.01,4222.31,7594
2025-12-11T03:00:00.000Z,4222.16,4224.95,4209.33,4212.35,7835
2025-12-11T03:15:00.000Z,4212.39,4215.87,4209.62,4212.96,6960
2025-12-11T03:30:00.000Z,4212.99,4216.67,4212.02,4216.64,4340
2025-12-11T03:45:00.000Z,4216.72,4218.52,4215.11,4216.68,4700
2025-12-11T04:00:00.000Z,4216.61,4218.32,4214,4217.16,2767
2025-12-11T04:15:00.000Z,4217.18,4217.55,4210.74,4212.79,3445
2025-12-11T04:30:00.000Z,4212.91,4216.07,4211.49,4211.69,4257
2025-12-11T04:45:00.000Z,4211.74,4214.66,4208.47,4213.53,4972
2025-12-11T05:00:00.000Z,4213.43,4216.3,4211.69,4212.29,3781
2025-12-11T05:15:00.000Z,4212.15,4213.22,4209.86,4212.32,3227
2025-12-11T05:30:00.000Z,4212.25,4212.91,4206.92,4210.23,6364
2025-12-11T05:45:00.000Z,4210.28,4210.83,4206.1,4207.53,4617
2025-12-11T06:00:00.000Z,4207.58,4212.23,4204.3,4211.11,5239
2025-12-11T06:15:00.000Z,4211.01,4214.52,4207.58,4213.68,5464
2025-12-11T06:30:00.000Z,4213.71,4215.42,4212.35,4214.06,5568
2025-12-11T06:45:00.000Z,4214.07,4215.21,4211.13,4214.45,4169
2025-12-11T07:00:00.000Z,4214.39,4214.39,4210.57,4212.46,3940
2025-12-11T07:15:00.000Z,4212.41,4214.69,4211.65,4213.18,3895
2025-12-11T07:30:00.000Z,4213.37,4218.04,4211.37,4217.73,3563
2025-12-11T07:45:00.000Z,4217.87,4218.4,4214.81,4215.99,3952
2025-12-11T08:00:00.000Z,4215.98,4217.84,4212.85,4215.18,4266
2025-12-11T08:15:00.000Z,4215.33,4217.05,4213.53,4214.35,4444
2025-12-11T08:30:00.000Z,4214.33,4219.61,4213.73,4217.42,4034
2025-12-11T08:45:00.000Z,4217.45,4218.74,4215.26,4216.58,3983
2025-12-11T09:00:00.000Z,4216.6,4218.01,4210.54,4211.94,4534
2025-12-11T09:15:00.000Z,4212.11,4216.33,4211.2,4214.17,3052
2025-12-11T09:30:00.000Z,4214.07,4217.93,4213.73,4217.62,2568
2025-12-11T09:45:00.000Z,4217.61,4221.51,4217.23,4218.46,4027
2025-12-11T10:00:00.000Z,4218.67,4225.91,4218.6,4220.65,4431
2025-12-11T10:15:00.000Z,4220.59,4221.45,4216.18,4217.41,4526
2025-12-11T10:30:00.000Z,4217.55,4217.85,4211.62,4215.3,4200
2025-12-11T10:45:00.000Z,4215.21,4219.02,4214.74,4216.95,3414
2025-12-11T11:00:00.000Z,4216.92,4219.02,4214.3,4215.18,2420
2025-12-11T11:15:00.000Z,4215.17,4216.46,4214.18,4214.68,2591
2025-12-11T11:30:00.000Z,4214.64,4215.27,4211.27,4214.81,3286
2025-12-11T11:45:00.000Z,4214.79,4215.38,4209.82,4211.27,4068
2025-12-11T12:00:00.000Z,4211.24,4214.52,4208.72,4212.53,4407
2025-12-11T12:15:00.000Z,4212.33,4218.3,4212.1,4218.03,4040
2025-12-11T12:30:00.000Z,4218.04,4220.31,4217.62,4219.2,3872
2025-12-11T12:45:00.000Z,4219.21,4220.51,4216.83,4220.49,3560
2025-12-11T13:00:00.000Z,4220.5,4222.41,4210.11,4211.82,6782
2025-12-11T13:15:00.000Z,4211.9,4213.99,4205.2,4212.97,6944
2025-12-11T13:30:00.000Z,4213.19,4220.82,4209.28,4219.65,7518
2025-12-11T13:45:00.000Z,4219.65,4223.37,4218.11,4220.99,7263
2025-12-11T14:00:00.000Z,4221.05,4229.59,4217.98,4227.23,7523
2025-12-11T14:15:00.000Z,4227.25,4232.01,4223.47,4231.11,7139
2025-12-11T14:30:00.000Z,4231.13,4243.83,4230.4,4243.83,10780
2025-12-11T14:45:00.000Z,4243.88,4244.44,4229.02,4230.11,11490
2025-12-11T15:00:00.000Z,4230.06,4240.28,4226.21,4237.79,9764
2025-12-11T15:15:00.000Z,4237.56,4244.35,4237.21,4238.91,9143
2025-12-11T15:30:00.000Z,4239.41,4256.44,4238.42,4254.8,10158
2025-12-11T15:45:00.000Z,4254.59,4261.65,4250.37,4255.95,10423
2025-12-11T16:00:00.000Z,4256.13,4257.56,4250.08,4255.87,9645
2025-12-11T16:15:00.000Z,4255.9,4261.56,4254.7,4257.24,8840
2025-12-11T16:30:00.000Z,4257.28,4263.67,4255.55,4261.6,7555
2025-12-11T16:45:00.000Z,4261.69,4278.99,4261.41,4273.67,10640
2025-12-11T17:00:00.000Z,4273.78,4280.84,4272.28,4277.39,9266
2025-12-11T17:15:00.000Z,4277.4,4281.82,4274.77,4276.08,7927
2025-12-11T17:30:00.000Z,4276.15,4277.89,4272.21,4277.79,7142
2025-12-11T17:45:00.000Z,4277.6,4279.29,4274.07,4278.71,7109
2025-12-11T18:00:00.000Z,4278.63,4285.9,4277.16,4283.81,6737
2025-12-11T18:15:00.000Z,4283.83,4285.67,4280.23,4281.77,6899
2025-12-11T18:30:00.000Z,4281.61,4283.88,4277.34,4282.66,5310
2025-12-11T18:45:00.000Z,4282.61,4282.61,4266.69,4268.18,5715
2025-12-11T19:00:00.000Z,4268.21,4271.49,4263.14,4271.44,8422
2025-12-11T19:15:00.000Z,4271.48,4274.68,4269.25,4273.16,4796
2025-12-11T19:30:00.000Z,4273.02,4277.61,4272.56,4274.15,4794
2025-12-11T19:45:00.000Z,4274.16,4275.92,4271.45,4273.61,5360
2025-12-11T20:00:00.000Z,4273.57,4274.22,4264.29,4269.79,6332
2025-12-11T20:15:00.000Z,4269.82,4271.22,4265.48,4268.68,6333
2025-12-11T20:30:00.000Z,4268.77,4274.46,4268.37,4273.52,6198
2025-12-11T20:45:00.000Z,4273.54,4276.39,4271.37,4276.23,6649
2025-12-11T21:00:00.000Z,4276.28,4276.28,4272.68,4272.92,2344
2025-12-11T21:15:00.000Z,4272.86,4279.48,4272.59,4279.43,1906
2025-12-11T21:30:00.000Z,4279.61,4282.27,4276.85,4282.22,2731
2025-12-11T21:45:00.000Z,4282.25,4283.69,4278.81,4279.26,2098
2025-12-11T23:00:00.000Z,4280.76,4283.68,4279.4,4281.67,1817
2025-12-11T23:15:00.000Z,4281.66,4282.89,4277.69,4280.06,2197
2025-12-11T23:30:00.000Z,4280.04,4281.28,4272.7,4275.54,3061
2025-12-11T23:45:00.000Z,4275.53,4277.97,4273.65,4276.28,3235
2025-12-12T00:00:00.000Z,4276.17,4278.11,4273.79,4276.4,3325
2025-12-12T00:15:00.000Z,4276.4,4280.13,4275.56,4278.46,3152
2025-12-12T00:30:00.000Z,4278.35,4278.99,4274.02,4275.62,2684
2025-12-12T00:45:00.000Z,4275.58,4276.06,4268.82,4269.41,4168
2025-12-12T01:00:00.000Z,4269.5,4275.6,4266.3,4274.47,8134
2025-12-12T01:15:00.000Z,4274.51,4276.24,4264.57,4266.08,7168
2025-12-12T01:30:00.000Z,4266.07,4270.03,4265.01,4268.84,7241
2025-12-12T01:45:00.000Z,4268.83,4274.04,4268,4270.98,6743
2025-12-12T02:00:00.000Z,4270.93,4276.69,4270.39,4275.38,7760
2025-12-12T02:15:00.000Z,4275.28,4276.73,4272.1,4273.68,3200
2025-12-12T02:30:00.000Z,4273.71,4276.82,4273.23,4274.59,6151
2025-12-12T02:45:00.000Z,4274.71,4274.71,4269.37,4270.41,4894
2025-12-12T03:00:00.000Z,4270.34,4274.69,4269.95,4273.49,4637
2025-12-12T03:15:00.000Z,4273.28,4273.53,4268.78,4269.99,3934
2025-12-12T03:30:00.000Z,4270.19,4272.54,4269.19,4272.1,3818
2025-12-12T03:45:00.000Z,4272.09,4272.94,4270.49,4270.6,1938
2025-12-12T04:00:00.000Z,4270.59,4271.04,4268.19,4269.05,1841
2025-12-12T04:15:00.000Z,4268.99,4269.25,4266.79,4268.47,3515
2025-12-12T04:30:00.000Z,4268.5,4268.63,4266.25,4267.34,4257
2025-12-12T04:45:00.000Z,4267.22,4268.75,4266.42,4266.43,3191
2025-12-12T05:00:00.000Z,4266.45,4269.51,4266.09,4269.17,3673
2025-12-12T05:15:00.000Z,4268.96,4275.58,4268.61,4274.32,4086
2025-12-12T05:30:00.000Z,4274.25,4279.29,4274.22,4277.84,7626
2025-12-12T05:45:00.000Z,4277.79,4280.51,4276.12,4278.96,4036
2025-12-12T06:00:00.000Z,4278.98,4280.59,4276.61,4277.93,3954
2025-12-12T06:15:00.000Z,4277.86,4281.59,4276.89,4281.17,3379
2025-12-12T06:30:00.000Z,4281.22,4282.68,4279.34,4281.33,5211
2025-12-12T06:45:00.000Z,4281.39,4283.24,4281.39,4282.79,3148
2025-12-12T07:00:00.000Z,4282.54,4288.86,4281.56,4285.81,4051
2025-12-12T07:15:00.000Z,4286.12,4288.22,4284.45,4285.84,3299
2025-12-12T07:30:00.000Z,4285.87,4290.47,4284.24,4287.64,3800
2025-12-12T07:45:00.000Z,4287.65,4288.78,4285.43,4287.12,4416
2025-12-12T08:00:00.000Z,4287.07,4295.42,4286.98,4293.47,5569
2025-12-12T08:15:00.000Z,4293.41,4295.61,4291.13,4294.49,5183
2025-12-12T08:30:00.000Z,4294.45,4304.3,4294.32,4303.89,5697
2025-12-12T08:45:00.000Z,4303.95,4309.39,4301.74,4308.09,5990
2025-12-12T09:00:00.000Z,4308.1,4317.04,4306.97,4316.88,6868
2025-12-12T09:15:00.000Z,4316.87,4317.75,4312.49,4313.59,6950
2025-12-12T09:30:00.000Z,4313.52,4313.85,4307.26,4312,6055
2025-12-12T09:45:00.000Z,4312.03,4320.28,4311.36,4318.29,5838
2025-12-12T10:00:00.000Z,4318.37,4320.22,4314.78,4319.51,4487
2025-12-12T10:15:00.000Z,4319.56,4322,4316.89,4317,5992
2025-12-12T10:30:00.000Z,4316.99,4328.48,4316.67,4328.02,6296
2025-12-12T10:45:00.000Z,4328.05,4330.94,4325.32,4329.79,6489
2025-12-12T11:00:00.000Z,4329.83,4338.76,4326.93,4335.71,6532
2025-12-12T11:15:00.000Z,4335.76,4339.27,4332.32,4334.38,5798
2025-12-12T11:30:00.000Z,4334.48,4336.97,4330.22,4334.44,5136
2025-12-12T11:45:00.000Z,4334.5,4339.1,4334.31,4336.28,5485
2025-12-12T12:00:00.000Z,4336.41,4339.11,4331.72,4332.99,6179
2025-12-12T12:15:00.000Z,4332.98,4334.19,4330.2,4332.63,5105
2025-12-12T12:30:00.000Z,4332.72,4334.19,4327.64,4328.38,5962
2025-12-12T12:45:00.000Z,4328.15,4329.72,4324.83,4325.75,5637
2025-12-12T13:00:00.000Z,4325.8,4337.83,4321.38,4337.02,9266
2025-12-12T13:15:00.000Z,4337.03,4339.4,4334.14,4336.02,7796
2025-12-12T13:30:00.000Z,4336.06,4346.1,4336.06,4339.87,8280
2025-12-12T13:45:00.000Z,4339.81,4341.26,4332.32,4341.03,7687
2025-12-12T14:00:00.000Z,4340.47,4344.93,4338.56,4342.12,7869
2025-12-12T14:15:00.000Z,4342.23,4345.77,4338.55,4340.71,8424
2025-12-12T14:30:00.000Z,4340.78,4345.71,4330.92,4339.92,12521
2025-12-12T14:45:00.000Z,4339.93,4353.54,4336.67,4347.12,11462
2025-12-12T15:00:00.000Z,4347.14,4351.49,4341.11,4343.59,11192
2025-12-12T15:15:00.000Z,4343.5,4345.26,4298.59,4300.63,13469
2025-12-12T15:30:00.000Z,4300.61,4318.18,4295.32,4317.62,13253
2025-12-12T15:45:00.000Z,4317.53,4322.07,4283.03,4290.37,12525
2025-12-12T16:00:00.000Z,4290.23,4296.51,4273.68,4286.31,13404
2025-12-12T16:15:00.000Z,4286.29,4293.2,4272.24,4289.78,12521
2025-12-12T16:30:00.000Z,4289.95,4289.95,4257.22,4274.01,13219
2025-12-12T16:45:00.000Z,4273.99,4281.95,4270.58,4281.95,12781
2025-12-12T17:00:00.000Z,4281.99,4285.04,4271.13,4273.77,11179
2025-12-12T17:15:00.000Z,4273.49,4290.79,4273.05,4282.14,10443
2025-12-12T17:30:00.000Z,4282.08,4295.26,4281.7,4293.4,9687
2025-12-12T17:45:00.000Z,4293.47,4298.31,4291.64,4294.26,8287
2025-12-12T18:00:00.000Z,4294.87,4303.05,4291.77,4300.94,8222
2025-12-12T18:15:00.000Z,4300.99,4303.57,4294.08,4295.42,7953
2025-12-12T18:30:00.000Z,4295.46,4300.49,4291.78,4292.02,6836
2025-12-12T18:45:00.000Z,4292.04,4297.19,4290.57,4294.87,7434
2025-12-12T19:00:00.000Z,4295.19,4295.84,4289.83,4294.48,7496
2025-12-12T19:15:00.000Z,4294.45,4299.75,4293.71,4296.15,6065
2025-12-12T19:30:00.000Z,4296.12,4298.76,4293.72,4297.39,5665
2025-12-12T19:45:00.000Z,4297.4,4298.26,4294.26,4296.55,5287
2025-12-12T20:00:00.000Z,4296.53,4302.83,4295.5,4299.87,5560
2025-12-12T20:15:00.000Z,4299.83,4300.8,4291.12,4293.32,5999
2025-12-12T20:30:00.000Z,4293.41,4299.81,4288.52,4299.02,7149
2025-12-12T20:45:00.000Z,4298.97,4302.96,4294.16,4299.43,7455
2025-12-12T21:00:00.000Z,4299.41,4301.69,4298.23,4299.81,3496
2025-12-12T21:15:00.000Z,4299.69,4303.71,4299.13,4302.84,3049
2025-12-12T21:30:00.000Z,4302.79,4304.24,4301.08,4301.55,2285
2025-12-12T21:45:00.000Z,4301.49,4303.61,4299.75,4299.94,1283
2025-12-14T23:00:00.000Z,4298.39,4307.51,4292.97,4302.95,4113
2025-12-14T23:15:00.000Z,4303,4306.38,4302.67,4304.97,4657
2025-12-14T23:30:00.000Z,4304.98,4308.34,4303.81,4306.19,3304
2025-12-14T23:45:00.000Z,4306.2,4306.78,4301.47,4302.33,3053
2025-12-15T00:00:00.000Z,4302.53,4306.68,4300.13,4304.24,3388
2025-12-15T00:15:00.000Z,4304.29,4304.34,4300.89,4302.02,2432
2025-12-15T00:30:00.000Z,4302.03,4308.11,4301.96,4305.5,3687
2025-12-15T00:45:00.000Z,4305.51,4307.76,4303.52,4307.5,3941
2025-12-15T01:00:00.000Z,4307.65,4313.94,4305.72,4313.17,9243
2025-12-15T01:15:00.000Z,4313.09,4315.71,4309.69,4314.96,6094
2025-12-15T01:30:00.000Z,4315.06,4324.79,4314.54,4319.84,6102
2025-12-15T01:45:00.000Z,4319.81,4325.64,4319.44,4322.48,5613
2025-12-15T02:00:00.000Z,4322.41,4326.74,4320.91,4321.5,6832
2025-12-15T02:15:00.000Z,4321.48,4325.03,4321.14,4324.34,3647
2025-12-15T02:30:00.000Z,4324.44,4329.23,4324.17,4328.88,6052
2025-12-15T02:45:00.000Z,4328.95,4329.17,4325.19,4326.48,5668
2025-12-15T03:00:00.000Z,4326.45,4329.69,4322.7,4323.19,7316
2025-12-15T03:15:00.000Z,4323.2,4324.26,4319.37,4323.96,5666
2025-12-15T03:30:00.000Z,4323.99,4328.76,4323.82,4327.85,4813
2025-12-15T03:45:00.000Z,4327.86,4327.87,4325.14,4327.1,5004
2025-12-15T04:00:00.000Z,4327,4329.63,4325.44,4328.18,4160
2025-12-15T04:15:00.000Z,4328.19,4329.98,4326.53,4327.76,3717
2025-12-15T04:30:00.000Z,4327.8,4328.02,4323.17,4326.59,3660
2025-12-15T04:45:00.000Z,4326.61,4328.07,4324.9,4326.06,4121
2025-12-15T05:00:00.000Z,4326.14,4327.58,4324.89,4326.37,4152
2025-12-15T05:15:00.000Z,4326.48,4331.13,4326.03,4329.71,4479
2025-12-15T05:30:00.000Z,4329.53,4340.17,4329.5,4339.02,7747
2025-12-15T05:45:00.000Z,4339.3,4344.35,4338.07,4343.58,5486
2025-12-15T06:00:00.000Z,4343.56,4345.75,4339.72,4342.94,6055
2025-12-15T06:15:00.000Z,4342.89,4345.56,4342.54,4344,7306
2025-12-15T06:30:00.000Z,4344.02,4345.77,4342.05,4345.43,4681
2025-12-15T06:45:00.000Z,4345.52,4347.32,4343.01,4343.55,4633
2025-12-15T07:00:00.000Z,4343.54,4344.21,4340.77,4342.35,4690
2025-12-15T07:15:00.000Z,4342.3,4344.74,4341.52,4344.09,3194
2025-12-15T07:30:00.000Z,4344.05,4344.41,4333.56,4339.77,5240
2025-12-15T07:45:00.000Z,4339.79,4342.03,4338.99,4339.23,4276
2025-12-15T08:00:00.000Z,4339.24,4344.56,4338.91,4342.89,5179
2025-12-15T08:15:00.000Z,4342.86,4346.77,4341.27,4345.85,4943
2025-12-15T08:30:00.000Z,4345.82,4346.85,4343.81,4345.21,4169
2025-12-15T08:45:00.000Z,4345.17,4348.98,4344.65,4347.03,4742
2025-12-15T09:00:00.000Z,4346.98,4349.65,4343.26,4349.16,4493
2025-12-15T09:15:00.000Z,4348.98,4350.33,4344.57,4347.75,4699
2025-12-15T09:30:00.000Z,4347.85,4350.06,4344.51,4345.18,4127
2025-12-15T09:45:00.000Z,4345.16,4345.67,4342.34,4342.57,4615
2025-12-15T10:00:00.000Z,4342.67,4344.32,4340.73,4343.31,3679
2025-12-15T10:15:00.000Z,4343.4,4348.24,4342.21,4342.67,3407
2025-12-15T10:30:00.000Z,4342.64,4343.49,4337.8,4338.7,4646
2025-12-15T10:45:00.000Z,4338.65,4342.19,4338.17,4339.67,3067
2025-12-15T11:00:00.000Z,4339.66,4339.66,4335.4,4338.35,3265
2025-12-15T11:15:00.000Z,4338.31,4341.66,4335.82,4340.8,3235
2025-12-15T11:30:00.000Z,4340.82,4341.73,4339.05,4340.72,2809
2025-12-15T11:45:00.000Z,4340.71,4343.67,4339.38,4342.75,3438
2025-12-15T12:00:00.000Z,4342.83,4345.66,4342.65,4343.76,4098
2025-12-15T12:15:00.000Z,4343.76,4346.5,4343.01,4346.41,3720
2025-12-15T12:30:00.000Z,4346.38,4348.3,4344.96,4345.42,3718
2025-12-15T12:45:00.000Z,4345.37,4347.1,4343.51,4345.73,4018
2025-12-15T13:00:00.000Z,4345.63,4346.26,4333.69,4335.71,9852
2025-12-15T13:15:00.000Z,4335.69,4341.46,4334.67,4339.81,7063
2025-12-15T13:30:00.000Z,4339.79,4341.92,4335.68,4338.34,6110
2025-12-15T13:45:00.000Z,4338.52,4344.74,4330.93,4332.17,8733
2025-12-15T14:00:00.000Z,4332.2,4336.74,4328.43,4329.06,7912
2025-12-15T14:15:00.000Z,4329.07,4332.59,4321.39,4325.09,7158
2025-12-15T14:30:00.000Z,4325.21,4335.1,4320.68,4328.11,11671
2025-12-15T14:45:00.000Z,4328.1,4331.24,4317.49,4323.88,11683
2025-12-15T15:00:00.000Z,4323.7,4327.36,4312.4,4322.85,11911
2025-12-15T15:15:00.000Z,4322.9,4327.7,4311.66,4314.28,10951
2025-12-15T15:30:00.000Z,4314.19,4324.69,4313.09,4323.26,9247
2025-12-15T15:45:00.000Z,4323.3,4327.84,4317,4318.19,8316
2025-12-15T16:00:00.000Z,4318.28,4318.78,4300.99,4303.46,11383
2025-12-15T16:15:00.000Z,4303.44,4305.79,4292.95,4296.33,11189
2025-12-15T16:30:00.000Z,4296.16,4300.05,4285.23,4296.52,11485
2025-12-15T16:45:00.000Z,4296.58,4299.78,4292.41,4297.54,9831
2025-12-15T17:00:00.000Z,4297.5,4300.15,4290.74,4296.96,8865
2025-12-15T17:15:00.000Z,4296.9,4303.62,4293.3,4302.1,8039
2025-12-15T17:30:00.000Z,4301.85,4305.08,4300.26,4304.04,8224
2025-12-15T17:45:00.000Z,4304,4306.53,4301.99,4304.46,7266
2025-12-15T18:00:00.000Z,4304.29,4305.36,4301.23,4302.62,6243
2025-12-15T18:15:00.000Z,4302.68,4306.46,4299.99,4306.25,7136
2025-12-15T18:30:00.000Z,4305.62,4310.21,4302.62,4309.83,7537
2025-12-15T18:45:00.000Z,4309.87,4313.63,4308,4313.14,5526
2025-12-15T19:00:00.000Z,4313.19,4317.75,4312.19,4312.64,7364
2025-12-15T19:15:00.000Z,4312.58,4314.57,4309.15,4309.38,5420
2025-12-15T19:30:00.000Z,4309.39,4312.21,4307.89,4311.4,5102
2025-12-15T19:45:00.000Z,4311.36,4314.54,4310.19,4314.12,5344
2025-12-15T20:00:00.000Z,4314.17,4314.39,4311.39,4311.64,5154
2025-12-15T20:15:00.000Z,4311.64,4311.72,4299.49,4305.11,7418
2025-12-15T20:30:00.000Z,4305.07,4307.63,4300.58,4305.75,5518
2025-12-15T20:45:00.000Z,4305.64,4307.54,4304.04,4304.39,5836
2025-12-15T21:00:00.000Z,4304.36,4305.58,4300.67,4304.49,3007
2025-12-15T21:15:00.000Z,4304.51,4304.93,4302.74,4303.81,1754
2025-12-15T21:30:00.000Z,4303.83,4304.66,4301.32,4302.14,1397
2025-12-15T21:45:00.000Z,4302.16,4305.69,4302.09,4305.18,1277
2025-12-15T23:00:00.000Z,4304.68,4309.52,4304.68,4306.26,3158
2025-12-15T23:15:00.000Z,4306.27,4309.75,4306.2,4307.54,1993
2025-12-15T23:30:00.000Z,4307.65,4308.43,4305.94,4306.95,1783
2025-12-15T23:45:00.000Z,4306.88,4307.98,4303.23,4304.1,2250
2025-12-16T00:00:00.000Z,4304.25,4308.98,4302.77,4307.35,3434
2025-12-16T00:15:00.000Z,4307.4,4309.96,4304.43,4309.42,4217
2025-12-16T00:30:00.000Z,4309.76,4313.24,4307.67,4311.7,4326
2025-12-16T00:45:00.000Z,4311.66,4311.93,4305.77,4307.79,2750
2025-12-16T01:00:00.000Z,4308.06,4308.39,4299.08,4304.23,8673
2025-12-16T01:15:00.000Z,4304.15,4311.87,4304.02,4311.51,5468
2025-12-16T01:30:00.000Z,4311.41,4317.79,4311.27,4314.72,5695
2025-12-16T01:45:00.000Z,4314.74,4316.13,4304.69,4308.78,6117
2025-12-16T02:00:00.000Z,4308.7,4311.98,4305.91,4310.87,6073
2025-12-16T02:15:00.000Z,4310.86,4312.23,4307.44,4310.94,3727
2025-12-16T02:30:00.000Z,4311.02,4311.99,4305.6,4309.25,6668
2025-12-16T02:45:00.000Z,4309.3,4309.75,4286.65,4289.74,8811
2025-12-16T03:00:00.000Z,4289.75,4294.47,4280.92,4282.34,9438
2025-12-16T03:15:00.000Z,4282.36,4288.21,4280.67,4287.62,8160
2025-12-16T03:30:00.000Z,4287.71,4289.08,4283.23,4285.29,6300
2025-12-16T03:45:00.000Z,4285.26,4291.76,4283,4290.93,5145
2025-12-16T04:00:00.000Z,4290.85,4292.27,4286.92,4287.9,3491
2025-12-16T04:15:00.000Z,4287.85,4290.74,4286.67,4288.36,2571
2025-12-16T04:30:00.000Z,4288.41,4291.76,4288.35,4289.63,2938
2025-12-16T04:45:00.000Z,4289.62,4290.6,4287.61,4289.04,2936
2025-12-16T05:00:00.000Z,4289.06,4292.21,4285.71,4286.07,3630
2025-12-16T05:15:00.000Z,4286.06,4286.33,4280.01,4280.76,5760
2025-12-16T05:30:00.000Z,4280.8,4281.08,4271.5,4279.68,8342
2025-12-16T05:45:00.000Z,4279.69,4287.69,4279.48,4284.16,6244
2025-12-16T06:00:00.000Z,4284.23,4288.32,4282.63,4286.55,6182
2025-12-16T06:15:00.000Z,4286.54,4290.03,4285.24,4287,5198
2025-12-16T06:30:00.000Z,4287.01,4292,4285.81,4291.17,4822
2025-12-16T06:45:00.000Z,4291.18,4292.14,4287.51,4289.26,3732
2025-12-16T07:00:00.000Z,4289.31,4289.89,4284.79,4286.03,4050
2025-12-16T07:15:00.000Z,4286.07,4286.59,4279.7,4281.14,4819
2025-12-16T07:30:00.000Z,4281.15,4288.52,4280.16,4284.11,4234
2025-12-16T07:45:00.000Z,4284.09,4288.4,4283.13,4287.67,3178
2025-12-16T08:00:00.000Z,4287.56,4289.32,4280.54,4281.52,4200
2025-12-16T08:15:00.000Z,4281.53,4281.7,4275.83,4279.14,4104
2025-12-16T08:30:00.000Z,4278.91,4283.32,4275.48,4283.19,4006
2025-12-16T08:45:00.000Z,4283.15,4286.88,4282.88,4284.67,4556
2025-12-16T09:00:00.000Z,4285.46,4285.91,4281.25,4284.99,4459
2025-12-16T09:15:00.000Z,4284.97,4284.97,4281.44,4281.62,3087
2025-12-16T09:30:00.000Z,4281.64,4283.63,4279.96,4282.79,4088
2025-12-16T09:45:00.000Z,4282.7,4282.7,4276.38,4280.42,4847
2025-12-16T10:00:00.000Z,4280.49,4284.27,4276.52,4277.9,4547
2025-12-16T10:15:00.000Z,4277.83,4281.97,4276.84,4277.73,3004
2025-12-16T10:30:00.000Z,4277.66,4279.01,4274.86,4278.99,3794
2025-12-16T10:45:00.000Z,4279.09,4281.47,4275.34,4277.26,4536
2025-12-16T11:00:00.000Z,4277.25,4278.55,4274.1,4275.95,3610
2025-12-16T11:15:00.000Z,4275.92,4277.83,4273.8,4277.38,3562
2025-12-16T11:30:00.000Z,4277.47,4279.56,4275.56,4276.41,3658
2025-12-16T11:45:00.000Z,4276.35,4278.84,4276.17,4278.46,3440
2025-12-16T12:00:00.000Z,4278.53,4288.67,4276.71,4287.79,6368
2025-12-16T12:15:00.000Z,4287.8,4292.72,4287.8,4291.57,6422
2025-12-16T12:30:00.000Z,4291.58,4293.48,4287.71,4293.34,5144
2025-12-16T12:45:00.000Z,4293.34,4294.86,4292.25,4294.48,4213
2025-12-16T13:00:00.000Z,4294.85,4297.71,4290.72,4295.94,7626
2025-12-16T13:15:00.000Z,4295.93,4302.03,4293.62,4301.34,6410
2025-12-16T13:30:00.000Z,4301.23,4312.6,4299.78,4304.3,11158
2025-12-16T13:45:00.000Z,4304.3,4313.25,4299.81,4313.02,8660
2025-12-16T14:00:00.000Z,4313.04,4320.31,4311.42,4319.41,8442
2025-12-16T14:15:00.000Z,4319.41,4330.58,4318.17,4325.65,8694
2025-12-16T14:30:00.000Z,4325.71,4331.88,4321.94,4326.44,11121
2025-12-16T14:45:00.000Z,4326.41,4332.1,4323.32,4324.55,11006
2025-12-16T15:00:00.000Z,4324.75,4335.05,4321.05,4324.2,10831
2025-12-16T15:15:00.000Z,4324.18,4325.76,4312.44,4321.11,10952
2025-12-16T15:30:00.000Z,4321.1,4330.14,4319.87,4322.19,10262
2025-12-16T15:45:00.000Z,4322.05,4329.27,4319.19,4319.72,9466
2025-12-16T16:00:00.000Z,4319.64,4323.2,4312.86,4315.59,9615
2025-12-16T16:15:00.000Z,4315.41,4315.41,4303.58,4307.67,8378
2025-12-16T16:30:00.000Z,4307.6,4307.6,4291.23,4294.78,9212
2025-12-16T16:45:00.000Z,4294.6,4302.95,4293.53,4300.59,8428
2025-12-16T17:00:00.000Z,4300.59,4310.82,4300.59,4304.29,7575
2025-12-16T17:15:00.000Z,4304.31,4306.27,4300.16,4302.83,6558
2025-12-16T17:30:00.000Z,4302.93,4308.94,4302.37,4305.96,6418
2025-12-16T17:45:00.000Z,4306.21,4306.34,4300.41,4303.6,5848
2025-12-16T18:00:00.000Z,4303.19,4305.82,4299.6,4303.06,7229
2025-12-16T18:15:00.000Z,4303.09,4304.14,4298.18,4301.83,7077
2025-12-16T18:30:00.000Z,4301.52,4310.89,4301.19,4308.87,7251
2025-12-16T18:45:00.000Z,4308.88,4313.53,4308.13,4311.3,6053
2025-12-16T19:00:00.000Z,4311.29,4311.66,4304.08,4305.94,5766
2025-12-16T19:15:00.000Z,4305.9,4309.97,4297.13,4305.39,6492
2025-12-16T19:30:00.000Z,4305.36,4310.23,4304.59,4309.74,7112
2025-12-16T19:45:00.000Z,4309.77,4315.94,4309.2,4310.64,6084
2025-12-16T20:00:00.000Z,4310.59,4314.49,4310.21,4312.1,4279
2025-12-16T20:15:00.000Z,4312.09,4312.09,4308.1,4310.83,3622
2025-12-16T20:30:00.000Z,4310.88,4311.69,4307.86,4309.26,4612
2025-12-16T20:45:00.000Z,4309.24,4312.17,4302.76,4304.68,5685
2025-12-16T21:00:00.000Z,4304.65,4305.47,4301.07,4302.45,1832
2025-12-16T21:15:00.000Z,4302.59,4302.89,4300.78,4302.34,1610
2025-12-16T21:30:00.000Z,4302.32,4305.07,4301.26,4302.96,1153
2025-12-16T21:45:00.000Z,4302.93,4304.07,4301.84,4302.16,1196
2025-12-16T23:00:00.000Z,4303.41,4304.95,4300.71,4304.41,1593
2025-12-16T23:15:00.000Z,4304.37,4307.04,4304.25,4306.32,1619
2025-12-16T23:30:00.000Z,4306.37,4308.32,4305.33,4307.4,1070
2025-12-16T23:45:00.000Z,4307.35,4309.06,4306.92,4307.8,1524
2025-12-17T00:00:00.000Z,4307.81,4313.11,4307.47,4312.57,1563
2025-12-17T00:15:00.000Z,4312.55,4315.01,4312.06,4313.36,1825
2025-12-17T00:30:00.000Z,4313.35,4314.36,4311.29,4312.5,2181
2025-12-17T00:45:00.000Z,4312.5,4314.34,4311.66,4313.17,2725
2025-12-17T01:00:00.000Z,4313.23,4320.18,4311.38,4317.84,7291
2025-12-17T01:15:00.000Z,4317.85,4319.47,4313.16,4316.95,7427
2025-12-17T01:30:00.000Z,4316.97,4325.29,4316.28,4322.91,8851
2025-12-17T01:45:00.000Z,4322.9,4326.69,4322.19,4326.63,7850
2025-12-17T02:00:00.000Z,4326.65,4327.74,4318.23,4320.37,8073
2025-12-17T02:15:00.000Z,4320.36,4323.65,4319.5,4320.58,4540
2025-12-17T02:30:00.000Z,4320.65,4322.95,4314.11,4316.53,7275
2025-12-17T02:45:00.000Z,4316.85,4316.86,4311.25,4314.33,6902
2025-12-17T03:00:00.000Z,4314.41,4320.09,4312.63,4315.45,8032
2025-12-17T03:15:00.000Z,4315.43,4319.4,4314.57,4318.69,6209
2025-12-17T03:30:00.000Z,4318.66,4323.65,4318.3,4321.61,4918
2025-12-17T03:45:00.000Z,4321.62,4325.11,4321.33,4323.75,4208
2025-12-17T04:00:00.000Z,4323.78,4325.97,4321.21,4324.46,3742
2025-12-17T04:15:00.000Z,4324.43,4324.96,4322.18,4322.74,3169
2025-12-17T04:30:00.000Z,4322.73,4330.08,4320.71,4329.59,3231
2025-12-17T04:45:00.000Z,4329.75,4331.55,4328.37,4329.62,3620
2025-12-17T05:00:00.000Z,4329.71,4334.43,4328.06,4332.59,5103
2025-12-17T05:15:00.000Z,4332.52,4337.9,4330.61,4331.04,6004
2025-12-17T05:30:00.000Z,4331.03,4339.92,4331.03,4338.24,8299
2025-12-17T05:45:00.000Z,4338.27,4342.48,4333.56,4333.92,5921
2025-12-17T06:00:00.000Z,4334.04,4337.73,4331.62,4336.78,4595
2025-12-17T06:15:00.000Z,4336.73,4337.05,4330.33,4332.47,5427
2025-12-17T06:30:00.000Z,4332.5,4333.26,4327.12,4329.25,5051
2025-12-17T06:45:00.000Z,4329.15,4330.82,4324.83,4328.62,5081
2025-12-17T07:00:00.000Z,4328.64,4328.73,4322.65,4324.96,6194
2025-12-17T07:15:00.000Z,4325.24,4325.68,4319.48,4323.08,5026
2025-12-17T07:30:00.000Z,4323.07,4324.61,4316.01,4316.05,4295
2025-12-17T07:45:00.000Z,4316,4319.18,4315.52,4317.95,3950
2025-12-17T08:00:00.000Z,4317.89,4320.89,4308.3,4313.63,6586
2025-12-17T08:15:00.000Z,4313.62,4317.99,4312.44,4316.33,5424
2025-12-17T08:30:00.000Z,4316.35,4319.65,4314.58,4315.24,5226
2025-12-17T08:45:00.000Z,4315.17,4320.72,4313.18,4319.17,4305
2025-12-17T09:00:00.000Z,4319.13,4323.25,4317.73,4320.94,4931
2025-12-17T09:15:00.000Z,4320.93,4322.6,4317.12,4322.3,4140
2025-12-17T09:30:00.000Z,4322.23,4322.25,4318.92,4319.1,3196
2025-12-17T09:45:00.000Z,4319.43,4322.22,4316.01,4316.92,2769
2025-12-17T10:00:00.000Z,4316.92,4319.52,4316.17,4319.5,3024
2025-12-17T10:15:00.000Z,4319.41,4322.27,4317.99,4319.88,3673
2025-12-17T10:30:00.000Z,4319.82,4320.04,4306.63,4315.03,5052
2025-12-17T10:45:00.000Z,4315,4318.06,4313.31,4317.66,2944
2025-12-17T11:00:00.000Z,4317.68,4319.49,4316.86,4317.86,2616
2025-12-17T11:15:00.000Z,4317.85,4320.52,4315.93,4318.1,3137
2025-12-17T11:30:00.000Z,4318.13,4318.8,4315.17,4316.24,3237
2025-12-17T11:45:00.000Z,4316.22,4318.79,4315.26,4316.38,3309
2025-12-17T12:00:00.000Z,4316.52,4318.23,4314.98,4316.65,3233
2025-12-17T12:15:00.000Z,4316.89,4323.13,4316.13,4321.44,3922
2025-12-17T12:30:00.000Z,4321.45,4322.38,4316.25,4317.48,3769
2025-12-17T12:45:00.000Z,4317.47,4318.22,4315.83,4317.52,4396
2025-12-17T13:00:00.000Z,4317.59,4327.98,4315.08,4323.09,7179
2025-12-17T13:15:00.000Z,4323.02,4331.54,4322.81,4327.87,8691
2025-12-17T13:30:00.000Z,4327.89,4339.36,4327.89,4338.26,7987
2025-12-17T13:45:00.000Z,4338.56,4344.12,4333.22,4342.08,8042
2025-12-17T14:00:00.000Z,4342.45,4345.99,4326.99,4327.41,9540
2025-12-17T14:15:00.000Z,4327.11,4331.29,4322.98,4329.25,11387
2025-12-17T14:30:00.000Z,4329.21,4338.43,4325.85,4338.28,12499
2025-12-17T14:45:00.000Z,4338.3,4342.61,4334.56,4338.36,11564
2025-12-17T15:00:00.000Z,4338.37,4345.29,4335.29,4342.82,10074
2025-12-17T15:15:00.000Z,4342.81,4344.68,4332.82,4343.55,11268
2025-12-17T15:30:00.000Z,4343.59,4348.86,4328.24,4331.92,11719
2025-12-17T15:45:00.000Z,4331.67,4336.77,4324.32,4330.2,11592
2025-12-17T16:00:00.000Z,4330.38,4334.58,4324.6,4327.58,11478
2025-12-17T16:15:00.000Z,4327.47,4332,4320.36,4326.72,9922
2025-12-17T16:30:00.000Z,4326.74,4334.18,4323.79,4333.12,8805
2025-12-17T16:45:00.000Z,4333.4,4337.59,4330.68,4333.52,9858
2025-12-17T17:00:00.000Z,4333.59,4335.42,4328.49,4332.7,8184
2025-12-17T17:15:00.000Z,4332.64,4339.91,4330.25,4337.08,8029
2025-12-17T17:30:00.000Z,4337.12,4341.49,4336.16,4338.77,7832
2025-12-17T17:45:00.000Z,4338.92,4342.42,4335.7,4342.42,7532
2025-12-17T18:00:00.000Z,4342.48,4346.4,4342.48,4343.12,6883
2025-12-17T18:15:00.000Z,4343.01,4343.09,4338.28,4341.72,8659
2025-12-17T18:30:00.000Z,4341.71,4343.96,4330.44,4332.58,7562
2025-12-17T18:45:00.000Z,4332.5,4336.46,4329,4336.09,7708
2025-12-17T19:00:00.000Z,4336.05,4337.95,4333.16,4337.15,4953
2025-12-17T19:15:00.000Z,4337.1,4340.63,4336.02,4339.74,4499
2025-12-17T19:30:00.000Z,4339.5,4340.99,4334.39,4335.15,4703
2025-12-17T19:45:00.000Z,4335.24,4337.22,4330.32,4337.06,4951
2025-12-17T20:00:00.000Z,4337.18,4339.69,4335.12,4339.21,4334
2025-12-17T20:15:00.000Z,4339.26,4342.72,4339.11,4341.48,4563
2025-12-17T20:30:00.000Z,4341.68,4342.77,4338.57,4342.05,5410
2025-12-17T20:45:00.000Z,4341.99,4345.99,4339.52,4341.35,6862
2025-12-17T21:00:00.000Z,4341.41,4345.82,4340.62,4343.85,2103
2025-12-17T21:15:00.000Z,4343.68,4346.14,4343.44,4344.17,2165
2025-12-17T21:30:00.000Z,4344.27,4344.72,4339.82,4339.93,1958
2025-12-17T21:45:00.000Z,4339.88,4341.98,4337.65,4338.07,1851
2025-12-17T23:00:00.000Z,4336.48,4340.74,4335.67,4336.08,2194
2025-12-17T23:15:00.000Z,4336.08,4339.15,4335.66,4338.21,2152
2025-12-17T23:30:00.000Z,4338.24,4340.12,4337.36,4338.72,2048
2025-12-17T23:45:00.000Z,4338.78,4342.89,4338.78,4339.28,3578
2025-12-18T00:00:00.000Z,4339.17,4341.25,4336.92,4338.32,3740
2025-12-18T00:15:00.000Z,4338.33,4342.89,4337.43,4337.72,2980
2025-12-18T00:30:00.000Z,4337.86,4340.55,4336.81,4336.86,4217
2025-12-18T00:45:00.000Z,4336.81,4337.21,4333.08,4334.7,5837
2025-12-18T01:00:00.000Z,4334.61,4336.99,4328.56,4330.02,7910
2025-12-18T01:15:00.000Z,4330.04,4331.86,4324.88,4324.91,6822
2025-12-18T01:30:00.000Z,4324.96,4328.47,4324.39,4326.84,7484
2025-12-18T01:45:00.000Z,4326.86,4331.73,4324.85,4331.49,6355
2025-12-18T02:00:00.000Z,4331.48,4335.14,4330.01,4330.96,5931
2025-12-18T02:15:00.000Z,4331.04,4336.29,4329.87,4334.51,4875
2025-12-18T02:30:00.000Z,4334.46,4337.65,4333.91,4333.98,5676
2025-12-18T02:45:00.000Z,4333.95,4334.27,4330.59,4333.21,4998
2025-12-18T03:00:00.000Z,4333.18,4335.83,4330.92,4335.7,5356
2025-12-18T03:15:00.000Z,4335.65,4336.66,4332.01,4333.17,5881
2025-12-18T03:30:00.000Z,4333.21,4335.61,4332.17,4332.17,5328
2025-12-18T03:45:00.000Z,4332.15,4333.53,4331.18,4333.14,5165
2025-12-18T04:00:00.000Z,4333.16,4333.52,4329.41,4330.28,3307
2025-12-18T04:15:00.000Z,4330.25,4332.26,4328.92,4330.43,3138
2025-12-18T04:30:00.000Z,4330.3,4331.62,4328.65,4329.55,3810
2025-12-18T04:45:00.000Z,4329.55,4332.53,4329.28,4331.88,4891
2025-12-18T05:00:00.000Z,4331.73,4337.29,4331.06,4337.24,3722
2025-12-18T05:15:00.000Z,4337.49,4337.49,4334.7,4335.77,3096
2025-12-18T05:30:00.000Z,4335.79,4337.29,4332.91,4336.97,5704
2025-12-18T05:45:00.000Z,4336.96,4337.04,4332.28,4333.16,6488
2025-12-18T06:00:00.000Z,4333.24,4335.43,4330.7,4334.45,4599
2025-12-18T06:15:00.000Z,4334.42,4335.35,4331.98,4333.54,4039
2025-12-18T06:30:00.000Z,4333.53,4336.13,4333.24,4333.57,3537
2025-12-18T06:45:00.000Z,4333.77,4334.81,4332.01,4333.97,4259
2025-12-18T07:00:00.000Z,4334.2,4334.85,4330.02,4330.85,3371
2025-12-18T07:15:00.000Z,4330.9,4335.12,4330.45,4335.05,2971
2025-12-18T07:30:00.000Z,4335,4337.72,4332.8,4333.31,3792
2025-12-18T07:45:00.000Z,4333.41,4333.95,4331.43,4331.46,3055
2025-12-18T08:00:00.000Z,4330.9,4332.51,4324.91,4328.37,5072
2025-12-18T08:15:00.000Z,4328.29,4329.73,4325.86,4327.18,4427
2025-12-18T08:30:00.000Z,4327.19,4328.91,4325.14,4328.53,3559
2025-12-18T08:45:00.000Z,4328.51,4328.84,4322.01,4326.54,3641
2025-12-18T09:00:00.000Z,4326,4328.6,4324.79,4326.45,4344
2025-12-18T09:15:00.000Z,4326.46,4328.23,4323.64,4324.66,4079
2025-12-18T09:30:00.000Z,4324.65,4326.96,4321.36,4324.53,4446
2025-12-18T09:45:00.000Z,4324.58,4324.58,4320.85,4323.39,5006
2025-12-18T10:00:00.000Z,4323.36,4325.83,4322.95,4324.67,3500
2025-12-18T10:15:00.000Z,4324.7,4325.52,4323.23,4323.43,2953
2025-12-18T10:30:00.000Z,4323.76,4327.45,4322.05,4327.06,3388
2025-12-18T10:45:00.000Z,4327.2,4327.56,4323.94,4325.37,3300
2025-12-18T11:00:00.000Z,4325.41,4328.64,4324.43,4327.27,3447
2025-12-18T11:15:00.000Z,4327.28,4328.37,4325.36,4325.67,2450
2025-12-18T11:30:00.000Z,4325.69,4327.14,4325.32,4326.61,2301
2025-12-18T11:45:00.000Z,4326.56,4326.9,4324.69,4325.6,2459
2025-12-18T12:00:00.000Z,4325.58,4326.58,4321.67,4324.09,4074
2025-12-18T12:15:00.000Z,4324.08,4324.35,4317.32,4319.18,4191
2025-12-18T12:30:00.000Z,4319.17,4323.51,4318.43,4322.68,4452
2025-12-18T12:45:00.000Z,4322.61,4322.76,4320.25,4320.82,3451
2025-12-18T13:00:00.000Z,4320.78,4324.18,4314.47,4316.4,7138
2025-12-18T13:15:00.000Z,4316.36,4323.91,4315.94,4321.02,7202
2025-12-18T13:30:00.000Z,4321.13,4338.26,4319.69,4336.66,10204
2025-12-18T13:45:00.000Z,4336.44,4343,4335.03,4336.52,8592
2025-12-18T14:00:00.000Z,4336.14,4341.44,4333.11,4336.42,8407
2025-12-18T14:15:00.000Z,4336.49,4338.94,4332.45,4332.76,8341
2025-12-18T14:30:00.000Z,4332.82,4341.17,4311.3,4314.16,12508
2025-12-18T14:45:00.000Z,4314.15,4330.17,4308.78,4328.54,11890
2025-12-18T15:00:00.000Z,4328.62,4337.03,4326.66,4330.65,10874
2025-12-18T15:15:00.000Z,4330.81,4334.34,4325.02,4333.07,10881
2025-12-18T15:30:00.000Z,4332.96,4341.52,4331.33,4337.41,9693
2025-12-18T15:45:00.000Z,4337.35,4341.14,4334.48,4338.15,8642
2025-12-18T16:00:00.000Z,4338.03,4368.03,4337.81,4362.32,10025
2025-12-18T16:15:00.000Z,4362.21,4374.64,4362.11,4367.14,11223
2025-12-18T16:30:00.000Z,4367.3,4371.69,4363.32,4367.03,9229
2025-12-18T16:45:00.000Z,4367.15,4369.44,4356.38,4360.35,8821
2025-12-18T17:00:00.000Z,4360.34,4363.49,4322.66,4328.48,12046
2025-12-18T17:15:00.000Z,4328.4,4332.64,4321.91,4327.81,10073
2025-12-18T17:30:00.000Z,4327.88,4341.65,4326.33,4337.39,9112
2025-12-18T17:45:00.000Z,4337.53,4338.35,4324.93,4333.26,8484
2025-12-18T18:00:00.000Z,4333.27,4340.86,4331.52,4339.38,7208
2025-12-18T18:15:00.000Z,4339.41,4341.27,4331.76,4332.1,7521
2025-12-18T18:30:00.000Z,4331.99,4340.31,4331.86,4333.82,5811
2025-12-18T18:45:00.000Z,4333.83,4334.3,4325.64,4331.73,7204
2025-12-18T19:00:00.000Z,4331.73,4333.02,4326.51,4329.2,6778
2025-12-18T19:15:00.000Z,4329.22,4334.35,4328.57,4333.63,6900
2025-12-18T19:30:00.000Z,4333.81,4334.68,4327.57,4329.55,7779
2025-12-18T19:45:00.000Z,4329.56,4330.57,4322.9,4325.01,7717
2025-12-18T20:00:00.000Z,4325.05,4335.94,4324.49,4333.68,6966
2025-12-18T20:15:00.000Z,4333.75,4333.97,4328.4,4332.37,5949
2025-12-18T20:30:00.000Z,4332.32,4338.3,4331.16,4336.19,6216
2025-12-18T20:45:00.000Z,4336.09,4336.37,4332.22,4334.95,6485
2025-12-18T21:00:00.000Z,4334.66,4334.66,4331.37,4332.74,1755
2025-12-18T21:15:00.000Z,4332.79,4332.99,4330.66,4332.09,2004
2025-12-18T21:30:00.000Z,4331.98,4332.74,4328.65,4330.86,2065
2025-12-18T21:45:00.000Z,4330.93,4333.75,4330.86,4332.48,1721
2025-12-18T23:00:00.000Z,4331.87,4336.41,4331.26,4334.84,1398
2025-12-18T23:15:00.000Z,4334.85,4336.68,4334.09,4334.19,1545
2025-12-18T23:30:00.000Z,4334.13,4335.64,4333.67,4334.19,1819
2025-12-18T23:45:00.000Z,4334.19,4336.87,4333.91,4335.22,2049
2025-12-19T00:00:00.000Z,4335.23,4335.72,4329.47,4330.03,3269
2025-12-19T00:15:00.000Z,4330.03,4332.14,4327.85,4331.24,2539
2025-12-19T00:30:00.000Z,4331.27,4332.29,4327.81,4328.37,2061
2025-12-19T00:45:00.000Z,4328.36,4331.01,4325.63,4325.99,2881
2025-12-19T01:00:00.000Z,4326.38,4327.49,4320.47,4325.83,8541
2025-12-19T01:15:00.000Z,4325.85,4328.34,4309.98,4313.14,7362
2025-12-19T01:30:00.000Z,4313.19,4319.12,4309.3,4317.58,7763
2025-12-19T01:45:00.000Z,4317.61,4324.15,4316.92,4323.36,6268
2025-12-19T02:00:00.000Z,4323.38,4328.01,4323.38,4324.22,4760
2025-12-19T02:15:00.000Z,4324.19,4324.63,4321.61,4324.41,2519
2025-12-19T02:30:00.000Z,4324.57,4325.94,4314.63,4315.82,6047
2025-12-19T02:45:00.000Z,4315.79,4318.67,4313.98,4316.67,5207
2025-12-19T03:00:00.000Z,4316.63,4317.8,4312.65,4316.26,5461
2025-12-19T03:15:00.000Z,4316.27,4321.75,4313.17,4319.29,6110
2025-12-19T03:30:00.000Z,4319.3,4322.42,4317.35,4319.59,3431
2025-12-19T03:45:00.000Z,4319.54,4320.81,4317.58,4318.02,2316
2025-12-19T04:00:00.000Z,4318.03,4319.79,4317.71,4319.08,2211
2025-12-19T04:15:00.000Z,4319.14,4319.92,4316.95,4317.38,3278
2025-12-19T04:30:00.000Z,4317.37,4321.51,4317.29,4320.43,4171
2025-12-19T04:45:00.000Z,4320.44,4323.06,4319.72,4322.81,2688
2025-12-19T05:00:00.000Z,4323,4323.9,4318.46,4318.74,3117
2025-12-19T05:15:00.000Z,4318.75,4320.74,4317.69,4319.93,2167
2025-12-19T05:30:00.000Z,4319.9,4326.51,4319.9,4325.34,5583
2025-12-19T05:45:00.000Z,4325.36,4328.99,4324.88,4325.93,6383
2025-12-19T06:00:00.000Z,4325.96,4327.48,4324.3,4327.17,4867
2025-12-19T06:15:00.000Z,4327.27,4329.43,4326.26,4327.23,5124
2025-12-19T06:30:00.000Z,4327.24,4328.13,4321.68,4324.13,5689
2025-12-19T06:45:00.000Z,4324.13,4327.19,4322.55,4326.45,4408
2025-12-19T07:00:00.000Z,4326.16,4328.48,4323.1,4327.3,4372
2025-12-19T07:15:00.000Z,4327.35,4327.77,4323.23,4327.6,4170
2025-12-19T07:30:00.000Z,4327.55,4329.66,4325.09,4325.09,3433
2025-12-19T07:45:00.000Z,4325.15,4325.39,4321.57,4322.72,4265
2025-12-19T08:00:00.000Z,4322.69,4324.66,4321.1,4322.81,4087
2025-12-19T08:15:00.000Z,4322.76,4326.07,4322.34,4325.08,3434
2025-12-19T08:30:00.000Z,4325.07,4330.99,4324.8,4327.95,4549
2025-12-19T08:45:00.000Z,4327.96,4328.7,4325.97,4325.97,3578
2025-12-19T09:00:00.000Z,4325.96,4327.45,4324.43,4326.79,2949
2025-12-19T09:15:00.000Z,4326.76,4328.29,4325.9,4326.94,2970
2025-12-19T09:30:00.000Z,4326.97,4331.03,4325.91,4330.58,3526
2025-12-19T09:45:00.000Z,4330.62,4333.61,4327.21,4329.49,5455
2025-12-19T10:00:00.000Z,4329.38,4331.75,4328.11,4330.13,3940
2025-12-19T10:15:00.000Z,4330.14,4331.2,4327.14,4327.36,4023
2025-12-19T10:30:00.000Z,4327.39,4327.75,4322.41,4327.21,4511
2025-12-19T10:45:00.000Z,4327.14,4329.63,4326.73,4327.89,3589
2025-12-19T11:00:00.000Z,4327.87,4329.04,4325.69,4326.4,4705
2025-12-19T11:15:00.000Z,4326.34,4328.74,4325.75,4327.25,3426
2025-12-19T11:30:00.000Z,4327.26,4327.92,4325.18,4327.3,3556
2025-12-19T11:45:00.000Z,4327.35,4329.51,4326.81,4327.27,4112
2025-12-19T12:00:00.000Z,4327.54,4327.54,4320.62,4324.09,5900
2025-12-19T12:15:00.000Z,4324.11,4327.81,4323.37,4325.61,4411
2025-12-19T12:30:00.000Z,4325.58,4328.91,4324.25,4325.77,3813
2025-12-19T12:45:00.000Z,4325.83,4327.16,4323.31,4326.82,4754
2025-12-19T13:00:00.000Z,4326.83,4334.8,4326.07,4330.19,7127
2025-12-19T13:15:00.000Z,4330.53,4335.13,4327.61,4334.89,7174
2025-12-19T13:30:00.000Z,4334.96,4335.32,4328.87,4329.45,7080
2025-12-19T13:45:00.000Z,4329.49,4332.53,4327.4,4328.39,6633
2025-12-19T14:00:00.000Z,4328.42,4334.17,4325.46,4328.07,8979
2025-12-19T14:15:00.000Z,4328.02,4330.26,4325.42,4327.8,6616
2025-12-19T14:30:00.000Z,4327.65,4337.99,4326.81,4334.83,10990
2025-12-19T14:45:00.000Z,4334.94,4335.07,4319.77,4332.56,10349
2025-12-19T15:00:00.000Z,4332.4,4345.42,4332.18,4341.61,10271
2025-12-19T15:15:00.000Z,4341.67,4346.5,4335.11,4337.6,10131
2025-12-19T15:30:00.000Z,4337.57,4344.86,4336.53,4339.95,9309
2025-12-19T15:45:00.000Z,4340.31,4349.17,4339.91,4347.84,8488
2025-12-19T16:00:00.000Z,4347.82,4354.62,4342.92,4343.07,10491
2025-12-19T16:15:00.000Z,4343.03,4347.4,4342.02,4346.89,8392
2025-12-19T16:30:00.000Z,4346.94,4350.46,4343.26,4345.75,6850
2025-12-19T16:45:00.000Z,4345.74,4351.04,4344.61,4349.78,7263
2025-12-19T17:00:00.000Z,4349.6,4353.7,4347.07,4347.07,6666
2025-12-19T17:15:00.000Z,4347.12,4352.68,4347.03,4351.88,5527
2025-12-19T17:30:00.000Z,4351.86,4353.83,4349.95,4351.41,5944
2025-12-19T17:45:00.000Z,4351.38,4355.87,4350.45,4353.43,6074
2025-12-19T18:00:00.000Z,4353.41,4354.74,4350.22,4353.69,5444
2025-12-19T18:15:00.000Z,4353.67,4356.51,4352.13,4354.34,5543
2025-12-19T18:30:00.000Z,4354.37,4354.87,4344.93,4344.93,6258
2025-12-19T18:45:00.000Z,4344.59,4349.8,4343.24,4348.69,5608
2025-12-19T19:00:00.000Z,4348.65,4350.63,4346.56,4347.29,4910
2025-12-19T19:15:00.000Z,4347.27,4349.35,4346.35,4347.58,3184
2025-12-19T19:30:00.000Z,4347.53,4349.89,4346.64,4346.81,3165
2025-12-19T19:45:00.000Z,4346.77,4348.87,4345.15,4345.29,4810
2025-12-19T20:00:00.000Z,4345.28,4346.35,4341.99,4342.45,5742
2025-12-19T20:15:00.000Z,4342.49,4345.9,4341.44,4345.31,4121
2025-12-19T20:30:00.000Z,4345.14,4345.14,4338.95,4340.37,4140
2025-12-19T20:45:00.000Z,4340.19,4340.94,4336.81,4339.54,5028
2025-12-19T21:00:00.000Z,4339.55,4340.2,4337.52,4338.93,2018
2025-12-19T21:15:00.000Z,4339.04,4339.41,4336.84,4337.72,1920
2025-12-19T21:30:00.000Z,4337.71,4338.78,4336.72,4338.2,1199
2025-12-19T21:45:00.000Z,4338.17,4338.8,4336.06,4337.7,674
